{
  "id": 1420,
  "wedge_count": 1,
  "parameters": {
    "rotation_speeds": [
      -1.261440051148914
    ],
    "phi_x": [
      -9.736819622799924
    ],
    "phi_y": [
      3.7120507460049583
    ],
    "distances": [
      1.0,
      3.6173234174633997
    ],
    "refractive_indices": [
      1.0,
      1.5,
      1.0
    ],
    "wedgenum": 1
  },
  "pattern": [
    [
      0.6406769991592459,
      0.6570699146247313
    ],
    [
      0.630747246475958,
      0.63119496882975
    ],
    [
      0.6032805149675897,
      0.6055977458255772
    ],
    [
      0.5809874361364566,
      0.5775207654224003
    ],
    [
      0.5611013606390862,
      0.5629428809436741
    ],
    [
      0.5201139712535494,
      0.5339191912132046
    ],
    [
      0.48784530567732703,
      0.5088683121222887
    ],
    [
      0.447710139079794,
      0.4835060862000278
    ],
    [
      0.4177928401226686,
      0.4482520291137163
    ],
    [
      0.373499528220502,
      0.40881973882026756
    ],
    [
      0.33562830212889777,
      0.37917540621036877
    ],
    [
      0.29654444235029287,
      0.34634213026964006
    ],
    [
      0.2585190526205055,
      0.30196054539435924
    ],
    [
      0.2004367233044704,
      0.2534115198726648
    ],
    [
      0.16713816725329728,
      0.2275332199232442
    ],
    [
      0.11655900919599274,
      0.19031488825092938
    ],
    [
      0.07898789949097208,
      0.14544424946107692
    ],
    [
      0.014171158831832231,
      0.10007092507235585
    ],
    [
      -0.018757690839252987,
      0.05547159898494198
    ],
    [
      -0.05606953365399548,
      0.027727036393601835
    ],
    [
      -0.10603019376783453,
      -0.018590254493662594
    ],
    [
      -0.15477484420242948,
      -0.06252526502889283
    ],
    [
      -0.19458074447018234,
      -0.10830610067151422
    ],
    [
      -0.23330810362668986,
      -0.14253408501826098
    ],
    [
      -0.27619974511448686,
      -0.17292800739562345
    ],
    [
      -0.3228943112233486,
      -0.20647551378021103
    ],
    [
      -0.35034350072902065,
      -0.25865921393255975
    ],
    [
      -0.38630477450348716,
      -0.28827565244199826
    ],
    [
      -0.4253597605891539,
      -0.32821153370690775
    ],
    [
      -0.4461669615154926,
      -0.35777802766874744
    ],
    [
      -0.48184846211779475,
      -0.3802261467759893
    ],
    [
      -0.5108553747629956,
      -0.41761354912474724
    ],
    [
      -0.5327609764786321,
      -0.45235814679440234
    ],
    [
      -0.5631758573909359,
      -0.46494587655725833
    ],
    [
      -0.576854257253132,
      -0.5019554032069824
    ],
    [
      -0.595829842999491,
      -0.5202528614451652
    ],
    [
      -0.6032872579806027,
      -0.5378928718790548
    ],
    [
      -0.6083290466402185,
      -0.5580398502329256
    ],
    [
      -0.6217639566470425,
      -0.5720926093342743
    ],
    [
      -0.63542609384137,
      -0.5887841593723727
    ],
    [
      -0.6254524169318675,
      -0.6001719797720985
    ],
    [
      -0.6268173813374786,
      -0.6073274636816709
    ],
    [
      -0.6254805489703842,
      -0.6077825718820637
    ],
    [
      -0.6182998044076466,
      -0.6210009721809717
    ],
    [
      -0.6137699844039598,
      -0.6100163407882125
    ],
    [
      -0.6007410599064468,
      -0.6154755405391102
    ],
    [
      -0.5802880553092001,
      -0.6212981070878018
    ],
    [
      -0.558987630343524,
      -0.6241428600828103
    ],
    [
      -0.5429358605449627,
      -0.6166949737643137
    ],
    [
      -0.5204837344747096,
      -0.5935621524795434
    ],
    [
      -0.4959588026328562,
      -0.5819664687336167
    ],
    [
      -0.46470834867155025,
      -0.5684970970478369
    ],
    [
      -0.432334812770514,
      -0.5596985953904062
    ],
    [
      -0.40437060571068795,
      -0.5282201950015932
    ],
    [
      -0.3720300511720575,
      -0.5126465308175921
    ],
    [
      -0.3402846796051337,
      -0.49484534784902107
    ],
    [
      -0.29375292095656624,
      -0.4659183388738381
    ],
    [
      -0.2700530722638582,
      -0.44274765337027266
    ],
    [
      -0.2347455895100773,
      -0.4210420061735545
    ],
    [
      -0.1887518323115615,
      -0.40352809665867334
    ]
  ],
  "complexity": 0.19713235613460603
}