{
  "id": 3622,
  "wedge_count": 3,
  "parameters": {
    "rotation_speeds": [
      -0.8314346837384073,
      -2.223217865932256,
      -0.9245552012164698
    ],
    "phi_x": [
      -20.0,
      -20.0,
      7.777242438698878
    ],
    "phi_y": [
      -3.4346668020888336,
      -10.397390810299886,
      16.095274304585253
    ],
    "distances": [
      1.0,
      2.5017734046235836,
      2.2392279984815886,
      4.5895210245094145
    ],
    "refractive_indices": [
      1.0,
      1.5,
      1.5,
      1.5,
      1.0
    ],
    "wedgenum": 3
  },
  "pattern": [
    [
      3.7080635848122556,
      3.665965871343489
    ],
    [
      3.695853487135176,
      3.503373932252704
    ],
    [
      3.518743139286465,
      3.5694608261632967
    ],
    [
      3.4299368415186784,
      3.4865287980358297
    ],
    [
      3.3780794536725818,
      3.433586085511108
    ],
    [
      3.4136251632951407,
      3.2574855543861436
    ],
    [
      3.1527661100288094,
      3.1872199030874944
    ],
    [
      3.136318532898846,
      3.1650471005765874
    ],
    [
      2.8602705461011744,
      3.0450848403546695
    ],
    [
      2.822431867264358,
      2.8606563464662407
    ],
    [
      2.6670721777611726,
      2.8268157424343663
    ],
    [
      2.604020000016152,
      2.7045693695710975
    ],
    [
      2.5216352341134125,
      2.6183312355877675
    ],
    [
      2.2390463545037522,
      2.452060570494304
    ],
    [
      2.037057431211114,
      2.290917203619868
    ],
    [
      1.9749670008960178,
      2.159481797258282
    ],
    [
      1.797790845361284,
      2.0130071154249407
    ],
    [
      1.7282167450963923,
      1.9173050190747367
    ],
    [
      1.585197575188638,
      1.7987786338903673
    ],
    [
      1.3412930315313787,
      1.5438293227399815
    ],
    [
      1.1979790491631102,
      1.4937893685689134
    ],
    [
      1.0793339515840652,
      1.308665988078885
    ],
    [
      0.9908953253715589,
      1.20087245419409
    ],
    [
      0.748711683165331,
      0.94878619004583
    ],
    [
      0.6515710509030868,
      0.8098238830632347
    ],
    [
      0.5839140340459231,
      0.7563607364418234
    ],
    [
      0.32167961636008635,
      0.6360984993614196
    ],
    [
      0.1728695564542592,
      0.5172383562226962
    ],
    [
      0.09256672854129402,
      0.3547177946642841
    ],
    [
      -0.15149350501418013,
      0.2055047507768122
    ],
    [
      -0.31138911920286294,
      0.10086899807845826
    ],
    [
      -0.31075005922204696,
      -0.026143094611093237
    ],
    [
      -0.4410479402631014,
      -0.10853766150900393
    ],
    [
      -0.6717666681385531,
      -0.22411881551363583
    ],
    [
      -0.6375179781867537,
      -0.36468873639537785
    ],
    [
      -0.6921219727438931,
      -0.4249563880599896
    ],
    [
      -0.8915437701614518,
      -0.5522590776913258
    ],
    [
      -0.959404833720575,
      -0.6825182370292476
    ],
    [
      -1.0004660600445083,
      -0.8455330659920368
    ],
    [
      -1.2588655624044875,
      -0.8613455550579948
    ],
    [
      -1.2098194548459351,
      -0.8634045475825548
    ],
    [
      -1.4155249826197125,
      -0.9854620766845663
    ],
    [
      -1.4744112032637136,
      -1.0304185079607457
    ],
    [
      -1.2837642113616938,
      -1.1869762857477166
    ],
    [
      -1.4244826230625098,
      -1.2953131688736934
    ],
    [
      -1.4673244818060913,
      -1.2895041956268778
    ],
    [
      -1.4923796444874984,
      -1.3730812516581745
    ],
    [
      -1.388711399723172,
      -1.3707359028499493
    ],
    [
      -1.5498204790309802,
      -1.4292183897580655
    ],
    [
      -1.4768464979465068,
      -1.47683442158941
    ],
    [
      -1.510742284322059,
      -1.4861567043433486
    ],
    [
      -1.7532857112153837,
      -1.442774887509168
    ],
    [
      -1.5663595007961608,
      -1.5728773412399497
    ],
    [
      -1.5902214300872384,
      -1.6445089203142105
    ],
    [
      -1.571030102849045,
      -1.4481490880623562
    ],
    [
      -1.5752800737683665,
      -1.5054731162998658
    ],
    [
      -1.5655904863583383,
      -1.5559618027615334
    ],
    [
      -1.574472720142724,
      -1.5990867126122135
    ],
    [
      -1.61679903733724,
      -1.5307449602055208
    ],
    [
      -1.431570225782771,
      -1.6332483781030926
    ]
  ],
  "complexity": 0.38310181317315145
}