{
  "id": 9024,
  "wedge_count": 6,
  "parameters": {
    "rotation_speeds": [
      -1.3083206160320255,
      -3.3176473845510035,
      -4.306107086034072,
      -3.905788331256912,
      9.184665354965325,
      -2.2784658899866344
    ],
    "phi_x": [
      2.349286680508456,
      -1.8222198787658996,
      -15.070364884339655,
      -3.634689324737984,
      -7.309768093450604,
      -23.95854371393908
    ],
    "phi_y": [
      -2.708915082990778,
      -17.83518701828148,
      18.716631580533033,
      27.055416894682587,
      27.903530199800855,
      -16.093772263716282
    ],
    "distances": [
      1.0,
      3.004979774502545,
      1.604834914389425,
      2.2049151397546907,
      2.1654731817910076,
      3.31017215028492,
      8.604225935429653
    ],
    "refractive_indices": [
      1.0,
      1.5,
      1.5,
      1.5,
      1.5,
      1.5,
      1.5,
      1.0
    ],
    "wedgenum": 6
  },
  "pattern": [
    [
      6.895993970687072,
      6.779928156407002
    ],
    [
      6.8480666370276495,
      6.732476331744643
    ],
    [
      6.827313123355571,
      6.707475955103333
    ],
    [
      6.758862966253065,
      6.686380377022902
    ],
    [
      6.714059826025314,
      6.60096968933452
    ],
    [
      6.681699583236738,
      6.58443939162113
    ],
    [
      6.493527201634288,
      6.469102839410615
    ],
    [
      6.443515822585493,
      6.3954466898868105
    ],
    [
      6.262582814262115,
      6.233523208402479
    ],
    [
      6.090433636136359,
      6.198656273901729
    ],
    [
      5.98179192565726,
      6.015705852342856
    ],
    [
      5.848280074520529,
      5.952760062790313
    ],
    [
      5.599506765247342,
      5.742771116776421
    ],
    [
      5.463582284333038,
      5.570867418822223
    ],
    [
      5.220836011139738,
      5.43673170994994
    ],
    [
      4.991731846619932,
      5.283040914182735
    ],
    [
      4.828649226937846,
      5.049630282821486
    ],
    [
      4.5912182613655315,
      4.82558082202532
    ],
    [
      4.297745136890419,
      4.6869529678441895
    ],
    [
      4.020741342680865,
      4.406621099398562
    ],
    [
      3.891982342397599,
      4.257869878245486
    ],
    [
      3.5602878291999156,
      4.055511244515416
    ],
    [
      3.288671039166528,
      3.7709586012489424
    ],
    [
      2.9483051480684592,
      3.6035546972022496
    ],
    [
      2.723252384010902,
      3.2999859419378903
    ],
    [
      2.4273324171523565,
      3.0168107888225553
    ],
    [
      2.04544695879131,
      2.869873064867808
    ],
    [
      1.8483746028337094,
      2.492451923363372
    ],
    [
      1.489310851008831,
      2.2186501887460777
    ],
    [
      1.2756203378055657,
      1.952148578854045
    ],
    [
      0.9002253254057349,
      1.627058319496548
    ],
    [
      0.6028571049606992,
      1.428900761225408
    ],
    [
      0.30012931642062746,
      1.1748292599315815
    ],
    [
      0.03542329454730622,
      0.9237962295502999
    ],
    [
      -0.1662160070944021,
      0.54417422509469
    ],
    [
      -0.5003198587805503,
      0.3498409373466165
    ],
    [
      -0.7445354888694912,
      -0.027248583632924928
    ],
    [
      -0.9978927698482641,
      -0.13627622178045287
    ],
    [
      -1.2847922738664947,
      -0.41859249365426887
    ],
    [
      -1.5314910271640394,
      -0.6144050166799644
    ],
    [
      -1.6695906932036861,
      -0.950172002587451
    ],
    [
      -1.9709425015372213,
      -1.1971626978847207
    ],
    [
      -2.1580529116512,
      -1.4566931651155213
    ],
    [
      -2.3218215837516576,
      -1.6615256873449809
    ],
    [
      -2.640529001880892,
      -1.8457900811207253
    ],
    [
      -2.702653727373165,
      -2.0172811483607074
    ],
    [
      -2.9403028828946596,
      -2.2922324259935882
    ],
    [
      -3.043231024285526,
      -2.488998541225707
    ],
    [
      -3.2579845758519315,
      -2.7176470157358565
    ],
    [
      -3.332319405251019,
      -2.7471202689812846
    ],
    [
      -3.4341963378485922,
      -3.032306600661663
    ],
    [
      -3.529232919504461,
      -3.0889171342062895
    ],
    [
      -3.5246753342769255,
      -3.2137800321493404
    ],
    [
      -3.6163570168557793,
      -3.4014227831683796
    ],
    [
      -3.613073499290021,
      -3.449905978492462
    ],
    [
      -3.745291530510949,
      -3.7049342302028783
    ],
    [
      -3.7361165958176814,
      -3.7104441615347104
    ],
    [
      -3.817971226859646,
      -3.819374906461647
    ],
    [
      -3.782567999793614,
      -3.9142301707843914
    ],
    [
      -3.780665938193078,
      -4.00641860365232
    ]
  ],
  "complexity": 0.6072077970383734
}