{
  "id": 811,
  "wedge_count": 1,
  "parameters": {
    "rotation_speeds": [
      8.36522728036584
    ],
    "phi_x": [
      1.95688519236921
    ],
    "phi_y": [
      26.961242952161676
    ],
    "distances": [
      1.0,
      6.102516721220344
    ],
    "refractive_indices": [
      1.0,
      1.5,
      1.0
    ],
    "wedgenum": 1
  },
  "pattern": [
    [
      0.1331472115883237,
      0.12960273689982452
    ],
    [
      0.26356725693001215,
      0.25810137991679283
    ],
    [
      0.39424360199531894,
      0.38084191274216617
    ],
    [
      0.5191673673799491,
      0.4915012753024762
    ],
    [
      0.6505027413526722,
      0.6144700739040988
    ],
    [
      0.779893965095911,
      0.7180053901023947
    ],
    [
      0.8934829239902907,
      0.8392816357305656
    ],
    [
      1.0147202448388621,
      0.9375396290139967
    ],
    [
      1.115729177642205,
      1.0417201602012807
    ],
    [
      1.2368457107435222,
      1.1404629848313546
    ],
    [
      1.3157655206764343,
      1.236705016290038
    ],
    [
      1.4140666161114128,
      1.31847804240337
    ],
    [
      1.4947453224425837,
      1.403558350584258
    ],
    [
      1.558176499822737,
      1.4788740264606606
    ],
    [
      1.631207925170428,
      1.5442899001073824
    ],
    [
      1.6871265549876466,
      1.6117868115115774
    ],
    [
      1.7283966765694994,
      1.6630226047767165
    ],
    [
      1.7676965324590739,
      1.7111896179997357
    ],
    [
      1.797516876159167,
      1.7501916685973582
    ],
    [
      1.8216766394433659,
      1.7771933709265184
    ],
    [
      1.8168784218160965,
      1.8114887080464173
    ],
    [
      1.8125700195493717,
      1.8103534743843237
    ],
    [
      1.799900755621496,
      1.8215672592269285
    ],
    [
      1.7803195188300538,
      1.820666335642715
    ],
    [
      1.7525583853378321,
      1.8046597780499225
    ],
    [
      1.7032586275896087,
      1.7963378281183324
    ],
    [
      1.6548612219009384,
      1.7588595280836645
    ],
    [
      1.589808065578881,
      1.733062818646442
    ],
    [
      1.523280868003845,
      1.6809121860709453
    ],
    [
      1.4418848123096524,
      1.6439982455995568
    ],
    [
      1.3549618246793973,
      1.576165412071553
    ],
    [
      1.2701540248018068,
      1.5111642623976052
    ],
    [
      1.1615596020237478,
      1.426145278038464
    ],
    [
      1.0537364582062796,
      1.357677177548209
    ],
    [
      0.9404621940726332,
      1.2706980921170077
    ],
    [
      0.8010788819839779,
      1.1878665581701013
    ],
    [
      0.6950898627460392,
      1.0803644666193033
    ],
    [
      0.5568772678538538,
      0.9850918267248612
    ],
    [
      0.4371666133302169,
      0.8721940495729641
    ],
    [
      0.29231771187429473,
      0.7696957681672439
    ],
    [
      0.1621530487344619,
      0.6506961249916474
    ],
    [
      0.02784134206306619,
      0.5396268168195686
    ],
    [
      -0.11404183830699313,
      0.4135954895802365
    ],
    [
      -0.24989246166803505,
      0.287194886336533
    ],
    [
      -0.38621859265930375,
      0.16340077228261193
    ],
    [
      -0.5183191642552665,
      0.042674290303416976
    ],
    [
      -0.6412584269021652,
      -0.0914786221062718
    ],
    [
      -0.7690615045185386,
      -0.2044767067480964
    ],
    [
      -0.8940639478050055,
      -0.33009492190294376
    ],
    [
      -1.0158103410413641,
      -0.4570934121731803
    ],
    [
      -1.1235340964642757,
      -0.5731591836347666
    ],
    [
      -1.2260782439011786,
      -0.686409332167326
    ],
    [
      -1.3316676018949571,
      -0.7961577213295036
    ],
    [
      -1.4211744848894052,
      -0.9100711940283931
    ],
    [
      -1.5048227981455229,
      -1.021124099560924
    ],
    [
      -1.5766448471596182,
      -1.125646470977388
    ],
    [
      -1.643285199623347,
      -1.2262856609207409
    ],
    [
      -1.7190776570823656,
      -1.3135931614685143
    ],
    [
      -1.757812758414104,
      -1.3937154576520039
    ],
    [
      -1.7964844185953146,
      -1.4800560571392165
    ]
  ],
  "complexity": 0.2815366768774708
}