{
  "id": 8445,
  "wedge_count": 6,
  "parameters": {
    "rotation_speeds": [
      -3.3411839390898295,
      -3.5105603972831134,
      -2.012030163002551,
      -0.30347706716606937,
      -0.1735364931452731,
      -0.3804988548917699
    ],
    "phi_x": [
      14.879840358205804,
      -4.877551406124736,
      -5.7352961318553755,
      13.183846749082894,
      -4.305892999593211,
      2.569695810438413
    ],
    "phi_y": [
      1.6844173006789198,
      -5.4851706138904355,
      0.9705452290631724,
      12.067763271026411,
      -2.984310393825046,
      2.777347231022187
    ],
    "distances": [
      1.0,
      5.9369229715582685,
      1.6348328196991173,
      3.84864752733786,
      4.956846502902318,
      6.561688316128315,
      5.193433935267034
    ],
    "refractive_indices": [
      1.0,
      1.5,
      1.5,
      1.5,
      1.5,
      1.5,
      1.5,
      1.0
    ],
    "wedgenum": 6
  },
  "pattern": [
    [
      3.611349681605943,
      3.701487366967884
    ],
    [
      3.5304457065711605,
      3.673389091286748
    ],
    [
      3.538974328636728,
      3.554420349851674
    ],
    [
      3.4690219502620923,
      3.57542520450441
    ],
    [
      3.495285320297928,
      3.400665090349195
    ],
    [
      3.3460623745363733,
      3.406384080536685
    ],
    [
      3.283656195955104,
      3.291658388926352
    ],
    [
      3.2086242075080085,
      3.3110525627437126
    ],
    [
      3.122612665048797,
      3.138077924377013
    ],
    [
      3.1107704317606437,
      3.161757418168483
    ],
    [
      3.000809413304897,
      3.014564588036233
    ],
    [
      3.0243482245845783,
      3.021257714596203
    ],
    [
      2.811331799506401,
      2.9695982470211546
    ],
    [
      2.723619731137958,
      2.8594389686428388
    ],
    [
      2.6026573998290874,
      2.7884211194422996
    ],
    [
      2.7051777107355215,
      2.684919320486353
    ],
    [
      2.425170081983866,
      2.590296981624024
    ],
    [
      2.392643758551248,
      2.5441875437793753
    ],
    [
      2.276137078283414,
      2.454955395218363
    ],
    [
      2.118848209294713,
      2.3164761161697327
    ],
    [
      2.076470181977152,
      2.24082511153422
    ],
    [
      1.9982815661325382,
      2.068588861451199
    ],
    [
      1.924092005935618,
      2.060027117609006
    ],
    [
      1.7618640616615706,
      1.9740765572558663
    ],
    [
      1.7062742607296655,
      1.9874979856428916
    ],
    [
      1.6008980974334233,
      1.7978271310466534
    ],
    [
      1.5641246740493149,
      1.7329426836181776
    ],
    [
      1.477861109166624,
      1.6885531694390232
    ],
    [
      1.2568824508586272,
      1.5747143610146725
    ],
    [
      1.2752853666339667,
      1.4355837197707009
    ],
    [
      1.2097558269230486,
      1.3486355102830614
    ],
    [
      1.1543465419847938,
      1.3453378964713927
    ],
    [
      1.0017965820602845,
      1.2048243502072882
    ],
    [
      0.9309486503756895,
      1.1503226576289844
    ],
    [
      0.83864919576752,
      1.083732726300487
    ],
    [
      0.7624280802703124,
      0.9874904266058394
    ],
    [
      0.7578430170251937,
      0.9047685245000536
    ],
    [
      0.6132265828306794,
      0.871183800327266
    ],
    [
      0.6248936105330637,
      0.8577252069317753
    ],
    [
      0.5416344756981496,
      0.8570542092657124
    ],
    [
      0.5419242207452298,
      0.7524637124807121
    ],
    [
      0.5519054935070377,
      0.6413539522164653
    ],
    [
      0.53724564059224,
      0.6090545547117197
    ],
    [
      0.520601091058976,
      0.6290838984497702
    ],
    [
      0.42263327096595504,
      0.5304827006572889
    ],
    [
      0.515354475841319,
      0.5116048920258761
    ],
    [
      0.4487104019368232,
      0.5605875595811911
    ],
    [
      0.5244258876965417,
      0.4767464117884053
    ],
    [
      0.5904199008552432,
      0.5019523459000409
    ],
    [
      0.5364532002398945,
      0.5100499828418488
    ],
    [
      0.447081423947667,
      0.4384388717081881
    ],
    [
      0.6334718173901344,
      0.4343941600076666
    ],
    [
      0.6653940313417476,
      0.563388308408868
    ],
    [
      0.5135090747993878,
      0.39218891739677586
    ],
    [
      0.6296459618318717,
      0.4572735056136816
    ],
    [
      0.6936461884195686,
      0.49173464750542983
    ],
    [
      0.6506420230771943,
      0.5189002948969976
    ],
    [
      0.8282992151906545,
      0.5416514304976067
    ],
    [
      0.7870827463153962,
      0.613410165728564
    ],
    [
      0.8829269754865526,
      0.6133172863485991
    ]
  ],
  "complexity": 0.3235926989909927
}