{
  "id": 9327,
  "wedge_count": 6,
  "parameters": {
    "rotation_speeds": [
      -0.7550865127147973,
      -2.1811299011463987,
      0.6441862305508974,
      2.554536066584542,
      -0.2310160777169034,
      -1.214775411039852
    ],
    "phi_x": [
      -9.574530970371967,
      -15.266542780373111,
      0.5687048104393854,
      4.138490156566971,
      4.242409259911299,
      -8.070490097392438
    ],
    "phi_y": [
      -5.236660839972867,
      1.8925201420873967,
      7.221236684587819,
      10.090364353209972,
      -7.123253670513138,
      -2.8844927563214617
    ],
    "distances": [
      1.0,
      4.939323732447768,
      1.9404811444675811,
      5.44389602389038,
      4.728394354892368,
      2.047174902410516,
      5.132469450974233
    ],
    "refractive_indices": [
      1.0,
      1.5,
      1.5,
      1.5,
      1.5,
      1.5,
      1.5,
      1.0
    ],
    "wedgenum": 6
  },
  "pattern": [
    [
      3.7136359223704956,
      3.4972489920044056
    ],
    [
      3.6957592759331064,
      3.6924818218474673
    ],
    [
      3.7130346089460495,
      3.60743225738809
    ],
    [
      3.596746841095243,
      3.7115860110243997
    ],
    [
      3.665491983905322,
      3.639141989040422
    ],
    [
      3.6921910132239577,
      3.621239194709939
    ],
    [
      3.7816838217991013,
      3.6378144773530536
    ],
    [
      3.5853134742568757,
      3.622272566642361
    ],
    [
      3.5509735806391354,
      3.662172669888955
    ],
    [
      3.731672944530123,
      3.7222990954184723
    ],
    [
      3.558288194726023,
      3.62518900438525
    ],
    [
      3.6635024929971483,
      3.5267917624055043
    ],
    [
      3.5301748435602716,
      3.596442078121636
    ],
    [
      3.4267255246918604,
      3.5704323670950577
    ],
    [
      3.425575141073191,
      3.489937131357438
    ],
    [
      3.3743069822917295,
      3.4889589470136153
    ],
    [
      3.133241723582982,
      3.2303678519366286
    ],
    [
      3.180232618390318,
      3.315229285514306
    ],
    [
      3.131508139604406,
      3.208796522255912
    ],
    [
      2.957495159714478,
      3.1760848794284775
    ],
    [
      2.8139528997437946,
      3.06745718444452
    ],
    [
      2.794317381669186,
      2.9576167706368914
    ],
    [
      2.6768854406784066,
      2.8898490437151048
    ],
    [
      2.580002306345081,
      2.831879662738749
    ],
    [
      2.4386343209963135,
      2.63775379240697
    ],
    [
      2.3328645330872058,
      2.5755103857219654
    ],
    [
      2.2075383740725703,
      2.418002051888855
    ],
    [
      2.0791760929585448,
      2.381974834921411
    ],
    [
      1.883188416380216,
      2.3077986976400062
    ],
    [
      1.8211874322793729,
      2.1350866481724466
    ],
    [
      1.5521597550520163,
      2.0835214550959043
    ],
    [
      1.5364071621282944,
      1.9370155943852596
    ],
    [
      1.3893543310403136,
      1.835701654068738
    ],
    [
      1.2732409780669638,
      1.5875084789170164
    ],
    [
      1.0232543116943784,
      1.4874936039503959
    ],
    [
      1.0202334245895859,
      1.4104917541892106
    ],
    [
      0.8305094358390719,
      1.2852663761818488
    ],
    [
      0.7882337213470356,
      1.1484046308429416
    ],
    [
      0.568129027400062,
      1.1660630364036744
    ],
    [
      0.5393846653769618,
      0.8934757349819153
    ],
    [
      0.37300786661943947,
      0.7930578599789389
    ],
    [
      0.33249799773512695,
      0.749343907995772
    ],
    [
      0.27531240317745037,
      0.5586930854850969
    ],
    [
      0.07242261649951699,
      0.4824494140597201
    ],
    [
      -0.004627456661165801,
      0.35347799917013545
    ],
    [
      -0.15525385466184108,
      0.2655873252007664
    ],
    [
      -0.2626448643863177,
      0.19031679247809738
    ],
    [
      -0.1771124009867741,
      0.021243680257375504
    ],
    [
      -0.3958677559051659,
      -0.08171395170203305
    ],
    [
      -0.39639805859263894,
      -0.10210605729574632
    ],
    [
      -0.3986327422252506,
      -0.18290044003636557
    ],
    [
      -0.4290953717270044,
      -0.23070969591530677
    ],
    [
      -0.5672469828357111,
      -0.24771374958438547
    ],
    [
      -0.5640205113216772,
      -0.4346281493040708
    ],
    [
      -0.5587119157652785,
      -0.4297447002371559
    ],
    [
      -0.4844679267178583,
      -0.6201963970453145
    ],
    [
      -0.5569620458263791,
      -0.5622892268091005
    ],
    [
      -0.5481485555313949,
      -0.5404869343807511
    ],
    [
      -0.678630303519097,
      -0.6584521919028347
    ],
    [
      -0.6051621942069048,
      -0.6452980104864592
    ]
  ],
  "complexity": 0.3620217924090395
}