{
  "id": 3130,
  "wedge_count": 2,
  "parameters": {
    "rotation_speeds": [
      -0.05194895157757073,
      3.199838968004628
    ],
    "phi_x": [
      -10.30398118729991,
      5.778181709420802
    ],
    "phi_y": [
      -1.6243352475774386,
      20.0
    ],
    "distances": [
      1.0,
      1.777211021913616,
      2.2514720367780074
    ],
    "refractive_indices": [
      1.0,
      1.5,
      1.5,
      1.0
    ],
    "wedgenum": 2
  },
  "pattern": [
    [
      1.3406793331116351,
      1.3667280302212312
    ],
    [
      1.3852749974247138,
      1.3703752919778487
    ],
    [
      1.5857645756521677,
      1.5562015604291268
    ],
    [
      1.6660066320594598,
      1.5459825972680832
    ],
    [
      1.6671246783539815,
      1.6219782755504972
    ],
    [
      1.7218452965360767,
      1.696827624567716
    ],
    [
      1.7664446880917872,
      1.803035418785602
    ],
    [
      1.9404570141563955,
      1.8512888627325952
    ],
    [
      1.9634832895717738,
      1.9492061608090345
    ],
    [
      1.9698292963135606,
      1.8722102202036073
    ],
    [
      2.047297425213584,
      2.0079067611389414
    ],
    [
      2.009825367142919,
      1.868975844259056
    ],
    [
      2.1044702491881537,
      1.9640124076546863
    ],
    [
      2.0679112847446146,
      2.015402589303098
    ],
    [
      2.12416323735831,
      2.0412375284901825
    ],
    [
      2.051552882428342,
      2.085335590588013
    ],
    [
      2.1526966866952346,
      2.186854063656279
    ],
    [
      2.0990484302273655,
      2.1373782900425655
    ],
    [
      2.115830819959147,
      2.1330579260102893
    ],
    [
      2.083147491425932,
      2.1837152495079906
    ],
    [
      2.0046290754584866,
      2.003790547178371
    ],
    [
      1.9405949108935288,
      1.9335949007265802
    ],
    [
      1.9291262357421244,
      1.993615354770034
    ],
    [
      1.8481634999132663,
      1.934768652023423
    ],
    [
      1.7718381307138147,
      1.8893515366852187
    ],
    [
      1.6784182664386953,
      1.9594971060908972
    ],
    [
      1.5641526551916551,
      1.9185773747154882
    ],
    [
      1.4778670053532368,
      1.7942337810443025
    ],
    [
      1.466423729894256,
      1.6687117480430813
    ],
    [
      1.417572506615416,
      1.6817974427195332
    ],
    [
      1.3452019950499479,
      1.5787741721327646
    ],
    [
      1.1928912386413628,
      1.4416266896471859
    ],
    [
      1.0169457682797651,
      1.4032326907426693
    ],
    [
      1.0566608827512785,
      1.2974050326726654
    ],
    [
      0.8751947841893222,
      1.2499605242094245
    ],
    [
      0.8491173035847035,
      1.2573271997966744
    ],
    [
      0.6886571748839829,
      1.0554419254453526
    ],
    [
      0.5617530032062421,
      1.0038380812634686
    ],
    [
      0.44334209581628997,
      0.8594334223614576
    ],
    [
      0.359322466671659,
      0.8419851715354414
    ],
    [
      0.31821149655039904,
      0.6347846896033198
    ],
    [
      0.1202064144413756,
      0.577598560588798
    ],
    [
      0.1278876658648218,
      0.4330143764666325
    ],
    [
      -0.09307706485963067,
      0.42268673879519203
    ],
    [
      -0.18180337986683454,
      0.35764871028828654
    ],
    [
      -0.2595894264725729,
      0.13865406363682928
    ],
    [
      -0.3311577858183034,
      0.0997975025887461
    ],
    [
      -0.4352453291382487,
      -0.03299373409587091
    ],
    [
      -0.5437916110820974,
      -0.19200499259755707
    ],
    [
      -0.6910061131325075,
      -0.23915802948841505
    ],
    [
      -0.6662381872386898,
      -0.32069529603342745
    ],
    [
      -0.6422217019352295,
      -0.38425474715813185
    ],
    [
      -0.7234157635257177,
      -0.45686607518924494
    ],
    [
      -0.7694069470553461,
      -0.5168406514541349
    ],
    [
      -0.7586041633319235,
      -0.44523589419836557
    ],
    [
      -0.8293721831398375,
      -0.6689364265163672
    ],
    [
      -0.8277800839188484,
      -0.7984609716452938
    ],
    [
      -0.7623013052512357,
      -0.7343936418656049
    ],
    [
      -0.7183551892234691,
      -0.69557678062267
    ],
    [
      -0.8968310726018136,
      -0.7474451712651065
    ]
  ],
  "complexity": 0.2921521002213175
}