{
  "id": 6126,
  "wedge_count": 4,
  "parameters": {
    "rotation_speeds": [
      -4.055007580065662,
      -5.0,
      -0.7543122065860162,
      4.106366772542148
    ],
    "phi_x": [
      -2.2867337081750354,
      2.4052515625592124,
      13.880044412397261,
      -12.03310224626536
    ],
    "phi_y": [
      -14.984001939760796,
      16.83646446989018,
      -17.097154050260347,
      -4.319677968766947
    ],
    "distances": [
      1.0,
      2.6950414252420147,
      5.020802703062902,
      7.8475077079905295,
      3.3279453701802373
    ],
    "refractive_indices": [
      1.0,
      1.5,
      1.5,
      1.5,
      1.5,
      1.0
    ],
    "wedgenum": 4
  },
  "pattern": [
    [
      2.804754134062589,
      2.730955542725891
    ],
    [
      2.584231014630282,
      2.4620970509743505
    ],
    [
      2.3565809411794856,
      2.3860795134900195
    ],
    [
      2.210855891378076,
      2.268257268303899
    ],
    [
      2.163329403752151,
      2.053433355322099
    ],
    [
      1.8494004820243422,
      1.9288468542731056
    ],
    [
      1.6770664574949334,
      1.8275359364791115
    ],
    [
      1.5203457421267257,
      1.629312161846798
    ],
    [
      1.2947533938200408,
      1.3641810170637847
    ],
    [
      1.1341207188970033,
      1.2525967525953492
    ],
    [
      1.0019313303780908,
      1.1104478230483492
    ],
    [
      0.7879284007431787,
      1.027074441649768
    ],
    [
      0.6294617332816723,
      0.8232768268849668
    ],
    [
      0.45189739998076606,
      0.6508176647761208
    ],
    [
      0.30400579253270216,
      0.5092357344799205
    ],
    [
      0.2116286644113305,
      0.2817660463719865
    ],
    [
      -0.11698947370189546,
      0.14833392141284196
    ],
    [
      -0.05021290135646883,
      0.07716002633456127
    ],
    [
      -0.2381446030977131,
      -0.0559674603442735
    ],
    [
      -0.48024785397952924,
      -0.20407346397269438
    ],
    [
      -0.6414626068478545,
      -0.32920896976109093
    ],
    [
      -0.6478177724910961,
      -0.4644814233272907
    ],
    [
      -0.7561878944381067,
      -0.6530739820969306
    ],
    [
      -0.9321712427452017,
      -0.5752467844911662
    ],
    [
      -0.927282550529829,
      -0.7146943976989282
    ],
    [
      -1.1143592871904042,
      -0.8204341804083316
    ],
    [
      -1.1430451999600852,
      -0.9661722994575314
    ],
    [
      -1.264036030738932,
      -0.9348432092438506
    ],
    [
      -1.3391018788022515,
      -1.1285758108122925
    ],
    [
      -1.323144299280444,
      -1.2351049499932338
    ],
    [
      -1.2590463470158766,
      -1.2330055203173997
    ],
    [
      -1.3655995718988618,
      -1.2219634012540326
    ],
    [
      -1.3710577890364752,
      -1.2192047561397192
    ],
    [
      -1.3816896438873159,
      -1.2544545180120696
    ],
    [
      -1.3764838225364129,
      -1.3227769318264289
    ],
    [
      -1.3609664323588355,
      -1.3886882795520605
    ],
    [
      -1.418591372511025,
      -1.3682167872210127
    ],
    [
      -1.28145698064562,
      -1.326054391367532
    ],
    [
      -1.2230793253598389,
      -1.3458988217968217
    ],
    [
      -1.3435328536238706,
      -1.3570538488642707
    ],
    [
      -1.1785580061541203,
      -1.3680695315534768
    ],
    [
      -1.11512190160069,
      -1.322605794851773
    ],
    [
      -0.8634693497880793,
      -1.1733971293577294
    ],
    [
      -0.9167141298823296,
      -1.2105123656928534
    ],
    [
      -0.7938877121386979,
      -1.1209491443786295
    ],
    [
      -0.6984440619457765,
      -1.1674626946401512
    ],
    [
      -0.612025441279208,
      -0.9872707958331728
    ],
    [
      -0.4274885463570063,
      -0.8754707430512237
    ],
    [
      -0.40537641648108275,
      -0.792629674072502
    ],
    [
      -0.2627994005525534,
      -0.7539805634364816
    ],
    [
      -0.2224136394791697,
      -0.7151065257852719
    ],
    [
      -0.026392719358421517,
      -0.6324193539525594
    ],
    [
      0.1091496939393618,
      -0.5059019756616597
    ],
    [
      0.16125752920090627,
      -0.33553792688646855
    ],
    [
      0.27153597065777046,
      -0.33753402548413025
    ],
    [
      0.43564422455396695,
      -0.16685088799319814
    ],
    [
      0.5214223696408821,
      -0.13752996193338946
    ],
    [
      0.6812326737535671,
      -0.0007662239205500389
    ],
    [
      0.7887312210156481,
      0.15861757154714895
    ],
    [
      0.9122693145457785,
      0.18416840602421408
    ]
  ],
  "complexity": 0.3233675397281406
}