{
  "id": 7478,
  "wedge_count": 5,
  "parameters": {
    "rotation_speeds": [
      8.97190779795207,
      6.740516024941371,
      -7.391547322555329,
      5.521189002139783,
      -5.2192635556597144
    ],
    "phi_x": [
      -29.939598547287932,
      -8.142275461145722,
      22.035748077826803,
      4.7478215776124415,
      -7.693723010236468
    ],
    "phi_y": [
      27.608339965963403,
      29.777034069681328,
      10.871322700382734,
      -13.285299079986984,
      14.700802855022793
    ],
    "distances": [
      1.0,
      3.236368996345779,
      8.835171632994406,
      1.622031646369892,
      6.105481918796378,
      5.986087896337441
    ],
    "refractive_indices": [
      1.0,
      1.5,
      1.5,
      1.5,
      1.5,
      1.5,
      1.0
    ],
    "wedgenum": 5
  },
  "pattern": [
    [
      6.540061945224594,
      6.471668952731779
    ],
    [
      6.74368948643944,
      6.665839362078112
    ],
    [
      6.958450341103072,
      6.837844986119439
    ],
    [
      7.104211811873831,
      7.003320534178379
    ],
    [
      7.364477071155778,
      7.15457720296909
    ],
    [
      7.415071407904709,
      7.347728135700508
    ],
    [
      7.554674615262845,
      7.4313796813021975
    ],
    [
      7.694997005785901,
      7.572851670991694
    ],
    [
      7.6987388557193155,
      7.596400369263339
    ],
    [
      7.785477222296756,
      7.737538746308805
    ],
    [
      7.741067579632704,
      7.692061879956317
    ],
    [
      7.763899233604821,
      7.769087760241513
    ],
    [
      7.712547979495771,
      7.6541592888099075
    ],
    [
      7.622176471080323,
      7.692990445179556
    ],
    [
      7.542416781759686,
      7.6316328263881275
    ],
    [
      7.4339585353342486,
      7.493064792176542
    ],
    [
      7.276461643802376,
      7.407167191152779
    ],
    [
      7.014293520804198,
      7.250662286848603
    ],
    [
      7.0162566398837445,
      7.16234279949451
    ],
    [
      6.627530259532087,
      7.072918237838599
    ],
    [
      6.368261836271351,
      6.826633282351172
    ],
    [
      6.1465020333276446,
      6.671786758930243
    ],
    [
      5.7841450904418625,
      6.286173637724202
    ],
    [
      5.6711705312483796,
      6.110376035672958
    ],
    [
      5.191678615506069,
      5.847791940599976
    ],
    [
      4.8311409995460215,
      5.615934089066548
    ],
    [
      4.573262616352017,
      5.229718134133484
    ],
    [
      4.0764067818595295,
      4.927708437107131
    ],
    [
      3.6185493921577323,
      4.636113856905053
    ],
    [
      3.1982114437930234,
      4.354240914632771
    ],
    [
      2.8614151048473433,
      3.991209126207052
    ],
    [
      2.353327198568881,
      3.630299086090893
    ],
    [
      1.85138948400181,
      3.108015981937614
    ],
    [
      1.551602100491384,
      2.9371581328558207
    ],
    [
      1.0498286236667482,
      2.4851971678685705
    ],
    [
      0.640566598452445,
      2.0308893903799574
    ],
    [
      0.1809064839538303,
      1.6568878916728038
    ],
    [
      -0.364957473969993,
      1.2697372661622885
    ],
    [
      -0.8646946554054282,
      0.8739859922231529
    ],
    [
      -1.2392403266719954,
      0.41099562067773826
    ],
    [
      -1.6241544985925798,
      -0.07430255691911192
    ],
    [
      -2.2343781151450326,
      -0.4057949876753781
    ],
    [
      -2.5973063933321754,
      -0.8655299824722493
    ],
    [
      -2.978515546457966,
      -1.3317784019547703
    ],
    [
      -3.447022544006883,
      -1.6409070242429025
    ],
    [
      -3.7292745626254784,
      -1.9932381981569125
    ],
    [
      -4.2888115201420325,
      -2.465492887189786
    ],
    [
      -4.5439345715541055,
      -2.8171520312767693
    ],
    [
      -4.836859192047341,
      -3.20626153863292
    ],
    [
      -5.220551276559061,
      -3.5845034320959606
    ],
    [
      -5.419416833498151,
      -3.9518335640464213
    ],
    [
      -5.746901906523111,
      -4.286121112845437
    ],
    [
      -6.0521953867864315,
      -4.5581786197698815
    ],
    [
      -6.223522559692282,
      -4.8241444516690635
    ],
    [
      -6.5827191611177245,
      -5.213405348341957
    ],
    [
      -6.743510312954601,
      -5.52361383643523
    ],
    [
      -6.902617299279672,
      -5.758258765322295
    ],
    [
      -7.013502740691188,
      -6.043732706731206
    ],
    [
      -7.0680932386676485,
      -6.172946062714189
    ],
    [
      -7.168961604015571,
      -6.413777201100917
    ]
  ],
  "complexity": 0.7750206441075642
}