{
  "id": 9755,
  "wedge_count": 6,
  "parameters": {
    "rotation_speeds": [
      2.863834334917678,
      -0.8794155437205616,
      1.4331970708417279,
      0.24605846351690672,
      -1.3734302901398443,
      -0.7788688496333672
    ],
    "phi_x": [
      -0.9522280000672578,
      -1.7764704230265784,
      -6.247932091834048,
      2.14839176080977,
      5.981796818651542,
      -1.3961629582445894
    ],
    "phi_y": [
      -5.084380758707622,
      2.7775190428529575,
      -2.312275414762168,
      3.1702002245076635,
      8.606954391739798,
      -6.390362845835835
    ],
    "distances": [
      1.0,
      5.231514392299389,
      2.9653952334393816,
      5.407143011739307,
      6.791868463479058,
      8.720489315207375,
      7.832261798180025
    ],
    "refractive_indices": [
      1.0,
      1.5,
      1.5,
      1.5,
      1.5,
      1.5,
      1.5,
      1.0
    ],
    "wedgenum": 6
  },
  "pattern": [
    [
      2.1023474191205818,
      2.049574768463518
    ],
    [
      2.102502852973709,
      1.969766183872373
    ],
    [
      2.1272231201616765,
      1.9625873355766361
    ],
    [
      2.0772711865605755,
      2.1570800423202066
    ],
    [
      1.9841350207320818,
      2.0617111612165444
    ],
    [
      2.1367304207966935,
      2.051810534093617
    ],
    [
      2.045084793633828,
      2.0258386942600697
    ],
    [
      2.143211432780736,
      2.0988231639216437
    ],
    [
      2.1354464049940964,
      2.06901879773416
    ],
    [
      2.0716731710624003,
      2.1925173368144337
    ],
    [
      2.104248569599787,
      2.047561701933857
    ],
    [
      2.165424439461716,
      2.0122347873229294
    ],
    [
      1.9959556863249317,
      2.0382660439047755
    ],
    [
      2.1475401141668726,
      2.0467272946330044
    ],
    [
      1.9984964144570712,
      2.0425127404935055
    ],
    [
      1.9359010227805247,
      1.9460040644195764
    ],
    [
      1.9988291648339993,
      2.0199614204619687
    ],
    [
      1.925334800728946,
      2.024779345936085
    ],
    [
      1.9589425475201734,
      1.873890823220935
    ],
    [
      1.8835457108239853,
      1.9345881882731333
    ],
    [
      1.9135645461914152,
      1.8406340786687594
    ],
    [
      1.887975413405617,
      1.8467297955394117
    ],
    [
      1.8366802327394571,
      1.7953477913891354
    ],
    [
      1.7078131225479665,
      1.7267008850015255
    ],
    [
      1.683011468658513,
      1.6871023603822581
    ],
    [
      1.6167409583209558,
      1.6642445421600636
    ],
    [
      1.5066403132633486,
      1.7265675917604668
    ],
    [
      1.5159151800902917,
      1.562376982668692
    ],
    [
      1.476970923637289,
      1.4575944920813944
    ],
    [
      1.3744565116775784,
      1.4276045263640478
    ],
    [
      1.2667121721513972,
      1.4721467105293298
    ],
    [
      1.2457626029912434,
      1.368820159566898
    ],
    [
      1.1748947866405073,
      1.3160464490218255
    ],
    [
      1.1057557447925876,
      1.2636422995571492
    ],
    [
      1.010115508738898,
      1.2285566283716687
    ],
    [
      0.9956710544876916,
      1.0822995526788999
    ],
    [
      0.8108124229198166,
      1.0084043872597284
    ],
    [
      0.7912130802055407,
      0.9865863977704482
    ],
    [
      0.7506753343882727,
      0.9342577766133274
    ],
    [
      0.6403813951039505,
      0.7581072580954786
    ],
    [
      0.598779911741719,
      0.8540152063474703
    ],
    [
      0.45094754954736765,
      0.6151087450761522
    ],
    [
      0.40169525060045774,
      0.7020682756583693
    ],
    [
      0.276217743317586,
      0.6490261085666048
    ],
    [
      0.24866047736594568,
      0.4866952858305347
    ],
    [
      0.20681570718460116,
      0.4640899186753049
    ],
    [
      0.0981771860893555,
      0.3822908983463944
    ],
    [
      0.04761605684840334,
      0.3893776032377509
    ],
    [
      0.06680231971623662,
      0.2581240383160019
    ],
    [
      -0.19977371382712425,
      0.12165766794024241
    ],
    [
      -0.18322740104993726,
      0.021658009337396388
    ],
    [
      -0.30789714503330334,
      -0.012923746189810731
    ],
    [
      -0.34582224792351896,
      -0.012300450953239173
    ],
    [
      -0.45809742915549745,
      -0.1130022157409773
    ],
    [
      -0.4644840230943164,
      -0.24031582709280633
    ],
    [
      -0.5647906023511611,
      -0.2312602862705136
    ],
    [
      -0.6059220192023177,
      -0.3843073042755723
    ],
    [
      -0.7253003639824216,
      -0.38048733799547596
    ],
    [
      -0.7044744968400669,
      -0.4015417135650195
    ],
    [
      -0.7273751139873785,
      -0.5534200212874566
    ]
  ],
  "complexity": 0.2853515475041722
}