{
  "id": 67,
  "wedge_count": 1,
  "parameters": {
    "rotation_speeds": [
      -1.4815356713913952
    ],
    "phi_x": [
      -3.317253643582694
    ],
    "phi_y": [
      6.079522784626005
    ],
    "distances": [
      1.0,
      7.491247116169508
    ],
    "refractive_indices": [
      1.0,
      1.5,
      1.0
    ],
    "wedgenum": 1
  },
  "pattern": [
    [
      0.20715494695166203,
      0.22096058405018473
    ],
    [
      0.1952587622758728,
      0.18935899873685452
    ],
    [
      0.15875861497051993,
      0.17170232346821962
    ],
    [
      0.12422768245394103,
      0.14206873591093816
    ],
    [
      0.08914195205848774,
      0.10306110820699597
    ],
    [
      0.06561753179422115,
      0.08294668919173534
    ],
    [
      0.026191347046759107,
      0.05653549090369932
    ],
    [
      -0.01425608109746696,
      0.017914834091647146
    ],
    [
      -0.03832117608003282,
      -0.008977192445042376
    ],
    [
      -0.06910977202606085,
      -0.03804157327201705
    ],
    [
      -0.09554142952627735,
      -0.06431724868658886
    ],
    [
      -0.13977821766705484,
      -0.10293365216356384
    ],
    [
      -0.1675055180493228,
      -0.13355773360941792
    ],
    [
      -0.1907277599242936,
      -0.15204985021606293
    ],
    [
      -0.22290495020923567,
      -0.1825322790015063
    ],
    [
      -0.2542482441453207,
      -0.201552050978143
    ],
    [
      -0.2835075913598909,
      -0.23907102589246768
    ],
    [
      -0.2986036645259808,
      -0.25593480088049053
    ],
    [
      -0.3161918190232951,
      -0.28232390924866413
    ],
    [
      -0.3346565405142257,
      -0.29970773072996876
    ],
    [
      -0.35571313351203615,
      -0.3137444603258151
    ],
    [
      -0.38050075839881803,
      -0.33748731743641225
    ],
    [
      -0.3883649265295277,
      -0.3633056339695768
    ],
    [
      -0.39485155947239803,
      -0.370369532073924
    ],
    [
      -0.4083336439551161,
      -0.382975968662749
    ],
    [
      -0.4222623049243497,
      -0.3895191131542822
    ],
    [
      -0.41856321609644676,
      -0.4026808084976432
    ],
    [
      -0.4247647353290237,
      -0.40557440543074647
    ],
    [
      -0.42881483107936863,
      -0.4179173647576817
    ],
    [
      -0.4241308157884168,
      -0.42542195089004203
    ],
    [
      -0.41634483237028386,
      -0.4227027279334211
    ],
    [
      -0.4155375245112255,
      -0.4074386826176134
    ],
    [
      -0.39845958095401307,
      -0.42277138932524916
    ],
    [
      -0.39210007825383025,
      -0.4185498935505874
    ],
    [
      -0.379042536698337,
      -0.4107318558897054
    ],
    [
      -0.3672181448819331,
      -0.40259904540308955
    ],
    [
      -0.35646379573994985,
      -0.3876024071810797
    ],
    [
      -0.3303011322823342,
      -0.3788289237561326
    ],
    [
      -0.31231644914252027,
      -0.3748358967813176
    ],
    [
      -0.28654371371368687,
      -0.35331541929526633
    ],
    [
      -0.2583827482113448,
      -0.32789198562781885
    ],
    [
      -0.24990842801536284,
      -0.3260936379722756
    ],
    [
      -0.21598342862137263,
      -0.30134776318178835
    ],
    [
      -0.18180805883156975,
      -0.2852710648411879
    ],
    [
      -0.16191477865556098,
      -0.26417642496687976
    ],
    [
      -0.11807338188361897,
      -0.24000461933973669
    ],
    [
      -0.10427395643683984,
      -0.2170542306819098
    ],
    [
      -0.07483508655788211,
      -0.2068946404993868
    ],
    [
      -0.04909145879434241,
      -0.16861624318252705
    ],
    [
      -0.020579163845477783,
      -0.1437351774987082
    ],
    [
      0.008366154509419313,
      -0.12227062628551619
    ],
    [
      0.03794494154141038,
      -0.09905198455723806
    ],
    [
      0.07765403631255152,
      -0.07059650532975273
    ],
    [
      0.09276971349486314,
      -0.04554160587396637
    ],
    [
      0.12519652503921921,
      -0.025289055183332555
    ],
    [
      0.1425170828268542,
      0.008704797476134571
    ],
    [
      0.1672245414345315,
      0.033544433295971024
    ],
    [
      0.1932449030913285,
      0.06368375119303299
    ],
    [
      0.21524382905577463,
      0.08302062205028585
    ],
    [
      0.24457251191996443,
      0.10977424696835936
    ]
  ],
  "complexity": 0.16969631777678018
}