{
  "id": 7846,
  "wedge_count": 5,
  "parameters": {
    "rotation_speeds": [
      -3.7458615894759024,
      2.0144608575268634,
      -6.673855775730287,
      5.135909783424493,
      -3.7095382778840236
    ],
    "phi_x": [
      9.805067092320428,
      -9.119344558779957,
      7.757991001041539,
      24.519897868564648,
      5.22168417001172
    ],
    "phi_y": [
      2.575338792760938,
      -26.295695435015748,
      -28.80846762259597,
      -15.701567374449086,
      -18.530902761667004
    ],
    "distances": [
      1.0,
      4.770951854169546,
      1.8278474725189893,
      4.841513666403539,
      4.997783596769409,
      2.2575540207797817
    ],
    "refractive_indices": [
      1.0,
      1.5,
      1.5,
      1.5,
      1.5,
      1.5,
      1.0
    ],
    "wedgenum": 5
  },
  "pattern": [
    [
      6.080145394650631,
      5.949284439094363
    ],
    [
      6.04375468923411,
      5.947436586797035
    ],
    [
      5.862928148090926,
      5.811310089259816
    ],
    [
      5.694184734914275,
      5.562686771898609
    ],
    [
      5.507622444657041,
      5.501976125491658
    ],
    [
      5.351446215687596,
      5.364906228078055
    ],
    [
      5.1672337859380875,
      5.1925021243081755
    ],
    [
      4.980136302154909,
      5.039105319256476
    ],
    [
      4.7899279691713526,
      4.765003806742859
    ],
    [
      4.534161801178307,
      4.651639761134041
    ],
    [
      4.371209051189253,
      4.4547911948385295
    ],
    [
      4.039078622216601,
      4.241982389656669
    ],
    [
      3.955951119390265,
      4.1020078803776485
    ],
    [
      3.5649516676213047,
      3.825125489269252
    ],
    [
      3.309539921240627,
      3.6421398672844103
    ],
    [
      3.1092878680239133,
      3.332265755802551
    ],
    [
      2.8416300294853474,
      3.1013012045827946
    ],
    [
      2.619162072871508,
      2.999655562142429
    ],
    [
      2.332533563853312,
      2.70843453888198
    ],
    [
      2.1642164520709253,
      2.5533993168465594
    ],
    [
      1.8520855588023422,
      2.268038168008931
    ],
    [
      1.6366812880081683,
      2.116922467737297
    ],
    [
      1.3558718540052486,
      1.9118061198547474
    ],
    [
      1.1701386198150554,
      1.5962287537050301
    ],
    [
      0.9565701549264306,
      1.4302174789628577
    ],
    [
      0.7172504786092402,
      1.2379516715552654
    ],
    [
      0.452262810849313,
      0.9527823607958639
    ],
    [
      0.26510414859923254,
      0.8353048637354054
    ],
    [
      0.0908685808869647,
      0.614091623330384
    ],
    [
      -0.21445771824535137,
      0.46833102155534156
    ],
    [
      -0.27433808773850105,
      0.22376660458173278
    ],
    [
      -0.5345044332940149,
      0.11795853738549802
    ],
    [
      -0.6174748087399483,
      -0.17196270019806956
    ],
    [
      -0.801942237921076,
      -0.278240238207646
    ],
    [
      -0.9417368059353529,
      -0.3810048487706931
    ],
    [
      -1.0395414631751625,
      -0.5700262049618661
    ],
    [
      -1.1950242106792681,
      -0.6851726341448334
    ],
    [
      -1.2266591847012902,
      -0.800007273061795
    ],
    [
      -1.3418004123510217,
      -1.0255312655077813
    ],
    [
      -1.4528744331000032,
      -1.0303043258786457
    ],
    [
      -1.5852608345809385,
      -1.069299694085671
    ],
    [
      -1.5802321385631781,
      -1.188347782552506
    ],
    [
      -1.681717343050933,
      -1.352046935915152
    ],
    [
      -1.7806587071725923,
      -1.4922879137198588
    ],
    [
      -1.6910276118599183,
      -1.4891987231207575
    ],
    [
      -1.7853729433093868,
      -1.5194822095774096
    ],
    [
      -1.8525815008452975,
      -1.5093994863936744
    ],
    [
      -1.7569719148231293,
      -1.5937981663524552
    ],
    [
      -1.7013214535716765,
      -1.7278419357098205
    ],
    [
      -1.7254848823628528,
      -1.6423291494914256
    ],
    [
      -1.6581990370525763,
      -1.6315639827720634
    ],
    [
      -1.672834749587887,
      -1.6443708472526761
    ],
    [
      -1.6507216784553898,
      -1.595941674504151
    ],
    [
      -1.496039785527537,
      -1.676907955664583
    ],
    [
      -1.4233122940643965,
      -1.5235770989039912
    ],
    [
      -1.504883057676629,
      -1.509602714341771
    ],
    [
      -1.430097060437686,
      -1.4808064248672075
    ],
    [
      -1.3292036431665881,
      -1.6351214031576033
    ],
    [
      -1.2633030324203534,
      -1.508259042443916
    ],
    [
      -1.1326935527509425,
      -1.3904917120825657
    ]
  ],
  "complexity": 0.48306270126888906
}