{
  "id": 5951,
  "wedge_count": 4,
  "parameters": {
    "rotation_speeds": [
      -1.699472010153667,
      -1.6672380879499953,
      -1.7818406815823946,
      2.806015078514385
    ],
    "phi_x": [
      20.0,
      14.266566987451515,
      -10.85479493494059,
      15.870559579340473
    ],
    "phi_y": [
      -14.570289747410214,
      -19.77689740698441,
      4.670300556561764,
      10.002592453306772
    ],
    "distances": [
      1.0,
      7.145694070168319,
      5.491016374148076,
      6.141460931542267,
      3.930037716479958
    ],
    "refractive_indices": [
      1.0,
      1.5,
      1.5,
      1.5,
      1.5,
      1.0
    ],
    "wedgenum": 4
  },
  "pattern": [
    [
      4.682502182893275,
      4.598065126232684
    ],
    [
      4.527681592334274,
      4.566271281917926
    ],
    [
      4.415098412351659,
      4.477742365674619
    ],
    [
      4.290378476986303,
      4.383192543546283
    ],
    [
      4.1015581647050485,
      4.179677939091422
    ],
    [
      3.9495608075252604,
      4.06784843376506
    ],
    [
      3.8908616966822156,
      3.915800498473771
    ],
    [
      3.651924630563128,
      3.690989326801466
    ],
    [
      3.509367827495135,
      3.6738581422293852
    ],
    [
      3.352839976541055,
      3.4274843635497367
    ],
    [
      3.0606350036251357,
      3.222218960095792
    ],
    [
      2.8727101073476717,
      3.1363949440942815
    ],
    [
      2.5968286069367,
      2.9032898771207822
    ],
    [
      2.4533983906388515,
      2.736711817472668
    ],
    [
      2.2820186457187197,
      2.537071587916457
    ],
    [
      1.9843790422325882,
      2.3735643617889988
    ],
    [
      1.7667977525278538,
      2.100079779433905
    ],
    [
      1.5953210029463296,
      1.8828675126129695
    ],
    [
      1.3130564042741881,
      1.7775346459430867
    ],
    [
      1.0190275376021365,
      1.557092676654287
    ],
    [
      0.6777321025201016,
      1.272426348441607
    ],
    [
      0.5151337654179486,
      1.0136934478972226
    ],
    [
      0.2295206510344097,
      0.8022954214741103
    ],
    [
      -0.03562102375623629,
      0.5138105138251523
    ],
    [
      -0.20379600178970259,
      0.43299130322529283
    ],
    [
      -0.47482030512864926,
      0.05627257294607575
    ],
    [
      -0.781864753117051,
      -0.08875720196928374
    ],
    [
      -1.071782620804844,
      -0.3402325879162763
    ],
    [
      -1.2588792109044875,
      -0.599195679817676
    ],
    [
      -1.5683900911942226,
      -0.755913989879721
    ],
    [
      -1.7289948425410453,
      -0.9796273776209001
    ],
    [
      -1.9055148664206212,
      -1.3232078008610564
    ],
    [
      -2.230547952802525,
      -1.462988092783568
    ],
    [
      -2.418657591666845,
      -1.7121828604031695
    ],
    [
      -2.6245885985138826,
      -1.8741647267268955
    ],
    [
      -2.8316910653845335,
      -2.219698966918104
    ],
    [
      -3.008714485132137,
      -2.2816996826529903
    ],
    [
      -3.161387848465739,
      -2.496440422983149
    ],
    [
      -3.3926946076924693,
      -2.6348650571652086
    ],
    [
      -3.5396952255288214,
      -2.8419104129168082
    ],
    [
      -3.7998634598529373,
      -3.0629346854375354
    ],
    [
      -3.851353451746315,
      -3.2007100911617488
    ],
    [
      -3.9481781027706613,
      -3.365147367858722
    ],
    [
      -4.094350371675171,
      -3.5159570613066635
    ],
    [
      -4.2663872179109905,
      -3.630864421307641
    ],
    [
      -4.315429343666683,
      -3.842025823437263
    ],
    [
      -4.329639062579172,
      -3.989198133556979
    ],
    [
      -4.380567769622713,
      -4.0759397669101665
    ],
    [
      -4.50874395396184,
      -4.123024282402534
    ],
    [
      -4.5959322930448225,
      -4.270110642855337
    ],
    [
      -4.48184098987755,
      -4.394222713695217
    ],
    [
      -4.555803899127554,
      -4.405027748642691
    ],
    [
      -4.587169063960445,
      -4.429243745136958
    ],
    [
      -4.552252371346043,
      -4.523331170829714
    ],
    [
      -4.550756454106133,
      -4.605403756826947
    ],
    [
      -4.449670848513992,
      -4.683778944669067
    ],
    [
      -4.4635310350511315,
      -4.604655096881289
    ],
    [
      -4.413231131720821,
      -4.617840616946075
    ],
    [
      -4.326759804456732,
      -4.771265362719972
    ],
    [
      -4.157538631003694,
      -4.500030171529262
    ]
  ],
  "complexity": 0.524007336957345
}