{
  "id": 812,
  "wedge_count": 1,
  "parameters": {
    "rotation_speeds": [
      -1.544848072655892
    ],
    "phi_x": [
      19.31239545186711
    ],
    "phi_y": [
      -19.219063252242957
    ],
    "distances": [
      1.0,
      2.951535692947398
    ],
    "refractive_indices": [
      1.0,
      1.5,
      1.0
    ],
    "wedgenum": 1
  },
  "pattern": [
    [
      1.3000356304346976,
      1.2855159248798127
    ],
    [
      1.187302335194671,
      1.2054495099217213
    ],
    [
      1.0811151441743028,
      1.1088140222217882
    ],
    [
      0.9730574781625139,
      1.0063954542408127
    ],
    [
      0.8634404247587523,
      0.9086088319490787
    ],
    [
      0.7351134788428471,
      0.7890237142014592
    ],
    [
      0.6336113889025641,
      0.6950828615439731
    ],
    [
      0.5039793460553058,
      0.5920307947776848
    ],
    [
      0.37668271193621056,
      0.473892931805463
    ],
    [
      0.24791697024883846,
      0.3702058229768561
    ],
    [
      0.1362826987271171,
      0.2511975499008405
    ],
    [
      0.004722767579127129,
      0.14277672651478
    ],
    [
      -0.11551770183487045,
      0.02176938931695012
    ],
    [
      -0.23498165792716372,
      -0.07749687205447045
    ],
    [
      -0.36280973681051415,
      -0.20143722234794081
    ],
    [
      -0.4779108658902336,
      -0.30806882041879485
    ],
    [
      -0.5889667685137363,
      -0.41922352282638453
    ],
    [
      -0.7049113013280507,
      -0.5128437940436165
    ],
    [
      -0.810205568301054,
      -0.6221905904985563
    ],
    [
      -0.9023136802609425,
      -0.7124501376377577
    ],
    [
      -1.0044067655596625,
      -0.8044788757269875
    ],
    [
      -1.0935851191895154,
      -0.9095224759160768
    ],
    [
      -1.1776404076470581,
      -0.9826183553465251
    ],
    [
      -1.2542076202041446,
      -1.0658329496786667
    ],
    [
      -1.328624079448833,
      -1.1463603082470544
    ],
    [
      -1.383458898177113,
      -1.2110065981619145
    ],
    [
      -1.4451198119721373,
      -1.2789144990359909
    ],
    [
      -1.4974050167537238,
      -1.338781635591472
    ],
    [
      -1.5313793584685786,
      -1.389303051826488
    ],
    [
      -1.559255144240388,
      -1.43857818024251
    ],
    [
      -1.5766497429286088,
      -1.4722732410494481
    ],
    [
      -1.595473032504237,
      -1.505846947565116
    ],
    [
      -1.602992527118611,
      -1.536282799802062
    ],
    [
      -1.609143520152259,
      -1.5575018697557383
    ],
    [
      -1.586032764347331,
      -1.5762064486071496
    ],
    [
      -1.5745213447365294,
      -1.5751847040153808
    ],
    [
      -1.545487964216623,
      -1.5784349081289806
    ],
    [
      -1.507399168957031,
      -1.5706248211342726
    ],
    [
      -1.4722410875461285,
      -1.5615132644974854
    ],
    [
      -1.4186593705135528,
      -1.5482864287839015
    ],
    [
      -1.3755006589474348,
      -1.5174990845876652
    ],
    [
      -1.3112668330607418,
      -1.480659899239844
    ],
    [
      -1.2469534693162478,
      -1.443485550358542
    ],
    [
      -1.1758471454303039,
      -1.4013683626655542
    ],
    [
      -1.0933407160313429,
      -1.3547364715623726
    ],
    [
      -1.0016731146890474,
      -1.300327605677138
    ],
    [
      -0.9173414529341565,
      -1.2530442532992587
    ],
    [
      -0.8199484574033875,
      -1.185426480735114
    ],
    [
      -0.7380327816678002,
      -1.1147869270463728
    ],
    [
      -0.6308413110429563,
      -1.035128187477942
    ],
    [
      -0.5442716747791345,
      -0.9660480855641986
    ],
    [
      -0.43501180699351444,
      -0.8826907157442246
    ],
    [
      -0.33700552170013465,
      -0.8086036526340761
    ],
    [
      -0.23253130956724097,
      -0.72606134179526
    ],
    [
      -0.11845324514471213,
      -0.6349409351058111
    ],
    [
      -0.022076290535380853,
      -0.5425600175518159
    ],
    [
      0.0865734822783912,
      -0.46020906349630697
    ],
    [
      0.17833788226375966,
      -0.371429644758565
    ],
    [
      0.2861433100791516,
      -0.2716009400601321
    ],
    [
      0.3772104213239368,
      -0.18009740015873402
    ]
  ],
  "complexity": 0.26084295418357206
}