{
  "id": 3812,
  "wedge_count": 5,
  "parameters": {
    "rotation_speeds": [
      -2.0437697821946648,
      1.2997191305802724,
      1.8160900757870473,
      -1.7866004341418737,
      1.1921030780934454
    ],
    "phi_x": [
      -4.7221480294896985,
      -1.0513483218729964,
      9.211963265731171,
      6.422637762551494,
      -5.892633828453956
    ],
    "phi_y": [
      1.449052069031518,
      -2.440764998335705,
      -1.3340153117633615,
      -1.8074519943012057,
      -17.20615521776129
    ],
    "distances": [
      1.0,
      5.507645624085516,
      7.009582989429385,
      4.85336192073161,
      4.045165579315502,
      6.350124443461595
    ],
    "refractive_indices": [
      1.0,
      1.5,
      1.5,
      1.5,
      1.5,
      1.5,
      1.0
    ],
    "wedgenum": 5
  },
  "pattern": [
    [
      2.570189925578374,
      2.557694341046426
    ],
    [
      2.601676907063799,
      2.6339023368730765
    ],
    [
      2.620931893725803,
      2.555575361245258
    ],
    [
      2.573900424034575,
      2.631584978868912
    ],
    [
      2.6008677663829807,
      2.5560103097657825
    ],
    [
      2.6322559967198877,
      2.6288155144249314
    ],
    [
      2.5735455924906536,
      2.510516669177549
    ],
    [
      2.555500287763808,
      2.64797520252456
    ],
    [
      2.506169455997934,
      2.644001813541345
    ],
    [
      2.4897392120988298,
      2.52662590117292
    ],
    [
      2.3786581990186004,
      2.654042402035802
    ],
    [
      2.29457572332631,
      2.4850672487435257
    ],
    [
      2.2479331233059656,
      2.4552596574500605
    ],
    [
      2.299488926960405,
      2.3734728099526348
    ],
    [
      2.2192427251478475,
      2.2207752755058525
    ],
    [
      2.091479807571716,
      2.2592528650876345
    ],
    [
      2.0535245287102653,
      2.198989046482833
    ],
    [
      1.8127048073625571,
      2.1029571809656087
    ],
    [
      1.9324981151459146,
      2.0680137084554016
    ],
    [
      1.7103408080675233,
      1.9337408997229786
    ],
    [
      1.70377911774818,
      1.8583967920742253
    ],
    [
      1.5342556478335918,
      1.7329145417726006
    ],
    [
      1.2888539923566649,
      1.677206681661604
    ],
    [
      1.3322972865422187,
      1.547433848711327
    ],
    [
      1.2206176329845655,
      1.5249742085383122
    ],
    [
      1.1149278498998436,
      1.3620203092901357
    ],
    [
      0.9864375983927866,
      1.264814675929295
    ],
    [
      0.8112368575276038,
      1.1721477772882147
    ],
    [
      0.7669330522591817,
      1.0660144498804778
    ],
    [
      0.6114696288187915,
      0.9523166189052333
    ],
    [
      0.5074371833098932,
      0.9505516778307153
    ],
    [
      0.3267225678958405,
      0.8057342499901157
    ],
    [
      0.18586211867670246,
      0.6197808086945511
    ],
    [
      0.16190079268608365,
      0.6393675911685438
    ],
    [
      -0.0029449308566496532,
      0.4200694327184819
    ],
    [
      -0.14491825513042147,
      0.3169972858055381
    ],
    [
      -0.259653532947849,
      0.2908861769427941
    ],
    [
      -0.3443079701590317,
      0.10134801852474667
    ],
    [
      -0.5045583984242716,
      0.1036872524205881
    ],
    [
      -0.630974012507848,
      -0.009012350835548327
    ],
    [
      -0.6975196376723884,
      -0.3153177718629807
    ],
    [
      -0.8202042934585551,
      -0.34150756453782916
    ],
    [
      -0.8619035530780469,
      -0.3163587366164408
    ],
    [
      -0.8951422500945061,
      -0.3633252228038441
    ],
    [
      -0.989011289615907,
      -0.5641223361379971
    ],
    [
      -1.1253353118618687,
      -0.6359573327959341
    ],
    [
      -1.2165795801928054,
      -0.6553984890503914
    ],
    [
      -1.252286829796164,
      -0.8196058052542594
    ],
    [
      -1.3372058878097657,
      -0.8999974866682169
    ],
    [
      -1.4654187225210313,
      -1.0498667689001824
    ],
    [
      -1.4212235977503203,
      -0.9776335994160464
    ],
    [
      -1.5360957308325753,
      -1.1577983481711276
    ],
    [
      -1.5840947513501433,
      -1.277585419822669
    ],
    [
      -1.749431382863659,
      -1.1764791961564771
    ],
    [
      -1.7670964502177193,
      -1.3086307766128527
    ],
    [
      -1.7096228894446452,
      -1.3096413521079537
    ],
    [
      -1.7324378421279234,
      -1.491611698233825
    ],
    [
      -1.7268842963537077,
      -1.4831772738155284
    ],
    [
      -1.9049500648201556,
      -1.5325624733684013
    ],
    [
      -1.7385030923140041,
      -1.68802707912872
    ]
  ],
  "complexity": 0.33618252731478027
}