{
  "id": 4067,
  "wedge_count": 5,
  "parameters": {
    "rotation_speeds": [
      -0.7127510044604055,
      -0.2654379386797753,
      3.6188468047758686,
      0.8830644656089304,
      0.9035050889295132
    ],
    "phi_x": [
      -0.15917141014566633,
      -7.147159348921792,
      -6.367681148247969,
      7.1961771456288925,
      -4.154691184351891
    ],
    "phi_y": [
      -2.0349881105378103,
      -5.317560738601262,
      6.007142800446539,
      10.587038332097338,
      17.301126654815473
    ],
    "distances": [
      1.0,
      5.845576189049406,
      3.032633171668942,
      3.6863684336250877,
      6.682239090097345,
      4.727055986877797
    ],
    "refractive_indices": [
      1.0,
      1.5,
      1.5,
      1.5,
      1.5,
      1.5,
      1.0
    ],
    "wedgenum": 5
  },
  "pattern": [
    [
      3.0015514683773823,
      2.9120612225838536
    ],
    [
      3.1037925336011436,
      2.9908525307324494
    ],
    [
      3.089606284894606,
      2.9070167184277604
    ],
    [
      3.2108463636477302,
      2.948131595223354
    ],
    [
      3.1632413832819632,
      3.0457377286831315
    ],
    [
      3.1643501755047048,
      2.972286891414526
    ],
    [
      3.1073153924804275,
      3.136405921099536
    ],
    [
      3.198270379217741,
      3.0837168933554304
    ],
    [
      3.0815858084738665,
      3.0711907597314374
    ],
    [
      3.185466118255602,
      3.077764193007808
    ],
    [
      3.1202789993030127,
      3.0450610706089587
    ],
    [
      3.114903994654411,
      3.086219751548627
    ],
    [
      3.0715294427133055,
      3.05343234246
    ],
    [
      3.0971166627743254,
      3.1128857819309816
    ],
    [
      3.0568171312932266,
      3.0958731354526554
    ],
    [
      2.9542389817883214,
      3.150204779482978
    ],
    [
      2.968701889841028,
      3.0885072050160147
    ],
    [
      3.0110721627555073,
      3.0002729065480724
    ],
    [
      3.0091041927021416,
      2.9787212298249215
    ],
    [
      3.005740092022987,
      2.97104388604107
    ],
    [
      2.9854841721554575,
      2.9391569625375653
    ],
    [
      2.785409682832185,
      2.9375570280473036
    ],
    [
      2.8420891863156075,
      2.9022001718854593
    ],
    [
      2.780862645425871,
      2.8534050170498384
    ],
    [
      2.6611743790495095,
      2.7487830060839045
    ],
    [
      2.72592388735445,
      2.817755086936235
    ],
    [
      2.5250131953032087,
      2.7625525449755566
    ],
    [
      2.5108978057249596,
      2.7444772473473837
    ],
    [
      2.4832334104263634,
      2.6240901591835373
    ],
    [
      2.449173428932645,
      2.660991582443598
    ],
    [
      2.417136044084312,
      2.5627943030824527
    ],
    [
      2.382902248687595,
      2.489688271331394
    ],
    [
      2.280528002393917,
      2.5225149183898816
    ],
    [
      2.1721648112340555,
      2.4285801762406805
    ],
    [
      2.1182931864241934,
      2.3914355191150367
    ],
    [
      2.164465596543482,
      2.3573177808214574
    ],
    [
      2.0550749088827507,
      2.2676939937460276
    ],
    [
      1.9678850787581252,
      2.201402130182521
    ],
    [
      1.9927164589380155,
      2.1470998664854437
    ],
    [
      1.894368057704438,
      2.1769260727541173
    ],
    [
      1.9342778450252258,
      2.042073567356094
    ],
    [
      1.8566666100844036,
      2.087543349779901
    ],
    [
      1.8449398338549212,
      2.1049698355089235
    ],
    [
      1.7888516061208568,
      1.9890204791478237
    ],
    [
      1.6448354919096255,
      1.990809371648846
    ],
    [
      1.765416851172036,
      1.9469229299244664
    ],
    [
      1.6045207430443138,
      1.8658892197278152
    ],
    [
      1.6434643021455881,
      1.770634431966751
    ],
    [
      1.5853077454166586,
      1.83044403309038
    ],
    [
      1.6456588592672718,
      1.7226738783448707
    ],
    [
      1.5695770168311345,
      1.7470049995299497
    ],
    [
      1.5849358633884727,
      1.641735560953294
    ],
    [
      1.540283316035558,
      1.6871726325214695
    ],
    [
      1.5244418838109255,
      1.7006110924968632
    ],
    [
      1.5314415458657238,
      1.6133489661118745
    ],
    [
      1.4993385896462836,
      1.6336425718338694
    ],
    [
      1.445997382694248,
      1.5777368569118724
    ],
    [
      1.5610683967085561,
      1.5949646118038323
    ],
    [
      1.5141088079987,
      1.6206734248655008
    ],
    [
      1.457730124154933,
      1.4700911356098478
    ]
  ],
  "complexity": 0.27856205433169
}