{
  "id": 1082,
  "wedge_count": 2,
  "parameters": {
    "rotation_speeds": [
      -0.14646239457820065,
      -0.9941740272682974
    ],
    "phi_x": [
      5.055162786536891,
      6.869744418972292
    ],
    "phi_y": [
      -8.064183414167864,
      -1.2590050102283756
    ],
    "distances": [
      1.0,
      3.168844873569047,
      4.7069765512619925
    ],
    "refractive_indices": [
      1.0,
      1.5,
      1.5,
      1.0
    ],
    "wedgenum": 2
  },
  "pattern": [
    [
      0.8160128760843818,
      0.8242534931521642
    ],
    [
      0.8423912210078809,
      0.75643710912367
    ],
    [
      0.7994595320644954,
      0.7691706397873029
    ],
    [
      0.7932874153658126,
      0.7833336984389331
    ],
    [
      0.7283916105928477,
      0.790973766771599
    ],
    [
      0.7038466547043778,
      0.7448315858771722
    ],
    [
      0.7310504538316172,
      0.7420533962089133
    ],
    [
      0.7226374638261616,
      0.7068368978214098
    ],
    [
      0.6909707554408155,
      0.7053986302506892
    ],
    [
      0.6731504681341298,
      0.6558285156621301
    ],
    [
      0.6314777253060291,
      0.6714288594245545
    ],
    [
      0.5864026179345327,
      0.609598032104287
    ],
    [
      0.6274668211943779,
      0.6173963849017127
    ],
    [
      0.580994433492134,
      0.5992505398192046
    ],
    [
      0.5268229677118554,
      0.5588651992913215
    ],
    [
      0.48637257066488987,
      0.5306753624631689
    ],
    [
      0.43498101552774804,
      0.4720107563575595
    ],
    [
      0.41128191601907715,
      0.44479219832527117
    ],
    [
      0.38728211606308854,
      0.4704870019463328
    ],
    [
      0.33436499556058746,
      0.4314098221316376
    ],
    [
      0.33985981708995316,
      0.3682960781707775
    ],
    [
      0.3105964378349487,
      0.3604834299804598
    ],
    [
      0.2664694594500263,
      0.3152529789890595
    ],
    [
      0.1991827594060982,
      0.3223957960138606
    ],
    [
      0.2194203073421668,
      0.28241911309868434
    ],
    [
      0.16350283879840338,
      0.23241909960846555
    ],
    [
      0.06574624481968731,
      0.1386361124289817
    ],
    [
      0.0965967412709413,
      0.11952286463512635
    ],
    [
      0.024940584487658318,
      0.10009161300139463
    ],
    [
      -0.01903516140457562,
      0.05875934299184628
    ],
    [
      -0.048312410847901346,
      0.04954767993977153
    ],
    [
      -0.10747719859923342,
      0.011506181679517873
    ],
    [
      -0.09688709514539347,
      -0.03409210693820236
    ],
    [
      -0.14528123945395016,
      -0.02977447943811095
    ],
    [
      -0.21673053155345004,
      -0.09287680853353196
    ],
    [
      -0.2071381927832628,
      -0.10079874632566381
    ],
    [
      -0.24371478465614999,
      -0.15035099256671924
    ],
    [
      -0.278612203891305,
      -0.1277515777519295
    ],
    [
      -0.25783528734118794,
      -0.21306158834739014
    ],
    [
      -0.3271924474897535,
      -0.18638023847725468
    ],
    [
      -0.3123173849170443,
      -0.24342190034854116
    ],
    [
      -0.3166030682451246,
      -0.27725557127547396
    ],
    [
      -0.31865340908222844,
      -0.31188819368662224
    ],
    [
      -0.373869443398089,
      -0.3182307356388915
    ],
    [
      -0.3940286238176394,
      -0.29496771579323844
    ],
    [
      -0.4074850078292595,
      -0.3599901119003047
    ],
    [
      -0.42483774307737154,
      -0.3582542666257742
    ],
    [
      -0.4267630617425088,
      -0.38187715919615944
    ],
    [
      -0.3737220121902999,
      -0.36068647084737276
    ],
    [
      -0.3916404120021554,
      -0.3479902284104664
    ],
    [
      -0.43116439936320367,
      -0.3790716541513592
    ],
    [
      -0.3985328624118408,
      -0.4011221543523034
    ],
    [
      -0.41632639328126453,
      -0.3998501499896373
    ],
    [
      -0.3756535967648229,
      -0.43167765103815875
    ],
    [
      -0.39360668166823404,
      -0.4011190193889559
    ],
    [
      -0.35301918813119537,
      -0.42984928824325574
    ],
    [
      -0.38156232728057843,
      -0.3982083512803274
    ],
    [
      -0.3678644922213117,
      -0.4159359853518755
    ],
    [
      -0.3108779949264762,
      -0.42534864772572367
    ],
    [
      -0.34314134166170057,
      -0.3574977694390213
    ]
  ],
  "complexity": 0.19597562452448936
}