{
  "id": 4492,
  "wedge_count": 6,
  "parameters": {
    "rotation_speeds": [
      0.8552481880691915,
      0.24960521899747315,
      0.2505882686047018,
      -0.24513389710885244,
      0.006367288213311513,
      2.0929918753837695
    ],
    "phi_x": [
      0.9108789196854348,
      3.023122694744209,
      -11.057091455259725,
      -8.846950706140982,
      16.62191705102865,
      -4.740062237661869
    ],
    "phi_y": [
      3.6238635709991955,
      -15.563175084201475,
      -17.640769912313015,
      20.0,
      -1.9954935072853974,
      -6.380262689012001
    ],
    "distances": [
      1.0,
      6.186103509137541,
      7.816618203196147,
      1.561308540769103,
      8.133296722150735,
      1.5105111402421025,
      8.100190973947779
    ],
    "refractive_indices": [
      1.0,
      1.5,
      1.5,
      1.5,
      1.5,
      1.5,
      1.5,
      1.0
    ],
    "wedgenum": 6
  },
  "pattern": [
    [
      4.39190601534182,
      4.346642796024588
    ],
    [
      4.442424134539632,
      4.343426008135317
    ],
    [
      4.4315885628408065,
      4.299596137485059
    ],
    [
      4.334344249404467,
      4.371607952874121
    ],
    [
      4.434576425138875,
      4.359074616964768
    ],
    [
      4.406829917771314,
      4.493754392332842
    ],
    [
      4.410090507699008,
      4.368743121759829
    ],
    [
      4.3979418427251735,
      4.351830687648023
    ],
    [
      4.4643431919879255,
      4.420744466039407
    ],
    [
      4.35297440577477,
      4.366705643219433
    ],
    [
      4.345442586264742,
      4.368468508650081
    ],
    [
      4.363098514885706,
      4.345687822264746
    ],
    [
      4.275503864093867,
      4.319232632017541
    ],
    [
      4.321242154386985,
      4.347082958382081
    ],
    [
      4.208941754977379,
      4.300694230614685
    ],
    [
      4.233406126679465,
      4.264959098354399
    ],
    [
      4.230812340004395,
      4.366245360127298
    ],
    [
      4.157139901204892,
      4.239571705175236
    ],
    [
      4.271438447373981,
      4.307594483196079
    ],
    [
      4.163944524118383,
      4.1937217092221735
    ],
    [
      4.115120725578968,
      4.161788513834067
    ],
    [
      4.106112363867502,
      4.217895309919045
    ],
    [
      4.061078880046069,
      4.13874114383552
    ],
    [
      3.979204633685294,
      3.966305462461155
    ],
    [
      3.95120056659565,
      4.114485523210817
    ],
    [
      3.94495371899562,
      4.047432662282163
    ],
    [
      3.9359974608928945,
      4.0292437290824905
    ],
    [
      3.820167075808497,
      3.931829681246781
    ],
    [
      3.8667785653963884,
      3.9338266502683363
    ],
    [
      3.8246411957845754,
      3.899350782521916
    ],
    [
      3.6556729851512264,
      3.822115262693596
    ],
    [
      3.8368000092504517,
      3.8419419633214424
    ],
    [
      3.7192087882031784,
      3.822167308948412
    ],
    [
      3.657439597507331,
      3.8338651946558837
    ],
    [
      3.7033364281748646,
      3.767550244957917
    ],
    [
      3.5861107949592363,
      3.7528596478223997
    ],
    [
      3.6372614170475255,
      3.675141900484147
    ],
    [
      3.622693056445925,
      3.7304814710880825
    ],
    [
      3.6026585016149277,
      3.7033275024995795
    ],
    [
      3.6900557461610797,
      3.6858358282643637
    ],
    [
      3.6051945112201333,
      3.6487970177441653
    ],
    [
      3.578585342744619,
      3.589035548457411
    ],
    [
      3.5779250101535474,
      3.63741314100583
    ],
    [
      3.657391390196991,
      3.59851993759382
    ],
    [
      3.5023574885685886,
      3.5683962051055773
    ],
    [
      3.666761313377645,
      3.610676560275766
    ],
    [
      3.708757025095364,
      3.518047241602898
    ],
    [
      3.6643802166058115,
      3.5242787973306826
    ],
    [
      3.592901135021725,
      3.567583581665836
    ],
    [
      3.6645315275352703,
      3.5206850784123604
    ],
    [
      3.646094008541086,
      3.6936888304442705
    ],
    [
      3.672236588955682,
      3.581285761122121
    ],
    [
      3.816480983996766,
      3.5200128719067094
    ],
    [
      3.8045720888166183,
      3.567207035349464
    ],
    [
      3.8634982148495074,
      3.652505623045973
    ],
    [
      3.802077023700226,
      3.6161389555887617
    ],
    [
      3.884271160827549,
      3.6774748937362687
    ],
    [
      3.8202902035707296,
      3.6305807832276447
    ],
    [
      3.8540293966410264,
      3.659193860317577
    ],
    [
      3.997268379391156,
      3.6486909349640873
    ]
  ],
  "complexity": 0.29525860755248085
}