{
  "id": 3835,
  "wedge_count": 5,
  "parameters": {
    "rotation_speeds": [
      0.09018904457455075,
      1.406507856881445,
      -1.3627159637169317,
      -0.4933844352726969,
      -4.903669805122979
    ],
    "phi_x": [
      16.348798096989427,
      20.0,
      3.3971424163836335,
      -2.3982182800626695,
      -11.348332405388884
    ],
    "phi_y": [
      -5.492961466883236,
      -2.060805918554734,
      -0.9307859963327602,
      -5.818500579227177,
      -13.48618201595178
    ],
    "distances": [
      1.0,
      8.283503573721912,
      6.65491557743771,
      5.292378212508405,
      3.963170917564942,
      8.422154034453687
    ],
    "refractive_indices": [
      1.0,
      1.5,
      1.5,
      1.5,
      1.5,
      1.5,
      1.0
    ],
    "wedgenum": 5
  },
  "pattern": [
    [
      4.273542032111081,
      4.187079716219371
    ],
    [
      4.323687174146646,
      4.146492828005536
    ],
    [
      4.170604525757593,
      4.235165772716258
    ],
    [
      4.231534298926727,
      4.136253042594087
    ],
    [
      4.244595189529656,
      4.12670063393074
    ],
    [
      4.132538161534251,
      4.084970992080782
    ],
    [
      4.008894111839598,
      4.0250798788034166
    ],
    [
      3.980160327527845,
      3.9538068968025097
    ],
    [
      3.895090715047751,
      3.965882306175394
    ],
    [
      3.841157030128809,
      3.930418746974546
    ],
    [
      3.905929045289523,
      3.7702034465583405
    ],
    [
      3.72749867256456,
      3.8202290004044506
    ],
    [
      3.67042011856733,
      3.631695475652753
    ],
    [
      3.5693926584128666,
      3.6471259059983754
    ],
    [
      3.493563531313103,
      3.6038633935150663
    ],
    [
      3.4820342066034327,
      3.4537143597864657
    ],
    [
      3.2822451256807272,
      3.3690396872425095
    ],
    [
      3.2344629541426615,
      3.3046175882411295
    ],
    [
      3.197374599100851,
      3.218336107285558
    ],
    [
      3.1368236227589166,
      3.201415517836632
    ],
    [
      2.9269246679920955,
      3.1330697397408045
    ],
    [
      2.8656048918188515,
      3.0346884316879716
    ],
    [
      2.77954741590599,
      2.8633240353287825
    ],
    [
      2.639298535318275,
      2.8142094394711004
    ],
    [
      2.5153798144527317,
      2.6412221700194354
    ],
    [
      2.487089283302404,
      2.6496417552628007
    ],
    [
      2.473077511450061,
      2.488134585247955
    ],
    [
      2.300102775181164,
      2.4700093572686685
    ],
    [
      2.2874467711568776,
      2.341231881680957
    ],
    [
      2.097587279631625,
      2.2565952747506275
    ],
    [
      2.0406046237272624,
      2.2336919032176152
    ],
    [
      1.9991131666567772,
      2.1369453053741863
    ],
    [
      1.755006459007173,
      1.8910861277603686
    ],
    [
      1.9028812998983544,
      1.9955808169807938
    ],
    [
      1.6554845108171188,
      1.949175975228671
    ],
    [
      1.655900419703054,
      1.9218121421154388
    ],
    [
      1.5978725863696386,
      1.7909779410498796
    ],
    [
      1.579291890606718,
      1.7505186760545195
    ],
    [
      1.5177692810198375,
      1.7389572425154418
    ],
    [
      1.4632944858158519,
      1.6614304391258226
    ],
    [
      1.4970043349785065,
      1.6424118924036186
    ],
    [
      1.3566602760921302,
      1.461382152465171
    ],
    [
      1.4098065658718486,
      1.5597115941101438
    ],
    [
      1.46837043446026,
      1.4612812291621358
    ],
    [
      1.32327450271554,
      1.4738013677339692
    ],
    [
      1.2546008710383316,
      1.3784284800824578
    ],
    [
      1.2890799017279724,
      1.4028640643333594
    ],
    [
      1.2810156886452333,
      1.3234297472664982
    ],
    [
      1.2704164685529413,
      1.396197187043612
    ],
    [
      1.2514580103320487,
      1.3482867061134582
    ],
    [
      1.2631077021433146,
      1.2027000572397006
    ],
    [
      1.3469998561067995,
      1.2875743779274926
    ],
    [
      1.433458911749877,
      1.2180964211725744
    ],
    [
      1.3834568545524395,
      1.3688436779210196
    ],
    [
      1.317413038020934,
      1.340635732448809
    ],
    [
      1.360279191099027,
      1.2956992078572014
    ],
    [
      1.449289578231142,
      1.392442349680418
    ],
    [
      1.4435570157463955,
      1.4021989817880918
    ],
    [
      1.4823939582067702,
      1.4171972471246297
    ],
    [
      1.481378655691138,
      1.2744274507418933
    ]
  ],
  "complexity": 0.3484524790374552
}