{
  "id": 4135,
  "wedge_count": 5,
  "parameters": {
    "rotation_speeds": [
      -0.49679772463971306,
      3.199151463265061,
      -0.5007797971369342,
      1.1167318831526754,
      -3.4318430321184095
    ],
    "phi_x": [
      14.397502274081207,
      -4.643236586553796,
      12.535668807942379,
      11.175146318717381,
      3.4477696557152155
    ],
    "phi_y": [
      -16.363901514296646,
      9.593390487886712,
      -3.7267065943103628,
      10.372453253564062,
      2.2562815970735284
    ],
    "distances": [
      1.0,
      2.8156880316328756,
      5.2798388010346855,
      4.414285158042288,
      8.627217580482297,
      8.391022713050337
    ],
    "refractive_indices": [
      1.0,
      1.5,
      1.5,
      1.5,
      1.5,
      1.5,
      1.0
    ],
    "wedgenum": 5
  },
  "pattern": [
    [
      3.5319141734497257,
      3.5631219926369946
    ],
    [
      3.6464793814299745,
      3.647461724581838
    ],
    [
      3.6454041447058243,
      3.667097831205922
    ],
    [
      3.667637871015288,
      3.6511190613489557
    ],
    [
      3.6462257364592126,
      3.644044818126078
    ],
    [
      3.6983755577124926,
      3.690014032953177
    ],
    [
      3.7276319974444823,
      3.6905191373800053
    ],
    [
      3.784155773733415,
      3.785671762308181
    ],
    [
      3.864368488880135,
      3.6921659339202515
    ],
    [
      3.791031804968053,
      3.865526128708024
    ],
    [
      3.7285684430141317,
      3.6651682503007463
    ],
    [
      3.6537614531968274,
      3.726184004932665
    ],
    [
      3.7165760926728586,
      3.785082575437284
    ],
    [
      3.7780661878095425,
      3.7175170381025366
    ],
    [
      3.6492519627889477,
      3.6437331008454055
    ],
    [
      3.5946267435818497,
      3.7425632147298895
    ],
    [
      3.6070709615950993,
      3.662697727850774
    ],
    [
      3.548120879828807,
      3.576488386140187
    ],
    [
      3.4670657479591678,
      3.5755533377401996
    ],
    [
      3.453039346004345,
      3.5171966159207226
    ],
    [
      3.445446726516801,
      3.5304020877947466
    ],
    [
      3.3768191703477055,
      3.5278471830036002
    ],
    [
      3.1894895023711514,
      3.451442464709592
    ],
    [
      3.259363156861286,
      3.364963541742343
    ],
    [
      3.134744055312677,
      3.288531973838595
    ],
    [
      2.9958898964235363,
      3.2580320362587796
    ],
    [
      2.9508593863065276,
      3.2221524705982194
    ],
    [
      2.871778888813834,
      3.135811266180897
    ],
    [
      2.759361685005685,
      3.038972316349321
    ],
    [
      2.756447048788697,
      2.9604889083545176
    ],
    [
      2.5424334178316172,
      2.833709936360657
    ],
    [
      2.5234105588846427,
      2.824503141232911
    ],
    [
      2.426217550323355,
      2.712788607992586
    ],
    [
      2.2289951812380373,
      2.6700823490178633
    ],
    [
      2.1891286324367982,
      2.545835773936975
    ],
    [
      2.050014835875352,
      2.4244754325951954
    ],
    [
      2.0907215114948996,
      2.333148175541245
    ],
    [
      1.9237456269967506,
      2.2394588065013363
    ],
    [
      1.8077827608822978,
      2.267167451344425
    ],
    [
      1.6873794800320674,
      2.1399465131509787
    ],
    [
      1.6413178792231404,
      1.9824985483062199
    ],
    [
      1.4996043647727804,
      1.886235939116126
    ],
    [
      1.4250148575150534,
      1.8491084666463393
    ],
    [
      1.4412162302621483,
      1.782904200136771
    ],
    [
      1.2579411236232483,
      1.6739900877933171
    ],
    [
      1.1440930001258791,
      1.5983538194026543
    ],
    [
      1.0717112750023206,
      1.5405777057529986
    ],
    [
      1.0342185715608345,
      1.4554278501937479
    ],
    [
      0.983906390533507,
      1.411159930280925
    ],
    [
      0.8509617064300481,
      1.2707836233323795
    ],
    [
      0.8289683918110881,
      1.2259870897738514
    ],
    [
      0.6981405307501561,
      1.1414918603582667
    ],
    [
      0.6611800184183371,
      0.9971852772646072
    ],
    [
      0.5473797616131475,
      0.96178439082425
    ],
    [
      0.5761200446363651,
      0.8486412218568464
    ],
    [
      0.4477265270700501,
      0.8056143941395065
    ],
    [
      0.41658625669559735,
      0.8148645419088728
    ],
    [
      0.4014954906930115,
      0.775366101719617
    ],
    [
      0.30838906820011014,
      0.6969934485485818
    ],
    [
      0.3122626654403196,
      0.5943173389018068
    ]
  ],
  "complexity": 0.3437267669401071
}