{
  "id": 1193,
  "wedge_count": 2,
  "parameters": {
    "rotation_speeds": [
      -0.3238504041480335,
      -0.8072345135675126
    ],
    "phi_x": [
      -5.970278612935297,
      19.025202314908327
    ],
    "phi_y": [
      -4.140704420162703,
      -0.3310385194138574
    ],
    "distances": [
      1.0,
      5.313726327864368,
      2.5433003042505433
    ],
    "refractive_indices": [
      1.0,
      1.5,
      1.5,
      1.0
    ],
    "wedgenum": 2
  },
  "pattern": [
    [
      1.7389922422886523,
      1.6205273762239383
    ],
    [
      1.6864557556752058,
      1.6148406087716738
    ],
    [
      1.66565235381412,
      1.6772184802863637
    ],
    [
      1.7092234877266934,
      1.6024535105516207
    ],
    [
      1.7252074735354817,
      1.6098064610112155
    ],
    [
      1.5705538098526268,
      1.6405591906434849
    ],
    [
      1.6707027987730423,
      1.5621973015198944
    ],
    [
      1.6623223029038403,
      1.544370290268242
    ],
    [
      1.483957771195798,
      1.49416322341368
    ],
    [
      1.4852768056331083,
      1.493725717860435
    ],
    [
      1.407431752339563,
      1.4381813568647626
    ],
    [
      1.2974557877373714,
      1.4085106172926858
    ],
    [
      1.3229251639475628,
      1.3630816328315802
    ],
    [
      1.1726642501304063,
      1.309292156194344
    ],
    [
      1.1151668169329394,
      1.2129034973209387
    ],
    [
      1.0343253260367997,
      1.2066149649952003
    ],
    [
      0.9766154564320484,
      1.0679241984510337
    ],
    [
      0.9272925778976854,
      1.0334674153275074
    ],
    [
      0.8818032730857933,
      0.9811760669322664
    ],
    [
      0.739402840898818,
      0.8156046090417446
    ],
    [
      0.6592528273547276,
      0.8012622482985329
    ],
    [
      0.6402490025435488,
      0.8004148036243522
    ],
    [
      0.5203784157228897,
      0.7158711985500075
    ],
    [
      0.3652197474458849,
      0.5650080622127913
    ],
    [
      0.25397141219194097,
      0.4200583442075462
    ],
    [
      0.21374575424761896,
      0.4168093109719021
    ],
    [
      0.09956072969117769,
      0.290391467431884
    ],
    [
      -0.06019803510455323,
      0.2546592679582928
    ],
    [
      -0.08597253856780752,
      0.17198711783480256
    ],
    [
      -0.07732652872178164,
      0.052196016501231395
    ],
    [
      -0.295900638977843,
      -0.0165789157911475
    ],
    [
      -0.29571884683323924,
      -0.06127161599126625
    ],
    [
      -0.5617030310301583,
      -0.2899841127949627
    ],
    [
      -0.6280514354341229,
      -0.19303149357770236
    ],
    [
      -0.656319409418497,
      -0.4333889226451285
    ],
    [
      -0.7167085337889936,
      -0.5524811238159415
    ],
    [
      -0.8243870146338526,
      -0.4895522964206396
    ],
    [
      -0.89948221151716,
      -0.6152303509840047
    ],
    [
      -0.9579087828523704,
      -0.7198204598193308
    ],
    [
      -1.0389238015160065,
      -0.8115523133401962
    ],
    [
      -1.118618455908732,
      -0.8500012682268531
    ],
    [
      -1.0698534418091334,
      -0.8442516605722364
    ],
    [
      -1.2662112604096678,
      -1.0075388457166665
    ],
    [
      -1.2938886401082919,
      -1.018561725742716
    ],
    [
      -1.2765627537187298,
      -1.0447801628414792
    ],
    [
      -1.3326937173865714,
      -1.2198391626640759
    ],
    [
      -1.4206990468592051,
      -1.2070475437862895
    ],
    [
      -1.357968963434286,
      -1.202016680809089
    ],
    [
      -1.3751242442022111,
      -1.3057420184532438
    ],
    [
      -1.4588103129848238,
      -1.3240388818258062
    ],
    [
      -1.4885810722565773,
      -1.4066380797914213
    ],
    [
      -1.4258319854009036,
      -1.3613240910672852
    ],
    [
      -1.4813072423701417,
      -1.3883422734066009
    ],
    [
      -1.4443189299243473,
      -1.3741766500399433
    ],
    [
      -1.4555216314747272,
      -1.4545688567769224
    ],
    [
      -1.3409466080258183,
      -1.425998277358021
    ],
    [
      -1.3516492088632501,
      -1.4822415200871575
    ],
    [
      -1.221695990620482,
      -1.4854063647772797
    ],
    [
      -1.244650057720091,
      -1.4779400879209061
    ],
    [
      -1.3493429838697475,
      -1.4563323960035868
    ]
  ],
  "complexity": 0.33785148360606554
}