{
  "id": 2674,
  "wedge_count": 4,
  "parameters": {
    "rotation_speeds": [
      2.2694486253105723,
      -0.6200504528984215,
      -1.6355505115080426,
      0.1489911472027745
    ],
    "phi_x": [
      6.680063597392131,
      6.44714266426706,
      -11.005713746065247,
      -3.9685667330923553
    ],
    "phi_y": [
      -14.645928286014318,
      17.01760997968598,
      -15.309801544792625,
      20.0
    ],
    "distances": [
      1.0,
      4.60632296115355,
      1.598638518661113,
      2.8210372491992546,
      8.277505049660274
    ],
    "refractive_indices": [
      1.0,
      1.5,
      1.5,
      1.5,
      1.5,
      1.0
    ],
    "wedgenum": 4
  },
  "pattern": [
    [
      3.317355723229932,
      3.1250174012174825
    ],
    [
      3.2631261196520147,
      3.1746712834046105
    ],
    [
      3.3160358946232646,
      3.2644147642176193
    ],
    [
      3.2614889365335604,
      3.2578840496139625
    ],
    [
      3.335170837023041,
      3.268616276608569
    ],
    [
      3.292106682663902,
      3.180283259040727
    ],
    [
      3.3058586921193944,
      3.170632095964927
    ],
    [
      3.110552756786817,
      3.2242760186327266
    ],
    [
      3.242302444229852,
      3.144038821254272
    ],
    [
      3.1617486718944026,
      3.0743399209068616
    ],
    [
      3.1071747609242046,
      3.0938410649999355
    ],
    [
      3.0597240940568766,
      3.094923835076198
    ],
    [
      3.1527937347118584,
      3.0080207624593363
    ],
    [
      2.9561302519483292,
      2.950018279424345
    ],
    [
      2.961196535091791,
      2.858723706813322
    ],
    [
      2.8257179028098625,
      2.857069297224268
    ],
    [
      2.7427680371071874,
      2.810691214891692
    ],
    [
      2.7682139132133905,
      2.671176295137725
    ],
    [
      2.7017016358371198,
      2.6697297166088236
    ],
    [
      2.461392988808053,
      2.6456531377812937
    ],
    [
      2.435886850506586,
      2.5303821528258754
    ],
    [
      2.3246478751769875,
      2.3384289327683203
    ],
    [
      2.1938092973102012,
      2.345117570938428
    ],
    [
      2.0275705264667425,
      2.2223688971177475
    ],
    [
      2.0467202342031263,
      2.1696304391479866
    ],
    [
      1.748034668934147,
      1.9460446658679122
    ],
    [
      1.739334089075023,
      1.9107590728936181
    ],
    [
      1.6123367519188427,
      1.854121864331366
    ],
    [
      1.361820456779125,
      1.7354120010482492
    ],
    [
      1.2440801971851445,
      1.5238569220709046
    ],
    [
      1.0986599194599214,
      1.486699424983841
    ],
    [
      0.9655629279923849,
      1.2447850656021306
    ],
    [
      0.7837997198949166,
      1.1194575129369846
    ],
    [
      0.696971684182768,
      1.0808344819808091
    ],
    [
      0.5578063570033551,
      0.8563295006059627
    ],
    [
      0.35977132439162834,
      0.7153283909252401
    ],
    [
      0.26839250708342705,
      0.5328592957719486
    ],
    [
      0.05936970772881954,
      0.436059305755524
    ],
    [
      -0.10782075898254867,
      0.4035606297402381
    ],
    [
      -0.12251082286306285,
      0.2299271308531269
    ],
    [
      -0.3795710999855237,
      0.0793736260770717
    ],
    [
      -0.4209483726152728,
      -0.0273387567467025
    ],
    [
      -0.5975948820923239,
      -0.07764074427202407
    ],
    [
      -0.7275328207764674,
      -0.19507866848272648
    ],
    [
      -0.7842328691680266,
      -0.4474045742381322
    ],
    [
      -0.9201057214962413,
      -0.41237891356378137
    ],
    [
      -0.8721489289179853,
      -0.6056745878544908
    ],
    [
      -1.1527973525785653,
      -0.7568468538772519
    ],
    [
      -1.2045079769303695,
      -0.7856062789693983
    ],
    [
      -1.3335047239162332,
      -0.932640628027082
    ],
    [
      -1.3932657560399802,
      -1.1292229922167116
    ],
    [
      -1.4224086899598063,
      -1.1860475513711153
    ],
    [
      -1.5522456742660424,
      -1.2186231612342588
    ],
    [
      -1.5994746165442093,
      -1.2736578119117854
    ],
    [
      -1.5904342797824995,
      -1.3841993711439708
    ],
    [
      -1.6992495728116337,
      -1.3432116968133885
    ],
    [
      -1.655767563692678,
      -1.4847561070888016
    ],
    [
      -1.604282816224561,
      -1.576589366501988
    ],
    [
      -1.6312199286081273,
      -1.5442955699282508
    ],
    [
      -1.6167062522716047,
      -1.6247311373958127
    ]
  ],
  "complexity": 0.3856203165583125
}