{
  "id": 4167,
  "wedge_count": 6,
  "parameters": {
    "rotation_speeds": [
      -0.5736028864869774,
      1.387730265255135,
      1.3350779790384328,
      -0.5985109255712933,
      -1.5404051693596852,
      2.173955268518747
    ],
    "phi_x": [
      18.867979590102493,
      20.0,
      6.24242928635094,
      -2.6155119250456274,
      2.306466926109679,
      -17.123146411948913
    ],
    "phi_y": [
      0.9375629772400972,
      -13.169056042535113,
      7.094411090368228,
      7.1574515349439665,
      -18.367223840607064,
      0.8126644005492707
    ],
    "distances": [
      1.0,
      3.702410318443078,
      5.848735804860475,
      2.6304642381620695,
      2.65638080828319,
      2.0321205880643944,
      2.270897987592766
    ],
    "refractive_indices": [
      1.0,
      1.5,
      1.5,
      1.5,
      1.5,
      1.5,
      1.5,
      1.0
    ],
    "wedgenum": 6
  },
  "pattern": [
    [
      5.46642205381108,
      5.455960127920568
    ],
    [
      5.483395382174184,
      5.410606894585542
    ],
    [
      5.369361113921504,
      5.3119788998306126
    ],
    [
      5.2273375701084515,
      5.226122196783703
    ],
    [
      5.0988097611832695,
      5.183741563201818
    ],
    [
      5.059155132179938,
      5.094455490437449
    ],
    [
      4.945356343089176,
      5.067425531390254
    ],
    [
      4.774855597196617,
      4.863369255124255
    ],
    [
      4.710462195994608,
      4.863216536485122
    ],
    [
      4.53064362044418,
      4.736088989888546
    ],
    [
      4.491289967090615,
      4.528327010684394
    ],
    [
      4.3264587771081375,
      4.437886053010522
    ],
    [
      4.0468083079949615,
      4.270828528432818
    ],
    [
      3.7721241360903073,
      4.166631081960302
    ],
    [
      3.737989156617007,
      3.942851651345859
    ],
    [
      3.646886992257293,
      3.9125077082318365
    ],
    [
      3.270479838072469,
      3.6447877743142008
    ],
    [
      3.2976688345324345,
      3.423856952909846
    ],
    [
      2.9448615979583264,
      3.3114494347710437
    ],
    [
      2.6548473311058576,
      3.202606384167585
    ],
    [
      2.66474678192764,
      3.043592764242767
    ],
    [
      2.4551332251392926,
      2.959066115152893
    ],
    [
      2.29326553645607,
      2.680884444977961
    ],
    [
      2.15364812243438,
      2.4575907785146915
    ],
    [
      1.9402219032488126,
      2.3351429713704834
    ],
    [
      1.7499946208593071,
      2.2464582162442777
    ],
    [
      1.5297463620414102,
      2.0217363916515585
    ],
    [
      1.3178021380602498,
      1.8358588578983817
    ],
    [
      1.2010603920426368,
      1.6550107808958394
    ],
    [
      0.9479732093675712,
      1.416923416394754
    ],
    [
      0.9073431230000193,
      1.3077174123170001
    ],
    [
      0.628140773742005,
      1.179888712852149
    ],
    [
      0.5293211038406386,
      1.022620902508419
    ],
    [
      0.26175495913278785,
      0.856892322636834
    ],
    [
      0.15970395352294756,
      0.6012825163098166
    ],
    [
      0.030411295311523194,
      0.5496904366901351
    ],
    [
      -0.10064840700781756,
      0.29135907707945974
    ],
    [
      -0.27262055729963,
      0.2264423388045958
    ],
    [
      -0.41684747302939557,
      0.10815560773938329
    ],
    [
      -0.47273502064211187,
      -0.06400155521073018
    ],
    [
      -0.7164198116526054,
      -0.19202971921402104
    ],
    [
      -0.6917025194614689,
      -0.374329546417784
    ],
    [
      -0.8699045199414125,
      -0.5150140177758876
    ],
    [
      -0.9891580069894743,
      -0.6236083267771307
    ],
    [
      -1.010978667919217,
      -0.7670212185218922
    ],
    [
      -1.1638930828640786,
      -0.8373097354977496
    ],
    [
      -1.2493388760456583,
      -0.8745360398355352
    ],
    [
      -1.373832516543685,
      -0.9198935771129959
    ],
    [
      -1.4388228843219948,
      -1.1387235812292709
    ],
    [
      -1.468897202445191,
      -1.180863355140154
    ],
    [
      -1.5260563968249532,
      -1.3412104214383498
    ],
    [
      -1.570743643286665,
      -1.3424127831476673
    ],
    [
      -1.6221387340051052,
      -1.4846937621549912
    ],
    [
      -1.6266408903783418,
      -1.5303761067309851
    ],
    [
      -1.6302625367500283,
      -1.5253264184425814
    ],
    [
      -1.704497870236834,
      -1.6268817682424428
    ],
    [
      -1.7454098294415468,
      -1.5629115533067224
    ],
    [
      -1.7333069025632333,
      -1.7101039069963426
    ],
    [
      -1.7788879335586345,
      -1.7282258176422414
    ],
    [
      -1.8693960242139651,
      -1.7539299509939794
    ]
  ],
  "complexity": 0.4688911527341926
}