{
  "id": 1816,
  "wedge_count": 3,
  "parameters": {
    "rotation_speeds": [
      -0.40916976965722596,
      -2.2765393469775983,
      -0.31456726474365637
    ],
    "phi_x": [
      -20.0,
      2.0633568627290026,
      -2.1330250825965047
    ],
    "phi_y": [
      5.2501840720613995,
      -20.0,
      6.211989914769809
    ],
    "distances": [
      1.0,
      5.924856885782629,
      7.655219823477524,
      8.711372281700493
    ],
    "refractive_indices": [
      1.0,
      1.5,
      1.5,
      1.5,
      1.0
    ],
    "wedgenum": 3
  },
  "pattern": [
    [
      2.0981864313107734,
      2.1017984084452186
    ],
    [
      1.87636136766683,
      1.9242338725657577
    ],
    [
      1.9184077237317658,
      1.7731114868797662
    ],
    [
      1.7493885454377245,
      1.735783445390298
    ],
    [
      1.5700591146674,
      1.7045699676913806
    ],
    [
      1.4886090158407022,
      1.5714689416178227
    ],
    [
      1.4627231105378156,
      1.4607461754483406
    ],
    [
      1.2851910897024257,
      1.2730081584955488
    ],
    [
      1.2623136366086551,
      1.2261566232925036
    ],
    [
      1.2525145731848373,
      1.1475926058973747
    ],
    [
      0.9854714926572616,
      1.0671560492644487
    ],
    [
      0.9276863230351521,
      0.9743299285854119
    ],
    [
      0.8886593284734905,
      0.8835000165864402
    ],
    [
      0.741696933643716,
      0.8983368473885344
    ],
    [
      0.6202507973780986,
      0.746832036815827
    ],
    [
      0.629072895644782,
      0.5810673578154089
    ],
    [
      0.5150933281325092,
      0.452075568766427
    ],
    [
      0.35453783492410396,
      0.5073490156503865
    ],
    [
      0.4986897122589002,
      0.4133589604067516
    ],
    [
      0.2703995935385775,
      0.28318564059544776
    ],
    [
      0.2502006401072507,
      0.34471376932589204
    ],
    [
      0.20580652448334316,
      0.2831575507102051
    ],
    [
      0.128473695687658,
      0.19612078821301598
    ],
    [
      0.07447953664224216,
      0.1783103041714545
    ],
    [
      0.04307811173300978,
      0.19266675343235512
    ],
    [
      0.10886865054968035,
      0.14472471561185152
    ],
    [
      0.07178800731279138,
      0.08361631896113762
    ],
    [
      -0.0018420561042652717,
      -0.012262542134028408
    ],
    [
      -0.003260826664557459,
      0.002858502298820835
    ],
    [
      0.07874590325025546,
      0.06198761996661339
    ],
    [
      0.06848961687664445,
      0.009417509664551169
    ],
    [
      0.11816779967932925,
      0.03700851524251313
    ],
    [
      0.01781051882815815,
      -0.007354850622164726
    ],
    [
      0.0028761429790492565,
      0.1142155089026032
    ],
    [
      0.15106437883843504,
      0.03541953518739964
    ],
    [
      0.3132882935294201,
      0.13372136528124123
    ],
    [
      0.2980404041770979,
      0.2531346014338308
    ],
    [
      0.32932616822619315,
      0.16224348662201216
    ],
    [
      0.3741363916694525,
      0.20256830058280137
    ],
    [
      0.47224277879710946,
      0.27730860443462696
    ],
    [
      0.5465597822445817,
      0.29299191108436284
    ],
    [
      0.6520986946482615,
      0.2989037437815725
    ],
    [
      0.7102293846897697,
      0.40278560962953636
    ],
    [
      0.8248029299235295,
      0.4341891006506393
    ],
    [
      0.7726657257021755,
      0.5262578499028091
    ],
    [
      1.043065374524344,
      0.5944636161988637
    ],
    [
      0.9938605339786674,
      0.7221004804278699
    ],
    [
      1.0322136329303295,
      0.731199848299796
    ],
    [
      1.1432853798314375,
      0.7709973921713158
    ],
    [
      1.203297968906273,
      0.9261051580787766
    ],
    [
      1.3212309897634067,
      0.9026961772335224
    ],
    [
      1.4226022025840832,
      1.0961960033837455
    ],
    [
      1.4763068136621444,
      1.080930118390536
    ],
    [
      1.5421657211013928,
      1.2324716543789846
    ],
    [
      1.6084431008735958,
      1.2275832957462607
    ],
    [
      1.6109111317388458,
      1.3642587452723296
    ],
    [
      1.7820251504316968,
      1.444222106691652
    ],
    [
      1.7699152261190805,
      1.3987268023151331
    ],
    [
      1.8798777141745495,
      1.511118556801647
    ],
    [
      1.8493825875643801,
      1.652268616050524
    ]
  ],
  "complexity": 0.2585219834923471
}