{
  "id": 4632,
  "wedge_count": 6,
  "parameters": {
    "rotation_speeds": [
      0.8930310533207719,
      1.9888958278217805,
      2.9286695233552167,
      1.8741245368209458,
      0.6814796384941888,
      -0.43799141212617015
    ],
    "phi_x": [
      -14.737117122446664,
      -9.538286896642699,
      5.046850201156278,
      5.932937620936547,
      7.129136649051361,
      -4.028241014393399
    ],
    "phi_y": [
      1.7196024108876977,
      20.0,
      1.6310795039380575,
      -0.2501178399898648,
      12.6384647292168,
      -1.8610894772714448
    ],
    "distances": [
      1.0,
      4.155051836957886,
      1.5117803798067548,
      7.224956210082728,
      3.1519810616832054,
      7.248514560307205,
      3.1196084845086833
    ],
    "refractive_indices": [
      1.0,
      1.5,
      1.5,
      1.5,
      1.5,
      1.5,
      1.5,
      1.0
    ],
    "wedgenum": 6
  },
  "pattern": [
    [
      3.9396442678825148,
      3.9057060183165255
    ],
    [
      3.8855762432920424,
      3.9100070242677685
    ],
    [
      3.982201716806062,
      3.951400566668734
    ],
    [
      3.94024694812332,
      4.050627180192384
    ],
    [
      4.037016204862023,
      4.053873633643796
    ],
    [
      4.053195517756384,
      3.9743454974770707
    ],
    [
      4.094712504906049,
      4.049077092059046
    ],
    [
      4.029347230704877,
      4.038016995405841
    ],
    [
      4.070850080312224,
      4.159794612396591
    ],
    [
      4.132967035008489,
      4.091024455556859
    ],
    [
      4.209405785688468,
      4.121453055434365
    ],
    [
      4.075518298443447,
      4.095189170130192
    ],
    [
      4.1403584946364695,
      4.086191982951535
    ],
    [
      4.064227376830743,
      4.131330940060027
    ],
    [
      4.1614228399733255,
      4.149959218077693
    ],
    [
      4.082391575667026,
      4.081319888900328
    ],
    [
      3.9578037766485212,
      4.089088109597072
    ],
    [
      4.003236825325853,
      4.172263676706543
    ],
    [
      4.016272326354248,
      4.071115275379106
    ],
    [
      3.8864796271405555,
      4.07002123319591
    ],
    [
      3.946910111198309,
      3.9537855238504003
    ],
    [
      3.725948892147584,
      3.914797801694406
    ],
    [
      3.801285565354408,
      4.001896063648487
    ],
    [
      3.6522848362997737,
      3.885300044274428
    ],
    [
      3.6595396559136675,
      3.901935909394711
    ],
    [
      3.5676990038346377,
      3.7387877548512085
    ],
    [
      3.3537812276109435,
      3.6728715755080756
    ],
    [
      3.3324643288264895,
      3.6504152381861465
    ],
    [
      3.315240175064207,
      3.626940611953789
    ],
    [
      3.222794455028941,
      3.5626259235608195
    ],
    [
      3.0609633113005144,
      3.3607399849141184
    ],
    [
      3.0697053934798255,
      3.404322308146292
    ],
    [
      2.86550682874256,
      3.2939020887856527
    ],
    [
      2.7890596593227204,
      3.2626853630655877
    ],
    [
      2.7347397769615083,
      3.152585000760776
    ],
    [
      2.615087283451824,
      3.08176141202016
    ],
    [
      2.490107425173925,
      2.9149824459777207
    ],
    [
      2.3983216708075306,
      2.8612041094824825
    ],
    [
      2.266894322385569,
      2.789951457622627
    ],
    [
      2.153922709220963,
      2.723335126355567
    ],
    [
      2.140920459097894,
      2.5483030151960206
    ],
    [
      2.0146932781600473,
      2.582209304270789
    ],
    [
      1.896928488007184,
      2.411175030450408
    ],
    [
      1.6608200571839784,
      2.265843395526466
    ],
    [
      1.664577555867729,
      2.1810317081410453
    ],
    [
      1.4909285188415267,
      2.1174872853527082
    ],
    [
      1.4275986458298153,
      1.9853682037084834
    ],
    [
      1.1981120705795998,
      1.894083566036966
    ],
    [
      1.1100085016454397,
      1.8083436356368132
    ],
    [
      1.1020531594919094,
      1.618118378626903
    ],
    [
      1.011202213952115,
      1.6199335615004407
    ],
    [
      0.8139201325846791,
      1.4393419050804963
    ],
    [
      0.9095333725940288,
      1.4274812723478194
    ],
    [
      0.6749613622609483,
      1.3228844449799786
    ],
    [
      0.7120081546630602,
      1.2051723056106622
    ],
    [
      0.5278537890128827,
      1.0951934841330617
    ],
    [
      0.4683546502293952,
      1.0120567513392749
    ],
    [
      0.3418166989944719,
      0.8911549065817526
    ],
    [
      0.36446048213621784,
      0.9083382078100102
    ],
    [
      0.20897315630489954,
      0.7449461616135205
    ]
  ],
  "complexity": 0.3613039184791176
}