{
  "id": 391,
  "wedge_count": 1,
  "parameters": {
    "rotation_speeds": [
      2.338287712085183
    ],
    "phi_x": [
      -18.625137367117894
    ],
    "phi_y": [
      -18.39703509158477
    ],
    "distances": [
      1.0,
      4.1202345565464675
    ],
    "refractive_indices": [
      1.0,
      1.5,
      1.0
    ],
    "wedgenum": 1
  },
  "pattern": [
    [
      1.2337408645845431,
      1.2396307167706828
    ],
    [
      1.3257068854759393,
      1.3232831425526328
    ],
    [
      1.4189777655878915,
      1.3935689062454653
    ],
    [
      1.4827463190816152,
      1.4661527525872442
    ],
    [
      1.5533586970959503,
      1.5373361443113893
    ],
    [
      1.615754412284224,
      1.5928271083257814
    ],
    [
      1.6764842253335621,
      1.636045583696464
    ],
    [
      1.7259127897341766,
      1.702836632776684
    ],
    [
      1.7437436276242013,
      1.7363729778750046
    ],
    [
      1.780615086605996,
      1.7518197518542176
    ],
    [
      1.7989477363896287,
      1.7879620010046473
    ],
    [
      1.8128153642341307,
      1.8011814749247763
    ],
    [
      1.8017150807240523,
      1.8139373561863708
    ],
    [
      1.8025918892723225,
      1.8174797284605748
    ],
    [
      1.7887219344360834,
      1.8207412293673495
    ],
    [
      1.7615917002774926,
      1.8043370036812096
    ],
    [
      1.7217514216046867,
      1.779881361671326
    ],
    [
      1.6784464326403539,
      1.7539490962776954
    ],
    [
      1.6140631850059597,
      1.7187286648408544
    ],
    [
      1.5547678977031492,
      1.674620206457602
    ],
    [
      1.4812295293162177,
      1.6242340080063826
    ],
    [
      1.4079114022364976,
      1.565231149663879
    ],
    [
      1.323638579004101,
      1.4999759185560513
    ],
    [
      1.2305533035349345,
      1.4260024931257378
    ],
    [
      1.122108906150493,
      1.358737349619792
    ],
    [
      1.0093341984008752,
      1.2759616189594982
    ],
    [
      0.8973720696389302,
      1.1874696384980612
    ],
    [
      0.7767919307960721,
      1.0976921402160404
    ],
    [
      0.6661222079717839,
      0.9961162594822747
    ],
    [
      0.5386310999634133,
      0.8832895677122973
    ],
    [
      0.4015806615253829,
      0.778711317155383
    ],
    [
      0.2873508517710971,
      0.6643611047624522
    ],
    [
      0.12689645202537603,
      0.5438698183018852
    ],
    [
      -0.0020266377850922277,
      0.4295075543841973
    ],
    [
      -0.13354160029290152,
      0.31232038158210423
    ],
    [
      -0.2772505947734239,
      0.17798430513743924
    ],
    [
      -0.4079927770923799,
      0.0674586566794508
    ],
    [
      -0.5417098229438202,
      -0.06120353397775259
    ],
    [
      -0.677703498335393,
      -0.18214448330607685
    ],
    [
      -0.808810103455027,
      -0.3122248239786102
    ],
    [
      -0.9348618822613936,
      -0.4324210078638728
    ],
    [
      -1.067243654493786,
      -0.5598454052040408
    ],
    [
      -1.172340746616493,
      -0.6874222343078166
    ],
    [
      -1.2834889025753362,
      -0.8051976830518054
    ],
    [
      -1.40184124707926,
      -0.9145730663954754
    ],
    [
      -1.4975449573633508,
      -1.0343304788015466
    ],
    [
      -1.5940811578984195,
      -1.1399686271606848
    ],
    [
      -1.6726254441290496,
      -1.246038945524512
    ],
    [
      -1.7527503888490628,
      -1.3446023966025504
    ],
    [
      -1.82227107107946,
      -1.449912034184216
    ],
    [
      -1.880519644692056,
      -1.5473482037890003
    ],
    [
      -1.92332425148034,
      -1.617485248304349
    ],
    [
      -1.9714148734363357,
      -1.6943936394858257
    ],
    [
      -2.0105941167573924,
      -1.7735290026788957
    ],
    [
      -2.0214952529658836,
      -1.8401481054760032
    ],
    [
      -2.0379108725193724,
      -1.8841155653545192
    ],
    [
      -2.04225350710528,
      -1.9463925269668259
    ],
    [
      -2.0381955792597766,
      -1.990082085133465
    ],
    [
      -2.018486032227927,
      -2.0135037608630073
    ],
    [
      -1.9839214575090174,
      -2.0449338278732876
    ]
  ],
  "complexity": 0.3296730237180679
}