{
  "id": 1322,
  "wedge_count": 3,
  "parameters": {
    "rotation_speeds": [
      -2.615339618065622,
      -0.08885063263754045,
      -2.128720139974879
    ],
    "phi_x": [
      12.12209383110319,
      12.16957499506315,
      3.7963657328041975
    ],
    "phi_y": [
      0.9988016420937402,
      -6.392876434973175,
      -9.940102967613663
    ],
    "distances": [
      1.0,
      2.7664404814114336,
      4.631611258928111,
      6.9266324961361825
    ],
    "refractive_indices": [
      1.0,
      1.5,
      1.5,
      1.5,
      1.0
    ],
    "wedgenum": 3
  },
  "pattern": [
    [
      2.1613871728903655,
      2.1600743775573843
    ],
    [
      2.168707121599034,
      2.116601587050606
    ],
    [
      2.0890968629275113,
      2.0887331504907567
    ],
    [
      2.0973395565434982,
      1.9428253053384574
    ],
    [
      2.0511414488250406,
      2.0102903211627217
    ],
    [
      1.9403884973722443,
      1.8866275363195264
    ],
    [
      1.9439561837951949,
      1.9498476341398159
    ],
    [
      1.75335324331296,
      1.7710842414998265
    ],
    [
      1.7620666299487768,
      1.7891575744334611
    ],
    [
      1.6852967851846858,
      1.756447199406367
    ],
    [
      1.60720155392954,
      1.6133134443788133
    ],
    [
      1.464196381566172,
      1.5694257992392282
    ],
    [
      1.4776576941767696,
      1.4736295510835824
    ],
    [
      1.3373726532687982,
      1.4841484967343597
    ],
    [
      1.2536670813104491,
      1.3673701004005212
    ],
    [
      1.1638797638468723,
      1.3270661711371212
    ],
    [
      1.0533472682776561,
      1.157831422897882
    ],
    [
      0.9736257558918315,
      1.053116442292884
    ],
    [
      0.88291490891248,
      1.1086164979636213
    ],
    [
      0.8586906141045354,
      0.975034792706291
    ],
    [
      0.6806259040601812,
      0.8662392789348878
    ],
    [
      0.6501584489542536,
      0.8307313416949139
    ],
    [
      0.48315491320116377,
      0.701559857948441
    ],
    [
      0.5093138400841104,
      0.5900154647561564
    ],
    [
      0.3982872714661573,
      0.46801030055275267
    ],
    [
      0.22879438818064407,
      0.41460188839073714
    ],
    [
      0.08810817600693198,
      0.38620528682220256
    ],
    [
      0.09900130228783473,
      0.30479953464621906
    ],
    [
      0.03564775288208141,
      0.18605350588750869
    ],
    [
      -0.024323512761422493,
      0.13501391125551754
    ],
    [
      -0.0885648569253037,
      0.0667005225228358
    ],
    [
      -0.20742597857684048,
      0.003539366620361524
    ],
    [
      -0.307069065354186,
      -0.08093677693718815
    ],
    [
      -0.3325421716877881,
      -0.2260313281931115
    ],
    [
      -0.36374699005598143,
      -0.17027706415058
    ],
    [
      -0.42486005320674786,
      -0.22884118360578054
    ],
    [
      -0.4042635919859682,
      -0.2553118424632424
    ],
    [
      -0.43260826618419207,
      -0.32662216719403814
    ],
    [
      -0.5412275097702314,
      -0.3397605723649906
    ],
    [
      -0.6192065801586458,
      -0.46021057678723387
    ],
    [
      -0.534558693332175,
      -0.5349277062709114
    ],
    [
      -0.5705605676856758,
      -0.5330722923407833
    ],
    [
      -0.5670674490866836,
      -0.5975037438079479
    ],
    [
      -0.5774483240731411,
      -0.5911938072329141
    ],
    [
      -0.5908243987029593,
      -0.49754829323370464
    ],
    [
      -0.6518541899492651,
      -0.5118987294519123
    ],
    [
      -0.6027341323095313,
      -0.582653731572198
    ],
    [
      -0.5120295183525412,
      -0.6319824607609542
    ],
    [
      -0.5686845765588391,
      -0.5108568553207806
    ],
    [
      -0.4468578278743506,
      -0.4315171483176623
    ],
    [
      -0.38625841671207917,
      -0.6050519427076585
    ],
    [
      -0.43004164711245363,
      -0.5337208605715075
    ],
    [
      -0.30469289601604654,
      -0.5501420967431284
    ],
    [
      -0.25565184877911223,
      -0.5438661704904818
    ],
    [
      -0.19550278445865624,
      -0.4158561511504408
    ],
    [
      -0.16717885315505737,
      -0.4608436884111658
    ],
    [
      -0.13506285886997493,
      -0.38339921056777376
    ],
    [
      0.00794876110235249,
      -0.3407582500970132
    ],
    [
      0.02813520515916881,
      -0.27519903561658443
    ],
    [
      0.09790364375181435,
      -0.27418316790767716
    ]
  ],
  "complexity": 0.268044819400781
}