{
  "id": 1610,
  "wedge_count": 1,
  "parameters": {
    "rotation_speeds": [
      -1.5845122566206344
    ],
    "phi_x": [
      2.2450811346833213
    ],
    "phi_y": [
      1.4010079481457254
    ],
    "distances": [
      1.0,
      2.8907543476597484
    ],
    "refractive_indices": [
      1.0,
      1.5,
      1.0
    ],
    "wedgenum": 1
  },
  "pattern": [
    [
      0.15207474390082681,
      0.14946622550710642
    ],
    [
      0.13328691154845781,
      0.14587895764026157
    ],
    [
      0.1369359159539939,
      0.14436829283657923
    ],
    [
      0.13346506188882729,
      0.12763773903251072
    ],
    [
      0.11530704651286304,
      0.12110187102515184
    ],
    [
      0.10593519317494444,
      0.10926179811123721
    ],
    [
      0.10129603451849485,
      0.10709085285491929
    ],
    [
      0.09443728952447591,
      0.09657025910679518
    ],
    [
      0.07597664016356054,
      0.09152154906977149
    ],
    [
      0.06290874091241909,
      0.07546685205563222
    ],
    [
      0.05352457402687973,
      0.06125522877356023
    ],
    [
      0.04299085134806752,
      0.05782426176199101
    ],
    [
      0.03566023778544266,
      0.04881115196325318
    ],
    [
      0.020753032207575905,
      0.02505361431814592
    ],
    [
      0.008454102054967251,
      0.018739083138303907
    ],
    [
      -0.013933436608857886,
      0.010328487162106709
    ],
    [
      -0.01954811433747762,
      0.0030077277635615334
    ],
    [
      -0.028652276577829983,
      -0.010600602817521702
    ],
    [
      -0.0365877746534329,
      -0.011270792459914974
    ],
    [
      -0.05628727010660193,
      -0.027236973170557698
    ],
    [
      -0.06507200754849907,
      -0.04173461206369235
    ],
    [
      -0.07230591573535027,
      -0.059736868825915806
    ],
    [
      -0.08255261884669425,
      -0.06866462680070617
    ],
    [
      -0.09362093738341404,
      -0.06629000055063022
    ],
    [
      -0.10041368100512896,
      -0.07775590430824017
    ],
    [
      -0.10716388537757798,
      -0.08390501060415721
    ],
    [
      -0.11724366843309203,
      -0.09772405195100792
    ],
    [
      -0.12245120858060762,
      -0.10486639627942398
    ],
    [
      -0.13321605745454554,
      -0.10288031450735963
    ],
    [
      -0.13978133250680258,
      -0.1168637269524199
    ],
    [
      -0.13915574134875294,
      -0.12945566782702414
    ],
    [
      -0.1448831371958704,
      -0.1277777316783971
    ],
    [
      -0.14527149980866005,
      -0.13317821295649132
    ],
    [
      -0.15988166626749653,
      -0.14172491390604455
    ],
    [
      -0.14550952835514014,
      -0.14880464966457357
    ],
    [
      -0.15849190534674523,
      -0.15597083379425403
    ],
    [
      -0.15391445517354976,
      -0.15462519115998466
    ],
    [
      -0.15908250430230275,
      -0.14709490149752605
    ],
    [
      -0.16016214192153927,
      -0.15261093221719454
    ],
    [
      -0.15492900882927826,
      -0.1469320237904156
    ],
    [
      -0.1481141892791732,
      -0.16136592109786826
    ],
    [
      -0.14544972718896906,
      -0.15198047901862305
    ],
    [
      -0.1378451349846087,
      -0.1493629744386498
    ],
    [
      -0.1413840162847811,
      -0.15661792106786124
    ],
    [
      -0.12964459150366847,
      -0.1458384970254014
    ],
    [
      -0.12134144107417122,
      -0.13798459511224825
    ],
    [
      -0.1277726248338531,
      -0.13797670333313725
    ],
    [
      -0.12054309769440034,
      -0.1433081908558656
    ],
    [
      -0.11286354072985409,
      -0.13214264011278726
    ],
    [
      -0.10816062956935121,
      -0.1345329735810078
    ],
    [
      -0.09447650893246934,
      -0.1277944775528874
    ],
    [
      -0.08425894334647137,
      -0.11740158230725702
    ],
    [
      -0.06796574593051913,
      -0.11190808707935565
    ],
    [
      -0.05668759143552146,
      -0.10643559802771932
    ],
    [
      -0.05682435463513349,
      -0.10363867299418952
    ],
    [
      -0.053908854372560266,
      -0.09752213393122762
    ],
    [
      -0.03721131240354152,
      -0.09514007294220078
    ],
    [
      -0.020294902493304075,
      -0.08355335691829749
    ],
    [
      -0.018897601970301704,
      -0.06704007191194346
    ],
    [
      -0.007455977136251875,
      -0.05719266981921965
    ]
  ],
  "complexity": 0.15279912710871005
}