{
  "id": 1785,
  "wedge_count": 2,
  "parameters": {
    "rotation_speeds": [
      0.5536520337534157,
      0.14440463461891628
    ],
    "phi_x": [
      -0.5838121902778042,
      -5.201491566338694
    ],
    "phi_y": [
      -14.763388068101136,
      -0.2875854258161361
    ],
    "distances": [
      1.0,
      3.2232072735122026,
      4.167060730436135
    ],
    "refractive_indices": [
      1.0,
      1.5,
      1.5,
      1.0
    ],
    "wedgenum": 2
  },
  "pattern": [
    [
      0.3669959931897813,
      0.36987992753597326
    ],
    [
      0.49501765317549673,
      0.5027597552037449
    ],
    [
      0.48839981465664534,
      0.5140251845065716
    ],
    [
      0.6139827452949521,
      0.596215917298837
    ],
    [
      0.7161718836816455,
      0.6542970857040439
    ],
    [
      0.7606146079946758,
      0.705579121148312
    ],
    [
      0.8141704776620515,
      0.7677278404423888
    ],
    [
      0.8737185688240318,
      0.8156429797823714
    ],
    [
      0.8842986411578786,
      0.8156800643272777
    ],
    [
      0.9472169833582862,
      0.9432221265697189
    ],
    [
      0.9962627753197886,
      1.0265625323997039
    ],
    [
      1.0897504189222798,
      0.9738998519295673
    ],
    [
      1.1323756109756828,
      1.091970337590436
    ],
    [
      1.1569559834728975,
      1.087970853294613
    ],
    [
      1.1648534258893946,
      1.1758901131833372
    ],
    [
      1.2475794576928112,
      1.161331606566206
    ],
    [
      1.2162582246015374,
      1.1946448604078828
    ],
    [
      1.2800287454830543,
      1.2656880865921383
    ],
    [
      1.2796997567999537,
      1.2838556684049278
    ],
    [
      1.272911160533018,
      1.2749567791605003
    ],
    [
      1.3044591099364073,
      1.3237820676485599
    ],
    [
      1.25659530865313,
      1.3500774273419407
    ],
    [
      1.2486055284005362,
      1.3687892349360937
    ],
    [
      1.2642996487595006,
      1.2745986202497575
    ],
    [
      1.2128937780280822,
      1.2144933363528372
    ],
    [
      1.1111933771582854,
      1.24808468705911
    ],
    [
      1.230639364117572,
      1.3500226366461021
    ],
    [
      1.186489345334404,
      1.22287777636458
    ],
    [
      1.1321214904194428,
      1.1869330991297877
    ],
    [
      1.0910682496125141,
      1.1731062901494547
    ],
    [
      1.1002135313076356,
      1.1699712886572498
    ],
    [
      0.9030884071498829,
      1.1669507013496165
    ],
    [
      0.9513401416675991,
      0.9905931149289574
    ],
    [
      0.8419386077311335,
      0.9838583820149026
    ],
    [
      0.8496443406966343,
      0.9404406780825282
    ],
    [
      0.6961568712710884,
      0.9022357266958024
    ],
    [
      0.6837620784104426,
      0.8854848697141842
    ],
    [
      0.5565564208486077,
      0.8303482363919598
    ],
    [
      0.5019107774014404,
      0.7381414284327802
    ],
    [
      0.4002790715634223,
      0.7411784424770556
    ],
    [
      0.37235782396465483,
      0.6850308379115028
    ],
    [
      0.23657481916178705,
      0.5714339346896736
    ],
    [
      0.18049705455892961,
      0.5051419217568975
    ],
    [
      0.12440810734066358,
      0.4137796246116771
    ],
    [
      -0.004216311103250749,
      0.34600886850479073
    ],
    [
      -0.031851314851961625,
      0.3130869191870216
    ],
    [
      -0.17473724422407969,
      0.3059059498325814
    ],
    [
      -0.15701046094283566,
      0.08400902374243302
    ],
    [
      -0.2911756368901788,
      0.08130292758773433
    ],
    [
      -0.3436489609553595,
      0.05666352391152392
    ],
    [
      -0.42802792457929384,
      -0.03271555811521342
    ],
    [
      -0.4464603945317516,
      -0.11384310438915347
    ],
    [
      -0.5118089578857865,
      -0.18922149223959622
    ],
    [
      -0.6017777277700281,
      -0.24776096268055323
    ],
    [
      -0.6174526126588891,
      -0.3373899728299051
    ],
    [
      -0.6645964338587281,
      -0.38090183564833996
    ],
    [
      -0.7836154009252484,
      -0.4711251202810374
    ],
    [
      -0.7821063168762791,
      -0.4908306613102677
    ],
    [
      -0.8041020968653525,
      -0.5746747743264005
    ],
    [
      -0.8617514408610006,
      -0.5775959448103942
    ]
  ],
  "complexity": 0.2727173174704016
}