{
  "id": 3426,
  "wedge_count": 5,
  "parameters": {
    "rotation_speeds": [
      2.8938540112215208,
      -0.3528078731215256,
      -1.0459796318063663,
      -2.7297479746737294,
      -2.9686199598052148
    ],
    "phi_x": [
      4.426490408689364,
      -3.999071690582806,
      -12.500332702860348,
      -1.6919377437335683,
      -3.5291534346515654
    ],
    "phi_y": [
      2.485877893241909,
      8.165716387089972,
      -14.47579596359861,
      12.788263341588472,
      6.515356293894946
    ],
    "distances": [
      1.0,
      3.1535683712190554,
      3.7557044878481083,
      3.8275061731228694,
      6.050211621194735,
      7.754329945542087
    ],
    "refractive_indices": [
      1.0,
      1.5,
      1.5,
      1.5,
      1.5,
      1.5,
      1.0
    ],
    "wedgenum": 5
  },
  "pattern": [
    [
      2.9333291376177466,
      2.8639635992070804
    ],
    [
      2.8284237158696723,
      2.814302211426597
    ],
    [
      2.7625001493877366,
      2.766121029734676
    ],
    [
      2.7325173399063325,
      2.711093692447049
    ],
    [
      2.636866270399304,
      2.6231192734482836
    ],
    [
      2.5161148354407517,
      2.5479868487819113
    ],
    [
      2.4512519871957315,
      2.4028709074806156
    ],
    [
      2.331195296230942,
      2.3287420600613875
    ],
    [
      2.293099037943358,
      2.3027848598301923
    ],
    [
      2.2047438468303415,
      2.149661895330257
    ],
    [
      2.047689042758033,
      1.929236945538236
    ],
    [
      1.955781854157814,
      1.8885148164699057
    ],
    [
      1.7762599806398676,
      1.8335742322981217
    ],
    [
      1.5971421783774942,
      1.6736469394263518
    ],
    [
      1.520253721244149,
      1.524586049790518
    ],
    [
      1.4462210614104263,
      1.4888066948296785
    ],
    [
      1.3313523460609833,
      1.299607411480674
    ],
    [
      1.094223821713336,
      1.225797771645619
    ],
    [
      1.0048710095934266,
      1.159488861607047
    ],
    [
      0.9220962138743306,
      0.9999717957062302
    ],
    [
      0.7285299419041168,
      0.8891606378559767
    ],
    [
      0.6676072090176026,
      0.7613732298295998
    ],
    [
      0.5004467910011333,
      0.6411488024616545
    ],
    [
      0.37868468979543024,
      0.4737537742043454
    ],
    [
      0.3189794283818653,
      0.3463260997977397
    ],
    [
      0.19429535690953376,
      0.25692938042993185
    ],
    [
      0.08542817250967434,
      0.08410246333526647
    ],
    [
      -0.12524983590934607,
      0.1432916261408113
    ],
    [
      -0.13707804401774537,
      -0.07059890975431435
    ],
    [
      -0.2945694027926082,
      -0.22519788489415055
    ],
    [
      -0.4719162501486808,
      -0.24751405847894525
    ],
    [
      -0.5347201493554365,
      -0.28092063249371907
    ],
    [
      -0.6158547409030369,
      -0.4438916386438343
    ],
    [
      -0.676802236040849,
      -0.5063644892268002
    ],
    [
      -0.7418175802813396,
      -0.5572587927122093
    ],
    [
      -0.8689566275460349,
      -0.6148265863598957
    ],
    [
      -0.9830450221462022,
      -0.7791740708820909
    ],
    [
      -0.9538939891534285,
      -0.9042711674520777
    ],
    [
      -0.9852272033964644,
      -0.8700066123333898
    ],
    [
      -1.0434389105075257,
      -0.9102052599538591
    ],
    [
      -1.07179039208037,
      -0.9898822558545664
    ],
    [
      -1.2118044825616512,
      -1.0656126979429468
    ],
    [
      -1.110970662390214,
      -1.0685351279172404
    ],
    [
      -1.3156645972773406,
      -1.116617002912839
    ],
    [
      -1.2117521076813884,
      -1.0825268599615376
    ],
    [
      -1.1829826046872278,
      -1.2218254129617738
    ],
    [
      -1.178372935188055,
      -1.1812126824962828
    ],
    [
      -1.181578234411032,
      -1.1195549488816174
    ],
    [
      -1.046362198943623,
      -1.2387665852988767
    ],
    [
      -1.1537611627264124,
      -1.1193150915876733
    ],
    [
      -1.0755769884441346,
      -1.2096712185403355
    ],
    [
      -1.0544153850996445,
      -1.1793746228071191
    ],
    [
      -1.0080022885956221,
      -1.1798656021098297
    ],
    [
      -0.8858108774602711,
      -1.1936011562102382
    ],
    [
      -1.0076982795468459,
      -1.0965686465552007
    ],
    [
      -0.9427759352024057,
      -1.0892401138562424
    ],
    [
      -0.8505723442512657,
      -1.0804644368806382
    ],
    [
      -0.7639424235087522,
      -0.9979907033594635
    ],
    [
      -0.718268277509922,
      -1.0388955590017688
    ],
    [
      -0.58837293850993,
      -0.9458061228402891
    ]
  ],
  "complexity": 0.3130191355570639
}