{
  "id": 1243,
  "wedge_count": 6,
  "parameters": {
    "rotation_speeds": [
      1.7971568385468029,
      -2.3149172615489477,
      2.30036665645234,
      -0.9404075245177039,
      2.2086573066011743,
      -0.13270264834285506
    ],
    "phi_x": [
      -2.5537542825570796,
      10.054738354174837,
      11.804887382928769,
      -12.493990780935158,
      2.703690688373378,
      12.843351312685751
    ],
    "phi_y": [
      2.4857041458870626,
      -7.6262828697617735,
      4.67326224878299,
      -8.223230429143161,
      -8.048886158319668,
      6.119500115892915
    ],
    "distances": [
      1.0,
      2.4715752533356463,
      5.867183971004093,
      4.100980660712362,
      6.255340375722216,
      2.947990142751043,
      6.929116513745474
    ],
    "refractive_indices": [
      1.0,
      1.5,
      1.5,
      1.5,
      1.5,
      1.5,
      1.5,
      1.0
    ],
    "wedgenum": 6
  },
  "pattern": [
    [
      4.220164548363615,
      4.204468650288499
    ],
    [
      4.133101561098653,
      4.156947306299591
    ],
    [
      4.121141102426525,
      4.1873034480269
    ],
    [
      4.14822764678911,
      4.183730550993892
    ],
    [
      4.1300749334890945,
      4.117012787733702
    ],
    [
      4.005149941094511,
      4.0968464884636
    ],
    [
      3.9705022006292174,
      3.9966137835805697
    ],
    [
      3.982053021879435,
      4.037594183007905
    ],
    [
      3.866847849209649,
      4.00267900411041
    ],
    [
      3.6765198111607367,
      3.8694065157499304
    ],
    [
      3.6988730509688454,
      3.7690109790534403
    ],
    [
      3.4881411647809304,
      3.715511145202944
    ],
    [
      3.354194733704372,
      3.571168995247488
    ],
    [
      3.2115256907129335,
      3.424455024657728
    ],
    [
      3.2367195220787623,
      3.3603071370401554
    ],
    [
      2.9823718239315875,
      3.212968487988086
    ],
    [
      2.74265988273868,
      3.147028741647938
    ],
    [
      2.7374656494151743,
      3.0445129607212795
    ],
    [
      2.5397820288247623,
      2.9230408903412854
    ],
    [
      2.4265108447242296,
      2.7082108105099567
    ],
    [
      2.31300287383378,
      2.5983994682726954
    ],
    [
      2.0603995727278055,
      2.3572810165108287
    ],
    [
      1.8715814141691764,
      2.307310621976669
    ],
    [
      1.7345093709928598,
      2.114401327133523
    ],
    [
      1.4884135799287335,
      2.002904667482946
    ],
    [
      1.3728196217453625,
      1.8044543094272871
    ],
    [
      1.20133224854481,
      1.6736345145896687
    ],
    [
      1.0331305301886358,
      1.5004218794184434
    ],
    [
      0.872843906163815,
      1.350829573191622
    ],
    [
      0.6297474450185385,
      1.1518881048212075
    ],
    [
      0.5715084542552117,
      1.0218284469445504
    ],
    [
      0.3411388210389038,
      0.9125849268130688
    ],
    [
      0.22072793356178588,
      0.7722229121193807
    ],
    [
      0.15895676597837374,
      0.6833601868034801
    ],
    [
      0.034045377111912245,
      0.5120845910293585
    ],
    [
      -0.09837776681988682,
      0.41116008958591455
    ],
    [
      -0.2419145934367784,
      0.2123179177546467
    ],
    [
      -0.43467117671398303,
      0.039453186925347834
    ],
    [
      -0.47334331692617054,
      -0.08975889843119847
    ],
    [
      -0.5547667404384761,
      -0.131128183888487
    ],
    [
      -0.7035436458851537,
      -0.18918935915255647
    ],
    [
      -0.670265073024117,
      -0.3947915231124277
    ],
    [
      -0.7877946638602213,
      -0.49365058023905994
    ],
    [
      -0.8872325757307589,
      -0.4597559884135105
    ],
    [
      -0.9615323599051013,
      -0.7633002620006205
    ],
    [
      -0.8890015289080758,
      -0.6992852389690714
    ],
    [
      -1.0327817332703224,
      -0.7606862232105868
    ],
    [
      -0.9966371572395495,
      -0.875082262633741
    ],
    [
      -1.0889703668583925,
      -0.8758054929461545
    ],
    [
      -1.0020797160412929,
      -0.9426969165386428
    ],
    [
      -1.043558288413744,
      -1.032789475461025
    ],
    [
      -1.0439278972569748,
      -1.079048331128455
    ],
    [
      -1.007669702497231,
      -1.01859069371064
    ],
    [
      -1.0257035742734462,
      -1.117856921607413
    ],
    [
      -0.9928588368518445,
      -1.066955374624593
    ],
    [
      -0.8350133343621426,
      -1.1144347994133093
    ],
    [
      -0.7196928956625614,
      -1.0499452643954745
    ],
    [
      -0.7189356352141567,
      -1.016857033367941
    ],
    [
      -0.6667540550544485,
      -0.9650397768338528
    ],
    [
      -0.5194363790566398,
      -1.0343692935162554
    ]
  ],
  "complexity": 0.3929086561054201
}