{
  "id": 3864,
  "wedge_count": 1,
  "parameters": {
    "rotation_speeds": [
      -1.5682961592676197
    ],
    "phi_x": [
      8.091184803126836
    ],
    "phi_y": [
      -13.19042412635278
    ],
    "distances": [
      1.0,
      5.460811932601194
    ],
    "refractive_indices": [
      1.0,
      1.5,
      1.0
    ],
    "wedgenum": 1
  },
  "pattern": [
    [
      0.5389566137571296,
      0.532270119017419
    ],
    [
      0.4648163483408698,
      0.4711643996154349
    ],
    [
      0.4025397754643766,
      0.4203953727839241
    ],
    [
      0.32820178942161293,
      0.35353395505772184
    ],
    [
      0.2655315486946838,
      0.2956243189803029
    ],
    [
      0.18753381479706857,
      0.21585148156306838
    ],
    [
      0.10635909432376948,
      0.1548707779387306
    ],
    [
      0.04232685222079449,
      0.08889289140865607
    ],
    [
      -0.0204170414619724,
      0.021806326298597238
    ],
    [
      -0.11466917775054493,
      -0.05076878626466434
    ],
    [
      -0.17682583494945123,
      -0.10988694261577615
    ],
    [
      -0.2425098544759971,
      -0.1883639225667343
    ],
    [
      -0.3262150662270659,
      -0.24257653857917333
    ],
    [
      -0.38146914624885975,
      -0.3039541265595968
    ],
    [
      -0.45777736046707895,
      -0.3631066716650881
    ],
    [
      -0.5137325010048754,
      -0.4241433409089777
    ],
    [
      -0.5596453664552221,
      -0.47624754604413827
    ],
    [
      -0.6237281726195795,
      -0.5314936273880617
    ],
    [
      -0.6769880217746354,
      -0.5835514966796578
    ],
    [
      -0.7194908520049382,
      -0.6294608859676794
    ],
    [
      -0.7626137191200931,
      -0.6781068522875292
    ],
    [
      -0.8046586598801938,
      -0.7095552981255955
    ],
    [
      -0.8401021586261064,
      -0.7555916574894794
    ],
    [
      -0.868032642160912,
      -0.7831931250841975
    ],
    [
      -0.8856221420301128,
      -0.8224795239031846
    ],
    [
      -0.9057271911899043,
      -0.8465839115412875
    ],
    [
      -0.9254467265240482,
      -0.8719712375185281
    ],
    [
      -0.9434009834646729,
      -0.894458019442948
    ],
    [
      -0.9352900332837056,
      -0.9019441715246879
    ],
    [
      -0.9351888315765654,
      -0.9100800264823108
    ],
    [
      -0.9241684948112663,
      -0.9259568938901114
    ],
    [
      -0.9234054677059043,
      -0.93838625146906
    ],
    [
      -0.9094748536488592,
      -0.914065886423281
    ],
    [
      -0.8850756819789863,
      -0.9173293246923168
    ],
    [
      -0.8531451634312935,
      -0.9166502732615176
    ],
    [
      -0.830107122153547,
      -0.9031068886638214
    ],
    [
      -0.8030550360601673,
      -0.8784185486294332
    ],
    [
      -0.7630707665600132,
      -0.8609894115364607
    ],
    [
      -0.7188196588359101,
      -0.834767666986017
    ],
    [
      -0.6752737368723398,
      -0.7990335614101054
    ],
    [
      -0.630291685957928,
      -0.7831922694115665
    ],
    [
      -0.5707451824750533,
      -0.7443308505496733
    ],
    [
      -0.536255514522604,
      -0.6994237911333566
    ],
    [
      -0.4699005907565149,
      -0.6664303633365563
    ],
    [
      -0.4002015725783236,
      -0.6188819333599871
    ],
    [
      -0.3524908169529601,
      -0.579290753495658
    ],
    [
      -0.2797429565347815,
      -0.5273184827162097
    ],
    [
      -0.23383373871919866,
      -0.4786902840000999
    ],
    [
      -0.16317441104521035,
      -0.42154790935926245
    ],
    [
      -0.1039438445387079,
      -0.3781805383650777
    ],
    [
      -0.037247591090478996,
      -0.3247593705748035
    ],
    [
      0.030403038614323284,
      -0.26433727909071486
    ],
    [
      0.09380620690794163,
      -0.21600678735534473
    ],
    [
      0.15361275812547415,
      -0.14920119102868415
    ],
    [
      0.21831341649765276,
      -0.09822747585029032
    ],
    [
      0.2628363663794872,
      -0.04122802528109802
    ],
    [
      0.3290489686575629,
      0.013556663676447046
    ],
    [
      0.3823735913698658,
      0.07466737557295598
    ],
    [
      0.43354416747092017,
      0.11951467763903809
    ],
    [
      0.4867564209850786,
      0.18254041627110137
    ]
  ],
  "complexity": 0.19972063563124412
}