{
  "id": 3539,
  "wedge_count": 4,
  "parameters": {
    "rotation_speeds": [
      -1.6517894187472852,
      -2.7333868983614753,
      -1.9231923425491853,
      2.724241260055453
    ],
    "phi_x": [
      13.006696582588336,
      -11.858338489487895,
      -2.2485105326199086,
      -11.26592621545954
    ],
    "phi_y": [
      0.7918719008066262,
      -3.923972908202698,
      11.2764756007414,
      -9.075290775129787
    ],
    "distances": [
      1.0,
      4.7592002608864465,
      5.227551997988437,
      4.8545359771821985,
      4.636535303766641
    ],
    "refractive_indices": [
      1.0,
      1.5,
      1.5,
      1.5,
      1.5,
      1.0
    ],
    "wedgenum": 4
  },
  "pattern": [
    [
      3.1483173602718413,
      3.0373057537349277
    ],
    [
      3.0943039585157366,
      3.0401552928363595
    ],
    [
      3.074598125351007,
      3.127803198521082
    ],
    [
      2.960523486948474,
      2.9819026945858336
    ],
    [
      2.9127570569667034,
      2.9479303649177893
    ],
    [
      2.8171981860377517,
      2.934918970304035
    ],
    [
      2.7145241073159325,
      2.774835596539835
    ],
    [
      2.598552630591522,
      2.519131025016003
    ],
    [
      2.5180844072532222,
      2.5759538505128257
    ],
    [
      2.405261984932493,
      2.5074524492346435
    ],
    [
      2.266522131007019,
      2.4436044195332998
    ],
    [
      2.0834764236736714,
      2.183819905740517
    ],
    [
      1.9470686717548817,
      2.128737980983985
    ],
    [
      1.7651799585164296,
      2.0109279545634835
    ],
    [
      1.6549968777529978,
      1.8393335206405226
    ],
    [
      1.4202025182417781,
      1.6736687614921073
    ],
    [
      1.3263707415663748,
      1.5370428075292826
    ],
    [
      1.1958031639625732,
      1.39218890756415
    ],
    [
      0.9484082655741348,
      1.1878618937542773
    ],
    [
      0.7868965581477299,
      1.1122951456535857
    ],
    [
      0.5368870012952985,
      0.9546214649415696
    ],
    [
      0.32613279083639535,
      0.759423214468456
    ],
    [
      0.2141304376159426,
      0.5549724901663302
    ],
    [
      -0.0172223418830832,
      0.4500672441699317
    ],
    [
      -0.22249991671804312,
      0.19692391554038058
    ],
    [
      -0.43561487977590013,
      0.08742140004125334
    ],
    [
      -0.525715846861899,
      -0.02816960082477883
    ],
    [
      -0.721494964985191,
      -0.23703617610156036
    ],
    [
      -1.005621938984463,
      -0.37723076761036456
    ],
    [
      -1.1328406370780206,
      -0.5666509797977755
    ],
    [
      -1.42304944519087,
      -0.8331590489753194
    ],
    [
      -1.4852810517016453,
      -0.8875365056998069
    ],
    [
      -1.551696624948729,
      -1.0456203728307234
    ],
    [
      -1.7564692148366667,
      -1.2646452678031375
    ],
    [
      -2.0074526669529407,
      -1.4152579130913425
    ],
    [
      -2.1104335195165205,
      -1.5855293564449189
    ],
    [
      -2.222878931187363,
      -1.699338797708294
    ],
    [
      -2.2778073280975804,
      -1.7529091015035165
    ],
    [
      -2.5205284120732876,
      -2.0565208008400937
    ],
    [
      -2.511192435912658,
      -1.9970966453427732
    ],
    [
      -2.6323560874089833,
      -2.1748823675195195
    ],
    [
      -2.7004170448329097,
      -2.2441022839893074
    ],
    [
      -2.7718571582523253,
      -2.3835605551775636
    ],
    [
      -2.7842554827225845,
      -2.476018187912011
    ],
    [
      -2.916517438868941,
      -2.5916926354716416
    ],
    [
      -2.858702660684586,
      -2.646932779003755
    ],
    [
      -2.8835292300432305,
      -2.669261227669889
    ],
    [
      -2.979803637468216,
      -2.6470454379804274
    ],
    [
      -2.919199965569904,
      -2.851878983335957
    ],
    [
      -2.8969120214725645,
      -2.897878746488805
    ],
    [
      -2.866935843171874,
      -2.7981838076379324
    ],
    [
      -2.8584709350173445,
      -2.8399174593543797
    ],
    [
      -2.8556954456399004,
      -3.0144577682037643
    ],
    [
      -2.7604476722598745,
      -2.8896909676089457
    ],
    [
      -2.697785183049711,
      -2.8230010455650203
    ],
    [
      -2.605796024469569,
      -2.97864367504061
    ],
    [
      -2.476898725906323,
      -2.901640053827766
    ],
    [
      -2.4411722076179116,
      -2.8652198860288447
    ],
    [
      -2.2646216043766985,
      -2.8498310618422606
    ],
    [
      -2.2006002849667725,
      -2.687089480773503
    ]
  ],
  "complexity": 0.4210528019804532
}