{
  "id": 3917,
  "wedge_count": 1,
  "parameters": {
    "rotation_speeds": [
      -1.8110865125394946
    ],
    "phi_x": [
      -11.233314979361518
    ],
    "phi_y": [
      5.237758462090682
    ],
    "distances": [
      1.0,
      3.9922402356230497
    ],
    "refractive_indices": [
      1.0,
      1.5,
      1.0
    ],
    "wedgenum": 1
  },
  "pattern": [
    [
      0.7492296546634482,
      0.7508814058645018
    ],
    [
      0.723449122781449,
      0.7278126640965935
    ],
    [
      0.6950196993861516,
      0.7074735455407251
    ],
    [
      0.6584042887719094,
      0.6648877105388403
    ],
    [
      0.6180096386508489,
      0.6324441904560676
    ],
    [
      0.5774169366086562,
      0.5999112016095429
    ],
    [
      0.5399040433996699,
      0.5648831744993391
    ],
    [
      0.4905466067902922,
      0.5204403156380906
    ],
    [
      0.44710839071318237,
      0.49027819235425396
    ],
    [
      0.4109598857518938,
      0.44559905474147304
    ],
    [
      0.3400051296410398,
      0.3879441641282948
    ],
    [
      0.28291004636229167,
      0.34963883444890415
    ],
    [
      0.2448445507124499,
      0.2991266706237695
    ],
    [
      0.19742081876108875,
      0.25558708830935667
    ],
    [
      0.13672762040615757,
      0.2063002028183415
    ],
    [
      0.08377378910452558,
      0.15049838491648274
    ],
    [
      0.03149997805527371,
      0.10808004067329093
    ],
    [
      -0.030517355207306963,
      0.04756616168775742
    ],
    [
      -0.08760840608767576,
      0.014748078007852269
    ],
    [
      -0.1302450583153813,
      -0.03959571714100326
    ],
    [
      -0.18969557829469497,
      -0.08525458545183635
    ],
    [
      -0.24558402057693407,
      -0.12963251847499188
    ],
    [
      -0.2903610095076243,
      -0.18657090227930856
    ],
    [
      -0.3308799431688716,
      -0.22298603168673434
    ],
    [
      -0.3871594887752719,
      -0.2737787317716801
    ],
    [
      -0.4288963071419758,
      -0.3099755329112447
    ],
    [
      -0.46595599132100024,
      -0.35694703744348105
    ],
    [
      -0.5101553937856752,
      -0.3903658098742921
    ],
    [
      -0.5379568510319201,
      -0.43710194592221885
    ],
    [
      -0.5739421508397212,
      -0.46742424238939134
    ],
    [
      -0.6029119238643936,
      -0.49720889041963134
    ],
    [
      -0.6429901660838583,
      -0.536937718023162
    ],
    [
      -0.6656297509734662,
      -0.5697490148560408
    ],
    [
      -0.6930559795070712,
      -0.6012690020524406
    ],
    [
      -0.7028840977228936,
      -0.6183589081883878
    ],
    [
      -0.7130005259543414,
      -0.6441310111514622
    ],
    [
      -0.7325038463607335,
      -0.6711532028716788
    ],
    [
      -0.729778117979456,
      -0.6822234953073089
    ],
    [
      -0.7386572877845313,
      -0.6984527309412983
    ],
    [
      -0.7365416632247106,
      -0.7064855133724526
    ],
    [
      -0.7290176626417617,
      -0.71207331915523
    ],
    [
      -0.7298317511643243,
      -0.7212638182530116
    ],
    [
      -0.7092301007388369,
      -0.7360378224617733
    ],
    [
      -0.7060039958477884,
      -0.7285939045644235
    ],
    [
      -0.6918397205643818,
      -0.7343010098906414
    ],
    [
      -0.6792103629886308,
      -0.7307996558905567
    ],
    [
      -0.6486262636432558,
      -0.7123698662402633
    ],
    [
      -0.618487122360906,
      -0.7108154134374779
    ],
    [
      -0.5940870195228429,
      -0.6969963356429024
    ],
    [
      -0.564084536766285,
      -0.67877770984529
    ],
    [
      -0.5276848947608198,
      -0.6602578585797558
    ],
    [
      -0.4926369680975717,
      -0.6407481336016436
    ],
    [
      -0.46239608001516164,
      -0.620005264815604
    ],
    [
      -0.4186083698432872,
      -0.5910586303098874
    ],
    [
      -0.3824785136208698,
      -0.5629366173886051
    ],
    [
      -0.3300838814834247,
      -0.5384377924108872
    ],
    [
      -0.29669426835183443,
      -0.511073818951865
    ],
    [
      -0.2449216032311687,
      -0.47163345613748264
    ],
    [
      -0.21293204425398596,
      -0.44118315766289967
    ],
    [
      -0.16090963122138496,
      -0.41614492807237585
    ]
  ],
  "complexity": 0.20814445442192875
}