{
  "id": 1421,
  "wedge_count": 6,
  "parameters": {
    "rotation_speeds": [
      0.5056936555895812,
      -2.940673330089671,
      -0.3617074222162331,
      -0.8719738446362291,
      -1.5890870738451244,
      -2.8258982714480565
    ],
    "phi_x": [
      -5.942307777285116,
      -6.9386283184015305,
      -9.52414041292085,
      -3.195593627486561,
      0.4415590186690199,
      7.021623533729983
    ],
    "phi_y": [
      -9.819006902833927,
      -2.851515633838803,
      10.894773691936727,
      9.393833728667953,
      10.705282050590515,
      10.462691111225777
    ],
    "distances": [
      1.0,
      2.137668593106469,
      7.012788747705431,
      4.459447990775168,
      7.924419152549169,
      7.2154551732327725,
      3.3702507245695403
    ],
    "refractive_indices": [
      1.0,
      1.5,
      1.5,
      1.5,
      1.5,
      1.5,
      1.5,
      1.0
    ],
    "wedgenum": 6
  },
  "pattern": [
    [
      3.773402817419672,
      3.6828329344485407
    ],
    [
      3.8065004755582437,
      3.590443464040905
    ],
    [
      3.6953475844355816,
      3.7059873776765886
    ],
    [
      3.7339690785857664,
      3.642434874254082
    ],
    [
      3.631561949328479,
      3.562104722711024
    ],
    [
      3.646590854780252,
      3.5141860111836225
    ],
    [
      3.45011165546684,
      3.387713963554515
    ],
    [
      3.456790764663744,
      3.327402463663377
    ],
    [
      3.3567365758462824,
      3.298875434874689
    ],
    [
      3.2803414913314763,
      3.1926968905115607
    ],
    [
      3.1341666394360552,
      3.077232353737039
    ],
    [
      3.0479578436145367,
      2.9647567862284965
    ],
    [
      2.995198499565427,
      2.9367099382461923
    ],
    [
      2.763507088553682,
      2.858990671853841
    ],
    [
      2.779333487860886,
      2.7957748173492445
    ],
    [
      2.640389372861979,
      2.5442722502567015
    ],
    [
      2.53671861892405,
      2.4889511001221396
    ],
    [
      2.3840001575605645,
      2.3872643953621986
    ],
    [
      2.3064120335261564,
      2.32357169394385
    ],
    [
      2.166506730849589,
      2.0438644719244183
    ],
    [
      2.022974605231586,
      2.0384307043053513
    ],
    [
      1.9199517671745885,
      1.8801345444115878
    ],
    [
      1.7261892695197276,
      1.7330122065320954
    ],
    [
      1.7020538298158376,
      1.6394140781140927
    ],
    [
      1.4422752846738995,
      1.5530338659394132
    ],
    [
      1.3883375305542534,
      1.472688201360209
    ],
    [
      1.2814700264726415,
      1.2423105137852917
    ],
    [
      1.1613456837065719,
      1.139547996725853
    ],
    [
      0.9998927932884273,
      1.1034775826123104
    ],
    [
      0.8076984763103876,
      1.0218595699522095
    ],
    [
      0.6549669215685772,
      0.8859613162103649
    ],
    [
      0.7177402613502629,
      0.6997451699765329
    ],
    [
      0.6082661873149663,
      0.6477772125450904
    ],
    [
      0.35951047610109255,
      0.578858109930734
    ],
    [
      0.30834433672085604,
      0.5497700697995065
    ],
    [
      0.20404507194556012,
      0.43350392679219774
    ],
    [
      0.19967456987726828,
      0.17753408721112157
    ],
    [
      0.05296201032508094,
      0.23341392501547797
    ],
    [
      -0.010761643829218254,
      0.06807215818967514
    ],
    [
      -0.1015726634112836,
      0.07045605374827082
    ],
    [
      -0.14677958167803137,
      0.022446646588511004
    ],
    [
      -0.19570086733128214,
      -0.12854411227730467
    ],
    [
      -0.32126657592177793,
      -0.2051693105152553
    ],
    [
      -0.298926728650123,
      -0.24713707024807396
    ],
    [
      -0.3674506902417361,
      -0.35807290000367925
    ],
    [
      -0.3907664966969258,
      -0.2843717501943036
    ],
    [
      -0.42386769067339325,
      -0.43703116905765527
    ],
    [
      -0.507669051664667,
      -0.4079795095501298
    ],
    [
      -0.4661584320365487,
      -0.45105087119069875
    ],
    [
      -0.4265235971068899,
      -0.4447737363606319
    ],
    [
      -0.45506422786775425,
      -0.5370903185901971
    ],
    [
      -0.48668411583040627,
      -0.5800598371101023
    ],
    [
      -0.5274363950499742,
      -0.5790093727439889
    ],
    [
      -0.4346871009894886,
      -0.5182997785794187
    ],
    [
      -0.4050275697682758,
      -0.444197378666971
    ],
    [
      -0.44136064973986855,
      -0.5051028417003136
    ],
    [
      -0.4002999493905725,
      -0.4739732539681486
    ],
    [
      -0.387182877894451,
      -0.562787812859183
    ],
    [
      -0.32223132368275986,
      -0.4518363146971255
    ],
    [
      -0.24774368775427358,
      -0.46568687734098885
    ]
  ],
  "complexity": 0.35959325507968937
}