{
  "id": 2980,
  "wedge_count": 6,
  "parameters": {
    "rotation_speeds": [
      1.6450711500147719,
      0.8732171652878158,
      -1.9946363066710464,
      2.2183643877772816,
      2.8485604122739296,
      2.826672278584681
    ],
    "phi_x": [
      -14.113909017458647,
      -2.792854953520564,
      -3.2542437964180078,
      -10.419066157002055,
      7.299509618834961,
      0.1992054936356631
    ],
    "phi_y": [
      -1.0531306546553978,
      -11.29385444555546,
      -13.509937836714311,
      10.985722185756273,
      2.535087873333481,
      13.383600739280016
    ],
    "distances": [
      1.0,
      5.162366559257837,
      5.441964701616441,
      5.416117833831798,
      2.377258533729586,
      5.391143515865476,
      5.0166930030006665
    ],
    "refractive_indices": [
      1.0,
      1.5,
      1.5,
      1.5,
      1.5,
      1.5,
      1.5,
      1.0
    ],
    "wedgenum": 6
  },
  "pattern": [
    [
      4.1527666416250835,
      4.111969559685538
    ],
    [
      4.113808938838385,
      4.064588801515871
    ],
    [
      4.14757670188771,
      4.085214506166346
    ],
    [
      4.134475646921282,
      4.118028769499743
    ],
    [
      4.0253832640766944,
      4.0556602014548515
    ],
    [
      3.994096797136332,
      4.049283191131594
    ],
    [
      3.9616264190666466,
      3.9025270459009613
    ],
    [
      3.9088472882699854,
      3.9813229102288203
    ],
    [
      3.6950406748054148,
      3.919067105650186
    ],
    [
      3.722817775461283,
      3.7593435440281016
    ],
    [
      3.58695624067937,
      3.738908813394824
    ],
    [
      3.5203715758161795,
      3.579357908323033
    ],
    [
      3.3790961599808362,
      3.5379512455612434
    ],
    [
      3.287038789506096,
      3.4379732638083733
    ],
    [
      3.099413961140773,
      3.287497912267952
    ],
    [
      2.8680453116909588,
      3.111279527268735
    ],
    [
      2.6945167458788646,
      3.1014890822421517
    ],
    [
      2.5661213823664544,
      2.9423621842800736
    ],
    [
      2.430226728212157,
      2.8116368408076653
    ],
    [
      2.2597682898251676,
      2.603510941899715
    ],
    [
      2.0344888974717046,
      2.4546441214561754
    ],
    [
      1.6495273357599036,
      2.2868024891062446
    ],
    [
      1.5954566279551117,
      2.2053835614298456
    ],
    [
      1.41692126234121,
      1.9915810499655227
    ],
    [
      1.1785261794476194,
      1.7724067259575618
    ],
    [
      0.8842295277039283,
      1.6071055304664381
    ],
    [
      0.675458249251481,
      1.4586142466499805
    ],
    [
      0.561916911187109,
      1.1857682512363812
    ],
    [
      0.3997882727829659,
      1.036659806085692
    ],
    [
      0.11035124600025885,
      0.7952588547636464
    ],
    [
      -0.08678371091553892,
      0.6890384507061237
    ],
    [
      -0.31546312749637795,
      0.5050177803508299
    ],
    [
      -0.46711146571427753,
      0.2733271274848048
    ],
    [
      -0.6860051356639704,
      0.12106309705554234
    ],
    [
      -0.9322374236484471,
      -0.11777905535848474
    ],
    [
      -1.0889777612445364,
      -0.35473226709698574
    ],
    [
      -1.2435884194895694,
      -0.4536382896923846
    ],
    [
      -1.4359994855584237,
      -0.7039617508463323
    ],
    [
      -1.5321129167234435,
      -0.7763110992798783
    ],
    [
      -1.6894836573914152,
      -0.9856562371557024
    ],
    [
      -1.8389251705834364,
      -1.096408172469581
    ],
    [
      -1.9278444868020697,
      -1.3352135014359374
    ],
    [
      -2.056333299759447,
      -1.498946254357356
    ],
    [
      -2.1955872929203224,
      -1.4729478469962076
    ],
    [
      -2.336804444955847,
      -1.7831214009606737
    ],
    [
      -2.4175388901749453,
      -1.8484969516500034
    ],
    [
      -2.394624906344243,
      -1.9645276901766278
    ],
    [
      -2.4381999156201486,
      -2.11702472131413
    ],
    [
      -2.5822719717402878,
      -2.093664900338875
    ],
    [
      -2.5223324166497125,
      -2.325993462701238
    ],
    [
      -2.7168198823234655,
      -2.3381794140462793
    ],
    [
      -2.624831245665176,
      -2.4106715132036256
    ],
    [
      -2.613117778606776,
      -2.335852754484501
    ],
    [
      -2.6354616863938944,
      -2.5766297630909096
    ],
    [
      -2.7091290048033154,
      -2.6280668134555283
    ],
    [
      -2.668968979035489,
      -2.5381638661895516
    ],
    [
      -2.494902192400748,
      -2.5459560250679285
    ],
    [
      -2.350608536607009,
      -2.5621088982825833
    ],
    [
      -2.3517517013399654,
      -2.580862561932497
    ],
    [
      -2.333461337327745,
      -2.6699582852359844
    ]
  ],
  "complexity": 0.4430306466785859
}