{
  "id": 2663,
  "wedge_count": 2,
  "parameters": {
    "rotation_speeds": [
      -0.18198207382996845,
      0.5013635276260153
    ],
    "phi_x": [
      -9.882991343321272,
      -6.033632262134036
    ],
    "phi_y": [
      -13.799643331245694,
      -5.954289050319996
    ],
    "distances": [
      1.0,
      7.197244324545678,
      2.6297707960794643
    ],
    "refractive_indices": [
      1.0,
      1.5,
      1.5,
      1.0
    ],
    "wedgenum": 2
  },
  "pattern": [
    [
      1.1192280234404663,
      1.1983769827586943
    ],
    [
      1.1388987012170482,
      1.153946113146369
    ],
    [
      1.121471255011347,
      1.0977818374438344
    ],
    [
      1.0712872512009073,
      1.079271563095761
    ],
    [
      1.1225292203326425,
      1.1229123509244179
    ],
    [
      1.0856598265662296,
      1.1130392128590032
    ],
    [
      1.0482663212582246,
      1.0980450644321875
    ],
    [
      1.047848961816906,
      1.0889530989107907
    ],
    [
      1.0337438750182395,
      1.106150634006391
    ],
    [
      1.0141875027966865,
      1.0827053385378493
    ],
    [
      0.9884447367648488,
      0.9994365616585152
    ],
    [
      0.932623494028045,
      0.9678742465833468
    ],
    [
      0.9313949910855596,
      1.003818587816303
    ],
    [
      0.8702305080412097,
      0.9321295686259687
    ],
    [
      0.8467353779398078,
      0.8577609627323722
    ],
    [
      0.8040088350798555,
      0.8504858629804798
    ],
    [
      0.7014383412621328,
      0.8325509846965695
    ],
    [
      0.6744749967945093,
      0.7837840311724085
    ],
    [
      0.5780685028506277,
      0.7198903216110474
    ],
    [
      0.6129380181187842,
      0.7040669356169631
    ],
    [
      0.5336959950359174,
      0.5886368372787552
    ],
    [
      0.45668108632322507,
      0.5495280568805706
    ],
    [
      0.355487552402758,
      0.5095741831789442
    ],
    [
      0.32579190570858574,
      0.45613958368294966
    ],
    [
      0.2659213465650163,
      0.44458660912176307
    ],
    [
      0.1535999495007928,
      0.3593235037236122
    ],
    [
      0.12343198380472074,
      0.25978466597704636
    ],
    [
      0.023651740408978474,
      0.20478859702066693
    ],
    [
      -0.007820056050467976,
      0.2181007227249655
    ],
    [
      -0.11952905074856121,
      0.06338169734073423
    ],
    [
      -0.24624083203491792,
      0.030661742906642555
    ],
    [
      -0.20776103411021435,
      -0.020177268475283627
    ],
    [
      -0.31498035114393036,
      -0.11032845537918512
    ],
    [
      -0.40381448963359623,
      -0.15461134715969374
    ],
    [
      -0.4330732809653328,
      -0.2259399896944604
    ],
    [
      -0.47852125815607893,
      -0.2571136511113018
    ],
    [
      -0.6070427025857943,
      -0.3295976777544238
    ],
    [
      -0.6774987765713878,
      -0.470716808513176
    ],
    [
      -0.7126037005089166,
      -0.4383401214027081
    ],
    [
      -0.8345303271904272,
      -0.4950496269151329
    ],
    [
      -0.859232241473946,
      -0.5889304268133249
    ],
    [
      -0.9339789569249742,
      -0.6624609513923955
    ],
    [
      -0.9588095537384621,
      -0.7222308156071466
    ],
    [
      -1.0618871332414248,
      -0.7757332014581136
    ],
    [
      -1.1030442057030003,
      -0.8730300283001088
    ],
    [
      -1.1084684256624657,
      -0.8738489081283827
    ],
    [
      -1.1878810509929414,
      -0.9435012539887919
    ],
    [
      -1.1896503969079288,
      -1.030533766535971
    ],
    [
      -1.227274919925511,
      -1.0314492988925676
    ],
    [
      -1.3353710206232121,
      -1.1390272176872571
    ],
    [
      -1.3547580902073557,
      -1.1871043910202173
    ],
    [
      -1.294920884756902,
      -1.1566951394616731
    ],
    [
      -1.3471889237871584,
      -1.190058530142187
    ],
    [
      -1.4346594413593725,
      -1.2632863498530733
    ],
    [
      -1.4309799125046314,
      -1.323056494165685
    ],
    [
      -1.4390826814358464,
      -1.289936894549008
    ],
    [
      -1.4045127733491303,
      -1.3636260724972358
    ],
    [
      -1.4744878875571497,
      -1.3747965477375788
    ],
    [
      -1.4493209492463521,
      -1.3624466677189326
    ],
    [
      -1.4168665515477898,
      -1.3760955650094557
    ]
  ],
  "complexity": 0.27795928977799883
}