{
  "id": 1349,
  "wedge_count": 6,
  "parameters": {
    "rotation_speeds": [
      -0.5940886727455998,
      -0.687266064148317,
      -1.545172987283534,
      -2.5998271749427975,
      -0.25754354280918257,
      -1.7781932544775174
    ],
    "phi_x": [
      5.734268000297163,
      11.936315417152596,
      0.27584463797346004,
      -9.634082856337779,
      14.128021270871152,
      -10.759869176785932
    ],
    "phi_y": [
      -7.554224214547093,
      9.126209714155369,
      -0.46664254320744547,
      -3.2466715039120206,
      -5.436875579599825,
      6.797148133612687
    ],
    "distances": [
      1.0,
      3.9350836927157173,
      7.838384692480511,
      4.486133707800309,
      5.4823635007807585,
      7.114379469840009,
      7.92570623413583
    ],
    "refractive_indices": [
      1.0,
      1.5,
      1.5,
      1.5,
      1.5,
      1.5,
      1.5,
      1.0
    ],
    "wedgenum": 6
  },
  "pattern": [
    [
      3.7332732266207507,
      3.8695315357532785
    ],
    [
      3.685337558281166,
      3.855234655678001
    ],
    [
      3.651260131598113,
      3.777925786447358
    ],
    [
      3.7529238497851685,
      3.8153067248459616
    ],
    [
      3.786609098147117,
      3.6750254374240576
    ],
    [
      3.697728939491902,
      3.652846856816532
    ],
    [
      3.762483962026978,
      3.699930051097382
    ],
    [
      3.6064411602305184,
      3.6527175670256344
    ],
    [
      3.637176951460167,
      3.641189960277879
    ],
    [
      3.6430932312758655,
      3.676072883364143
    ],
    [
      3.6571643791069075,
      3.645755399367456
    ],
    [
      3.568023540984835,
      3.557263751747959
    ],
    [
      3.5192362094424454,
      3.449013911568152
    ],
    [
      3.45534349793664,
      3.4232861814949924
    ],
    [
      3.467380944190693,
      3.3999615520446764
    ],
    [
      3.3795907702434738,
      3.3537093142098877
    ],
    [
      3.1866666924842657,
      3.2750057132337993
    ],
    [
      3.201389507474634,
      3.2531547889187884
    ],
    [
      3.075533325219037,
      3.1409767231059065
    ],
    [
      3.04794541761206,
      3.1415237637211626
    ],
    [
      2.859241597768273,
      3.0514373363732985
    ],
    [
      2.7624792249218206,
      2.9328254607495765
    ],
    [
      2.717658529333732,
      2.8701965831056286
    ],
    [
      2.5557605853686858,
      2.7807686157555094
    ],
    [
      2.472119866062107,
      2.5978562697120315
    ],
    [
      2.488162946934966,
      2.5945736334704637
    ],
    [
      2.4209500924375678,
      2.514664133247318
    ],
    [
      2.333636805216221,
      2.4442551830763835
    ],
    [
      2.1132892597336483,
      2.3764654239944756
    ],
    [
      2.0508343850403685,
      2.233091057412534
    ],
    [
      2.02877522697109,
      2.1839130691252913
    ],
    [
      1.790189539910311,
      2.080234422361434
    ],
    [
      1.8082822664286153,
      2.0236887834736312
    ],
    [
      1.6917699696303223,
      1.9013463193764024
    ],
    [
      1.6081901011465785,
      1.6858424118529025
    ],
    [
      1.4308820075381183,
      1.6460334091978759
    ],
    [
      1.3299253301573555,
      1.6035682559038087
    ],
    [
      1.3121954711985662,
      1.4814890954804278
    ],
    [
      1.095494399434917,
      1.4638861465630426
    ],
    [
      1.1181621823244186,
      1.3052412975411625
    ],
    [
      0.9104003905111293,
      1.243541813683206
    ],
    [
      0.9492763824197685,
      1.1173548739096306
    ],
    [
      0.8553516723805132,
      1.112986983212295
    ],
    [
      0.6558765992681098,
      0.9441724090503234
    ],
    [
      0.6279608423936277,
      0.7495831399201445
    ],
    [
      0.5238576424758584,
      0.8108933724773866
    ],
    [
      0.4755548627697073,
      0.680533064370289
    ],
    [
      0.3618251434573065,
      0.5721085302937531
    ],
    [
      0.2977585987662767,
      0.6904569430235934
    ],
    [
      0.13773461903987427,
      0.44123175318185337
    ],
    [
      0.1721095857790321,
      0.46655746845549945
    ],
    [
      0.121832728861507,
      0.33893059806552805
    ],
    [
      0.04270441382061678,
      0.2524428100106579
    ],
    [
      0.058887191516880946,
      0.28156224960561704
    ],
    [
      -0.08480708242643425,
      0.14356397982664618
    ],
    [
      -0.07157106333480046,
      0.1584576714224232
    ],
    [
      -0.09971519116479173,
      0.08705101970641685
    ],
    [
      -0.16583748625665362,
      0.013717921496268172
    ],
    [
      -0.1692292822479379,
      0.031305168268546374
    ],
    [
      -0.24249040608442113,
      -0.05186545306152584
    ]
  ],
  "complexity": 0.3773199067880903
}