{
  "id": 4312,
  "wedge_count": 6,
  "parameters": {
    "rotation_speeds": [
      -2.0641976104071693,
      -0.8785584795697918,
      -0.5991261644073322,
      2.7687947218590345,
      -0.12607439915194174,
      2.14810419502186
    ],
    "phi_x": [
      5.931340725904086,
      -3.1857102511758946,
      -14.212112174443002,
      -3.1632234851683734,
      -9.480879358378655,
      -7.5809914930116005
    ],
    "phi_y": [
      13.668603991681088,
      0.1724138260121162,
      -14.790323956418444,
      -9.236324228539878,
      -0.8504393706332731,
      0.6352569626232256
    ],
    "distances": [
      1.0,
      6.429042987081171,
      3.4714676732117438,
      2.0371636588238755,
      7.439123827986186,
      7.773802250153251,
      5.441797067123551
    ],
    "refractive_indices": [
      1.0,
      1.5,
      1.5,
      1.5,
      1.5,
      1.5,
      1.5,
      1.0
    ],
    "wedgenum": 6
  },
  "pattern": [
    [
      3.3126552534048845,
      3.2054002643368804
    ],
    [
      3.1396753439444165,
      3.2038814627207524
    ],
    [
      3.1162212283821296,
      3.228683798685222
    ],
    [
      3.1041683719109816,
      3.1886558642932354
    ],
    [
      3.0801630385226564,
      3.0186658481034625
    ],
    [
      2.9420703425580457,
      3.1241609017401615
    ],
    [
      2.8784700838699666,
      2.8851453143246872
    ],
    [
      2.838282671512432,
      2.8862841695161765
    ],
    [
      2.7365733530272953,
      2.8695735286959843
    ],
    [
      2.597580071898965,
      2.7705417452384444
    ],
    [
      2.4340455280655178,
      2.602147201067913
    ],
    [
      2.312522232751789,
      2.581168015231764
    ],
    [
      2.281953316763801,
      2.3699922451909043
    ],
    [
      2.2635909440164745,
      2.3370771156102066
    ],
    [
      2.005023086356731,
      2.2256745721468434
    ],
    [
      1.9052909196746584,
      2.23003843395376
    ],
    [
      1.8776568200732362,
      2.061116520208347
    ],
    [
      1.6546642765090014,
      1.9981355867813237
    ],
    [
      1.6740127949255597,
      1.9685723741578594
    ],
    [
      1.5681485793211252,
      1.7869945064984611
    ],
    [
      1.409316978835057,
      1.581631459807198
    ],
    [
      1.3012622180223308,
      1.642172098791136
    ],
    [
      1.2190755427384008,
      1.3990977539880582
    ],
    [
      1.0701083537907927,
      1.369325676882404
    ],
    [
      0.9445489874358951,
      1.2662812713313663
    ],
    [
      0.8355798757635391,
      1.1958566417174115
    ],
    [
      0.7136172002502145,
      1.0534660121975632
    ],
    [
      0.5729729455581081,
      0.9121611618585073
    ],
    [
      0.45311787504568307,
      0.7913873970527486
    ],
    [
      0.41706090182004363,
      0.7205141285183762
    ],
    [
      0.1825311282224198,
      0.6401355484320741
    ],
    [
      0.24076171729792245,
      0.537116318277974
    ],
    [
      0.087438958352398,
      0.38276758079331885
    ],
    [
      0.03565199300304611,
      0.31009920868868074
    ],
    [
      -0.1563370109658194,
      0.21905656906841486
    ],
    [
      -0.14437504507537177,
      0.181818052569308
    ],
    [
      -0.28424741750229426,
      0.01888917248434826
    ],
    [
      -0.3965261794403864,
      0.021187960563555916
    ],
    [
      -0.2920551399547679,
      0.0066647890643851265
    ],
    [
      -0.4681265973125108,
      -0.15013329717839374
    ],
    [
      -0.5012550244184013,
      -0.18880413532021575
    ],
    [
      -0.47611938098397294,
      -0.32241269906944797
    ],
    [
      -0.6972654119168311,
      -0.34664893699533805
    ],
    [
      -0.5238640784749937,
      -0.4292035090946273
    ],
    [
      -0.6118176953924186,
      -0.48554151800172723
    ],
    [
      -0.6828521059663926,
      -0.5565473942669966
    ],
    [
      -0.7124315552684124,
      -0.5526887450169663
    ],
    [
      -0.7317717078945406,
      -0.5670191372866837
    ],
    [
      -0.6798400145654803,
      -0.6687932147160468
    ],
    [
      -0.6235123660383067,
      -0.7370805523146122
    ],
    [
      -0.5860567801081734,
      -0.6582635188737355
    ],
    [
      -0.6458705654147026,
      -0.7127587284924478
    ],
    [
      -0.633554819783419,
      -0.6867930804415268
    ],
    [
      -0.5837756077781275,
      -0.724246501067991
    ],
    [
      -0.49540390305396276,
      -0.7062781499641968
    ],
    [
      -0.4741849735674506,
      -0.649938333924506
    ],
    [
      -0.42499700064910034,
      -0.6371435711780223
    ],
    [
      -0.3669916554769462,
      -0.6443163674262097
    ],
    [
      -0.2803097464120068,
      -0.6275936488246248
    ],
    [
      -0.11859088637078727,
      -0.6212644901139138
    ]
  ],
  "complexity": 0.34906269052979955
}