{
  "id": 3676,
  "wedge_count": 5,
  "parameters": {
    "rotation_speeds": [
      -1.1019369230464369,
      -2.5974734682889262,
      -2.861531121371967,
      -0.06083653661901778,
      -2.585527601473636
    ],
    "phi_x": [
      2.612775763852639,
      -14.151080137594205,
      9.805225566215551,
      -4.806885692526983,
      -1.4932545042830743
    ],
    "phi_y": [
      8.891796035581827,
      -5.545515338173374,
      -10.908910218816004,
      -6.067472608446046,
      0.8365717775605397
    ],
    "distances": [
      1.0,
      5.891407454868163,
      3.5959580019866864,
      7.4595066131143035,
      2.142718756828395,
      3.069771245449253
    ],
    "refractive_indices": [
      1.0,
      1.5,
      1.5,
      1.5,
      1.5,
      1.5,
      1.0
    ],
    "wedgenum": 5
  },
  "pattern": [
    [
      2.7292876115974347,
      2.629613826809601
    ],
    [
      2.7787476081510283,
      2.637353997402276
    ],
    [
      2.5223267626572867,
      2.6060349020840143
    ],
    [
      2.4732919420745745,
      2.4385943276649225
    ],
    [
      2.4448774451181547,
      2.4513095044209496
    ],
    [
      2.3070802642657657,
      2.265460714380374
    ],
    [
      2.2358561504055583,
      2.210137845088564
    ],
    [
      2.0307445763849135,
      2.0294916822196694
    ],
    [
      2.030862013127775,
      1.9941733144221696
    ],
    [
      1.8587889040088337,
      1.9128935513995564
    ],
    [
      1.7615612842306887,
      1.8420718727445602
    ],
    [
      1.5308479863399798,
      1.6943812461817274
    ],
    [
      1.4057183465587557,
      1.6195292870747624
    ],
    [
      1.3218778176614336,
      1.3959510045962147
    ],
    [
      1.229035522577268,
      1.2615170627367895
    ],
    [
      1.0991025024595746,
      1.0631004041914793
    ],
    [
      0.8615023539538028,
      1.0669055062079515
    ],
    [
      0.7308908069319539,
      0.8691822823904088
    ],
    [
      0.6184776829045646,
      0.8385318388419756
    ],
    [
      0.4331103430801885,
      0.6230318166072966
    ],
    [
      0.2993938256027236,
      0.463023185012861
    ],
    [
      0.1608974210873452,
      0.43695219270815255
    ],
    [
      -0.016927375905671557,
      0.3051899543169314
    ],
    [
      -0.16574538967610936,
      0.07053628570028624
    ],
    [
      -0.2777150783278631,
      0.00429744583539585
    ],
    [
      -0.44914971165168666,
      -0.13599661294936177
    ],
    [
      -0.5313170711124025,
      -0.22810124622511072
    ],
    [
      -0.6705744828018767,
      -0.4620594829581795
    ],
    [
      -0.6400625969479565,
      -0.4100444988760951
    ],
    [
      -0.9027418851161939,
      -0.5519983272120421
    ],
    [
      -0.9717887669602033,
      -0.788787485901938
    ],
    [
      -1.0716380368529275,
      -0.8649677781055811
    ],
    [
      -1.1792463024473394,
      -0.9233123793349607
    ],
    [
      -1.3076727871563374,
      -1.0091238510989518
    ],
    [
      -1.4016252198368908,
      -1.0155391943043355
    ],
    [
      -1.4435507601241662,
      -1.1826983026755815
    ],
    [
      -1.598677541083848,
      -1.2809606329261425
    ],
    [
      -1.466402266859654,
      -1.297295042663388
    ],
    [
      -1.624271713172212,
      -1.4583814813396034
    ],
    [
      -1.7510039986727826,
      -1.454185994497224
    ],
    [
      -1.7876674336465335,
      -1.6035623304613262
    ],
    [
      -1.8281513836057623,
      -1.5844121689069202
    ],
    [
      -1.76905439898132,
      -1.6329256540680088
    ],
    [
      -1.823707695886054,
      -1.5641518840306576
    ],
    [
      -1.845380640502793,
      -1.6545271013374436
    ],
    [
      -1.7217563254625592,
      -1.656054567560036
    ],
    [
      -1.767171321913807,
      -1.6863918865580787
    ],
    [
      -1.7460261617933455,
      -1.6484059191660547
    ],
    [
      -1.6749001303352038,
      -1.6785232503580565
    ],
    [
      -1.6330276748045476,
      -1.8623178651421972
    ],
    [
      -1.5736708671779698,
      -1.6951364998742022
    ],
    [
      -1.5410230962246612,
      -1.673211936077397
    ],
    [
      -1.5042120010056066,
      -1.623070901517709
    ],
    [
      -1.4524176073484587,
      -1.6022850653607998
    ],
    [
      -1.2560295780684745,
      -1.5282304653489696
    ],
    [
      -1.317557326445088,
      -1.5501578372431046
    ],
    [
      -1.2284416706905357,
      -1.5996139333615984
    ],
    [
      -1.1174130265787106,
      -1.3935179431264169
    ],
    [
      -1.0282765556594362,
      -1.5010789047135285
    ],
    [
      -0.9268805047681637,
      -1.3853140047833588
    ]
  ],
  "complexity": 0.3497816495863779
}