{
  "id": 2878,
  "wedge_count": 6,
  "parameters": {
    "rotation_speeds": [
      0.9196978227130863,
      -1.5323239827578794,
      0.14647580628895085,
      -2.5663210911654026,
      -0.953222696854259,
      2.400190778729569
    ],
    "phi_x": [
      9.510024708544297,
      0.7600835594589856,
      1.498403671407921,
      -3.656744945826363,
      12.773238334225404,
      -13.552772116410077
    ],
    "phi_y": [
      2.165748660870495,
      -2.8706223833054736,
      -6.870642392699132,
      -2.0048718845597424,
      7.0245925043466,
      -7.440324093194168
    ],
    "distances": [
      1.0,
      5.080532197044997,
      6.857783084233917,
      6.649635167937361,
      3.7680081612930025,
      6.466461994005328,
      5.7569694031992285
    ],
    "refractive_indices": [
      1.0,
      1.5,
      1.5,
      1.5,
      1.5,
      1.5,
      1.5,
      1.0
    ],
    "wedgenum": 6
  },
  "pattern": [
    [
      3.1903719087585114,
      3.1884695662825404
    ],
    [
      3.059747848237882,
      3.1598214147286194
    ],
    [
      3.166287026912281,
      3.1610624305852717
    ],
    [
      3.149158572631225,
      3.004060188408534
    ],
    [
      2.926547288290421,
      3.1202682688673256
    ],
    [
      2.9438292677572706,
      3.0697803044040657
    ],
    [
      2.9625075958180447,
      2.920924622038136
    ],
    [
      2.812505076768923,
      2.9158556296513067
    ],
    [
      2.773380952927825,
      2.8330090663538794
    ],
    [
      2.7579925953923983,
      2.8666202920052184
    ],
    [
      2.574967057667916,
      2.7828621231470674
    ],
    [
      2.541362341072249,
      2.664890020227198
    ],
    [
      2.421551183792755,
      2.6561088748606863
    ],
    [
      2.3112153086474425,
      2.47585889774638
    ],
    [
      2.297301648166855,
      2.5000514527662063
    ],
    [
      2.0987988679038776,
      2.459748249473259
    ],
    [
      2.0759605624394104,
      2.2847676121642495
    ],
    [
      1.9414041332241225,
      2.2167296329344968
    ],
    [
      1.8636053431169912,
      2.080683249837699
    ],
    [
      1.7307881410861363,
      2.0078558671268207
    ],
    [
      1.5907095025547813,
      2.0132361571750934
    ],
    [
      1.4608426725264103,
      1.7290915784121696
    ],
    [
      1.4034794899302028,
      1.6171575014305533
    ],
    [
      1.2901975894078719,
      1.5401274198339177
    ],
    [
      1.2900717258493888,
      1.5119255036499812
    ],
    [
      1.1428351765804443,
      1.3352744185022098
    ],
    [
      0.9422422954412099,
      1.293990847420305
    ],
    [
      0.9342786294402616,
      1.1990668852300086
    ],
    [
      0.8063651197819248,
      1.117187967644765
    ],
    [
      0.7285286651975631,
      1.0505720714528446
    ],
    [
      0.6523834191457224,
      0.9534192110137537
    ],
    [
      0.5024026321675894,
      0.8191788400069052
    ],
    [
      0.46114710880272275,
      0.7228839030075263
    ],
    [
      0.4049246354897789,
      0.5963222330043699
    ],
    [
      0.2639592567583199,
      0.5085353708214408
    ],
    [
      0.18623792388058472,
      0.559809450926031
    ],
    [
      0.15878161826313533,
      0.35242729722398414
    ],
    [
      0.15454408293333513,
      0.3314926451280158
    ],
    [
      0.10901322370091222,
      0.29372920946057257
    ],
    [
      0.07253971152105322,
      0.1799732679982587
    ],
    [
      0.03974422165807534,
      0.10931070042005912
    ],
    [
      -0.1116579829207053,
      0.06544974092196655
    ],
    [
      -0.1139058459036677,
      -0.12720965162174916
    ],
    [
      -0.12609866902545344,
      -0.025480734052784303
    ],
    [
      -0.06802096138264682,
      -0.12075813938515689
    ],
    [
      -0.2342717019516113,
      -0.10306353278401464
    ],
    [
      -0.1464011788977678,
      -0.10781337260511836
    ],
    [
      -0.11048671854248138,
      -0.17001156539799775
    ],
    [
      -0.23841027664482434,
      -0.23290506991580764
    ],
    [
      -0.0007805784092844714,
      -0.23617656338050025
    ],
    [
      -0.19749246367467402,
      -0.20994680298666957
    ],
    [
      -0.18233762784271634,
      -0.3184806970944438
    ],
    [
      -0.06304457926569211,
      -0.2850967565804963
    ],
    [
      -0.01608439980107621,
      -0.261733763120826
    ],
    [
      -0.04295497815581524,
      -0.3214063049661331
    ],
    [
      0.01466084251586635,
      -0.17385963982077213
    ],
    [
      0.024908666065724783,
      -0.2098689893366652
    ],
    [
      0.1425357820813458,
      -0.3204945099223855
    ],
    [
      0.17126023254989653,
      -0.19415149905276993
    ],
    [
      0.2599650598403028,
      -0.21309348090754032
    ]
  ],
  "complexity": 0.30247854303800414
}