{
  "id": 1826,
  "wedge_count": 4,
  "parameters": {
    "rotation_speeds": [
      1.8495026435892141,
      1.691534630786772,
      2.270268791367922,
      -0.47944129137487934
    ],
    "phi_x": [
      9.605543340140116,
      14.401973205388511,
      -5.083399732128198,
      0.11634767738728335
    ],
    "phi_y": [
      -1.1793386497393676,
      12.228238565457229,
      -1.9422871370064012,
      -5.747274160528246
    ],
    "distances": [
      1.0,
      4.366649100062802,
      3.031988735554827,
      6.979375533125268,
      7.9092040146231595
    ],
    "refractive_indices": [
      1.0,
      1.5,
      1.5,
      1.5,
      1.5,
      1.0
    ],
    "wedgenum": 4
  },
  "pattern": [
    [
      2.4262367989037714,
      2.357092276055644
    ],
    [
      2.3342637792400773,
      2.398425289956061
    ],
    [
      2.462422823929776,
      2.4407540569615698
    ],
    [
      2.4883225334405794,
      2.374842020113384
    ],
    [
      2.4275905907473576,
      2.5016188927400558
    ],
    [
      2.406673511318626,
      2.403635157432494
    ],
    [
      2.4270744613229613,
      2.4335729750643917
    ],
    [
      2.484408755388662,
      2.4677246804069757
    ],
    [
      2.4624697887299303,
      2.4129644497897473
    ],
    [
      2.4149175665199705,
      2.3802104572877933
    ],
    [
      2.2922656726108395,
      2.3662373096978886
    ],
    [
      2.354077953809814,
      2.379461715571357
    ],
    [
      2.314712550249245,
      2.2745990283882005
    ],
    [
      2.2500674797470506,
      2.318638992634545
    ],
    [
      2.195872807355405,
      2.173296136857226
    ],
    [
      2.185156421914136,
      2.2678778119414114
    ],
    [
      1.99355791491607,
      2.1227607443234016
    ],
    [
      1.955505591545015,
      2.107942323056286
    ],
    [
      1.8605218545552469,
      1.9814081655656044
    ],
    [
      1.6917287043581166,
      1.868372891456796
    ],
    [
      1.6685647738630487,
      1.8762722511593248
    ],
    [
      1.6673635046915827,
      1.7929514849198847
    ],
    [
      1.584681610886486,
      1.7178541567044423
    ],
    [
      1.425274066821638,
      1.6591374869097262
    ],
    [
      1.3344173288406824,
      1.514077205650499
    ],
    [
      1.1311565434726596,
      1.4616915715909236
    ],
    [
      1.044442941646236,
      1.36234218284517
    ],
    [
      0.9798187091246142,
      1.2181644575787403
    ],
    [
      0.8317927585587594,
      1.1756004616852946
    ],
    [
      0.6302593623782294,
      0.9472092690621136
    ],
    [
      0.5522183447242135,
      0.9454347374926679
    ],
    [
      0.44529901252101806,
      0.788203828462923
    ],
    [
      0.24278147070413192,
      0.6968096387810384
    ],
    [
      0.10939009905496472,
      0.6382936719410521
    ],
    [
      -0.05013831593917758,
      0.43624939456240625
    ],
    [
      -0.19396423186919193,
      0.39048099505981704
    ],
    [
      -0.24603626606048742,
      0.19429812569087712
    ],
    [
      -0.29977569851704783,
      0.1370331692975999
    ],
    [
      -0.4942401147047845,
      -0.08829435348189885
    ],
    [
      -0.5790537135095718,
      -0.1721998820031289
    ],
    [
      -0.8412123095890798,
      -0.2833087390274672
    ],
    [
      -0.8109666501188961,
      -0.3322834553995039
    ],
    [
      -0.8547585220324758,
      -0.4546123589526476
    ],
    [
      -1.0249712012315044,
      -0.6544057951493565
    ],
    [
      -1.291840696102696,
      -0.7523087681018402
    ],
    [
      -1.3116417185787324,
      -0.7984808961727755
    ],
    [
      -1.3393844954096696,
      -0.9844207733851755
    ],
    [
      -1.4898505139530935,
      -0.9910388999744382
    ],
    [
      -1.599560059175133,
      -1.2084023694865869
    ],
    [
      -1.7061012378759899,
      -1.180522097430071
    ],
    [
      -1.8786870644431748,
      -1.2930948832843758
    ],
    [
      -1.8007301740040431,
      -1.3957001868430725
    ],
    [
      -1.8832037528398722,
      -1.5032710346649414
    ],
    [
      -1.9472970051860123,
      -1.6295726896404261
    ],
    [
      -2.0369979784386785,
      -1.7441380534781774
    ],
    [
      -2.0281631711248704,
      -1.7251525852075675
    ],
    [
      -2.077034837376042,
      -1.8983420077312485
    ],
    [
      -2.156895798302751,
      -1.9279693938035287
    ],
    [
      -2.1879586991534694,
      -1.882094622949049
    ],
    [
      -2.22369899951654,
      -2.0483827095693217
    ]
  ],
  "complexity": 0.3605210918749167
}