{
  "id": 4278,
  "wedge_count": 6,
  "parameters": {
    "rotation_speeds": [
      2.398255518420613,
      -1.670983649140588,
      -2.850718235144634,
      1.395308708053097,
      2.749856643793553,
      -2.34878672822523
    ],
    "phi_x": [
      -13.066535803276507,
      11.980108178940611,
      5.254048105893144,
      -4.066906608442775,
      -14.78141986772843,
      -0.2842223852073875
    ],
    "phi_y": [
      -6.967566869268415,
      14.311462238488943,
      -5.475656790721413,
      -8.814582598244769,
      11.9105887090101,
      -10.31594292314865
    ],
    "distances": [
      1.0,
      2.5570259677555454,
      2.319329335349788,
      2.347886805597251,
      3.3139608519506982,
      7.094186211489569,
      4.5552444683936795
    ],
    "refractive_indices": [
      1.0,
      1.5,
      1.5,
      1.5,
      1.5,
      1.5,
      1.5,
      1.0
    ],
    "wedgenum": 6
  },
  "pattern": [
    [
      4.953095661682353,
      4.843785386986128
    ],
    [
      4.799769407316083,
      4.743086736476391
    ],
    [
      4.799686365962445,
      4.773216360236262
    ],
    [
      4.681827982112636,
      4.790312365689862
    ],
    [
      4.607533662056129,
      4.575384704391027
    ],
    [
      4.491060681081199,
      4.413390839672943
    ],
    [
      4.363244394687197,
      4.382482132119362
    ],
    [
      4.187252160797032,
      4.200522662694796
    ],
    [
      4.060468610707809,
      4.1443579367694054
    ],
    [
      3.93116043053983,
      4.049872208667571
    ],
    [
      3.7321863807453792,
      3.8365630698852127
    ],
    [
      3.5768065634473607,
      3.736341059050115
    ],
    [
      3.3817590838048375,
      3.537165403832845
    ],
    [
      3.22245934495408,
      3.2925274361883328
    ],
    [
      2.887847533298579,
      3.1597805434287745
    ],
    [
      2.625603361479606,
      2.9555491942436385
    ],
    [
      2.31984028739728,
      2.7557670211993175
    ],
    [
      2.2075687692857873,
      2.6108841779274146
    ],
    [
      1.9039421292989365,
      2.3775897729989
    ],
    [
      1.7046257648578889,
      2.108361569450931
    ],
    [
      1.3651735518636545,
      1.8783346484836623
    ],
    [
      1.1610094918390665,
      1.6941652742042792
    ],
    [
      0.894610322314204,
      1.4916864944213954
    ],
    [
      0.6032261283119831,
      1.2814824167726595
    ],
    [
      0.3684089608278038,
      1.055369742664605
    ],
    [
      0.09654368947719917,
      0.8634777578591104
    ],
    [
      -0.21790392584365362,
      0.4970188875266771
    ],
    [
      -0.515998454523089,
      0.4130881165567313
    ],
    [
      -0.667961743304645,
      0.09335525347790732
    ],
    [
      -0.8950765045732196,
      -0.20622332116364453
    ],
    [
      -1.2333826673151917,
      -0.43630461986192365
    ],
    [
      -1.4415726359927308,
      -0.7405217638384944
    ],
    [
      -1.7958360325935443,
      -0.8118854811804508
    ],
    [
      -1.8300612285783067,
      -1.0944043681337177
    ],
    [
      -2.10135994417369,
      -1.3531773687589919
    ],
    [
      -2.3674856439961176,
      -1.5058231390519803
    ],
    [
      -2.512201801570065,
      -1.7369719321116384
    ],
    [
      -2.7679373192337193,
      -1.9320948635631647
    ],
    [
      -2.8978569806879673,
      -2.161404475847983
    ],
    [
      -3.016380853634228,
      -2.284389815474026
    ],
    [
      -3.1227583160894525,
      -2.499680958067478
    ],
    [
      -3.4350086688459913,
      -2.7651011373479233
    ],
    [
      -3.5741037120544297,
      -2.8965105059160483
    ],
    [
      -3.5354528506585634,
      -3.0042318373095553
    ],
    [
      -3.686951239028174,
      -3.195851430729392
    ],
    [
      -3.7840803526634064,
      -3.254096849073314
    ],
    [
      -3.9177130207185478,
      -3.357068801003471
    ],
    [
      -3.8498804271250573,
      -3.5235569207521524
    ],
    [
      -3.9561256425918776,
      -3.5674550570119457
    ],
    [
      -4.104994146313433,
      -3.7918631601116575
    ],
    [
      -3.979412298398504,
      -3.7239068967254068
    ],
    [
      -3.9109417607627193,
      -3.7851795823728853
    ],
    [
      -3.8734213085074933,
      -3.882698172535548
    ],
    [
      -3.942544204016323,
      -3.943234555182534
    ],
    [
      -3.8122454475760565,
      -3.9054292864401448
    ],
    [
      -3.8462525100922127,
      -3.8380171406326964
    ],
    [
      -3.816335497669461,
      -4.045266647066393
    ],
    [
      -3.7172942793367914,
      -3.9384775702715107
    ],
    [
      -3.6260182084667325,
      -4.005986964136722
    ],
    [
      -3.5574584158608213,
      -3.8780291703802354
    ]
  ],
  "complexity": 0.5135040411453653
}