{
  "id": 12,
  "wedge_count": 3,
  "parameters": {
    "rotation_speeds": [
      -2.810267190841962,
      0.6890369280240933,
      1.8517293864059763
    ],
    "phi_x": [
      11.788198458031694,
      2.662499077584286,
      -4.014871526405164
    ],
    "phi_y": [
      -4.954124384419655,
      0.2654051014995833,
      1.2451197513983594
    ],
    "distances": [
      1.0,
      7.198207332643742,
      7.336699716267123,
      6.544777366169251
    ],
    "refractive_indices": [
      1.0,
      1.5,
      1.5,
      1.5,
      1.0
    ],
    "wedgenum": 3
  },
  "pattern": [
    [
      1.2793148994741288,
      1.1957254620433615
    ],
    [
      1.2094851945403493,
      1.1854577907127177
    ],
    [
      1.190058173294723,
      1.0381679848614338
    ],
    [
      1.1150741149909165,
      1.1807586765078464
    ],
    [
      1.0962126471545355,
      1.06728753191012
    ],
    [
      1.0724981426689493,
      0.9673510149840876
    ],
    [
      1.0787454168322712,
      1.0647953357028497
    ],
    [
      0.9126616305563431,
      1.0030325219650384
    ],
    [
      0.8870301487761741,
      0.916031473315339
    ],
    [
      0.8706321527123009,
      0.9669045385844306
    ],
    [
      0.8772359589481646,
      0.9407458220325706
    ],
    [
      0.6772209503847997,
      0.8640958060739462
    ],
    [
      0.6264629094601513,
      0.7971555661481988
    ],
    [
      0.584867906128675,
      0.7105493840244725
    ],
    [
      0.5897966778160085,
      0.6436069572106452
    ],
    [
      0.5348394246753536,
      0.63271752070022
    ],
    [
      0.3792465839647095,
      0.4604326446826624
    ],
    [
      0.3429040028450114,
      0.47891297587794346
    ],
    [
      0.27644166215612587,
      0.3687828750124661
    ],
    [
      0.2856535975418917,
      0.4510877620041228
    ],
    [
      0.11975524657563533,
      0.28401246180642764
    ],
    [
      0.012259038177741294,
      0.27850103322507624
    ],
    [
      0.11570916863123436,
      0.1893534410439588
    ],
    [
      -0.06162762927986276,
      0.18850446135231935
    ],
    [
      -0.07037710791009331,
      0.0815503270383904
    ],
    [
      -0.17018566537019003,
      0.04260767977417278
    ],
    [
      -0.2586482948020523,
      -0.04782056043202139
    ],
    [
      -0.24069978898148742,
      -0.14814988217909275
    ],
    [
      -0.3948458953913186,
      -0.15650211683044898
    ],
    [
      -0.34512527326422093,
      -0.2390165707193406
    ],
    [
      -0.5638911053911645,
      -0.20591423079855475
    ],
    [
      -0.45428483034539413,
      -0.3674130606715652
    ],
    [
      -0.5577909241409901,
      -0.3967281936550447
    ],
    [
      -0.6132842794911392,
      -0.3407979521663208
    ],
    [
      -0.6269406960564138,
      -0.43802931169585085
    ],
    [
      -0.554790939960367,
      -0.5229940118080724
    ],
    [
      -0.6281686596218178,
      -0.4908998484885838
    ],
    [
      -0.7488839519538731,
      -0.5670915207737985
    ],
    [
      -0.6455172676153567,
      -0.5989177847257958
    ],
    [
      -0.7271351852928517,
      -0.6195714295990071
    ],
    [
      -0.6995585427894523,
      -0.616330662438837
    ],
    [
      -0.6501729567728158,
      -0.7358296522434371
    ],
    [
      -0.7726499282915988,
      -0.7033518304282268
    ],
    [
      -0.7836093404127589,
      -0.7003680069409788
    ],
    [
      -0.7867540440327003,
      -0.6335980163277315
    ],
    [
      -0.6339615822966593,
      -0.6796773922099528
    ],
    [
      -0.7957881514440813,
      -0.6551722253738027
    ],
    [
      -0.8240482094839922,
      -0.643147650978131
    ],
    [
      -0.6911503714615576,
      -0.6616515478868377
    ],
    [
      -0.698795117460919,
      -0.6985131040073124
    ],
    [
      -0.6367424460690201,
      -0.7741603125357398
    ],
    [
      -0.6842964336415042,
      -0.7626627655244173
    ],
    [
      -0.5690962016702279,
      -0.7601459162656681
    ],
    [
      -0.606328708008251,
      -0.6756510244188768
    ],
    [
      -0.5240225773371644,
      -0.732925777442553
    ],
    [
      -0.5549916375360137,
      -0.5921658249040868
    ],
    [
      -0.5326841342893273,
      -0.6838672664543245
    ],
    [
      -0.4403394927138532,
      -0.5431302896331968
    ],
    [
      -0.34413574073869424,
      -0.565667039003242
    ],
    [
      -0.45041929718144924,
      -0.6460657317755094
    ]
  ],
  "complexity": 0.23340704704518692
}