{
  "id": 224,
  "wedge_count": 2,
  "parameters": {
    "rotation_speeds": [
      2.822867453445965,
      -2.152740323176493
    ],
    "phi_x": [
      -1.5585014119457483,
      -2.5054442303780693
    ],
    "phi_y": [
      5.1802171024968935,
      0.7059479443423982
    ],
    "distances": [
      1.0,
      7.810904602128675,
      6.291105876608292
    ],
    "refractive_indices": [
      1.0,
      1.5,
      1.5,
      1.0
    ],
    "wedgenum": 2
  },
  "pattern": [
    [
      0.24046470472175754,
      0.31139174294552224
    ],
    [
      0.3078673316829057,
      0.3060989930624551
    ],
    [
      0.3383487195578858,
      0.24802788336891976
    ],
    [
      0.4036280411522839,
      0.266021049932695
    ],
    [
      0.31411874568358084,
      0.2526422365650528
    ],
    [
      0.4252393021804482,
      0.34574733645796224
    ],
    [
      0.43996992986996386,
      0.33549054909249365
    ],
    [
      0.38160753955894006,
      0.3988585482770108
    ],
    [
      0.4848440673854945,
      0.42967182933189174
    ],
    [
      0.38108538684736093,
      0.4064247049700605
    ],
    [
      0.4824086587015962,
      0.395752454248137
    ],
    [
      0.4973210719744476,
      0.44553389787704395
    ],
    [
      0.5081670388583255,
      0.4522032905808936
    ],
    [
      0.5483669666345666,
      0.5624446336619243
    ],
    [
      0.47860632839665895,
      0.4660531568617642
    ],
    [
      0.4524466562766235,
      0.4905827605874188
    ],
    [
      0.5831725263101564,
      0.47944038791369503
    ],
    [
      0.4974252972872684,
      0.4645694931837338
    ],
    [
      0.5064796271295322,
      0.45325969926721693
    ],
    [
      0.4762222355539148,
      0.5131493494069977
    ],
    [
      0.47495112845183685,
      0.43865517713595514
    ],
    [
      0.36895703299773347,
      0.5337761246628235
    ],
    [
      0.4437172880835711,
      0.5789380882250216
    ],
    [
      0.349835573173696,
      0.46461817603067945
    ],
    [
      0.4135669943310702,
      0.4112217764792321
    ],
    [
      0.2838301741349998,
      0.35621717561575483
    ],
    [
      0.32323064352967695,
      0.42057046459496694
    ],
    [
      0.34492745465512203,
      0.3393654451250813
    ],
    [
      0.29324091330062907,
      0.3584411869261675
    ],
    [
      0.26996187935144106,
      0.25320312447568866
    ],
    [
      0.238180779945923,
      0.2814870739352769
    ],
    [
      0.136883822018021,
      0.30727721629539884
    ],
    [
      0.14223262219583752,
      0.2563624563895872
    ],
    [
      0.12464662366029057,
      0.1365682864575128
    ],
    [
      0.06817471801213826,
      0.2112362775118522
    ],
    [
      0.023277460772882504,
      0.22794136573877416
    ],
    [
      0.053018994125130926,
      0.1784027210721901
    ],
    [
      -0.03975980708836577,
      0.09852618488871233
    ],
    [
      -0.12995763109525005,
      0.0035613950630510663
    ],
    [
      -0.14423876554193793,
      0.056024629239351906
    ],
    [
      -0.1068814961416058,
      0.03415708321863383
    ],
    [
      -0.19093896111153857,
      0.03586341261443443
    ],
    [
      -0.18292972909465594,
      -0.055599902504282
    ],
    [
      -0.24531050045364472,
      -0.12102529961364471
    ],
    [
      -0.28562303092493657,
      -0.052245178014126065
    ],
    [
      -0.30640062597983664,
      -0.1686499307918054
    ],
    [
      -0.2863720146142289,
      -0.21923376447528772
    ],
    [
      -0.40934135839118807,
      -0.1823550786682136
    ],
    [
      -0.4030647124416762,
      -0.2458892609142811
    ],
    [
      -0.41258373313648605,
      -0.25537437386644896
    ],
    [
      -0.47666171784508027,
      -0.3628200072486387
    ],
    [
      -0.4720359355629921,
      -0.35259040438807737
    ],
    [
      -0.5379677926075762,
      -0.4426369034125467
    ],
    [
      -0.5079038767961228,
      -0.37713788129343556
    ],
    [
      -0.48122103587251086,
      -0.38952621469445264
    ],
    [
      -0.5105693715660639,
      -0.3913759407610752
    ],
    [
      -0.5779907075981863,
      -0.4589993219143108
    ],
    [
      -0.5455308402916471,
      -0.48676767730758286
    ],
    [
      -0.5134090879255041,
      -0.49004818707254355
    ],
    [
      -0.6099738704370002,
      -0.5773601840169189
    ]
  ],
  "complexity": 0.2023845656726638
}