{
  "id": 4358,
  "wedge_count": 5,
  "parameters": {
    "rotation_speeds": [
      -1.5635805920896428,
      -1.0868088465430883,
      -2.1517644920218877,
      -2.775204180574425,
      1.800461211575759
    ],
    "phi_x": [
      -2.5982861183251824,
      -1.1459296686532596,
      5.044309905633995,
      9.328875185322644,
      8.884919710030573
    ],
    "phi_y": [
      0.018646845273819324,
      11.701763806083584,
      13.533690038266037,
      9.959925692784427,
      7.333586741552306
    ],
    "distances": [
      1.0,
      3.4710952635053145,
      2.0039364776759836,
      7.1039887400685915,
      7.298850777071643,
      3.8615239332028763
    ],
    "refractive_indices": [
      1.0,
      1.5,
      1.5,
      1.5,
      1.5,
      1.5,
      1.0
    ],
    "wedgenum": 5
  },
  "pattern": [
    [
      2.8649910626522677,
      2.7903421474667405
    ],
    [
      2.7136316454658522,
      2.6495066398473615
    ],
    [
      2.6659194068563234,
      2.5946259570794963
    ],
    [
      2.565353263070871,
      2.566480824860271
    ],
    [
      2.3572946674295014,
      2.5234119019485055
    ],
    [
      2.2022985323844515,
      2.3744000274600867
    ],
    [
      2.2096430264285885,
      2.1627366216816926
    ],
    [
      2.098862200577318,
      2.0331673830940757
    ],
    [
      1.9271162346049782,
      1.9548193702768761
    ],
    [
      1.7016332853654772,
      1.8676996966501886
    ],
    [
      1.5938240226735017,
      1.7370181818202866
    ],
    [
      1.6068233004243102,
      1.5727207430186316
    ],
    [
      1.2846097181325762,
      1.431541246097006
    ],
    [
      1.1335730151070282,
      1.269850397594571
    ],
    [
      0.9832063563750874,
      1.1712878961759787
    ],
    [
      0.7624965044464531,
      0.9962918438127062
    ],
    [
      0.5947702160645965,
      0.8003880185566371
    ],
    [
      0.38042709098363436,
      0.7438702105146346
    ],
    [
      0.37407457090871454,
      0.51628806485464
    ],
    [
      0.22384888106849354,
      0.30050398222594304
    ],
    [
      -0.021985351559961192,
      0.23679648567227166
    ],
    [
      -0.16063360276714828,
      0.11071005063627284
    ],
    [
      -0.4731947539952439,
      -0.08529728322062612
    ],
    [
      -0.5070973685257399,
      -0.2313566804768797
    ],
    [
      -0.6896029579122666,
      -0.35259291449198804
    ],
    [
      -0.9534837004589876,
      -0.5657887239551536
    ],
    [
      -0.9297053794058656,
      -0.7594103638235876
    ],
    [
      -1.2017565306446487,
      -0.7325122604948426
    ],
    [
      -1.3261112233233903,
      -0.9470774850096789
    ],
    [
      -1.5074560203081397,
      -1.0709117470558809
    ],
    [
      -1.615603436729064,
      -1.121228217142806
    ],
    [
      -1.7672099905899215,
      -1.3249989409073695
    ],
    [
      -1.9403977060440132,
      -1.4081019959048757
    ],
    [
      -1.9908242374785743,
      -1.6250156162443978
    ],
    [
      -2.0682881684887806,
      -1.7673034836320158
    ],
    [
      -2.251008974537251,
      -1.835551432029751
    ],
    [
      -2.300146877887483,
      -1.8595150112091834
    ],
    [
      -2.401328228305292,
      -2.039934952832217
    ],
    [
      -2.4930070718613697,
      -2.0620041891195253
    ],
    [
      -2.551913944492264,
      -2.169055302958298
    ],
    [
      -2.6489165522651907,
      -2.294279522445461
    ],
    [
      -2.6594078692691343,
      -2.245099464850759
    ],
    [
      -2.6571444791536045,
      -2.4275725970968014
    ],
    [
      -2.8094371515403203,
      -2.550618380770727
    ],
    [
      -2.7908549652315817,
      -2.666107695842445
    ],
    [
      -2.8158867277762702,
      -2.5600641964462265
    ],
    [
      -2.87046497589891,
      -2.6479390648232832
    ],
    [
      -2.877486005637895,
      -2.7383281643705604
    ],
    [
      -2.8420320384261086,
      -2.8206998000703636
    ],
    [
      -2.821293727738348,
      -2.6981788436783303
    ],
    [
      -2.8202834877311904,
      -2.709007649419384
    ],
    [
      -2.8552365977203413,
      -2.7664503907012707
    ],
    [
      -2.730040871820261,
      -2.7556018797508948
    ],
    [
      -2.7058870175541223,
      -2.742495339108643
    ],
    [
      -2.680604536060539,
      -2.7931598255384085
    ],
    [
      -2.630076458059063,
      -2.733334258777974
    ],
    [
      -2.5974191423965918,
      -2.671088073662503
    ],
    [
      -2.589832167118648,
      -2.7399755406912276
    ],
    [
      -2.5247080404224955,
      -2.6667301778211288
    ],
    [
      -2.3536804907178794,
      -2.665989473334805
    ]
  ],
  "complexity": 0.3907279661121785
}