{
  "id": 633,
  "wedge_count": 1,
  "parameters": {
    "rotation_speeds": [
      0.12315500424587311
    ],
    "phi_x": [
      -4.979478952958807
    ],
    "phi_y": [
      9.471355561742755
    ],
    "distances": [
      1.0,
      6.086705766019969
    ],
    "refractive_indices": [
      1.0,
      1.5,
      1.0
    ],
    "wedgenum": 1
  },
  "pattern": [
    [
      0.32824731265571205,
      0.32319431339832566
    ],
    [
      0.35099780023122074,
      0.3392639461683887
    ],
    [
      0.3519193264928907,
      0.3491932208602957
    ],
    [
      0.37819267498527825,
      0.37189337221555474
    ],
    [
      0.37431488080219905,
      0.3795462619387749
    ],
    [
      0.39162681414434375,
      0.3908094884428921
    ],
    [
      0.40275909625476153,
      0.39440668459990535
    ],
    [
      0.4104522200395038,
      0.4023614087654708
    ],
    [
      0.42413917987125954,
      0.4074367657383561
    ],
    [
      0.43434706889869346,
      0.42050060787258103
    ],
    [
      0.4365869018073161,
      0.433008939313809
    ],
    [
      0.4512794235565814,
      0.4327513973945031
    ],
    [
      0.46062338731399866,
      0.4517441735701658
    ],
    [
      0.47076469964945455,
      0.47260165066006166
    ],
    [
      0.4850451490553399,
      0.4734415844280769
    ],
    [
      0.4948206492585259,
      0.4793588413923016
    ],
    [
      0.5014906531136291,
      0.49814478111302524
    ],
    [
      0.5120873606598775,
      0.4965734466136025
    ],
    [
      0.5250005237917226,
      0.4959400885411696
    ],
    [
      0.53370616047815,
      0.5096530059634462
    ],
    [
      0.5461510797118274,
      0.527042397520331
    ],
    [
      0.5475294380356516,
      0.5337246345700527
    ],
    [
      0.5528928969672023,
      0.5404262151803928
    ],
    [
      0.5758319909039207,
      0.5489592484566183
    ],
    [
      0.5652452980019126,
      0.5587468596158157
    ],
    [
      0.5782493084668763,
      0.5574600620633776
    ],
    [
      0.5888257662233048,
      0.5671374711579807
    ],
    [
      0.598912314858288,
      0.577470336578117
    ],
    [
      0.6119783011123208,
      0.5901364976142174
    ],
    [
      0.6152874717981398,
      0.5900879158398065
    ],
    [
      0.6272472616398269,
      0.596490372560972
    ],
    [
      0.6346629159634481,
      0.6051408314453203
    ],
    [
      0.6308009059720705,
      0.6173437376223694
    ],
    [
      0.6416168765357543,
      0.6190476610455002
    ],
    [
      0.6450660733388665,
      0.6274873600050346
    ],
    [
      0.6566755291982045,
      0.6347594557149872
    ],
    [
      0.6680239970652766,
      0.6342126693038794
    ],
    [
      0.6660369946012934,
      0.6472322232077778
    ],
    [
      0.6722518460689229,
      0.6657982639967215
    ],
    [
      0.6820224761631074,
      0.6555228238394392
    ],
    [
      0.6776897653887904,
      0.6590440196808344
    ],
    [
      0.6960899132334245,
      0.665117814251195
    ],
    [
      0.703736263717733,
      0.6726315297622415
    ],
    [
      0.703314168308178,
      0.6871277417606437
    ],
    [
      0.7078881160638575,
      0.6803524615379759
    ],
    [
      0.7152008856092981,
      0.6861766638317832
    ],
    [
      0.7168626916279321,
      0.6985832215065326
    ],
    [
      0.7154538442274995,
      0.6977774898185982
    ],
    [
      0.718969176219368,
      0.7028389779340606
    ],
    [
      0.717322546218808,
      0.7033598652033696
    ],
    [
      0.7213591142774863,
      0.7132041204914892
    ],
    [
      0.7292758349050544,
      0.7041054528898909
    ],
    [
      0.7225895561740904,
      0.7194569728982319
    ],
    [
      0.7295049241121704,
      0.7163751408108006
    ],
    [
      0.7338299532767284,
      0.7292171620678494
    ],
    [
      0.7303453583664011,
      0.7262793865570056
    ],
    [
      0.7376789461533807,
      0.7268963255353723
    ],
    [
      0.7401269908072878,
      0.7363158985848162
    ],
    [
      0.7472932032624998,
      0.734351555241449
    ],
    [
      0.7336822550634138,
      0.7338350672378693
    ]
  ],
  "complexity": 0.18147274730647947
}