{
  "id": 3516,
  "wedge_count": 6,
  "parameters": {
    "rotation_speeds": [
      -1.6810862395063788,
      -1.9648685487410575,
      1.1512943198590193,
      0.26732609986427835,
      -2.7444068531023564,
      -1.4935650188648835
    ],
    "phi_x": [
      -7.135898921288466,
      3.4456340731508632,
      -9.856527243385408,
      0.6365877467708856,
      -12.228667645502348,
      7.217044196886935
    ],
    "phi_y": [
      14.552536325692657,
      -0.38906444487995984,
      13.663938848027605,
      -8.446929087656759,
      4.755166480048661,
      -9.445603352014668
    ],
    "distances": [
      1.0,
      5.63105773703345,
      3.7455501383287197,
      6.523016453008432,
      2.3461500020459987,
      2.9861711448581874,
      6.6779432240444105
    ],
    "refractive_indices": [
      1.0,
      1.5,
      1.5,
      1.5,
      1.5,
      1.5,
      1.5,
      1.0
    ],
    "wedgenum": 6
  },
  "pattern": [
    [
      3.698815006247808,
      3.7504079677275532
    ],
    [
      3.817889296035402,
      3.631895082472501
    ],
    [
      3.6763866937518794,
      3.6814821768318815
    ],
    [
      3.779248189810323,
      3.5855841415196466
    ],
    [
      3.7289582486039823,
      3.581480427600597
    ],
    [
      3.6694280907631844,
      3.6667468141782265
    ],
    [
      3.5982176906242134,
      3.6372625030821006
    ],
    [
      3.551912095948193,
      3.484145263725127
    ],
    [
      3.5710977627255738,
      3.4649659330482896
    ],
    [
      3.442583775253534,
      3.4727952651383713
    ],
    [
      3.390411866751316,
      3.458346099208444
    ],
    [
      3.3921258878000313,
      3.3608108769199707
    ],
    [
      3.3099676637092945,
      3.1913449118283532
    ],
    [
      3.127897619943549,
      3.1561364646013517
    ],
    [
      3.0686661562818385,
      3.048943915861643
    ],
    [
      2.88861409845964,
      3.0708876842133765
    ],
    [
      2.866092819616509,
      2.860996440993216
    ],
    [
      2.768629989838849,
      2.8488957755051643
    ],
    [
      2.806546009830872,
      2.767369606635852
    ],
    [
      2.5378412733394153,
      2.699537190686007
    ],
    [
      2.454652998237214,
      2.5188056376672274
    ],
    [
      2.3721715278713305,
      2.4863190818016
    ],
    [
      2.202000542174039,
      2.2542902111875347
    ],
    [
      2.171967971120569,
      2.2050303831595914
    ],
    [
      1.900246099968524,
      2.1453172004876238
    ],
    [
      1.7871290772317312,
      1.9846809078067211
    ],
    [
      1.720592627089142,
      1.8485105233932075
    ],
    [
      1.5619230739008616,
      1.7594047380436522
    ],
    [
      1.4424248537530031,
      1.6598824927257378
    ],
    [
      1.281865538111702,
      1.5560187928189213
    ],
    [
      1.2286030226478313,
      1.4178292161236674
    ],
    [
      1.0876852393568408,
      1.2661171086033083
    ],
    [
      0.8495325964063258,
      1.1831381542354988
    ],
    [
      0.8386823907892468,
      1.1088993913867187
    ],
    [
      0.7129612189343925,
      0.846033886753522
    ],
    [
      0.48717088925189317,
      0.9014269577564084
    ],
    [
      0.3555630638650823,
      0.7928807850513541
    ],
    [
      0.21894397654560796,
      0.5660557520131887
    ],
    [
      0.20149898468548263,
      0.5360454478814941
    ],
    [
      0.03161426309158066,
      0.43157273988681777
    ],
    [
      -0.12988546203168802,
      0.317618187276598
    ],
    [
      -0.20057808237968167,
      0.10969884815202635
    ],
    [
      -0.2999417914555894,
      0.0030863667283484164
    ],
    [
      -0.389435185083044,
      -0.09357583259602839
    ],
    [
      -0.4231222173332179,
      -0.1748368066737389
    ],
    [
      -0.7226091388419733,
      -0.16821190556461546
    ],
    [
      -0.6745607912065807,
      -0.2815468216746163
    ],
    [
      -0.759466062256238,
      -0.40195892805929434
    ],
    [
      -0.7809663924540095,
      -0.5120123030226519
    ],
    [
      -0.8141876254633542,
      -0.5767921796081755
    ],
    [
      -0.9705976638792585,
      -0.6391506496211832
    ],
    [
      -0.9175913447715793,
      -0.7095740625173502
    ],
    [
      -0.9813509561123024,
      -0.7656814225968275
    ],
    [
      -1.0565679421681253,
      -0.9176029666709555
    ],
    [
      -1.1134812998970933,
      -0.853185385539118
    ],
    [
      -1.161517896971858,
      -0.918989134292094
    ],
    [
      -1.250567594351283,
      -0.9784701972957676
    ],
    [
      -1.2245448061580402,
      -1.0660375490053566
    ],
    [
      -1.2008922255508725,
      -1.0329395786753552
    ],
    [
      -1.32098368365418,
      -1.1167154442993268
    ]
  ],
  "complexity": 0.37033638029450705
}