{
  "id": 1306,
  "wedge_count": 3,
  "parameters": {
    "rotation_speeds": [
      1.2377315488870781,
      0.3206703986803858,
      -1.3856434357760412
    ],
    "phi_x": [
      3.014895319717578,
      6.2188700110248725,
      -8.21302376912481
    ],
    "phi_y": [
      7.874972208301909,
      -8.363092375812347,
      -0.16375013459208176
    ],
    "distances": [
      1.0,
      5.681573571983696,
      6.012275759950237,
      5.370617987013479
    ],
    "refractive_indices": [
      1.0,
      1.5,
      1.5,
      1.5,
      1.0
    ],
    "wedgenum": 3
  },
  "pattern": [
    [
      1.2348069382219016,
      1.2274752097730064
    ],
    [
      1.24256486283077,
      1.3041025903264807
    ],
    [
      1.3589708977451878,
      1.2888554019770466
    ],
    [
      1.4576813295602375,
      1.3632689058815421
    ],
    [
      1.4930744751840817,
      1.3869201023436162
    ],
    [
      1.4688280105701161,
      1.4403920348896633
    ],
    [
      1.4852479841748492,
      1.4274291828716614
    ],
    [
      1.5408742044617187,
      1.5319494632036281
    ],
    [
      1.5574305972098377,
      1.5463158531363628
    ],
    [
      1.6660809788086395,
      1.4820161971964168
    ],
    [
      1.616177513578692,
      1.5657194383455495
    ],
    [
      1.6087497282295529,
      1.601151619181997
    ],
    [
      1.661091064473346,
      1.5509682975004426
    ],
    [
      1.5911219389445972,
      1.6375523231312203
    ],
    [
      1.557260554507756,
      1.6480554560398262
    ],
    [
      1.6219674244452678,
      1.578778025451151
    ],
    [
      1.603768516478224,
      1.7499331379387018
    ],
    [
      1.6519266065871097,
      1.5344269502365075
    ],
    [
      1.5555000624710142,
      1.6319879147014855
    ],
    [
      1.548993046297848,
      1.5647986248585481
    ],
    [
      1.4680128262428305,
      1.6658522999987402
    ],
    [
      1.5253681467551106,
      1.5723154288445056
    ],
    [
      1.5171874447065423,
      1.515059745822514
    ],
    [
      1.4424111662435997,
      1.4702777253202757
    ],
    [
      1.302660954480169,
      1.5697769483564283
    ],
    [
      1.3820222678323097,
      1.4288159633782722
    ],
    [
      1.3582388859048333,
      1.4075032010316897
    ],
    [
      1.2184664460097943,
      1.332344623057207
    ],
    [
      1.127114814259967,
      1.3226675472870797
    ],
    [
      1.057570613719282,
      1.314504194979569
    ],
    [
      1.0396121102806786,
      1.3143423293738068
    ],
    [
      1.057416497399954,
      1.2042782264806549
    ],
    [
      0.9615696162248022,
      1.0189943579974718
    ],
    [
      0.9198517302453757,
      1.0794554604531763
    ],
    [
      0.8043021116444476,
      1.0664941907915673
    ],
    [
      0.8259197715726847,
      0.9886673175506502
    ],
    [
      0.7067670062655758,
      0.8885144688642118
    ],
    [
      0.7022916394040135,
      0.8424552856397749
    ],
    [
      0.5692124375016174,
      0.7087239439922994
    ],
    [
      0.43271948862583165,
      0.735275655103532
    ],
    [
      0.37600588429981285,
      0.6772515695449537
    ],
    [
      0.3139390322526547,
      0.6042156771781133
    ],
    [
      0.4538723520815586,
      0.5607153889403385
    ],
    [
      0.2819890716269609,
      0.46237663025906806
    ],
    [
      0.07351537876717235,
      0.42804592728871216
    ],
    [
      0.17152531740615762,
      0.4107705643567071
    ],
    [
      0.18069160089969352,
      0.3732427418444115
    ],
    [
      0.01176603062293476,
      0.24356674364513833
    ],
    [
      -0.026753287828401775,
      0.35743926117003977
    ],
    [
      -0.09410127947948811,
      0.14431038459434198
    ],
    [
      -0.1731166727155047,
      0.07033111764916664
    ],
    [
      -0.16900480263918458,
      0.11138298403082247
    ],
    [
      -0.2317905391233098,
      0.00807494120590637
    ],
    [
      -0.2692080938372774,
      0.009048642096960206
    ],
    [
      -0.190567796858383,
      -0.07714626478696601
    ],
    [
      -0.3080277699767901,
      -0.07187189255503251
    ],
    [
      -0.26554418980005573,
      -0.08048635409124585
    ],
    [
      -0.3571936122792204,
      -0.09166876469733864
    ],
    [
      -0.3753025258635773,
      -0.16808961733353087
    ],
    [
      -0.3044994099885633,
      -0.3109616514560302
    ]
  ],
  "complexity": 0.2661144457230992
}