{
  "id": 4797,
  "wedge_count": 4,
  "parameters": {
    "rotation_speeds": [
      0.307382563604488,
      -1.5185297457272593,
      1.355216663643171,
      2.3755493190987966
    ],
    "phi_x": [
      -13.053842221232143,
      14.962388970578747,
      11.314539918300948,
      8.950222317852404
    ],
    "phi_y": [
      5.062365574961287,
      10.429671885718388,
      7.258639947764749,
      12.143919520284168
    ],
    "distances": [
      1.0,
      3.5808037119752614,
      2.4030549443233467,
      7.948878899370265,
      4.732464665686204
    ],
    "refractive_indices": [
      1.0,
      1.5,
      1.5,
      1.5,
      1.5,
      1.0
    ],
    "wedgenum": 4
  },
  "pattern": [
    [
      3.828358047001046,
      3.8031339016235095
    ],
    [
      3.9008421149538917,
      3.753882452648194
    ],
    [
      3.9760533352876677,
      3.922564428850278
    ],
    [
      3.947993018612456,
      3.825576192424205
    ],
    [
      3.8188616607147106,
      3.8946008812289983
    ],
    [
      3.8451465374635156,
      3.7673560305873623
    ],
    [
      3.731888547860864,
      3.848308656877665
    ],
    [
      3.836457786348587,
      3.7123078157894147
    ],
    [
      3.6756705534971847,
      3.775163172945911
    ],
    [
      3.6384107296344377,
      3.6555672634306133
    ],
    [
      3.5880913507466317,
      3.577997231709806
    ],
    [
      3.4553654254331057,
      3.5499473626844784
    ],
    [
      3.3614276556231886,
      3.4137301534698605
    ],
    [
      3.2697152965370724,
      3.3752163046770507
    ],
    [
      3.2253372309059958,
      3.3579094145133963
    ],
    [
      3.0860874409310806,
      3.2405496838084287
    ],
    [
      3.002404443358828,
      3.2135954532376405
    ],
    [
      2.83320192703027,
      3.1414661363257244
    ],
    [
      2.745340560924608,
      3.000752560810329
    ],
    [
      2.5984934009584717,
      2.822352739567058
    ],
    [
      2.448675957702566,
      2.746604070345979
    ],
    [
      2.296320264773903,
      2.660631182748301
    ],
    [
      2.249189300797366,
      2.5213816414245476
    ],
    [
      1.9967994511588922,
      2.288070572477769
    ],
    [
      1.8735326611464458,
      2.276553750906619
    ],
    [
      1.7780264341591756,
      2.241276774961802
    ],
    [
      1.5041407201363437,
      1.9090129957153923
    ],
    [
      1.418625263281432,
      1.859959769771655
    ],
    [
      1.2132478066349928,
      1.793240172162787
    ],
    [
      1.088176753758343,
      1.6039452340700018
    ],
    [
      0.9414855557126316,
      1.37119698014306
    ],
    [
      0.806955379036665,
      1.2799040136734774
    ],
    [
      0.646527342743223,
      1.1501449232822143
    ],
    [
      0.43909310954856073,
      0.9829646219719217
    ],
    [
      0.28809723911717505,
      0.8187555273222955
    ],
    [
      0.14015938852164225,
      0.7151388004035221
    ],
    [
      -0.09330005717394749,
      0.616749204060142
    ],
    [
      -0.18632956123840086,
      0.3388691509324142
    ],
    [
      -0.2912571549226802,
      0.3050596919070015
    ],
    [
      -0.40931481823034893,
      0.15889328121012686
    ],
    [
      -0.6699081298713141,
      -0.042281750385845404
    ],
    [
      -0.7115097963062414,
      -0.10483915321992515
    ],
    [
      -0.7794136067104676,
      -0.20034043484191397
    ],
    [
      -0.9093399382584307,
      -0.39606803448921973
    ],
    [
      -0.9732108099039805,
      -0.4575905011964252
    ],
    [
      -1.1185893339426165,
      -0.5697680176171754
    ],
    [
      -1.1531951225577892,
      -0.6729818690912445
    ],
    [
      -1.1682888991173237,
      -0.7564754476414777
    ],
    [
      -1.2892485110711052,
      -0.881567968393459
    ],
    [
      -1.3454388749996473,
      -0.9485786213184316
    ],
    [
      -1.4320541437577823,
      -1.0698941991137862
    ],
    [
      -1.4448596304124202,
      -1.0759470875492396
    ],
    [
      -1.5703072589539895,
      -1.2381133068874106
    ],
    [
      -1.6329321763300488,
      -1.2989241414092272
    ],
    [
      -1.5568589275258864,
      -1.3913049310148426
    ],
    [
      -1.5953829172084775,
      -1.4904579823260167
    ],
    [
      -1.5808685135134706,
      -1.4880339885437186
    ],
    [
      -1.5595380542556714,
      -1.4526320504876675
    ],
    [
      -1.5377460965860887,
      -1.4179747627824781
    ],
    [
      -1.5120264490875128,
      -1.4751303746716296
    ]
  ],
  "complexity": 0.4080132142515658
}