{
  "id": 3679,
  "wedge_count": 6,
  "parameters": {
    "rotation_speeds": [
      2.3655770062176966,
      -0.6942270111080564,
      0.8540727733102025,
      -1.546735657904392,
      0.9248482769243278,
      1.8625887122708153
    ],
    "phi_x": [
      -3.3291491171817054,
      0.9030390018426786,
      -3.0791630108036667,
      -12.713517922013658,
      -7.642813421553555,
      -7.772946092070116
    ],
    "phi_y": [
      14.307023605664927,
      -4.765636964437446,
      12.438400102096338,
      2.958622892949183,
      -12.226185081468621,
      14.357310678537331
    ],
    "distances": [
      1.0,
      2.0530381163273015,
      7.123522260580457,
      6.085610423527072,
      7.935627485420495,
      4.262850681254575,
      3.039126035835026
    ],
    "refractive_indices": [
      1.0,
      1.5,
      1.5,
      1.5,
      1.5,
      1.5,
      1.5,
      1.0
    ],
    "wedgenum": 6
  },
  "pattern": [
    [
      3.8254434388306113,
      3.8103857483754893
    ],
    [
      3.854404017754093,
      3.884167289867127
    ],
    [
      3.9840236543735115,
      3.970569748215706
    ],
    [
      4.13624485224781,
      4.0514522165515965
    ],
    [
      4.132575909670717,
      4.215817842268643
    ],
    [
      4.2359703941610904,
      4.171760306636682
    ],
    [
      4.395313876633496,
      4.2813297392212935
    ],
    [
      4.379538713158532,
      4.393488883917139
    ],
    [
      4.346313447741908,
      4.353973264068374
    ],
    [
      4.354068860852031,
      4.40907708023156
    ],
    [
      4.471264925546368,
      4.4731150428983595
    ],
    [
      4.443782256779388,
      4.43087713998948
    ],
    [
      4.430737051224515,
      4.417620387082067
    ],
    [
      4.3755762292252625,
      4.4302412439816345
    ],
    [
      4.4101339428192485,
      4.509952658089753
    ],
    [
      4.3530316354722745,
      4.4288487601075115
    ],
    [
      4.302128169816903,
      4.4242163852051295
    ],
    [
      4.125134372390088,
      4.429260898218521
    ],
    [
      4.0726382409929585,
      4.31569108641946
    ],
    [
      4.13777745783775,
      4.2744560120465325
    ],
    [
      3.9496366521977677,
      4.327309093690073
    ],
    [
      3.8874092703691976,
      4.188459561033622
    ],
    [
      3.676222370919393,
      4.079994693802933
    ],
    [
      3.551316475230677,
      3.9957295107825974
    ],
    [
      3.5064013039457422,
      3.904657928327065
    ],
    [
      3.3845475869072446,
      3.86300204921632
    ],
    [
      3.159100854651601,
      3.746190040481198
    ],
    [
      3.045981241059843,
      3.5371838233443955
    ],
    [
      2.868766577716226,
      3.4699477359588986
    ],
    [
      2.648613171614373,
      3.3316813139244763
    ],
    [
      2.4834509801667304,
      3.1356146027840177
    ],
    [
      2.360143215944054,
      2.9521545075647935
    ],
    [
      2.1986038776731482,
      2.8744244014434934
    ],
    [
      2.0020674939523384,
      2.7558688169064944
    ],
    [
      1.8417118381702609,
      2.473510761674774
    ],
    [
      1.5699669971525325,
      2.323416135060729
    ],
    [
      1.3814319980738436,
      2.1051817307633383
    ],
    [
      1.1448734404642893,
      2.083153127274556
    ],
    [
      1.0384074734275768,
      1.8602379992649722
    ],
    [
      0.8758043257446054,
      1.6383676559033915
    ],
    [
      0.5849640439338356,
      1.433790507708354
    ],
    [
      0.4159578655855664,
      1.2587001344122573
    ],
    [
      0.12085986022911112,
      1.08411230231396
    ],
    [
      0.0677191050486921,
      0.896599205874563
    ],
    [
      -0.15581871050167773,
      0.8131217945018664
    ],
    [
      -0.36667206418461074,
      0.45730948264534765
    ],
    [
      -0.5132652998031817,
      0.3846466300945292
    ],
    [
      -0.740132077930897,
      0.17668286608909228
    ],
    [
      -0.9724194965986427,
      -0.0519230038235368
    ],
    [
      -1.1327921515054196,
      -0.09998103646072196
    ],
    [
      -1.195581328727721,
      -0.3507313744877703
    ],
    [
      -1.414109001019079,
      -0.6008858199697518
    ],
    [
      -1.5483738884103304,
      -0.6649977463811312
    ],
    [
      -1.724075476090269,
      -0.8456007591895083
    ],
    [
      -1.8296388753076185,
      -1.0314482355254044
    ],
    [
      -1.9221830573655825,
      -1.118046844185215
    ],
    [
      -2.065704579443672,
      -1.35566062497575
    ],
    [
      -2.1059067643780707,
      -1.4513897615807252
    ],
    [
      -2.1993104172982134,
      -1.5129195043494337
    ],
    [
      -2.301049333359837,
      -1.672572022189864
    ]
  ],
  "complexity": 0.4437734408534782
}