{
  "id": 266,
  "wedge_count": 1,
  "parameters": {
    "rotation_speeds": [
      -2.7867843172916684
    ],
    "phi_x": [
      14.638916428159867
    ],
    "phi_y": [
      -1.7256998722007797
    ],
    "distances": [
      1.0,
      7.915061985049934
    ],
    "refractive_indices": [
      1.0,
      1.5,
      1.0
    ],
    "wedgenum": 1
  },
  "pattern": [
    [
      0.9788963688150943,
      0.9799606891128605
    ],
    [
      0.9731369159879469,
      0.9576066102845995
    ],
    [
      0.9479927172544492,
      0.9475761148422762
    ],
    [
      0.9411747355617325,
      0.9417060020792553
    ],
    [
      0.9019950645206873,
      0.9173054718590824
    ],
    [
      0.8839825229984699,
      0.9010816369973141
    ],
    [
      0.8493613401388588,
      0.8650163376979998
    ],
    [
      0.8138056523901521,
      0.8404951198168936
    ],
    [
      0.7646730820947193,
      0.7981177141367902
    ],
    [
      0.72264247745586,
      0.7685618644607948
    ],
    [
      0.6848267004513622,
      0.7308999889785299
    ],
    [
      0.6245480460850258,
      0.6890140668056168
    ],
    [
      0.5817009092235127,
      0.6452657364944644
    ],
    [
      0.5192133437079544,
      0.6056077286419377
    ],
    [
      0.46968031766966656,
      0.556794089440798
    ],
    [
      0.4044065022905863,
      0.49884412778087284
    ],
    [
      0.3460756308037854,
      0.4442823440288924
    ],
    [
      0.2907988725460699,
      0.39573735508730795
    ],
    [
      0.2221558159643719,
      0.3414845378527572
    ],
    [
      0.1591432262147934,
      0.2778393655852008
    ],
    [
      0.09228892162434313,
      0.2193234230580409
    ],
    [
      0.020291540369175572,
      0.15431602131099947
    ],
    [
      -0.03635990699317092,
      0.10903300841526582
    ],
    [
      -0.10232852477009795,
      0.05016626563853546
    ],
    [
      -0.17206369344787473,
      -0.009881151320438347
    ],
    [
      -0.23016927335294318,
      -0.07997687405467577
    ],
    [
      -0.293946267548948,
      -0.1354404642412753
    ],
    [
      -0.3625802659180966,
      -0.18399596807208246
    ],
    [
      -0.4099951209270041,
      -0.24249268906380803
    ],
    [
      -0.47554287349906077,
      -0.3041557325421327
    ],
    [
      -0.530930012163251,
      -0.35237507035013443
    ],
    [
      -0.5768098177114742,
      -0.41575200531070056
    ],
    [
      -0.6312942609770488,
      -0.46625338241508474
    ],
    [
      -0.6762763286062621,
      -0.5115874769478819
    ],
    [
      -0.7168442195349716,
      -0.5567414335431321
    ],
    [
      -0.761297375724658,
      -0.5988924406115822
    ],
    [
      -0.8069443467754616,
      -0.6338079075345763
    ],
    [
      -0.8316013779476193,
      -0.6832448939532736
    ],
    [
      -0.8584002459773171,
      -0.7312673832620077
    ],
    [
      -0.8808049059852127,
      -0.766854808887284
    ],
    [
      -0.8997641743384929,
      -0.7897101355723184
    ],
    [
      -0.9129546263636596,
      -0.8239656990467625
    ],
    [
      -0.9348756976555505,
      -0.8465290757335274
    ],
    [
      -0.9414294056137477,
      -0.8776934701125574
    ],
    [
      -0.9514227081548272,
      -0.9030849527128945
    ],
    [
      -0.9444004814685724,
      -0.9172062181746379
    ],
    [
      -0.9406046511597556,
      -0.925560509600516
    ],
    [
      -0.9206529502530996,
      -0.9377308248414966
    ],
    [
      -0.9272390681013278,
      -0.9369372652090611
    ],
    [
      -0.8985626672607229,
      -0.943397905460183
    ],
    [
      -0.8814823340610759,
      -0.9481984483898127
    ],
    [
      -0.8613525361128161,
      -0.9397987856028209
    ],
    [
      -0.8258663852179838,
      -0.9346897794847975
    ],
    [
      -0.7928613851139316,
      -0.9182858444082634
    ],
    [
      -0.7590161384724627,
      -0.917245311797611
    ],
    [
      -0.726029209769299,
      -0.8995280588091878
    ],
    [
      -0.6732727028448496,
      -0.8689981697520082
    ],
    [
      -0.6345562679186595,
      -0.8457354896372901
    ],
    [
      -0.5746842338041246,
      -0.8167801696843333
    ],
    [
      -0.5256389087568634,
      -0.7921836578263687
    ]
  ],
  "complexity": 0.23288042649640395
}