{
  "id": 3796,
  "wedge_count": 4,
  "parameters": {
    "rotation_speeds": [
      0.877136126866028,
      -0.6731099256147592,
      1.0145930859128507,
      1.5427915312243536
    ],
    "phi_x": [
      -3.4290277028817435,
      9.310192894452769,
      -1.0542917071311404,
      6.588012158739428
    ],
    "phi_y": [
      4.100359286363581,
      -10.900004183186923,
      8.465177044321752,
      -6.64423730068458
    ],
    "distances": [
      1.0,
      7.882808785438993,
      3.04816966993962,
      3.7123955422627346,
      6.158776890647326
    ],
    "refractive_indices": [
      1.0,
      1.5,
      1.5,
      1.5,
      1.5,
      1.0
    ],
    "wedgenum": 4
  },
  "pattern": [
    [
      1.9634608311621353,
      1.9160353775738193
    ],
    [
      1.9855922852575472,
      1.911861659343139
    ],
    [
      2.0163095936745776,
      1.8807419366874922
    ],
    [
      2.0005105014507327,
      1.924643742729765
    ],
    [
      2.0669636684061596,
      2.0204008445707675
    ],
    [
      2.062663858723644,
      1.9801805212856454
    ],
    [
      2.077535291839671,
      1.9801829228032635
    ],
    [
      1.9259750673211238,
      1.9662046090311904
    ],
    [
      1.8859127194514533,
      2.0639805187612015
    ],
    [
      1.9172525206079227,
      1.921761693624681
    ],
    [
      1.925676021219798,
      1.980598978765031
    ],
    [
      1.9729792453495545,
      1.901179617923055
    ],
    [
      1.7343326914895738,
      1.8550878412363168
    ],
    [
      1.8153358645184816,
      1.8344427879929919
    ],
    [
      1.8438396747871277,
      1.8648638959679076
    ],
    [
      1.7247131401605722,
      1.807224242890305
    ],
    [
      1.7647168730593306,
      1.6678436781827366
    ],
    [
      1.6048005190118433,
      1.6884999122442639
    ],
    [
      1.4695419442727229,
      1.728712141429038
    ],
    [
      1.4712421078034876,
      1.6043059443376149
    ],
    [
      1.4574087932088042,
      1.4911133950806459
    ],
    [
      1.320454318788217,
      1.4776645638421624
    ],
    [
      1.2982157571670543,
      1.447736809849804
    ],
    [
      1.2182237724804652,
      1.3414380131133852
    ],
    [
      1.0647740233997818,
      1.3529215080321402
    ],
    [
      0.9964920170209118,
      1.1793888657036886
    ],
    [
      0.9724527207892651,
      1.205344794808687
    ],
    [
      0.9072794189164661,
      1.0996793292969198
    ],
    [
      0.7390147391519717,
      1.031555245857129
    ],
    [
      0.6484898317888436,
      0.9418876357015717
    ],
    [
      0.6375139736577957,
      0.933691848968299
    ],
    [
      0.484502782569265,
      0.7420312913988012
    ],
    [
      0.3752124779331597,
      0.7509056978686066
    ],
    [
      0.23882862446444422,
      0.5669169966451101
    ],
    [
      0.14279925250003828,
      0.615266849294918
    ],
    [
      0.051981100872392924,
      0.40380291862697504
    ],
    [
      0.09115521546086007,
      0.283886640161901
    ],
    [
      -0.07332255548523484,
      0.21238781171094911
    ],
    [
      -0.08120773547857009,
      0.20576976500365105
    ],
    [
      -0.2997584783158679,
      0.15412236671112878
    ],
    [
      -0.1967777439829743,
      0.0618645131122307
    ],
    [
      -0.3830033180325207,
      -0.07021136880368298
    ],
    [
      -0.424278849177674,
      -0.20393298964024514
    ],
    [
      -0.6202759168033465,
      -0.22378779697812912
    ],
    [
      -0.655707490243746,
      -0.2766586341307796
    ],
    [
      -0.6829304926429812,
      -0.39049641081015635
    ],
    [
      -0.7314688088340658,
      -0.42667870237711986
    ],
    [
      -0.8885047770715127,
      -0.49978840701586363
    ],
    [
      -0.9838745740944321,
      -0.5975994540605136
    ],
    [
      -0.9774004445684055,
      -0.6175504479161136
    ],
    [
      -0.9216914618098377,
      -0.6926485101572756
    ],
    [
      -1.074075255236989,
      -0.7921914717925588
    ],
    [
      -1.1065045091317,
      -0.8094820949919811
    ],
    [
      -1.2073745768772337,
      -0.851755468221163
    ],
    [
      -1.118129496432236,
      -0.9415764279024781
    ],
    [
      -1.2086862579995528,
      -1.039670611921481
    ],
    [
      -1.338797865583714,
      -1.087351248497114
    ],
    [
      -1.3167756500725618,
      -1.178272869164517
    ],
    [
      -1.3157221052924053,
      -1.2310917246727346
    ],
    [
      -1.312223862205448,
      -1.103445488533567
    ]
  ],
  "complexity": 0.3149296430569352
}