{
  "id": 689,
  "wedge_count": 6,
  "parameters": {
    "rotation_speeds": [
      -2.810780730430973,
      -2.4660663328242673,
      2.934705037981341,
      1.2360577807982676,
      0.23901575797145114,
      -0.4184612183670211
    ],
    "phi_x": [
      3.032805265928168,
      -14.240740949859498,
      -6.314305546083995,
      1.0821993835477883,
      -8.003906636333467,
      -12.248492504503053
    ],
    "phi_y": [
      -11.053518932371851,
      6.452783936856658,
      12.161584974010427,
      4.337593845328417,
      3.4050759856317008,
      -10.38797030071183
    ],
    "distances": [
      1.0,
      5.2235592503396955,
      4.443635811920718,
      7.153670761408609,
      3.827046717862921,
      3.9658460341391573,
      6.523210745930077
    ],
    "refractive_indices": [
      1.0,
      1.5,
      1.5,
      1.5,
      1.5,
      1.5,
      1.5,
      1.0
    ],
    "wedgenum": 6
  },
  "pattern": [
    [
      3.7763844740165413,
      3.856633777256374
    ],
    [
      3.677020992280744,
      3.8342843156167072
    ],
    [
      3.8085879949252344,
      3.718459660474669
    ],
    [
      3.756236951587404,
      3.6002725992745845
    ],
    [
      3.6970551274711765,
      3.6624758802041355
    ],
    [
      3.623724230086358,
      3.6670831627589378
    ],
    [
      3.6268713774917622,
      3.518942943177954
    ],
    [
      3.497891771518388,
      3.468499736465658
    ],
    [
      3.4485190244553645,
      3.4428157873718503
    ],
    [
      3.3879705122804618,
      3.4255798959385015
    ],
    [
      3.2577216382025878,
      3.275509153900851
    ],
    [
      3.214689830383264,
      3.2869340414974815
    ],
    [
      3.0374713517973544,
      3.2105801535128946
    ],
    [
      3.023575107963487,
      3.0340312016326103
    ],
    [
      2.808385601518489,
      3.027451533674933
    ],
    [
      2.7181670273998297,
      2.939182557164009
    ],
    [
      2.599894559830262,
      2.802322449998209
    ],
    [
      2.4431837782902415,
      2.7327532354706823
    ],
    [
      2.3705309317292698,
      2.6438026636158454
    ],
    [
      2.223288405186692,
      2.5119151824058354
    ],
    [
      2.102229842361503,
      2.3276273290579392
    ],
    [
      2.074193590862445,
      2.292244983905525
    ],
    [
      1.9101960041251294,
      2.1387963126162015
    ],
    [
      1.7065137417653669,
      2.0700039552403724
    ],
    [
      1.660329901316881,
      1.9347483832256962
    ],
    [
      1.4673675235241264,
      1.9294390228651543
    ],
    [
      1.382105461308744,
      1.7785411625651648
    ],
    [
      1.2494179652938697,
      1.6185772258475082
    ],
    [
      1.17246551616462,
      1.4929691563620084
    ],
    [
      0.9965310536731413,
      1.3148547898104057
    ],
    [
      0.9052558426977925,
      1.2800563106139304
    ],
    [
      0.8416186194240068,
      1.2074005491109057
    ],
    [
      0.6785159945345162,
      1.0563708354713661
    ],
    [
      0.5701180355191441,
      0.9426289703794993
    ],
    [
      0.4617150466970773,
      0.898172654214314
    ],
    [
      0.3386857461077658,
      0.7933203256089572
    ],
    [
      0.3102125872415776,
      0.6749935205963092
    ],
    [
      0.19681923716772473,
      0.529937558163672
    ],
    [
      0.15701594135455327,
      0.43285222413421487
    ],
    [
      0.050767350651535106,
      0.4710135952571496
    ],
    [
      0.11288119161803778,
      0.40456350269950647
    ],
    [
      -0.028388802718226996,
      0.232936086944092
    ],
    [
      -0.10831069057999551,
      0.26163137225821925
    ],
    [
      -0.08902815218001368,
      0.17444395808666666
    ],
    [
      -0.11529634811068078,
      0.17660967029491276
    ],
    [
      -0.19099606990689974,
      0.021962892424221413
    ],
    [
      -0.13260712063358654,
      0.03711293949932343
    ],
    [
      -0.16294024412186534,
      -0.024679058491415235
    ],
    [
      -0.14698364699318367,
      -0.09617588590788939
    ],
    [
      -0.11985792645332141,
      -0.002892091987980891
    ],
    [
      -0.14019525727649493,
      -0.03876345531907879
    ],
    [
      -0.09169435898499823,
      -0.10315877140346673
    ],
    [
      -0.11110351398168428,
      -0.0879648002434052
    ],
    [
      -0.078750938749566,
      -0.16736457467058985
    ],
    [
      -0.016651895396566155,
      -0.1221603443469614
    ],
    [
      0.158747347203957,
      -0.1361567256986458
    ],
    [
      0.21986238715820972,
      -0.044301103094972955
    ],
    [
      0.18133990906651465,
      -0.0591217120961824
    ],
    [
      0.2962464607777172,
      -0.0026220936727797553
    ],
    [
      0.38494331475703114,
      0.05634717670320559
    ]
  ],
  "complexity": 0.3325336003332262
}