{
  "id": 3624,
  "wedge_count": 5,
  "parameters": {
    "rotation_speeds": [
      -2.7014754978301965,
      1.4836714286004824,
      -2.0137155090081453,
      1.7642070750699634,
      -2.1534106142357756
    ],
    "phi_x": [
      11.200608747690087,
      -14.434251314533027,
      4.436000656687035,
      -11.72802650200552,
      -4.942367556592414
    ],
    "phi_y": [
      -12.664994438453935,
      8.705851389462246,
      -5.093874886014987,
      -12.290645153204334,
      12.750481604026692
    ],
    "distances": [
      1.0,
      3.6765513842670874,
      4.203022626431773,
      4.319993785671914,
      7.768208548901012,
      4.082133085798253
    ],
    "refractive_indices": [
      1.0,
      1.5,
      1.5,
      1.5,
      1.5,
      1.5,
      1.0
    ],
    "wedgenum": 5
  },
  "pattern": [
    [
      4.306153720173226,
      4.160482607531657
    ],
    [
      4.1221004701716115,
      4.087935295560342
    ],
    [
      4.038777698004075,
      4.118296907865285
    ],
    [
      4.08625510468205,
      3.975629206793291
    ],
    [
      3.884131593122176,
      3.8654952172218597
    ],
    [
      3.7732506492801905,
      3.873287322382959
    ],
    [
      3.714911191887402,
      3.677961738628417
    ],
    [
      3.514098523659575,
      3.5601393840188402
    ],
    [
      3.385448155055969,
      3.442235423150013
    ],
    [
      3.2157601799117503,
      3.340172429858799
    ],
    [
      3.089860700477205,
      3.1452475899495735
    ],
    [
      2.9628975347537785,
      3.0569627337652454
    ],
    [
      2.9204484880647112,
      2.8639384272365427
    ],
    [
      2.647367130015161,
      2.7901149132349845
    ],
    [
      2.3531631738833525,
      2.6324454924441265
    ],
    [
      2.2689015373969568,
      2.4199532360147367
    ],
    [
      2.0786034369582445,
      2.35906736144143
    ],
    [
      1.9077365205204557,
      2.212547679301776
    ],
    [
      1.7458239038745782,
      2.007918551043628
    ],
    [
      1.5676514798992502,
      1.7854560246421514
    ],
    [
      1.3364710306937002,
      1.5900083057832124
    ],
    [
      1.1106903655089648,
      1.5704575953354487
    ],
    [
      0.9815108198257133,
      1.3279986009223297
    ],
    [
      0.7823825250459125,
      1.1199538945149015
    ],
    [
      0.6586130934908122,
      0.999329740133927
    ],
    [
      0.44985282465077253,
      0.7748780891338242
    ],
    [
      0.2834368436362715,
      0.71376836994857
    ],
    [
      0.10361238783882562,
      0.5354648983820737
    ],
    [
      -0.010045572826212108,
      0.36770267648735083
    ],
    [
      -0.18465211052126254,
      0.21022382149716043
    ],
    [
      -0.45834756136157156,
      -0.013186877638255268
    ],
    [
      -0.5940918700369555,
      -0.10467737697734525
    ],
    [
      -0.657911780868734,
      -0.17290015087921523
    ],
    [
      -0.8216244655317972,
      -0.2870459217565424
    ],
    [
      -1.0338060778543248,
      -0.5052923397504228
    ],
    [
      -1.0088588153346367,
      -0.5360016383538524
    ],
    [
      -1.2259718905400452,
      -0.8153465625671261
    ],
    [
      -1.203815622109934,
      -0.8258500833852003
    ],
    [
      -1.472484336101141,
      -0.9504589777285828
    ],
    [
      -1.5796810520357332,
      -1.052822010512255
    ],
    [
      -1.6417042775088764,
      -1.111951497740614
    ],
    [
      -1.7121673696915047,
      -1.2809946593587984
    ],
    [
      -1.8024060332095688,
      -1.4072446479199023
    ],
    [
      -1.765173074524459,
      -1.4288659397133523
    ],
    [
      -2.0291955748586896,
      -1.4074387318494679
    ],
    [
      -2.0462464107902636,
      -1.5206949357776747
    ],
    [
      -2.0373853001196403,
      -1.649965311918783
    ],
    [
      -2.0855736570411354,
      -1.703687237465834
    ],
    [
      -2.081658481644413,
      -1.7744010938553152
    ],
    [
      -2.213903484237529,
      -1.9338612312056132
    ],
    [
      -2.2164784174752543,
      -1.844281973899835
    ],
    [
      -2.275511746934495,
      -1.9285374429644047
    ],
    [
      -2.2426807111059253,
      -2.0064748794098652
    ],
    [
      -2.281225592689845,
      -2.1082321198275173
    ],
    [
      -2.266167557259194,
      -2.034286575424733
    ],
    [
      -2.270527871132324,
      -2.1071226154761575
    ],
    [
      -2.40347660738893,
      -2.0102615717464594
    ],
    [
      -2.2124338022151844,
      -2.140592574661277
    ],
    [
      -2.1650836535211333,
      -2.148337498091179
    ],
    [
      -2.198043790507484,
      -2.2244706419207887
    ]
  ],
  "complexity": 0.42209630648875107
}