{
  "id": 4402,
  "wedge_count": 2,
  "parameters": {
    "rotation_speeds": [
      -0.9221571380902054,
      2.3519593510339334
    ],
    "phi_x": [
      7.343183738043361,
      -6.52021293137372
    ],
    "phi_y": [
      -13.421729425986765,
      -12.189023531074113
    ],
    "distances": [
      1.0,
      3.3043931382574705,
      3.3714503188399645
    ],
    "refractive_indices": [
      1.0,
      1.5,
      1.5,
      1.0
    ],
    "wedgenum": 2
  },
  "pattern": [
    [
      1.015527169307469,
      1.085451552187312
    ],
    [
      1.1297772440117737,
      1.0870193531243746
    ],
    [
      1.131162757428768,
      1.1072632788906718
    ],
    [
      1.1462482094327329,
      1.1259568961107194
    ],
    [
      1.2001420562977678,
      1.152694110376154
    ],
    [
      1.217852141165146,
      1.1154201840251121
    ],
    [
      1.1536977762776561,
      1.2249320054761046
    ],
    [
      1.18249054573144,
      1.1074633359188988
    ],
    [
      1.1736026698888244,
      1.2095396996841041
    ],
    [
      1.2004427302808807,
      1.1849718223664278
    ],
    [
      1.1712533243154437,
      1.1714244070468336
    ],
    [
      1.2320994621489274,
      1.1065488018282426
    ],
    [
      1.1018886996932833,
      1.1945208188866305
    ],
    [
      1.1357518067875627,
      1.1382457235236108
    ],
    [
      1.0026194221015112,
      1.192617013117436
    ],
    [
      1.02477523026128,
      1.0243638111242432
    ],
    [
      0.9348155630431098,
      1.0875077826361803
    ],
    [
      0.9146933628519964,
      0.9375330766903679
    ],
    [
      0.8642866313824761,
      0.9588489850235828
    ],
    [
      0.7735778575666603,
      0.8937460316893322
    ],
    [
      0.7569276627446155,
      0.8420257016889101
    ],
    [
      0.681327341732972,
      0.8148496950388948
    ],
    [
      0.5180087305154704,
      0.7375603847026767
    ],
    [
      0.4823957343808919,
      0.7005769112530819
    ],
    [
      0.4518458315797274,
      0.6903177097172739
    ],
    [
      0.39862708445300155,
      0.5857670079743726
    ],
    [
      0.2866717162596716,
      0.4153344434363161
    ],
    [
      0.12573276801197786,
      0.4480785058304599
    ],
    [
      0.12706732273530832,
      0.39559554315866424
    ],
    [
      0.01322402534858505,
      0.2918430401697291
    ],
    [
      -0.15412467124300688,
      0.254043994434366
    ],
    [
      -0.21088402713813506,
      0.08500921549443408
    ],
    [
      -0.28700338500716943,
      0.0366352816636676
    ],
    [
      -0.43980973800096196,
      -0.12275104841081816
    ],
    [
      -0.5140182667966906,
      -0.12524246871107297
    ],
    [
      -0.7076066251798316,
      -0.20904649787286356
    ],
    [
      -0.6895890624442607,
      -0.2559820993951308
    ],
    [
      -0.835001828221096,
      -0.46635266451364354
    ],
    [
      -0.9601011895015754,
      -0.526236697388746
    ],
    [
      -0.9489276152421915,
      -0.5343026683453159
    ],
    [
      -1.0393518539999937,
      -0.7800826674951102
    ],
    [
      -1.0905101444049057,
      -0.8486960616317223
    ],
    [
      -1.168121787045249,
      -0.8421233133377871
    ],
    [
      -1.3663218939986814,
      -0.9566577995967271
    ],
    [
      -1.2685762982768969,
      -1.0775055695357632
    ],
    [
      -1.359370573114421,
      -1.1459439200934725
    ],
    [
      -1.5494072280719633,
      -1.1891985080763492
    ],
    [
      -1.640506403975373,
      -1.2621596212227815
    ],
    [
      -1.6643954285718308,
      -1.3726521777437495
    ],
    [
      -1.7826964466737332,
      -1.3959059525991215
    ],
    [
      -1.7741192378885493,
      -1.5287163835428732
    ],
    [
      -1.8120126280089603,
      -1.5400357928516788
    ],
    [
      -1.9103629675708804,
      -1.6756701017749238
    ],
    [
      -1.8237817803385843,
      -1.5961271180539844
    ],
    [
      -1.8558949514128977,
      -1.7425634682585394
    ],
    [
      -1.8157806817728082,
      -1.7161664905993783
    ],
    [
      -1.8971020528484068,
      -1.7951880103590314
    ],
    [
      -1.870895688741803,
      -1.7965592590016852
    ],
    [
      -2.0107154245438084,
      -1.853889845654735
    ],
    [
      -1.9314686795404437,
      -1.8638349361279205
    ]
  ],
  "complexity": 0.31046164140540394
}