{
  "id": 4694,
  "wedge_count": 5,
  "parameters": {
    "rotation_speeds": [
      0.9773921268652739,
      -2.701213227171768,
      -1.0809551840551903,
      1.6444478320121991,
      -0.6478688697618562
    ],
    "phi_x": [
      -6.593221207096613,
      -3.0076246177430903,
      -3.599175236442324,
      5.441024934706821,
      -14.18105810716427
    ],
    "phi_y": [
      -4.470408012498389,
      -0.18077300926615436,
      -5.066141271562323,
      -1.6222804217400562,
      6.410672053448376
    ],
    "distances": [
      1.0,
      7.9605843541784544,
      5.617605714471385,
      7.4066997683408715,
      5.183663025789341,
      5.629761332700356
    ],
    "refractive_indices": [
      1.0,
      1.5,
      1.5,
      1.5,
      1.5,
      1.5,
      1.0
    ],
    "wedgenum": 5
  },
  "pattern": [
    [
      2.3685432478369863,
      2.385242593049937
    ],
    [
      2.3977151025944448,
      2.392615432678027
    ],
    [
      2.3100787023418348,
      2.384831001071585
    ],
    [
      2.3328018594253077,
      2.4154029845645906
    ],
    [
      2.3401019532387872,
      2.3922883832552033
    ],
    [
      2.3036348822679504,
      2.311419761482496
    ],
    [
      2.388934325105465,
      2.3724520672434206
    ],
    [
      2.383483639235051,
      2.3498672180378124
    ],
    [
      2.3365089484204997,
      2.4738580323170187
    ],
    [
      2.158322661772871,
      2.2994040921056897
    ],
    [
      2.315361342421698,
      2.348054707323466
    ],
    [
      2.2781021773420997,
      2.3080282376410195
    ],
    [
      2.2598529905736524,
      2.2654783652141566
    ],
    [
      2.21354960407553,
      2.3404054478137932
    ],
    [
      2.2608652740844666,
      2.281602357658875
    ],
    [
      2.173812961586216,
      2.172820652088615
    ],
    [
      2.066357332065565,
      2.287312772007415
    ],
    [
      2.071262748141701,
      2.1361738673334294
    ],
    [
      2.145614075443524,
      2.181779016169774
    ],
    [
      2.027186653064116,
      2.143517690702501
    ],
    [
      1.918431889507798,
      2.1879551879187544
    ],
    [
      1.9762561741844726,
      2.0386579979378814
    ],
    [
      1.8500672843042807,
      2.0348610688574196
    ],
    [
      1.9029653792187997,
      2.1305537754594797
    ],
    [
      1.8715010587064063,
      1.9863074733057637
    ],
    [
      1.8465631608829365,
      2.034304338767091
    ],
    [
      1.7319400518225665,
      1.8834008746018458
    ],
    [
      1.7553645805638403,
      1.825263487205004
    ],
    [
      1.6554787978473284,
      1.8752852653870709
    ],
    [
      1.7151993668398713,
      1.7735288367486772
    ],
    [
      1.579985385973246,
      1.7330118911875942
    ],
    [
      1.531974996209955,
      1.7539443203671647
    ],
    [
      1.5288217881136013,
      1.6576359452874267
    ],
    [
      1.4372061070267665,
      1.6247447566394642
    ],
    [
      1.3139148718425764,
      1.5809668949137687
    ],
    [
      1.4242127033014667,
      1.5941275335256568
    ],
    [
      1.3155557872917583,
      1.5389375027152297
    ],
    [
      1.2623474603273481,
      1.3618154732067973
    ],
    [
      1.2104573895474136,
      1.4323565535206872
    ],
    [
      1.2529952942964908,
      1.3373660694094958
    ],
    [
      1.0782110455989153,
      1.2785612941069446
    ],
    [
      1.1270547948580518,
      1.2207067750795633
    ],
    [
      1.107882780230245,
      1.2194623678996588
    ],
    [
      1.0083662050995845,
      1.1905809430014942
    ],
    [
      0.8671833067309991,
      1.144493332267506
    ],
    [
      0.8918726067162878,
      1.1307489848669383
    ],
    [
      0.8655030441318492,
      1.131941147527327
    ],
    [
      0.8802586237798268,
      1.0032354596706003
    ],
    [
      0.7658024758381721,
      0.942103767191425
    ],
    [
      0.8665742273526038,
      0.974217550005299
    ],
    [
      0.7173722787406794,
      0.8684514202694567
    ],
    [
      0.7306046081225691,
      0.8367800599783184
    ],
    [
      0.621260105899632,
      0.8128102517668474
    ],
    [
      0.626041830214508,
      0.7775407823433038
    ],
    [
      0.6182443360311444,
      0.6442514759605585
    ],
    [
      0.5206429929832022,
      0.698002267288852
    ],
    [
      0.5396365675759585,
      0.6750750056857684
    ],
    [
      0.5797929744384839,
      0.6378881137794817
    ],
    [
      0.37771811172538544,
      0.542509911963966
    ],
    [
      0.43491550684762376,
      0.6214541810285932
    ]
  ],
  "complexity": 0.2745693269211388
}