{
  "id": 3394,
  "wedge_count": 4,
  "parameters": {
    "rotation_speeds": [
      -1.79411054307989,
      1.8849335359568613,
      1.4840592461718911,
      -1.7938762785003963
    ],
    "phi_x": [
      10.594768462702959,
      8.167698054027454,
      -5.507390247562192,
      3.185792404843429
    ],
    "phi_y": [
      -5.0727818439371966,
      12.009003403171807,
      5.601021676031888,
      -7.286710498592743
    ],
    "distances": [
      1.0,
      3.644528842619369,
      3.8529803779628935,
      2.2356433340670567,
      6.148267739499609
    ],
    "refractive_indices": [
      1.0,
      1.5,
      1.5,
      1.5,
      1.5,
      1.0
    ],
    "wedgenum": 4
  },
  "pattern": [
    [
      2.464674319965479,
      2.3222385349879677
    ],
    [
      2.35653376968892,
      2.443560734754927
    ],
    [
      2.3745639719567824,
      2.35995730700297
    ],
    [
      2.4013557548064726,
      2.3630229778605343
    ],
    [
      2.3931884624101327,
      2.3733395872178984
    ],
    [
      2.41210999232249,
      2.4516713718682706
    ],
    [
      2.2870526366921426,
      2.194121553226973
    ],
    [
      2.2002332646003406,
      2.2371021747133426
    ],
    [
      2.263275508185211,
      2.229609050593115
    ],
    [
      2.217131226563047,
      2.141139409357191
    ],
    [
      2.0820106869516244,
      2.0228758875370825
    ],
    [
      2.065996782437414,
      2.095906145285726
    ],
    [
      1.932917602315882,
      1.9954771531162432
    ],
    [
      1.8182503490173207,
      1.8651376120120775
    ],
    [
      1.7129505705359662,
      1.8191567703535605
    ],
    [
      1.593031239902872,
      1.7411377058179107
    ],
    [
      1.3675758373986087,
      1.700484361706256
    ],
    [
      1.288403153666134,
      1.51831408686777
    ],
    [
      1.0927878273546492,
      1.4392452787659218
    ],
    [
      1.0752725808497545,
      1.3867596731111005
    ],
    [
      0.8817556745276508,
      1.2224724950217247
    ],
    [
      0.6429455256016855,
      1.0628342171982335
    ],
    [
      0.4991854247794635,
      1.0053697461146447
    ],
    [
      0.36688941426878224,
      0.7477769543091939
    ],
    [
      0.2628268531951538,
      0.533498010065042
    ],
    [
      0.036999018813742235,
      0.5330259456508732
    ],
    [
      -0.10356008373921628,
      0.3195708857839775
    ],
    [
      -0.20138305976198145,
      0.3305999912506191
    ],
    [
      -0.37958113235581303,
      0.10563112684259787
    ],
    [
      -0.4641269306124075,
      -0.100857717407601
    ],
    [
      -0.6110573258116803,
      -0.11805064067662946
    ],
    [
      -0.849421814341458,
      -0.37695969491011105
    ],
    [
      -0.9671666345315413,
      -0.42252628279833626
    ],
    [
      -1.14293713496662,
      -0.5653351160362081
    ],
    [
      -1.1720510673553857,
      -0.7919119646139609
    ],
    [
      -1.3666807459651555,
      -0.8410784814100425
    ],
    [
      -1.4403063107911809,
      -0.9429240833055168
    ],
    [
      -1.6160510035399336,
      -1.0583409439348825
    ],
    [
      -1.7460922490687916,
      -1.183409883711145
    ],
    [
      -1.7938426831253413,
      -1.3861132375968874
    ],
    [
      -1.9235020432138599,
      -1.5404524651591873
    ],
    [
      -2.0838070766472776,
      -1.4986529112721803
    ],
    [
      -2.1825306328545846,
      -1.6839973304603364
    ],
    [
      -2.3466443769071508,
      -1.7400737299910534
    ],
    [
      -2.2759168223772117,
      -1.8931462506361414
    ],
    [
      -2.2850039779615727,
      -1.9606399791726012
    ],
    [
      -2.333850781964604,
      -2.072588873678063
    ],
    [
      -2.3146752395632446,
      -2.141450839116721
    ],
    [
      -2.41990316529851,
      -2.1657677297489353
    ],
    [
      -2.3985609235724095,
      -2.172985815381774
    ],
    [
      -2.3846676131705293,
      -2.1843690063335974
    ],
    [
      -2.4036716708600854,
      -2.2934265723763874
    ],
    [
      -2.35593223046205,
      -2.394760038568074
    ],
    [
      -2.433918566113002,
      -2.3546556937490237
    ],
    [
      -2.398043730275599,
      -2.3819237892348624
    ],
    [
      -2.360166509886328,
      -2.395469089849894
    ],
    [
      -2.2048498130040546,
      -2.3463442401169985
    ],
    [
      -2.124022252114608,
      -2.3710989247911507
    ],
    [
      -2.100479833713425,
      -2.4183478211408684
    ],
    [
      -1.9441617617333062,
      -2.2572005950730203
    ]
  ],
  "complexity": 0.3765531148229355
}