{
  "id": 740,
  "wedge_count": 2,
  "parameters": {
    "rotation_speeds": [
      -0.9410343155041572,
      0.03003585572969003
    ],
    "phi_x": [
      -11.290483075554517,
      -3.3013627440130158
    ],
    "phi_y": [
      -4.973357250396804,
      -9.708833700528267
    ],
    "distances": [
      1.0,
      2.029536697829048,
      2.742028283133312
    ],
    "refractive_indices": [
      1.0,
      1.5,
      1.5,
      1.0
    ],
    "wedgenum": 2
  },
  "pattern": [
    [
      1.128250200228744,
      1.1625961287246864
    ],
    [
      1.0352675057118539,
      1.043000282689032
    ],
    [
      1.074861868063851,
      1.0583223041108791
    ],
    [
      1.089466466357286,
      1.0447980322949844
    ],
    [
      0.9819180832508516,
      0.9820530316834557
    ],
    [
      0.9421644144692808,
      0.9391173860418013
    ],
    [
      0.974567481044754,
      0.9124590759323324
    ],
    [
      0.8554705039085535,
      0.8526191944632568
    ],
    [
      0.83740156342523,
      0.8285616696936122
    ],
    [
      0.7916775450492158,
      0.8513491517483385
    ],
    [
      0.7450041928584106,
      0.8016319654225909
    ],
    [
      0.6571952843472267,
      0.7498504170369994
    ],
    [
      0.6076147379453416,
      0.7320664038126532
    ],
    [
      0.586662038909437,
      0.6420649484493731
    ],
    [
      0.5153802093844836,
      0.5763826125959053
    ],
    [
      0.4771947166823418,
      0.571538514900649
    ],
    [
      0.3908176294997341,
      0.500003864684434
    ],
    [
      0.39211065421401553,
      0.41547462706129284
    ],
    [
      0.3054478870265334,
      0.4228243556691689
    ],
    [
      0.27421593434173575,
      0.3414107821290463
    ],
    [
      0.2425744861429292,
      0.2832346877943288
    ],
    [
      0.15320065893215162,
      0.29456980043530095
    ],
    [
      0.10614839428608128,
      0.2391997965484519
    ],
    [
      0.049509667196128745,
      0.2112300990542386
    ],
    [
      0.03548219034420695,
      0.14152965829055247
    ],
    [
      0.008203819065100527,
      0.12403105457201322
    ],
    [
      -0.008687923381909102,
      0.021220911746621635
    ],
    [
      -0.10272888116963631,
      -0.024695172789842425
    ],
    [
      -0.13891702312989324,
      -0.05225444600455185
    ],
    [
      -0.17545330970445924,
      -0.09084312827375494
    ],
    [
      -0.18747717055057528,
      -0.07859831800364175
    ],
    [
      -0.2440938243982982,
      -0.16578656319843582
    ],
    [
      -0.2972993646630967,
      -0.1789057986381633
    ],
    [
      -0.272772279266186,
      -0.1859739158946042
    ],
    [
      -0.2909265666063695,
      -0.19382835475103052
    ],
    [
      -0.3551325622824735,
      -0.22443148225891396
    ],
    [
      -0.2816853516892686,
      -0.2719921862457162
    ],
    [
      -0.36279125300844534,
      -0.2787102503738764
    ],
    [
      -0.3052051244860887,
      -0.3042387569498788
    ],
    [
      -0.35548386979986,
      -0.35269796446856894
    ],
    [
      -0.42431057202560785,
      -0.2534349947433097
    ],
    [
      -0.35408417555650146,
      -0.361557689984505
    ],
    [
      -0.313578667499977,
      -0.2837751591055377
    ],
    [
      -0.27841339969682133,
      -0.3142158420050531
    ],
    [
      -0.31073711017423566,
      -0.3472568645299887
    ],
    [
      -0.2509395852502515,
      -0.3626997636982996
    ],
    [
      -0.19483733735616912,
      -0.3467993718710844
    ],
    [
      -0.2641220158215583,
      -0.29257599727278033
    ],
    [
      -0.19155324435915216,
      -0.23844332244665917
    ],
    [
      -0.16712507515168606,
      -0.2803909282770051
    ],
    [
      -0.16589425681854586,
      -0.2076949574313002
    ],
    [
      -0.07252489829882171,
      -0.27272252808161107
    ],
    [
      -0.07493160746552112,
      -0.2236468256527223
    ],
    [
      0.020615662270114944,
      -0.1896387011144679
    ],
    [
      0.029873997730784543,
      -0.22141641585926808
    ],
    [
      0.0444978752245544,
      -0.1472015251001396
    ],
    [
      0.10158216708171242,
      -0.07242103596276603
    ],
    [
      0.12397749910147088,
      -0.07029284548395587
    ],
    [
      0.1238168365888977,
      -0.050409635327762777
    ],
    [
      0.23144049973527148,
      -0.011282924934919118
    ]
  ],
  "complexity": 0.2112796777530869
}