{
  "id": 4911,
  "wedge_count": 3,
  "parameters": {
    "rotation_speeds": [
      -2.2611028286760293,
      0.924875183435363,
      2.4626545893882232
    ],
    "phi_x": [
      -3.7844514714081345,
      -4.276653207060283,
      8.737660749007993
    ],
    "phi_y": [
      1.1792463626377767,
      5.376367633049217,
      0.8502688890443473
    ],
    "distances": [
      1.0,
      3.544905119613202,
      4.3090617436417995,
      5.619330091354922
    ],
    "refractive_indices": [
      1.0,
      1.5,
      1.5,
      1.5,
      1.0
    ],
    "wedgenum": 3
  },
  "pattern": [
    [
      1.1097142743516453,
      1.144244077657827
    ],
    [
      1.1922795260133392,
      1.1452037364430792
    ],
    [
      1.1571872418946931,
      1.1521951151439807
    ],
    [
      1.1338021108754643,
      1.0645543049084303
    ],
    [
      1.0656140162808285,
      1.128493398659919
    ],
    [
      1.1065026481614573,
      1.1040544189280759
    ],
    [
      1.0785470019998313,
      1.0160036876448264
    ],
    [
      0.9893196691924283,
      1.154630218399215
    ],
    [
      1.0246519452685323,
      1.065705044443925
    ],
    [
      0.90348034022082,
      1.0244421454090706
    ],
    [
      0.9742816202103002,
      0.9949701658204269
    ],
    [
      0.8515719885506345,
      0.8823213042567006
    ],
    [
      0.8106813572607208,
      0.8705700322760739
    ],
    [
      0.8441446086617389,
      0.86457601593661
    ],
    [
      0.6972380182621282,
      0.7788466635248077
    ],
    [
      0.7355802884593163,
      0.7986818273204258
    ],
    [
      0.697766565033707,
      0.7359713692434207
    ],
    [
      0.5600811620092351,
      0.7226254284427528
    ],
    [
      0.5297063753560901,
      0.6186431186248925
    ],
    [
      0.46022666315479815,
      0.7157135166272705
    ],
    [
      0.41600870460856354,
      0.5692259554220374
    ],
    [
      0.3162224046717262,
      0.5643210215936391
    ],
    [
      0.35111603076159725,
      0.4371734216309924
    ],
    [
      0.24276795459855244,
      0.32867819834904055
    ],
    [
      0.20367555260901324,
      0.43054335428773816
    ],
    [
      0.14696131817107294,
      0.2955324071139271
    ],
    [
      0.11545725579362329,
      0.20278286929514908
    ],
    [
      0.05983264688616601,
      0.18147601428507398
    ],
    [
      0.1206583852776108,
      0.20615581521985518
    ],
    [
      0.01744552356482082,
      0.083406501922376
    ],
    [
      -0.11124215941031929,
      0.1272593074155872
    ],
    [
      -0.14948786052424629,
      0.0244406417886334
    ],
    [
      -0.16688621478607965,
      -0.08829347020919193
    ],
    [
      -0.27744330283255714,
      -0.06870650832575859
    ],
    [
      -0.21083775674414165,
      -0.06821918673572067
    ],
    [
      -0.25029250724298574,
      -0.14253211577006988
    ],
    [
      -0.258831457117017,
      -0.27237550424450696
    ],
    [
      -0.31336001814521885,
      -0.25649036864658653
    ],
    [
      -0.4556072940928054,
      -0.26119512437435993
    ],
    [
      -0.2759205621588041,
      -0.2558748232670337
    ],
    [
      -0.41121323159645984,
      -0.28969975140676396
    ],
    [
      -0.4081045771489008,
      -0.23384430272208584
    ],
    [
      -0.3989687726609679,
      -0.3381893854461679
    ],
    [
      -0.4622448260656168,
      -0.3653207234293477
    ],
    [
      -0.3405227984677927,
      -0.34790414832196703
    ],
    [
      -0.41633215358958703,
      -0.4090734055050016
    ],
    [
      -0.46101672390795406,
      -0.374754104377877
    ],
    [
      -0.40675161101510426,
      -0.43450439955787346
    ],
    [
      -0.3583526571686598,
      -0.40211596341446876
    ],
    [
      -0.25430044414623426,
      -0.43235030880825653
    ],
    [
      -0.24533978356114916,
      -0.37460504811760725
    ],
    [
      -0.40669044349201233,
      -0.4540479321372464
    ],
    [
      -0.3138917635424101,
      -0.4120413817486852
    ],
    [
      -0.34325351992092223,
      -0.3794649054621915
    ],
    [
      -0.28414673025203463,
      -0.4158048987750342
    ],
    [
      -0.19007906655060763,
      -0.323283483309944
    ],
    [
      -0.203374533791444,
      -0.3205947894343383
    ],
    [
      -0.19154979481371448,
      -0.4131177739355132
    ],
    [
      -0.1742258244283012,
      -0.2999995491985299
    ],
    [
      -0.10101785475128594,
      -0.30092699983702464
    ]
  ],
  "complexity": 0.20256522960446513
}