{
  "id": 1241,
  "wedge_count": 1,
  "parameters": {
    "rotation_speeds": [
      1.7899407491104675
    ],
    "phi_x": [
      1.7529642365672977
    ],
    "phi_y": [
      11.653521777814117
    ],
    "distances": [
      1.0,
      7.489251075093397
    ],
    "refractive_indices": [
      1.0,
      1.5,
      1.0
    ],
    "wedgenum": 1
  },
  "pattern": [
    [
      0.11817518139395894,
      0.1303427452875634
    ],
    [
      0.17462797451949144,
      0.1709263140594759
    ],
    [
      0.22756733744035731,
      0.21901912293665804
    ],
    [
      0.2908431583427119,
      0.2708306742169083
    ],
    [
      0.33934860517313375,
      0.31684665704045445
    ],
    [
      0.39687055028795015,
      0.365347689426465
    ],
    [
      0.4479667082156961,
      0.4200724432903761
    ],
    [
      0.4922216494771873,
      0.46854950366924375
    ],
    [
      0.5378784068639539,
      0.5028039760097238
    ],
    [
      0.5784102152047373,
      0.5399060372665354
    ],
    [
      0.6257844123847192,
      0.5934529526338095
    ],
    [
      0.6525765283535172,
      0.6163978070370801
    ],
    [
      0.697632690649079,
      0.6541450154154455
    ],
    [
      0.7153256600178179,
      0.6908986664639949
    ],
    [
      0.7292153602475551,
      0.7096542042055767
    ],
    [
      0.7628741657115458,
      0.7383268429826613
    ],
    [
      0.777898140380793,
      0.7534602068096674
    ],
    [
      0.7866344359142488,
      0.771066619982184
    ],
    [
      0.8028777947224579,
      0.773173224503924
    ],
    [
      0.8017958841758185,
      0.7822054503500733
    ],
    [
      0.7980389652934762,
      0.8029151623919085
    ],
    [
      0.7875885195294782,
      0.7996975752413887
    ],
    [
      0.7897942853965203,
      0.796267072331352
    ],
    [
      0.766811158976333,
      0.7978727953462472
    ],
    [
      0.7420940789073472,
      0.7763115487237959
    ],
    [
      0.7297788779343974,
      0.781768222669302
    ],
    [
      0.6996630190302435,
      0.7601332019719235
    ],
    [
      0.6694643414942187,
      0.7451038165081457
    ],
    [
      0.6329580524415536,
      0.7142031817821662
    ],
    [
      0.6012540995431037,
      0.6946268923412847
    ],
    [
      0.5622851571341183,
      0.6651018373920144
    ],
    [
      0.5111109761042313,
      0.6302007437849423
    ],
    [
      0.47000044922222634,
      0.6002330090312191
    ],
    [
      0.4271214568075031,
      0.5594662615526161
    ],
    [
      0.3636652943616815,
      0.5221694499559039
    ],
    [
      0.3115619157982258,
      0.4810786849972161
    ],
    [
      0.2630838379196151,
      0.430352728304701
    ],
    [
      0.19642120026833068,
      0.38295841750465603
    ],
    [
      0.13469748089574302,
      0.3371951233920504
    ],
    [
      0.08225610643064608,
      0.2842360009204958
    ],
    [
      0.01941667643243207,
      0.23931490580728737
    ],
    [
      -0.05082512065195101,
      0.19293750458970219
    ],
    [
      -0.10232164252876381,
      0.12606500915429453
    ],
    [
      -0.16678815648682987,
      0.0637384005524204
    ],
    [
      -0.222160106668486,
      0.02365813022616745
    ],
    [
      -0.28279387807537854,
      -0.043795299146202685
    ],
    [
      -0.33891553101690136,
      -0.09335426867504444
    ],
    [
      -0.384031466414264,
      -0.1480717968646243
    ],
    [
      -0.4424283234853582,
      -0.1993085029839661
    ],
    [
      -0.499388650163187,
      -0.25266337070820094
    ],
    [
      -0.5358034243740415,
      -0.3129384521240195
    ],
    [
      -0.5898109730052593,
      -0.3555687918931532
    ],
    [
      -0.6319206762215142,
      -0.40572487058189305
    ],
    [
      -0.6752016516907526,
      -0.462341940374654
    ],
    [
      -0.7054075230039824,
      -0.50402829394443
    ],
    [
      -0.7293342117280922,
      -0.5587002321496882
    ],
    [
      -0.7609591959358897,
      -0.5872706366492187
    ],
    [
      -0.7837506982115812,
      -0.6190907291499889
    ],
    [
      -0.8043915787567225,
      -0.6618689991989973
    ],
    [
      -0.8112338461950935,
      -0.6898382144906325
    ]
  ],
  "complexity": 0.20514327101380234
}