{
  "id": 1206,
  "wedge_count": 5,
  "parameters": {
    "rotation_speeds": [
      -2.0700427603009866,
      -2.7936430336685136,
      2.2750292810835306,
      -2.5205471934493873,
      2.859075894158276
    ],
    "phi_x": [
      2.4672548418873816,
      12.162528290282072,
      12.848567700808626,
      11.46921926987445,
      8.09915857437121
    ],
    "phi_y": [
      12.70616053539906,
      6.774413576604719,
      -2.0763450870291003,
      -0.9432030314310769,
      2.6278833584309957
    ],
    "distances": [
      1.0,
      2.8716544998797637,
      2.5368095691945474,
      4.660477446988534,
      5.055162452575111,
      4.155583984734353
    ],
    "refractive_indices": [
      1.0,
      1.5,
      1.5,
      1.5,
      1.5,
      1.5,
      1.0
    ],
    "wedgenum": 5
  },
  "pattern": [
    [
      3.0928189136548587,
      3.137054430654463
    ],
    [
      3.020439758055228,
      3.1554591799054394
    ],
    [
      2.831804199652627,
      2.9649078292640594
    ],
    [
      2.775902872897771,
      2.9049490076581486
    ],
    [
      2.6503138753684516,
      2.8447119292846534
    ],
    [
      2.5806578025224054,
      2.702500691666933
    ],
    [
      2.4658625574178363,
      2.625256855356702
    ],
    [
      2.369762185545996,
      2.5303479763126413
    ],
    [
      2.057124698564289,
      2.3475917147768914
    ],
    [
      2.0071366026618453,
      2.1601377323733253
    ],
    [
      1.8835535608750738,
      1.9851269512776515
    ],
    [
      1.7785459272308466,
      1.8520984785340864
    ],
    [
      1.3914774728066488,
      1.7723747974631454
    ],
    [
      1.2441967570730899,
      1.5551642032512867
    ],
    [
      1.02413700277101,
      1.3964364134034462
    ],
    [
      0.8691390318786113,
      1.2204685734136942
    ],
    [
      0.7261258393290058,
      1.021064954317398
    ],
    [
      0.4590807881757729,
      0.9388085294874742
    ],
    [
      0.3263942083779323,
      0.7265767582718056
    ],
    [
      0.0650792246977324,
      0.4650084436585633
    ],
    [
      -0.03581744353314551,
      0.3692399403673947
    ],
    [
      -0.25707237404467104,
      0.19433163061065606
    ],
    [
      -0.5501348299679408,
      0.0019727654768971342
    ],
    [
      -0.6544699868308419,
      -0.33982925366370215
    ],
    [
      -0.8703457112637937,
      -0.3442307685705595
    ],
    [
      -1.0852657010428568,
      -0.5851704655106239
    ],
    [
      -1.2570305814492955,
      -0.7765952020351156
    ],
    [
      -1.5057682321696944,
      -0.9040422097900211
    ],
    [
      -1.6308355336877112,
      -1.0745302436226052
    ],
    [
      -1.816590893770508,
      -1.2394145437088877
    ],
    [
      -1.9458538703542856,
      -1.421883487858416
    ],
    [
      -2.094365254507158,
      -1.6511265170821297
    ],
    [
      -2.189589181502848,
      -1.7307271614978426
    ],
    [
      -2.399439061929544,
      -1.9373585092405925
    ],
    [
      -2.4847884985408766,
      -2.028999257742537
    ],
    [
      -2.6718845297113063,
      -2.16639221939644
    ],
    [
      -2.843375308480536,
      -2.305365066898879
    ],
    [
      -2.89280545833638,
      -2.4128335088898445
    ],
    [
      -2.9754785065743983,
      -2.556224707645576
    ],
    [
      -2.987218865645709,
      -2.6273650046738197
    ],
    [
      -3.060296491620198,
      -2.7743002999525213
    ],
    [
      -3.1795171773790707,
      -2.8658043108388735
    ],
    [
      -3.131940682759148,
      -2.94222509376811
    ],
    [
      -3.209061483669942,
      -2.998801375182034
    ],
    [
      -3.2623080101793254,
      -3.0281230977850617
    ],
    [
      -3.1753048723957455,
      -3.167997564848061
    ],
    [
      -3.2559835678675655,
      -3.1861375188022376
    ],
    [
      -3.1653495328608487,
      -3.201670993793327
    ],
    [
      -3.195709888702826,
      -3.282735296971976
    ],
    [
      -3.1100640520225515,
      -3.2434235257955817
    ],
    [
      -3.126197821090446,
      -3.261371619644421
    ],
    [
      -3.04769763348886,
      -3.3084522825338243
    ],
    [
      -3.0330510028125555,
      -3.242539598227581
    ],
    [
      -2.9548695730519663,
      -3.2000236670327737
    ],
    [
      -2.7479984616093387,
      -3.1684830905360406
    ],
    [
      -2.7962350512943512,
      -3.069859390926528
    ],
    [
      -2.539394233370024,
      -3.151013652376309
    ],
    [
      -2.4309079005348453,
      -3.100469232556716
    ],
    [
      -2.3537301513647395,
      -2.933357675626271
    ],
    [
      -2.1893802170096577,
      -2.810558762570659
    ]
  ],
  "complexity": 0.4247927535597569
}