{
  "id": 4653,
  "wedge_count": 5,
  "parameters": {
    "rotation_speeds": [
      -2.5702143848481596,
      -0.0787445678390033,
      1.9936763315734432,
      2.109006772727362,
      0.9332596915893352
    ],
    "phi_x": [
      -5.090263433143985,
      -4.386577903901154,
      -1.2475824557440411,
      -6.665840699737814,
      -0.960651429122203
    ],
    "phi_y": [
      6.155117913093584,
      -8.425684567406257,
      -4.37306774529698,
      14.373666088430305,
      -10.150429783273637
    ],
    "distances": [
      1.0,
      7.804463606707273,
      6.258380306079319,
      3.206486388882274,
      6.203197247759915,
      2.925820647896123
    ],
    "refractive_indices": [
      1.0,
      1.5,
      1.5,
      1.5,
      1.5,
      1.5,
      1.0
    ],
    "wedgenum": 5
  },
  "pattern": [
    [
      2.407138401288934,
      2.429154271907378
    ],
    [
      2.527905433035873,
      2.432870756923014
    ],
    [
      2.467300911354683,
      2.374249389640759
    ],
    [
      2.577230856771198,
      2.490770420582411
    ],
    [
      2.4404036545511785,
      2.3603124030591367
    ],
    [
      2.3901489419365882,
      2.4319218506551388
    ],
    [
      2.467182630764317,
      2.5428157156846747
    ],
    [
      2.513290222417039,
      2.4441721265534047
    ],
    [
      2.3784854354628173,
      2.4585439994754377
    ],
    [
      2.4751359861827416,
      2.4640795320015605
    ],
    [
      2.391929295736449,
      2.3737239950678792
    ],
    [
      2.439560434577622,
      2.4850720038746794
    ],
    [
      2.316224571520168,
      2.370679660583738
    ],
    [
      2.30606922453329,
      2.342555734383876
    ],
    [
      2.300445072677935,
      2.3331640520419517
    ],
    [
      2.2072347964704564,
      2.30938148559293
    ],
    [
      2.1079068008012727,
      2.2783934833172648
    ],
    [
      2.09009884111731,
      2.1899451410071404
    ],
    [
      2.0181348064812332,
      2.174701462107242
    ],
    [
      1.9686996468117985,
      2.080869874805289
    ],
    [
      1.8891403232442654,
      2.0704034381401897
    ],
    [
      1.8477150450103133,
      1.950770246117937
    ],
    [
      1.8010780591421403,
      1.8614655854282571
    ],
    [
      1.6097968755194376,
      1.8124336768448692
    ],
    [
      1.5993068567425708,
      1.7197829909902584
    ],
    [
      1.4796164629671904,
      1.675842456502634
    ],
    [
      1.3496937231177537,
      1.6647253599730591
    ],
    [
      1.3123202742660371,
      1.5393267282062852
    ],
    [
      1.3178045310493531,
      1.5487508005356616
    ],
    [
      1.1885401254389303,
      1.489104504943752
    ],
    [
      1.1146005637148364,
      1.2749931204053633
    ],
    [
      0.9990084560550344,
      1.3166277128010353
    ],
    [
      0.9147713314740936,
      1.230319179187249
    ],
    [
      0.8116177080361019,
      1.2254779466446524
    ],
    [
      0.7372717299663496,
      1.0726922151801523
    ],
    [
      0.7083165401890004,
      1.0766359344376741
    ],
    [
      0.5271896860734318,
      0.9047689275626573
    ],
    [
      0.41403110746763366,
      0.8390111568996211
    ],
    [
      0.37403104152866995,
      0.8175284009411848
    ],
    [
      0.3315570575691876,
      0.7458181887805853
    ],
    [
      0.1596718884399796,
      0.6776966179614345
    ],
    [
      0.1789335742716931,
      0.6684342025427763
    ],
    [
      -0.015083463990291701,
      0.5281423334569244
    ],
    [
      -0.004369793557806784,
      0.3165899448893401
    ],
    [
      -0.0529950332422808,
      0.34754498597697336
    ],
    [
      -0.057811915401164565,
      0.21721305130932236
    ],
    [
      -0.17534813202532123,
      0.21917721481866445
    ],
    [
      -0.2126278640992492,
      0.097389273288687
    ],
    [
      -0.2569882952263526,
      0.17960592159273103
    ],
    [
      -0.34285138711006147,
      0.07396383581412885
    ],
    [
      -0.37419186375143065,
      -0.084721666230127
    ],
    [
      -0.47579484831359115,
      -0.08415633945749207
    ],
    [
      -0.4108122888631756,
      -0.13650768198566188
    ],
    [
      -0.43582701370919336,
      -0.1926424935739498
    ],
    [
      -0.557281534780924,
      -0.16699472515477562
    ],
    [
      -0.4381989249135859,
      -0.17164847435963443
    ],
    [
      -0.5781753225134603,
      -0.312176540052699
    ],
    [
      -0.5343054959285617,
      -0.42508182688299473
    ],
    [
      -0.5446168995512897,
      -0.4045432027666463
    ],
    [
      -0.60118738051614,
      -0.3950588649436826
    ]
  ],
  "complexity": 0.29359512696391754
}