{
  "id": 2700,
  "wedge_count": 3,
  "parameters": {
    "rotation_speeds": [
      -1.4774789409368951,
      -2.575387267614008,
      1.6375023756319997
    ],
    "phi_x": [
      -13.60876400160203,
      -8.549816793225526,
      -1.6286565957791375
    ],
    "phi_y": [
      10.767588656509094,
      -12.106840706417305,
      6.870575854185002
    ],
    "distances": [
      1.0,
      7.385361724787897,
      4.462497484761612,
      6.595473484089675
    ],
    "refractive_indices": [
      1.0,
      1.5,
      1.5,
      1.5,
      1.0
    ],
    "wedgenum": 3
  },
  "pattern": [
    [
      1.942639417887088,
      1.8995975759113835
    ],
    [
      1.8678411788561442,
      1.7852258771886984
    ],
    [
      1.8443064374007618,
      1.8253612840861666
    ],
    [
      1.7566276593258716,
      1.703923744302657
    ],
    [
      1.5853003325762876,
      1.7166473315330535
    ],
    [
      1.538303911413297,
      1.509058521226228
    ],
    [
      1.5555678040424676,
      1.5154969227954507
    ],
    [
      1.278609355207062,
      1.364206087733199
    ],
    [
      1.2680153635986737,
      1.382539007076296
    ],
    [
      1.1515937815936677,
      1.3079961664176285
    ],
    [
      1.0741200730291318,
      1.1046263434315853
    ],
    [
      0.9010357315352094,
      1.0139262752647964
    ],
    [
      0.7965503340637226,
      0.8736018974577529
    ],
    [
      0.8682777397729653,
      0.8800894200928607
    ],
    [
      0.6487700661965874,
      0.7736791333698253
    ],
    [
      0.6018512806975392,
      0.6690002189255987
    ],
    [
      0.390220698930179,
      0.598028544807524
    ],
    [
      0.3627473077529355,
      0.48833286459788394
    ],
    [
      0.2427505258320921,
      0.3680514980146968
    ],
    [
      0.20488370316125568,
      0.3264958699736656
    ],
    [
      0.0592265318091878,
      0.22299275551185724
    ],
    [
      0.004951373497891168,
      0.11026572106599133
    ],
    [
      -0.11127871790784698,
      0.0043736995153930355
    ],
    [
      -0.18714285940073216,
      -0.09339190983666712
    ],
    [
      -0.2686379691011044,
      -0.16430289140781168
    ],
    [
      -0.40446505606232186,
      -0.1652006724702315
    ],
    [
      -0.4732033925764637,
      -0.18797071436666368
    ],
    [
      -0.5426519364870993,
      -0.29712791817487866
    ],
    [
      -0.5971947580928014,
      -0.3875623248285534
    ],
    [
      -0.724307731546297,
      -0.46662878833020577
    ],
    [
      -0.8140741758244707,
      -0.568147983491735
    ],
    [
      -0.9222368360525546,
      -0.5913702314928588
    ],
    [
      -0.8777562872730558,
      -0.608347196527728
    ],
    [
      -0.9897407041583893,
      -0.701945612892238
    ],
    [
      -1.0594237414890573,
      -0.8015148997437036
    ],
    [
      -1.0111823906463837,
      -0.8751185892199101
    ],
    [
      -1.0000880807419528,
      -0.9060066765126842
    ],
    [
      -1.05709136864816,
      -0.949418316425796
    ],
    [
      -1.2201158529186644,
      -1.022488464306329
    ],
    [
      -1.214742518223791,
      -1.0858322562809204
    ],
    [
      -1.1737144372469928,
      -1.078977912884321
    ],
    [
      -1.2021932123717092,
      -1.0466688752003273
    ],
    [
      -1.1499292782412236,
      -1.1856609950631434
    ],
    [
      -1.157256452444338,
      -1.1078877005889223
    ],
    [
      -1.230891191649621,
      -1.1323736713188313
    ],
    [
      -1.188887556197328,
      -1.154299045145561
    ],
    [
      -1.2070346307828619,
      -1.0995314612262748
    ],
    [
      -1.0835785496152603,
      -1.0911340627440338
    ],
    [
      -1.1662957092293371,
      -1.2306883581954875
    ],
    [
      -1.1500740577847437,
      -1.1311498690144208
    ],
    [
      -1.1454239960327013,
      -1.199910041988699
    ],
    [
      -1.139741967684785,
      -1.1657008936778979
    ],
    [
      -1.1433956251804092,
      -1.141388589931838
    ],
    [
      -1.130148391547042,
      -1.2512360225582966
    ],
    [
      -1.058695347002748,
      -1.094438545836555
    ],
    [
      -1.0268876277725136,
      -1.0176335910904881
    ],
    [
      -1.0184783448198582,
      -1.012214048452994
    ],
    [
      -1.000006056779459,
      -1.059567864180797
    ],
    [
      -0.9173723289375895,
      -1.1522717541415135
    ],
    [
      -0.9277648899136185,
      -1.0652986100104997
    ]
  ],
  "complexity": 0.3102128054043744
}