{
  "id": 632,
  "wedge_count": 3,
  "parameters": {
    "rotation_speeds": [
      0.4335729453020205,
      -2.7675741314262305,
      -2.264005951605469
    ],
    "phi_x": [
      1.6262097477358815,
      3.3333959395478487,
      -10.333779904596815
    ],
    "phi_y": [
      -3.2195991787889238,
      10.205490995754705,
      -6.15829478231092
    ],
    "distances": [
      1.0,
      7.665522340757493,
      5.723491435409211,
      6.74835539363056
    ],
    "refractive_indices": [
      1.0,
      1.5,
      1.5,
      1.5,
      1.0
    ],
    "wedgenum": 3
  },
  "pattern": [
    [
      1.3236976302281318,
      1.2317399677203147
    ],
    [
      1.1345581616076774,
      1.2003707990618138
    ],
    [
      1.1885451081140874,
      1.148508193782901
    ],
    [
      1.0980473370382684,
      1.183912878436122
    ],
    [
      1.024521009784608,
      1.0290288012770243
    ],
    [
      0.9823016082493194,
      0.9915625856757276
    ],
    [
      0.8985869746552139,
      0.8428575352812874
    ],
    [
      0.8142654370570492,
      0.8519944550077405
    ],
    [
      0.801379307487655,
      0.7619781105071296
    ],
    [
      0.671458594516231,
      0.6222874349090247
    ],
    [
      0.6336962569650965,
      0.5650856131217679
    ],
    [
      0.5094723524148145,
      0.5692011981512952
    ],
    [
      0.47787202871343387,
      0.44637036767343075
    ],
    [
      0.3336695773034445,
      0.35807790512801796
    ],
    [
      0.32459119588156954,
      0.3817062262504448
    ],
    [
      0.19037961124083524,
      0.24114847341764215
    ],
    [
      0.13372185727610156,
      0.14719294042420625
    ],
    [
      0.07874087760895604,
      0.05339304809394514
    ],
    [
      -0.12484923631013967,
      -0.041317494336974736
    ],
    [
      -0.0994108798743338,
      0.031236954342697243
    ],
    [
      -0.09352190604392735,
      -0.08844745679271894
    ],
    [
      -0.28992489523102427,
      -0.11870698618503406
    ],
    [
      -0.31912798507109846,
      -0.10009249697746025
    ],
    [
      -0.3421939182684628,
      -0.26049891111967755
    ],
    [
      -0.43713903893199746,
      -0.3292241392860298
    ],
    [
      -0.4589776890967572,
      -0.4392404977357447
    ],
    [
      -0.5095004419783595,
      -0.47754576918706604
    ],
    [
      -0.5999535634415483,
      -0.474684483883785
    ],
    [
      -0.6445058421758465,
      -0.41171387026680417
    ],
    [
      -0.6052249278854271,
      -0.5805759200396994
    ],
    [
      -0.682505369732386,
      -0.5564359111252021
    ],
    [
      -0.7693757657106595,
      -0.5381483392079507
    ],
    [
      -0.7619073053140512,
      -0.690679394563369
    ],
    [
      -0.7752325633129168,
      -0.6523094075343921
    ],
    [
      -0.7772719346007951,
      -0.7493644190775507
    ],
    [
      -0.7824941981312628,
      -0.6697064489795681
    ],
    [
      -0.8361868851088978,
      -0.7484192025264236
    ],
    [
      -0.8330496347097514,
      -0.777150206006349
    ],
    [
      -0.7390930485689556,
      -0.7947430562535548
    ],
    [
      -0.7708744554885248,
      -0.8057774244055254
    ],
    [
      -0.7799126709971517,
      -0.8124365520920414
    ],
    [
      -0.7681250957082868,
      -0.8528890755452774
    ],
    [
      -0.7811477364698153,
      -0.7753982017570821
    ],
    [
      -0.8109094680987822,
      -0.710132921972855
    ],
    [
      -0.7149940313491983,
      -0.7619024103981265
    ],
    [
      -0.7106518130804963,
      -0.733456672752819
    ],
    [
      -0.47094416623426516,
      -0.7375031843882247
    ],
    [
      -0.6523509427491423,
      -0.7625523332382186
    ],
    [
      -0.5458341792805845,
      -0.7082413577200782
    ],
    [
      -0.5148082555998852,
      -0.6695088677431568
    ],
    [
      -0.48858491172819285,
      -0.7340527954248188
    ],
    [
      -0.41719925245989764,
      -0.5729278920606643
    ],
    [
      -0.4020926485672742,
      -0.50611384187136
    ],
    [
      -0.24244283584324555,
      -0.5488648246081351
    ],
    [
      -0.3076841122944797,
      -0.43671602486817024
    ],
    [
      -0.12783602941922434,
      -0.4847300370702967
    ],
    [
      -0.20561190523709927,
      -0.4389112575243949
    ],
    [
      -0.09590290548460155,
      -0.31815044328116027
    ],
    [
      -0.12297039947971453,
      -0.3252961027853795
    ],
    [
      -0.024974417841938587,
      -0.29311874534098736
    ]
  ],
  "complexity": 0.25572140444907937
}