{
  "id": 25,
  "wedge_count": 5,
  "parameters": {
    "rotation_speeds": [
      -1.2301932506361979,
      1.884804395082905,
      -0.14959403065826216,
      -2.1963686864830185,
      0.12214673060892522
    ],
    "phi_x": [
      11.431731545860416,
      -10.972568420962041,
      11.446299128573195,
      5.325651719658325,
      0.6454045378197311
    ],
    "phi_y": [
      -12.229355163279122,
      -6.928294832891874,
      -11.423324488239217,
      -12.38805822611599,
      0.10416662249583553
    ],
    "distances": [
      1.0,
      7.447272258247226,
      5.715829241645489,
      2.402099290833768,
      7.694426602660922,
      6.807412545215051
    ],
    "refractive_indices": [
      1.0,
      1.5,
      1.5,
      1.5,
      1.5,
      1.5,
      1.0
    ],
    "wedgenum": 5
  },
  "pattern": [
    [
      3.4492854301368236,
      3.4384155553767917
    ],
    [
      3.408669234092449,
      3.321764504812767
    ],
    [
      3.3007964080126317,
      3.3660137652828945
    ],
    [
      3.2756248675681605,
      3.289431968065443
    ],
    [
      3.1853187092641866,
      3.1855317329508237
    ],
    [
      3.1054841849167274,
      3.1185114907841216
    ],
    [
      2.9574330846224637,
      2.895943208319555
    ],
    [
      2.921623056709711,
      2.9158037681189097
    ],
    [
      2.7411571445668605,
      2.840988029116175
    ],
    [
      2.725192621709117,
      2.6768998579934746
    ],
    [
      2.6156241035868977,
      2.556086601541792
    ],
    [
      2.3498863277430995,
      2.541781673922395
    ],
    [
      2.417386118572266,
      2.4178018354251174
    ],
    [
      2.174394126802731,
      2.284271790702125
    ],
    [
      2.045164169411572,
      2.1919052849948155
    ],
    [
      1.898396480631584,
      2.0088686987864937
    ],
    [
      1.7076150297308583,
      1.901693787493136
    ],
    [
      1.6460198378157402,
      1.87055020414319
    ],
    [
      1.49274353270605,
      1.7470931717831184
    ],
    [
      1.3522575374395813,
      1.517996642708841
    ],
    [
      1.2711831989827322,
      1.4821657255530334
    ],
    [
      1.0544868240377734,
      1.2993633267637041
    ],
    [
      0.9343539743223801,
      1.1228227504630175
    ],
    [
      0.7884042232091458,
      0.963852519494929
    ],
    [
      0.7054448110839752,
      0.8952777322504448
    ],
    [
      0.48543557117125286,
      0.9110413477875544
    ],
    [
      0.329854671206688,
      0.693941822079533
    ],
    [
      0.23780715562205612,
      0.5499487164107657
    ],
    [
      0.08188399381921238,
      0.43008631973378253
    ],
    [
      -0.0137589814761246,
      0.4090909364185779
    ],
    [
      -0.0421640953002622,
      0.12194471692602389
    ],
    [
      -0.2770716351115975,
      0.0467398963937367
    ],
    [
      -0.3106943113588166,
      0.014469158213957334
    ],
    [
      -0.4271819959714214,
      0.025770648806402258
    ],
    [
      -0.6518523937714062,
      -0.16359693434532266
    ],
    [
      -0.7060210132397999,
      -0.3038247803418921
    ],
    [
      -0.7496437271774594,
      -0.5072892778014775
    ],
    [
      -0.8629553764328891,
      -0.43815598473755696
    ],
    [
      -0.9239692620811761,
      -0.41792164992612196
    ],
    [
      -0.8917276022630665,
      -0.6578771857262703
    ],
    [
      -1.0440665243398093,
      -0.8143187887608426
    ],
    [
      -1.1440955891559705,
      -0.836677768592737
    ],
    [
      -1.0769762681142532,
      -0.8906290876077811
    ],
    [
      -1.2593229201131755,
      -0.9227418585363039
    ],
    [
      -1.2330425060102992,
      -0.9662049015025085
    ],
    [
      -1.130065705947259,
      -1.0287486463327908
    ],
    [
      -1.3793187653637238,
      -1.0231559857971892
    ],
    [
      -1.3079258965537608,
      -1.115166740012513
    ],
    [
      -1.3528978359608057,
      -1.1292981005506804
    ],
    [
      -1.3983653322583418,
      -1.1795726414888028
    ],
    [
      -1.1249679117114533,
      -1.176127054165428
    ],
    [
      -1.3038334214847367,
      -1.190718612313626
    ],
    [
      -1.1886765158464794,
      -1.1811189170480334
    ],
    [
      -1.2414913349453316,
      -1.1419368970197716
    ],
    [
      -1.1933125759346845,
      -1.2251608088739592
    ],
    [
      -1.1133055285277793,
      -1.269679633779993
    ],
    [
      -1.0185353216165467,
      -1.3058092963397179
    ],
    [
      -1.2094022933624904,
      -1.1961914855177196
    ],
    [
      -0.9442370809386904,
      -1.1837465332585426
    ],
    [
      -1.0010754402717406,
      -1.1556177146048388
    ]
  ],
  "complexity": 0.3522258741815301
}