{
  "id": 2973,
  "wedge_count": 4,
  "parameters": {
    "rotation_speeds": [
      2.45549304631135,
      -1.1224006846756012,
      1.575866999596391,
      -0.88341134857709
    ],
    "phi_x": [
      5.074680305285046,
      1.391737878159251,
      -14.026474646049039,
      8.116809451272548
    ],
    "phi_y": [
      -4.577008107430093,
      3.62680092557385,
      -13.374978644671174,
      -7.250808751800291
    ],
    "distances": [
      1.0,
      5.6305446955455425,
      4.892166216385626,
      6.357843613196023,
      2.5935668366628573
    ],
    "refractive_indices": [
      1.0,
      1.5,
      1.5,
      1.5,
      1.5,
      1.0
    ],
    "wedgenum": 4
  },
  "pattern": [
    [
      2.469420783611404,
      2.4032957607819676
    ],
    [
      2.4948026042902285,
      2.406555361694095
    ],
    [
      2.424981491914155,
      2.53458938340905
    ],
    [
      2.6205955735703443,
      2.4866272731809875
    ],
    [
      2.5535680228284736,
      2.6529812740312875
    ],
    [
      2.6451218293403373,
      2.5867404522586415
    ],
    [
      2.6345159873451705,
      2.572463117389753
    ],
    [
      2.5371682552327965,
      2.5388106192786593
    ],
    [
      2.597626049348426,
      2.59019794834172
    ],
    [
      2.5804623650400766,
      2.660635746369607
    ],
    [
      2.5902193410361796,
      2.592451998078253
    ],
    [
      2.598995730277123,
      2.600295104372281
    ],
    [
      2.527400675643679,
      2.4912941415467915
    ],
    [
      2.53975580238641,
      2.422771105134249
    ],
    [
      2.3493261470199434,
      2.4922964757184194
    ],
    [
      2.459814160207365,
      2.3017144426924334
    ],
    [
      2.315706296816285,
      2.4888726901664047
    ],
    [
      2.2511526709439234,
      2.4009311439115857
    ],
    [
      2.301667254186343,
      2.2351972779446783
    ],
    [
      2.1910131683934058,
      2.326776163965642
    ],
    [
      2.0454954377183125,
      2.268585591451024
    ],
    [
      2.029431278771832,
      2.123485386416543
    ],
    [
      1.964572081473561,
      2.1963351424965585
    ],
    [
      1.9750679983404416,
      2.0111189380688406
    ],
    [
      1.7744456205260053,
      1.999219480777796
    ],
    [
      1.6267653861941573,
      1.9381404974889542
    ],
    [
      1.5877550037686798,
      1.875004945309702
    ],
    [
      1.5425823221302024,
      1.7818556915841464
    ],
    [
      1.4531377489451744,
      1.697733435054655
    ],
    [
      1.29072406563061,
      1.581270583992367
    ],
    [
      1.1340842777312454,
      1.5068399039563176
    ],
    [
      1.0673184212539324,
      1.434805195541018
    ],
    [
      0.9782576918845741,
      1.2673594191129918
    ],
    [
      0.8212022989749909,
      1.120112517390773
    ],
    [
      0.721961133583976,
      1.1156366547902425
    ],
    [
      0.5847131470691116,
      1.0715109212143956
    ],
    [
      0.5327041865168961,
      0.7993630339494009
    ],
    [
      0.4054984646486,
      0.7879466383617482
    ],
    [
      0.27577035791606275,
      0.6938787994098722
    ],
    [
      0.15000448311947476,
      0.6341374040246411
    ],
    [
      -0.049371765313696164,
      0.33691841407946743
    ],
    [
      -0.12446929213656008,
      0.4081362419754515
    ],
    [
      -0.17462538004238853,
      0.25766487400335314
    ],
    [
      -0.3081232644390204,
      0.08202042880753854
    ],
    [
      -0.4469139256159505,
      0.10884668360024362
    ],
    [
      -0.6010647804050219,
      -0.12257009092166307
    ],
    [
      -0.7707937120364182,
      -0.14845530024564657
    ],
    [
      -0.889242733763578,
      -0.39540732637754006
    ],
    [
      -0.9915345909581141,
      -0.31452259439260677
    ],
    [
      -0.9877619783941332,
      -0.43212106471376355
    ],
    [
      -1.1960968227614235,
      -0.6454706726213654
    ],
    [
      -1.2696219916596005,
      -0.6834598181634728
    ],
    [
      -1.2315412498595242,
      -0.7492612237762245
    ],
    [
      -1.4330177519370426,
      -0.9173336704066551
    ],
    [
      -1.4328166696039377,
      -0.86067984299896
    ],
    [
      -1.553992207853591,
      -1.1214047905872575
    ],
    [
      -1.638294491399165,
      -1.1254960987519858
    ],
    [
      -1.6754299195412026,
      -1.241340834063434
    ],
    [
      -1.6587595977880019,
      -1.2582396863699319
    ],
    [
      -1.8007906353489578,
      -1.3785607804164521
    ]
  ],
  "complexity": 0.3464036327967109
}