{
  "id": 3840,
  "wedge_count": 4,
  "parameters": {
    "rotation_speeds": [
      0.8241317471667293,
      -0.2816295019409427,
      -0.3097465561600785,
      1.5481210558615102
    ],
    "phi_x": [
      3.053006064206233,
      9.508966064321626,
      -11.580699428920964,
      13.746500747893812
    ],
    "phi_y": [
      3.970524405900889,
      -12.665702929059641,
      -13.528586189103073,
      -3.3195749074936316
    ],
    "distances": [
      1.0,
      6.660696360741304,
      3.250353608629985,
      4.392639724431828,
      4.2358452189230364
    ],
    "refractive_indices": [
      1.0,
      1.5,
      1.5,
      1.5,
      1.5,
      1.0
    ],
    "wedgenum": 4
  },
  "pattern": [
    [
      2.973609746922318,
      3.0283347538609298
    ],
    [
      2.987281711322251,
      2.8840856809661535
    ],
    [
      2.9696946439235865,
      2.887445440147616
    ],
    [
      2.8827037365062704,
      2.8298910942544726
    ],
    [
      2.8468755747594985,
      2.7961405985766765
    ],
    [
      2.794171538999179,
      2.881699946534419
    ],
    [
      2.6232950531504455,
      2.8653977495733107
    ],
    [
      2.700788433096366,
      2.7908361451932078
    ],
    [
      2.6283035651093223,
      2.5742681354647727
    ],
    [
      2.5318404554236045,
      2.5122539934717096
    ],
    [
      2.537658090326178,
      2.531073366611047
    ],
    [
      2.4158148930524743,
      2.4214707448719985
    ],
    [
      2.387320534832804,
      2.4040925368541783
    ],
    [
      2.192591015887186,
      2.3268745191142433
    ],
    [
      2.1614204513713773,
      2.3896728672753134
    ],
    [
      2.1262164885127595,
      2.171656657947776
    ],
    [
      1.9991338970756767,
      2.18805441408551
    ],
    [
      1.886553322653544,
      2.0823661584559727
    ],
    [
      1.8408250861000253,
      1.9886984676016666
    ],
    [
      1.666896928599532,
      2.0677781868443725
    ],
    [
      1.752141042472069,
      1.8495927057131847
    ],
    [
      1.6710346306304664,
      1.7792210180401529
    ],
    [
      1.5032332646046267,
      1.7369809358603736
    ],
    [
      1.3859301570415714,
      1.5918865753974907
    ],
    [
      1.3668853848476021,
      1.4683149803658178
    ],
    [
      1.177827967438664,
      1.4298292398000447
    ],
    [
      1.15152534433489,
      1.3697075224368518
    ],
    [
      1.0887242268473765,
      1.2167193551371827
    ],
    [
      0.9448289309787601,
      1.1462382018368835
    ],
    [
      0.8696369228911809,
      1.0898199075203747
    ],
    [
      0.786481572601477,
      1.0299470119149055
    ],
    [
      0.6935743849415487,
      1.0167886967026616
    ],
    [
      0.7445557546345264,
      0.8747232837454387
    ],
    [
      0.6489481230232047,
      0.8575321278630964
    ],
    [
      0.4747880939618903,
      0.745261346371505
    ],
    [
      0.43965622528559056,
      0.7280489705230263
    ],
    [
      0.4331693226764037,
      0.6527020984584311
    ],
    [
      0.4417557238464485,
      0.5411444890338841
    ],
    [
      0.3174497728155854,
      0.5237285554823072
    ],
    [
      0.2456966033799669,
      0.5113383966033578
    ],
    [
      0.29613370486018514,
      0.32963832492708184
    ],
    [
      0.24080291532475515,
      0.3187752284365935
    ],
    [
      0.19764204204809366,
      0.30580525803268666
    ],
    [
      0.06077887996737959,
      0.20135264225100083
    ],
    [
      0.10992665915268277,
      0.24137320301012397
    ],
    [
      0.07883163479208992,
      0.1714965631926293
    ],
    [
      0.10930579901937429,
      0.059216630135382274
    ],
    [
      0.10638115149916316,
      0.09258963886254486
    ],
    [
      0.12230869315366616,
      0.07091302397371307
    ],
    [
      0.01739863564736016,
      0.1016601857863376
    ],
    [
      0.09080505611995582,
      -0.05015640953219298
    ],
    [
      0.09383498091805917,
      -0.04995051632990678
    ],
    [
      -0.03697148564728646,
      0.0367837624988538
    ],
    [
      0.021465709176641333,
      -0.010036532908530967
    ],
    [
      0.014539005390339324,
      -0.04221758452126029
    ],
    [
      0.08218713199361188,
      -0.037248087622260756
    ],
    [
      0.16661535644954087,
      -0.037177368040544084
    ],
    [
      0.15939893017005713,
      -0.11922985933066768
    ],
    [
      0.19641502717377396,
      -0.005585302658636847
    ],
    [
      0.2629879059683372,
      -0.025936926593994186
    ]
  ],
  "complexity": 0.3125266760377725
}