{
  "id": 1229,
  "wedge_count": 6,
  "parameters": {
    "rotation_speeds": [
      1.6170821622213118,
      -1.9809867198130062,
      -2.271630513659656,
      2.9029850211493953,
      0.7202082331691813,
      1.4563855792240439
    ],
    "phi_x": [
      -11.865145546990549,
      -6.143105132274799,
      -5.129986150103798,
      7.578031944954649,
      7.613173222840146,
      12.623553344183872
    ],
    "phi_y": [
      14.219057189521049,
      11.167661333317778,
      12.212136715081854,
      -1.7790962873902458,
      -5.9689919495197525,
      1.6279242641706517
    ],
    "distances": [
      1.0,
      4.154574252177262,
      6.488251044729825,
      7.514239559458581,
      2.7009469099870493,
      2.7050240136655193,
      5.336922566923957
    ],
    "refractive_indices": [
      1.0,
      1.5,
      1.5,
      1.5,
      1.5,
      1.5,
      1.5,
      1.0
    ],
    "wedgenum": 6
  },
  "pattern": [
    [
      3.735174570347757,
      3.7468507122314816
    ],
    [
      3.766589193796532,
      3.718432094415279
    ],
    [
      3.6883215057218717,
      3.650892647143677
    ],
    [
      3.5162460575711014,
      3.5310814854877313
    ],
    [
      3.368779681377724,
      3.412772540581154
    ],
    [
      3.2921161799496623,
      3.3061058233889957
    ],
    [
      3.2067173313607196,
      3.355226991675634
    ],
    [
      3.0885540146302066,
      3.205777730457658
    ],
    [
      2.9866772421371346,
      3.1547003327232557
    ],
    [
      2.787260524172004,
      2.9828187512572515
    ],
    [
      2.6911952393240712,
      3.0283005134154197
    ],
    [
      2.663273272399638,
      2.7686435073216735
    ],
    [
      2.4470941390573677,
      2.6539202112770073
    ],
    [
      2.25210804430122,
      2.5397577948469285
    ],
    [
      2.2088677998241613,
      2.4033608462872538
    ],
    [
      2.010216237579882,
      2.3561880231392
    ],
    [
      1.8777438399534296,
      2.293106459788324
    ],
    [
      1.7896808390521821,
      2.0660250941901213
    ],
    [
      1.5566849968376517,
      1.9778889750245532
    ],
    [
      1.4610832132994493,
      1.7875878424694134
    ],
    [
      1.2629042446503143,
      1.7017784812728634
    ],
    [
      1.1826327602754994,
      1.5478792780482418
    ],
    [
      0.9853035371271552,
      1.419509537440879
    ],
    [
      0.8336895995626724,
      1.3355013440203856
    ],
    [
      0.7055091094189558,
      1.1196981089591225
    ],
    [
      0.5856388103044424,
      1.0397851619926441
    ],
    [
      0.3995626533106086,
      0.922381552736544
    ],
    [
      0.28344394274219836,
      0.7428753066079785
    ],
    [
      0.15204536864057744,
      0.5630483644797704
    ],
    [
      -0.024541570642441425,
      0.4038716808883247
    ],
    [
      -0.1906880842124843,
      0.40243688475889816
    ],
    [
      -0.3550885218301895,
      0.2353446999606969
    ],
    [
      -0.49836895100068246,
      0.1662703988411233
    ],
    [
      -0.5239372827801927,
      -0.03265763434469378
    ],
    [
      -0.7085441834276291,
      -0.03275861014940394
    ],
    [
      -0.7155514343210299,
      -0.25011345755497616
    ],
    [
      -0.85662230871964,
      -0.32999526337501933
    ],
    [
      -0.8439884924818394,
      -0.45577995264437754
    ],
    [
      -1.0865830742747342,
      -0.6015488107304671
    ],
    [
      -1.1957042462700318,
      -0.7268617879307074
    ],
    [
      -1.1786051582876924,
      -0.8410832329128143
    ],
    [
      -1.3287250829209851,
      -0.798043714090401
    ],
    [
      -1.3395658394835703,
      -0.8581522568317069
    ],
    [
      -1.4620331500302075,
      -0.9812671795868454
    ],
    [
      -1.5113346200586628,
      -1.0233937053061593
    ],
    [
      -1.5228264609216264,
      -1.1995009700831518
    ],
    [
      -1.6414361508418316,
      -1.1141407834931505
    ],
    [
      -1.7053506562406773,
      -1.3405716465070312
    ],
    [
      -1.6104234171212388,
      -1.2642743860468892
    ],
    [
      -1.757150099750223,
      -1.4515308847511623
    ],
    [
      -1.731616672619178,
      -1.398409805848562
    ],
    [
      -1.7527035456357274,
      -1.4168373552183062
    ],
    [
      -1.786257089295541,
      -1.5116511530029968
    ],
    [
      -1.798775969959776,
      -1.5800316562054764
    ],
    [
      -1.7914887587100605,
      -1.5485317318493246
    ],
    [
      -1.7073573483103697,
      -1.5646054185395912
    ],
    [
      -1.78616110682948,
      -1.5968874122258934
    ],
    [
      -1.7499715068591084,
      -1.5412709274390275
    ],
    [
      -1.650883263520908,
      -1.6677896075608318
    ],
    [
      -1.72900249458038,
      -1.615273904852684
    ]
  ],
  "complexity": 0.359610626066374
}