{
  "id": 2950,
  "wedge_count": 1,
  "parameters": {
    "rotation_speeds": [
      -2.1199569039504973
    ],
    "phi_x": [
      -3.373336036957621
    ],
    "phi_y": [
      -0.269290682191448
    ],
    "distances": [
      1.0,
      7.654039491607711
    ],
    "refractive_indices": [
      1.0,
      1.5,
      1.0
    ],
    "wedgenum": 1
  },
  "pattern": [
    [
      0.21628813602727553,
      0.20969933326605883
    ],
    [
      0.2258294479877962,
      0.2184223077817886
    ],
    [
      0.22323851441270826,
      0.2220934244336128
    ],
    [
      0.21799960743047872,
      0.22429763182470522
    ],
    [
      0.21305275383646463,
      0.21909998444923956
    ],
    [
      0.20735900473262137,
      0.20927731477868824
    ],
    [
      0.20310714431542462,
      0.20046599791384587
    ],
    [
      0.19517007611393364,
      0.19392317290120828
    ],
    [
      0.1840119605392633,
      0.1948049530987451
    ],
    [
      0.16988959843205584,
      0.19168076508937437
    ],
    [
      0.1530762359144321,
      0.17197362458438714
    ],
    [
      0.1524256498757976,
      0.16954603269286425
    ],
    [
      0.14389872962461525,
      0.15809991723032135
    ],
    [
      0.11553391800052012,
      0.13799712027167313
    ],
    [
      0.11049991647306524,
      0.1334435673693503
    ],
    [
      0.10341401568631309,
      0.13190073350591439
    ],
    [
      0.09469124045793897,
      0.10895172708176933
    ],
    [
      0.07801212592728182,
      0.10516132504185581
    ],
    [
      0.058509970854042616,
      0.08374272655335639
    ],
    [
      0.05134879069813655,
      0.06751628682766628
    ],
    [
      0.02611678176368131,
      0.05649521005387617
    ],
    [
      0.01318898324765603,
      0.04333345175086302
    ],
    [
      -0.006566962777426666,
      0.02737241869931194
    ],
    [
      -0.009258663080372643,
      0.017151804730510707
    ],
    [
      -0.03359881311234728,
      0.014450645046760024
    ],
    [
      -0.03260255904026183,
      0.005623329098836803
    ],
    [
      -0.061267170261623115,
      -0.024294712449000253
    ],
    [
      -0.0707833791139954,
      -0.04318741316679051
    ],
    [
      -0.08983902396950101,
      -0.03888830515182169
    ],
    [
      -0.09726876424842604,
      -0.05955449745569743
    ],
    [
      -0.11174699624863828,
      -0.07728458929314634
    ],
    [
      -0.12490700110395112,
      -0.09305136097831726
    ],
    [
      -0.14071942448947952,
      -0.10195839554579408
    ],
    [
      -0.15340904397049385,
      -0.09630959866329064
    ],
    [
      -0.15736041239842205,
      -0.12155152382082282
    ],
    [
      -0.1648316427124738,
      -0.13272423787545629
    ],
    [
      -0.1802396318486807,
      -0.1449826671106357
    ],
    [
      -0.18669473551421648,
      -0.1516727580574718
    ],
    [
      -0.19466346690726766,
      -0.16548963359923455
    ],
    [
      -0.2044706083365588,
      -0.16630170650132461
    ],
    [
      -0.20201007408208965,
      -0.18078217280004177
    ],
    [
      -0.2027942465739555,
      -0.19165963453256105
    ],
    [
      -0.2107566288741528,
      -0.199488455223978
    ],
    [
      -0.21658980366755465,
      -0.19778518278713775
    ],
    [
      -0.22194232814019074,
      -0.20017581248434616
    ],
    [
      -0.2260108293574966,
      -0.2108656494440862
    ],
    [
      -0.22013949779659792,
      -0.21457840295382336
    ],
    [
      -0.21238734010275642,
      -0.21696072670157251
    ],
    [
      -0.21316926295226352,
      -0.21933154408113584
    ],
    [
      -0.20614788981960788,
      -0.22139086086381454
    ],
    [
      -0.20757392438104824,
      -0.22966571761707605
    ],
    [
      -0.19749650709188263,
      -0.2118648919011433
    ],
    [
      -0.203572649653377,
      -0.21304041021129078
    ],
    [
      -0.18737054464624625,
      -0.21042582486068925
    ],
    [
      -0.17643773855536846,
      -0.2110125165292958
    ],
    [
      -0.16559128602797707,
      -0.21182510069177402
    ],
    [
      -0.16532959268341854,
      -0.20762294458692337
    ],
    [
      -0.1449757634732428,
      -0.19721793235698465
    ],
    [
      -0.14364215834123334,
      -0.19356158510537755
    ],
    [
      -0.13779156422476194,
      -0.19589394628276158
    ]
  ],
  "complexity": 0.20993752920415473
}