{
  "id": 2333,
  "wedge_count": 2,
  "parameters": {
    "rotation_speeds": [
      0.9647125117364794,
      1.2060012299725136
    ],
    "phi_x": [
      0.19378687174936715,
      6.038069466530665
    ],
    "phi_y": [
      8.274615881670783,
      -9.907128302421432
    ],
    "distances": [
      1.0,
      7.454999600542228,
      6.047433807626072
    ],
    "refractive_indices": [
      1.0,
      1.5,
      1.5,
      1.0
    ],
    "wedgenum": 2
  },
  "pattern": [
    [
      0.6512038188456739,
      0.5515862258620562
    ],
    [
      0.6059225500642833,
      0.5602433190852226
    ],
    [
      0.663655204406702,
      0.6804527952913253
    ],
    [
      0.7223102296100676,
      0.7993273495248842
    ],
    [
      0.8135611249552348,
      0.8049606678101452
    ],
    [
      0.842793039986699,
      0.8832994420731418
    ],
    [
      0.927078379408512,
      0.9197428920609116
    ],
    [
      0.9356272433581961,
      0.9364485881180432
    ],
    [
      0.9968958778186555,
      1.030471240844076
    ],
    [
      1.0948568026886052,
      1.0925873233812178
    ],
    [
      1.1495109950732243,
      1.0474358441768536
    ],
    [
      1.134354721002596,
      1.1350760007602332
    ],
    [
      1.2275524108036426,
      1.1353770540557977
    ],
    [
      1.1900315436863693,
      1.117853954190318
    ],
    [
      1.2086741511000432,
      1.1598306314970643
    ],
    [
      1.1910098731866883,
      1.2433253942694986
    ],
    [
      1.249733319815114,
      1.2651956348683806
    ],
    [
      1.2060468499417953,
      1.2199975278869557
    ],
    [
      1.1282234901832164,
      1.2606677144151788
    ],
    [
      1.2438732427409462,
      1.2593663046305452
    ],
    [
      1.174171760534321,
      1.235443033435719
    ],
    [
      1.1922714768919351,
      1.2252689042057434
    ],
    [
      1.1203195874605882,
      1.1587468214658503
    ],
    [
      1.1163319883987102,
      1.1265200913462077
    ],
    [
      1.0096998644708195,
      1.1116829146155613
    ],
    [
      0.9967621911039238,
      1.0475325489935134
    ],
    [
      0.9230699048597806,
      1.037193925250314
    ],
    [
      0.9106953545049925,
      1.0388704223446994
    ],
    [
      0.8218082184341209,
      1.0688681425917614
    ],
    [
      0.8268824457463839,
      0.9530115634946331
    ],
    [
      0.7854287008517217,
      0.8999235188668481
    ],
    [
      0.6303218029863693,
      0.8095888923430861
    ],
    [
      0.5640966718219715,
      0.7850396106978664
    ],
    [
      0.4254331752139018,
      0.6868086613457036
    ],
    [
      0.40855416630329877,
      0.6911217947494694
    ],
    [
      0.3333431889175583,
      0.6028823393386888
    ],
    [
      0.23807710019256773,
      0.4682659974672835
    ],
    [
      0.10664104721384945,
      0.45161009799506957
    ],
    [
      0.08245955265746022,
      0.3518584139430075
    ],
    [
      0.01724594969835068,
      0.34145854250498076
    ],
    [
      -0.0765695875193821,
      0.26521196258883956
    ],
    [
      -0.13067132497689357,
      0.19017703220188842
    ],
    [
      -0.20762408735692925,
      0.15309551638461263
    ],
    [
      -0.39008442200880467,
      0.03354364201450897
    ],
    [
      -0.4427690321800977,
      -0.03554538928807676
    ],
    [
      -0.4949203063292331,
      -0.184253057497205
    ],
    [
      -0.5113562816359787,
      -0.20025048144151522
    ],
    [
      -0.5270915663235258,
      -0.3125256328096531
    ],
    [
      -0.6282208520374535,
      -0.3503772485853978
    ],
    [
      -0.7025718089650702,
      -0.3850674765324763
    ],
    [
      -0.7966932538927363,
      -0.5771309962460851
    ],
    [
      -0.8598360193803556,
      -0.5188260894522981
    ],
    [
      -0.8515875872582354,
      -0.629596273716265
    ],
    [
      -0.9206104957001738,
      -0.6418803646852518
    ],
    [
      -1.0145034677229967,
      -0.720340528799336
    ],
    [
      -1.0238797029703406,
      -0.812051903193347
    ],
    [
      -0.9799015412366514,
      -0.9118689967998022
    ],
    [
      -1.1003160175661804,
      -0.8021836458969669
    ],
    [
      -1.026860174503932,
      -0.8972068315573118
    ],
    [
      -1.0511056782252737,
      -0.9157291810662146
    ]
  ],
  "complexity": 0.2532342884933654
}