{
  "id": 4923,
  "wedge_count": 6,
  "parameters": {
    "rotation_speeds": [
      -1.9177043563692073,
      0.5191141162951745,
      -1.59768816368308,
      1.92680057080074,
      -0.5424092577294739,
      -2.314841762232733
    ],
    "phi_x": [
      -8.831240036689708,
      -0.3478629360543586,
      -13.72084609350506,
      -5.65442266767149,
      1.8449933298308778,
      -10.454345608460388
    ],
    "phi_y": [
      11.979380086381312,
      9.949584278166913,
      0.8053562712656177,
      -1.698160628487047,
      1.7637045229518833,
      -12.829185122524063
    ],
    "distances": [
      1.0,
      3.8604018309017945,
      7.353880033621139,
      2.1575323595319467,
      2.5664127799911842,
      5.456099589601189,
      5.225304227332067
    ],
    "refractive_indices": [
      1.0,
      1.5,
      1.5,
      1.5,
      1.5,
      1.5,
      1.5,
      1.0
    ],
    "wedgenum": 6
  },
  "pattern": [
    [
      3.3229897732237252,
      3.2814139642921356
    ],
    [
      3.286861337380036,
      3.3280016442831126
    ],
    [
      3.2585681403949684,
      3.2113562985201614
    ],
    [
      3.2880693768928535,
      3.1910291702342497
    ],
    [
      3.114950036784182,
      3.160489206501434
    ],
    [
      3.095018898079202,
      3.0866009354802824
    ],
    [
      2.9260898095450303,
      3.015030031583633
    ],
    [
      2.81191232024131,
      2.928552641218244
    ],
    [
      2.769224083149556,
      2.8202927201900274
    ],
    [
      2.7184620106142505,
      2.808111776298611
    ],
    [
      2.5644706899940624,
      2.65196824870469
    ],
    [
      2.4932072189590415,
      2.6179961477921636
    ],
    [
      2.4403403740574134,
      2.4388400724678916
    ],
    [
      2.1939067642827115,
      2.3496122792403984
    ],
    [
      2.067475288596214,
      2.21853526710133
    ],
    [
      1.8777473034272356,
      2.060137851541149
    ],
    [
      1.7792783969871768,
      1.9742688734203628
    ],
    [
      1.704125322440145,
      1.8586640048074048
    ],
    [
      1.4276818867996859,
      1.5761514032020898
    ],
    [
      1.3759011014799674,
      1.5369700090705791
    ],
    [
      1.1312504301563917,
      1.39799735123888
    ],
    [
      0.988550629503723,
      1.165986154029811
    ],
    [
      0.8489086885186296,
      1.0487303151276806
    ],
    [
      0.6249321871849047,
      0.919843328519348
    ],
    [
      0.5902927191025721,
      0.8428884167307402
    ],
    [
      0.4300889738253316,
      0.5819729720876066
    ],
    [
      0.30222263527464116,
      0.5054398283510042
    ],
    [
      -0.006244572045122895,
      0.3508694634451287
    ],
    [
      -0.1067176845484645,
      0.24296109416206169
    ],
    [
      -0.28945475122394165,
      0.10159720032485103
    ],
    [
      -0.32417673168035094,
      -0.04411068320413905
    ],
    [
      -0.5212101543843737,
      -0.15376975586900282
    ],
    [
      -0.6440006885666514,
      -0.3064155811693267
    ],
    [
      -0.790120119590029,
      -0.4730654998663566
    ],
    [
      -0.8495104431898785,
      -0.5752071729201372
    ],
    [
      -0.9456902226296909,
      -0.6321561231596526
    ],
    [
      -1.090269108697249,
      -0.7946344677236356
    ],
    [
      -1.1983236134710258,
      -0.9332093200220366
    ],
    [
      -1.283334017372288,
      -0.892334120150734
    ],
    [
      -1.3374378342787487,
      -1.0671973114567068
    ],
    [
      -1.4267765751249761,
      -1.2355667983069183
    ],
    [
      -1.4852030218365415,
      -1.3328868652503705
    ],
    [
      -1.5765459810391453,
      -1.3464118747577445
    ],
    [
      -1.6224829648581105,
      -1.3227707538953901
    ],
    [
      -1.6154790271433659,
      -1.4329803966782682
    ],
    [
      -1.6476894346140887,
      -1.5303583091840618
    ],
    [
      -1.6858210688884716,
      -1.4837473986992713
    ],
    [
      -1.653750301143036,
      -1.6429894435744938
    ],
    [
      -1.6534127476221567,
      -1.575618380191812
    ],
    [
      -1.6003268501834373,
      -1.6419473393886057
    ],
    [
      -1.5497429982558988,
      -1.6853503475516978
    ],
    [
      -1.6052088135266196,
      -1.650353105768614
    ],
    [
      -1.5587159575963363,
      -1.7070264151542274
    ],
    [
      -1.5107560890637262,
      -1.579097376327579
    ],
    [
      -1.426188481567594,
      -1.6920034923610163
    ],
    [
      -1.412536866348343,
      -1.5453261350275604
    ],
    [
      -1.3115071882268696,
      -1.5340519376651693
    ],
    [
      -1.2386087004660904,
      -1.518685064400861
    ],
    [
      -1.0497005264313053,
      -1.363394553616073
    ],
    [
      -1.075538337521794,
      -1.416950751405156
    ]
  ],
  "complexity": 0.3809804349590246
}