{
  "id": 2743,
  "wedge_count": 4,
  "parameters": {
    "rotation_speeds": [
      2.77211819054218,
      -1.4818649970979392,
      -2.2571662767255107,
      2.4310632895522755
    ],
    "phi_x": [
      -7.276133657286047,
      -14.342170929770884,
      1.4123235683425968,
      7.332603222355861
    ],
    "phi_y": [
      14.91074907281499,
      2.6611568173127473,
      -1.7747567087403855,
      -7.5577756188497105
    ],
    "distances": [
      1.0,
      5.685221330132524,
      2.9661716209955657,
      2.6438859704646536,
      5.729800579168158
    ],
    "refractive_indices": [
      1.0,
      1.5,
      1.5,
      1.5,
      1.5,
      1.0
    ],
    "wedgenum": 4
  },
  "pattern": [
    [
      2.417369160781548,
      2.3069328535499216
    ],
    [
      2.3317766653451213,
      2.320842600584907
    ],
    [
      2.543229773085843,
      2.341513457452899
    ],
    [
      2.5264821377405715,
      2.581007809630295
    ],
    [
      2.6219780487236104,
      2.574344520953588
    ],
    [
      2.675642896198055,
      2.652133689762758
    ],
    [
      2.6026714434910914,
      2.5581368758103924
    ],
    [
      2.740966212234237,
      2.702871922758305
    ],
    [
      2.758883532795411,
      2.723548366698047
    ],
    [
      2.715720634603813,
      2.710487234298848
    ],
    [
      2.6469991318028883,
      2.714113702522087
    ],
    [
      2.6873666714387516,
      2.690798725402348
    ],
    [
      2.6486450121390552,
      2.7313103223362343
    ],
    [
      2.6322572623645133,
      2.6576586247557445
    ],
    [
      2.6082571629335107,
      2.709959405581964
    ],
    [
      2.548073021355956,
      2.6254771743653156
    ],
    [
      2.5598681410550657,
      2.519447203657324
    ],
    [
      2.3206090999833955,
      2.5622623689084874
    ],
    [
      2.3297212167341645,
      2.4858333287243175
    ],
    [
      2.3438505974676898,
      2.2702617596421204
    ],
    [
      2.2183758585031317,
      2.3141106304732744
    ],
    [
      2.0739364082878216,
      2.2490578496982656
    ],
    [
      1.9316226692178131,
      2.1784908345222678
    ],
    [
      1.9250694957872725,
      2.0813808970436507
    ],
    [
      1.6702722406797006,
      2.025123030684736
    ],
    [
      1.5979619915522005,
      1.9138934449896687
    ],
    [
      1.539948689261055,
      1.804917256383464
    ],
    [
      1.2770229588147661,
      1.6394277227606384
    ],
    [
      1.165906481822679,
      1.6284875728492336
    ],
    [
      0.9911030925625467,
      1.354144594429184
    ],
    [
      0.8522930307262622,
      1.309496364312083
    ],
    [
      0.7119843313771489,
      1.200134480320987
    ],
    [
      0.5640896969573526,
      0.9632122959290323
    ],
    [
      0.34969437076611365,
      0.8401064089135476
    ],
    [
      0.17985458267211152,
      0.6229717352657472
    ],
    [
      -0.03532904628036462,
      0.6122314615165654
    ],
    [
      -0.09886666642088165,
      0.5126359832547531
    ],
    [
      -0.3933611714380067,
      0.28682614176426563
    ],
    [
      -0.48794379155183454,
      0.13088064920967246
    ],
    [
      -0.7026535068766637,
      -0.06842862038637663
    ],
    [
      -0.8606202825354091,
      -0.1583670443437998
    ],
    [
      -0.9843810259286142,
      -0.40178775959492163
    ],
    [
      -1.2112776680141306,
      -0.5096449257654634
    ],
    [
      -1.3187453516958032,
      -0.6361718988622087
    ],
    [
      -1.433898946987612,
      -0.8426337703623312
    ],
    [
      -1.5901835801514368,
      -0.9541530766531251
    ],
    [
      -1.7710552396046395,
      -1.17061600277715
    ],
    [
      -1.7880614883721195,
      -1.2145138247623457
    ],
    [
      -1.9332508565254627,
      -1.4021679738320452
    ],
    [
      -2.036209126773026,
      -1.4504851566984769
    ],
    [
      -2.0486765663253728,
      -1.6325727688601932
    ],
    [
      -2.3167568815761097,
      -1.7520696979712056
    ],
    [
      -2.3020769043867793,
      -1.8326559838397949
    ],
    [
      -2.386613825331102,
      -1.9582103000537623
    ],
    [
      -2.4859259462601258,
      -1.9378088006696659
    ],
    [
      -2.5721573601298515,
      -2.224566283690203
    ],
    [
      -2.5381121038569607,
      -2.2861875068223387
    ],
    [
      -2.5296299864366674,
      -2.332841013232878
    ],
    [
      -2.619081428837938,
      -2.396332358660319
    ],
    [
      -2.5355782005423197,
      -2.4657396863111103
    ]
  ],
  "complexity": 0.3945897985336054
}