{
  "id": 679,
  "wedge_count": 4,
  "parameters": {
    "rotation_speeds": [
      -0.9725828525395692,
      1.2402985813509773,
      -0.5354872701684386,
      -2.630576828526352
    ],
    "phi_x": [
      -8.096459780974708,
      -11.589267892017759,
      1.125988020467961,
      -13.674907026279786
    ],
    "phi_y": [
      8.509245961347787,
      -14.908218068546283,
      -7.396283392168633,
      0.5241135783806126
    ],
    "distances": [
      1.0,
      6.371733189276837,
      2.436635442084876,
      3.9186876637777557,
      5.68459052359982
    ],
    "refractive_indices": [
      1.0,
      1.5,
      1.5,
      1.5,
      1.5,
      1.0
    ],
    "wedgenum": 4
  },
  "pattern": [
    [
      2.5158198231804936,
      2.518711082111465
    ],
    [
      2.6525779108405714,
      2.6268975536828054
    ],
    [
      2.631318162958988,
      2.654552500681684
    ],
    [
      2.695885694089771,
      2.6261104090739082
    ],
    [
      2.753238992391561,
      2.6262623701435626
    ],
    [
      2.7418306604198137,
      2.630837222255249
    ],
    [
      2.7254709645805346,
      2.648946055914231
    ],
    [
      2.810128167319313,
      2.775656134633439
    ],
    [
      2.6880117431363035,
      2.678277040328541
    ],
    [
      2.727660427634338,
      2.5971564822659703
    ],
    [
      2.722746432400372,
      2.6616796565782663
    ],
    [
      2.723785883364919,
      2.7398488952114493
    ],
    [
      2.685411981468922,
      2.647989592082684
    ],
    [
      2.7211025771762176,
      2.5842312420618705
    ],
    [
      2.581487131736459,
      2.6343947431498993
    ],
    [
      2.5625104089023174,
      2.611720903270307
    ],
    [
      2.5836032439551584,
      2.4993018308568935
    ],
    [
      2.5437643979330398,
      2.476926698306094
    ],
    [
      2.4174071057922752,
      2.3948654828249687
    ],
    [
      2.271774395416992,
      2.3593102859214223
    ],
    [
      2.201661241101122,
      2.316310395088442
    ],
    [
      2.16096985914787,
      2.290668021624081
    ],
    [
      2.193473090034239,
      2.1937510687387656
    ],
    [
      1.9841192319725263,
      2.1393204110322936
    ],
    [
      2.0173245023961184,
      2.0925791093562998
    ],
    [
      1.9459668500828546,
      1.965484884965682
    ],
    [
      1.788393856595616,
      1.9351979783506348
    ],
    [
      1.7490427042866412,
      1.8162768610388322
    ],
    [
      1.608342824924949,
      1.670835810966664
    ],
    [
      1.5013784164971837,
      1.7114562910582571
    ],
    [
      1.3477785762072847,
      1.6384153740046885
    ],
    [
      1.2791374152346129,
      1.598953679690818
    ],
    [
      1.1872305298114236,
      1.3414412474108932
    ],
    [
      1.1049851574574254,
      1.396205382404284
    ],
    [
      1.0260209101094742,
      1.3321151363494705
    ],
    [
      0.8246618440660023,
      1.17747720696742
    ],
    [
      0.8499294550962804,
      1.0405788093952928
    ],
    [
      0.6606957479436879,
      0.9536094353090018
    ],
    [
      0.6185518787103601,
      0.8129013727703359
    ],
    [
      0.41711422974343043,
      0.6042897836975873
    ],
    [
      0.41358089611195803,
      0.7215673062760652
    ],
    [
      0.2532995727553119,
      0.517728542896065
    ],
    [
      0.09378833697707098,
      0.6042838120261513
    ],
    [
      0.06240704021348831,
      0.49964281241245767
    ],
    [
      0.05742826819625524,
      0.2993694837943611
    ],
    [
      -0.13242715660686663,
      0.30513651427951627
    ],
    [
      -0.30765809439146163,
      0.07128318590538946
    ],
    [
      -0.4192976424267033,
      0.10042607186119946
    ],
    [
      -0.4055581293999062,
      -0.06929008645056976
    ],
    [
      -0.5554438532090524,
      -0.0005706078092721362
    ],
    [
      -0.665574792713358,
      -0.15293543266258836
    ],
    [
      -0.703327297563064,
      -0.2947385096032219
    ],
    [
      -0.7447555608103128,
      -0.37947558507530227
    ],
    [
      -0.7580647389687895,
      -0.3399185798392372
    ],
    [
      -0.9316275026625916,
      -0.5595557107749429
    ],
    [
      -0.8826842170458744,
      -0.5850134534000678
    ],
    [
      -1.0358904174674453,
      -0.667494529573032
    ],
    [
      -1.0942330171222405,
      -0.7268776872484345
    ],
    [
      -1.1068336609703222,
      -0.7769938023874966
    ],
    [
      -1.1657307267400645,
      -0.7775103449092816
    ]
  ],
  "complexity": 0.3466305205188422
}