{
  "id": 614,
  "wedge_count": 6,
  "parameters": {
    "rotation_speeds": [
      1.0060765783448673,
      -2.8532925545550203,
      -0.9120943280520741,
      -0.23846290765457923,
      2.694224045205898,
      1.32477218325878
    ],
    "phi_x": [
      -9.468951831476293,
      -12.676316646901412,
      -12.432403714965325,
      -10.765161643963967,
      4.760821468928732,
      -4.272819403604437
    ],
    "phi_y": [
      -5.20713565060581,
      6.853092859918718,
      9.209223434051896,
      3.4316975521395285,
      -1.1934397872382991,
      13.69343754570691
    ],
    "distances": [
      1.0,
      6.195010330668344,
      3.879665160770215,
      5.390791054426196,
      6.346424383289702,
      2.449151542860518,
      2.1732040185549746
    ],
    "refractive_indices": [
      1.0,
      1.5,
      1.5,
      1.5,
      1.5,
      1.5,
      1.5,
      1.0
    ],
    "wedgenum": 6
  },
  "pattern": [
    [
      4.568913784514656,
      4.645895606931368
    ],
    [
      4.508344435916266,
      4.535348179335741
    ],
    [
      4.4416948013224475,
      4.51991459332569
    ],
    [
      4.417511075734446,
      4.557530657374441
    ],
    [
      4.4300617040895185,
      4.340748251812102
    ],
    [
      4.381662946800514,
      4.358260587619273
    ],
    [
      4.354418206197277,
      4.357832880724039
    ],
    [
      4.1607932899867475,
      4.2777102874732265
    ],
    [
      4.213660233638479,
      4.2428889417930336
    ],
    [
      4.163555838487741,
      4.214881984026046
    ],
    [
      4.056547977283935,
      4.0830431829753895
    ],
    [
      3.849216961550029,
      4.114655703856146
    ],
    [
      3.7675129169664916,
      3.967180457956121
    ],
    [
      3.675498323050045,
      3.930939449695924
    ],
    [
      3.608283585894365,
      3.8333596200766955
    ],
    [
      3.502644457739675,
      3.6756032184468213
    ],
    [
      3.4602287004042855,
      3.605869556074286
    ],
    [
      3.2624368518098223,
      3.5047571449708084
    ],
    [
      3.222222627268227,
      3.4591756912855227
    ],
    [
      3.179242621800672,
      3.3519621140577414
    ],
    [
      2.9930203906677373,
      3.3214444283765387
    ],
    [
      2.8010745909559707,
      3.1935167190421585
    ],
    [
      2.7070124722687128,
      3.0578900859177165
    ],
    [
      2.7117888580170644,
      2.8782734131694596
    ],
    [
      2.57261673556697,
      2.8865823403160036
    ],
    [
      2.4388906313449725,
      2.645723775199682
    ],
    [
      2.352549750872636,
      2.5850753518957466
    ],
    [
      2.2254091503875473,
      2.636098777192151
    ],
    [
      2.246418755048568,
      2.350589799115079
    ],
    [
      2.0254347025806636,
      2.277144656295179
    ],
    [
      1.907633836012861,
      2.1955993688554485
    ],
    [
      1.8235493383134362,
      2.24485427252055
    ],
    [
      1.6244990776860975,
      2.067580310199927
    ],
    [
      1.5689923648045032,
      1.9327071150166417
    ],
    [
      1.5378942292473392,
      1.797522912758387
    ],
    [
      1.4278222488050274,
      1.8526388003418894
    ],
    [
      1.3437281452897099,
      1.6955765802838934
    ],
    [
      1.2587651168412468,
      1.6512408708226245
    ],
    [
      1.239361145381148,
      1.465067793838281
    ],
    [
      1.0588204788293356,
      1.4531171753651113
    ],
    [
      0.9898788751332183,
      1.389819185545508
    ],
    [
      1.068868482762202,
      1.2755867250604063
    ],
    [
      0.9514492827184371,
      1.191733126683398
    ],
    [
      0.8878377182829258,
      1.0599814679233162
    ],
    [
      0.8472214040361123,
      1.1043290898889808
    ],
    [
      0.7428222298797214,
      1.0392112427117477
    ],
    [
      0.7566186675481744,
      1.0362911551851794
    ],
    [
      0.6458826218747001,
      0.9464053630771277
    ],
    [
      0.6949366206097682,
      0.8730574037165976
    ],
    [
      0.6226796846124388,
      0.9596101069195135
    ],
    [
      0.5893170880545682,
      0.8308721493777848
    ],
    [
      0.6130522408882422,
      0.879707824392745
    ],
    [
      0.6250465700410074,
      0.7562879386329607
    ],
    [
      0.6028704368361483,
      0.7514020922797202
    ],
    [
      0.6303402169286805,
      0.5791800458633152
    ],
    [
      0.4969590447228519,
      0.7275376070531482
    ],
    [
      0.6321245871128512,
      0.6742195136737433
    ],
    [
      0.6831353928802588,
      0.6135883804103489
    ],
    [
      0.5776103082464944,
      0.700606386718393
    ],
    [
      0.5660715831745367,
      0.6425372493503464
    ]
  ],
  "complexity": 0.3563626642871897
}