{
  "id": 2082,
  "wedge_count": 3,
  "parameters": {
    "rotation_speeds": [
      -2.881571613796824,
      1.5453744154399436,
      -2.053624318814551
    ],
    "phi_x": [
      -1.0970883781418372,
      4.191569844281872,
      -8.928652526986216
    ],
    "phi_y": [
      2.310524649044943,
      -7.718752361468112,
      -5.0270150658238215
    ],
    "distances": [
      1.0,
      6.21896282809603,
      5.672871099083622,
      5.049265828634848
    ],
    "refractive_indices": [
      1.0,
      1.5,
      1.5,
      1.5,
      1.0
    ],
    "wedgenum": 3
  },
  "pattern": [
    [
      1.1237184261053317,
      1.173588284677899
    ],
    [
      1.1337775914725055,
      1.1511182616116404
    ],
    [
      1.0807520352247857,
      1.1955438200565909
    ],
    [
      1.0748182117666685,
      1.1720722714726557
    ],
    [
      1.1725518651815419,
      1.0835684481443433
    ],
    [
      1.2494760327703314,
      1.1240186478780965
    ],
    [
      1.0670603581937714,
      1.0790241893222625
    ],
    [
      1.1135693000886782,
      1.1104869926281917
    ],
    [
      1.1487147238735091,
      1.1012280029969477
    ],
    [
      1.1056141618427573,
      1.079757165769122
    ],
    [
      1.0449476152174224,
      1.0319359122644471
    ],
    [
      1.009469968412516,
      1.0622744580408023
    ],
    [
      1.010183908320272,
      0.9094238907579861
    ],
    [
      0.886522361312214,
      1.025899043199742
    ],
    [
      1.0063821495493872,
      0.9401810814037568
    ],
    [
      1.005870793982254,
      0.9605274407318347
    ],
    [
      0.9443980564531309,
      0.9463590535780628
    ],
    [
      0.7654502508023354,
      0.9431898521990305
    ],
    [
      0.7861880006476474,
      0.9295938493149991
    ],
    [
      0.9302902984407321,
      0.7978229842583955
    ],
    [
      0.676330069807318,
      0.835116489916381
    ],
    [
      0.7607470820799448,
      0.7926704418055299
    ],
    [
      0.730141465836351,
      0.7648020334893293
    ],
    [
      0.6979853535770216,
      0.7364646321437575
    ],
    [
      0.6220116854450323,
      0.6882569700499426
    ],
    [
      0.5694224374365457,
      0.7108666591536149
    ],
    [
      0.5978391663625557,
      0.7018838759385039
    ],
    [
      0.6026869823877988,
      0.6208356145213872
    ],
    [
      0.4041182227430056,
      0.5257684798915919
    ],
    [
      0.505922173492733,
      0.5264062712563596
    ],
    [
      0.442532999501374,
      0.4769527556686779
    ],
    [
      0.3545370354357915,
      0.5317550758030952
    ],
    [
      0.38216070605332886,
      0.46224931698404437
    ],
    [
      0.34310694661407737,
      0.28518831902178654
    ],
    [
      0.27820316450392873,
      0.34909093428550175
    ],
    [
      0.30199001353992033,
      0.38502594153111025
    ],
    [
      0.17858199340149886,
      0.3551488208989093
    ],
    [
      0.22706646884745663,
      0.2493760126225809
    ],
    [
      0.19282385868818328,
      0.26467696199259283
    ],
    [
      0.07035724646253529,
      0.26211253581458677
    ],
    [
      0.1289581061214126,
      0.22379580566839366
    ],
    [
      0.04440760026298083,
      0.22863747756970715
    ],
    [
      -0.008204694733899356,
      0.055302341573530076
    ],
    [
      0.07620700324589422,
      0.12594403579258193
    ],
    [
      -0.0939707095800015,
      0.10154777708539596
    ],
    [
      -0.05391664650014734,
      0.04455765730126577
    ],
    [
      -0.04392999252696467,
      0.006044892549001481
    ],
    [
      -0.16582674630444896,
      0.00955550419181379
    ],
    [
      -0.0698118430864246,
      -0.0955370202545372
    ],
    [
      -0.17413756490905286,
      0.01096663898201615
    ],
    [
      -0.23421091960003854,
      -0.1354026020505081
    ],
    [
      -0.295463893387451,
      -0.11644765770442705
    ],
    [
      -0.3047608974525026,
      -0.1885935353566167
    ],
    [
      -0.39302972746358633,
      -0.056366275270882546
    ],
    [
      -0.3240444044426009,
      -0.14741655706642573
    ],
    [
      -0.2915122316071777,
      -0.2776703100544045
    ],
    [
      -0.33766210254225515,
      -0.21315690881897592
    ],
    [
      -0.38426060393577344,
      -0.1464976717570844
    ],
    [
      -0.4188091939733081,
      -0.2699286413656101
    ],
    [
      -0.41030533681643594,
      -0.29906033059563697
    ]
  ],
  "complexity": 0.2522265069634007
}