{
  "id": 220,
  "wedge_count": 3,
  "parameters": {
    "rotation_speeds": [
      -1.8066642072779426,
      -1.4335974852076483,
      -1.5741089276840479
    ],
    "phi_x": [
      4.372549781371649,
      -14.740842277698214,
      10.427164195070063
    ],
    "phi_y": [
      -13.99640807662043,
      -10.235089089315121,
      3.3851798966204747
    ],
    "distances": [
      1.0,
      4.940405941988749,
      7.711461397851937,
      7.742411328730174
    ],
    "refractive_indices": [
      1.0,
      1.5,
      1.5,
      1.5,
      1.0
    ],
    "wedgenum": 3
  },
  "pattern": [
    [
      2.1417449645887547,
      2.1314623455855664
    ],
    [
      2.091834543721567,
      1.9950318633941553
    ],
    [
      1.9168302123569412,
      1.9339585453599941
    ],
    [
      1.8097437656692144,
      1.7489490206078122
    ],
    [
      1.675906858141078,
      1.654234140890075
    ],
    [
      1.543920684564118,
      1.5846863933542004
    ],
    [
      1.4536681978380752,
      1.5103170722148678
    ],
    [
      1.270698308314508,
      1.4264551533080614
    ],
    [
      1.247949387605151,
      1.2966744596035846
    ],
    [
      1.0378469609444285,
      1.1701746731389464
    ],
    [
      0.9278421180253495,
      1.0009342201151992
    ],
    [
      0.7628719328215173,
      0.9772083444557405
    ],
    [
      0.5833597459275521,
      0.7369608001143007
    ],
    [
      0.5361732095721236,
      0.6353264241277999
    ],
    [
      0.32622325158673693,
      0.4985049804341469
    ],
    [
      0.19670990827698417,
      0.37259898225211735
    ],
    [
      0.07763018829719534,
      0.15919691670543373
    ],
    [
      -0.11545612078448746,
      0.07023820281988721
    ],
    [
      -0.18529086801534692,
      -0.09358746548356853
    ],
    [
      -0.4010594547649737,
      -0.17364832096482577
    ],
    [
      -0.5284048712140055,
      -0.3603807885053178
    ],
    [
      -0.6324482975490799,
      -0.36648151076521374
    ],
    [
      -0.7985341577025719,
      -0.4443770279642371
    ],
    [
      -0.8738461620915451,
      -0.6168485505228702
    ],
    [
      -0.8851430382469342,
      -0.6938826921548291
    ],
    [
      -0.970502678642881,
      -0.7688856180526823
    ],
    [
      -1.1324676397317426,
      -0.972821321692916
    ],
    [
      -1.261512215724967,
      -1.0688466234297995
    ],
    [
      -1.314528331693492,
      -1.16641583863042
    ],
    [
      -1.4188033514347855,
      -1.1856245908040182
    ],
    [
      -1.485772611835714,
      -1.3409359023000422
    ],
    [
      -1.6230801985674257,
      -1.3775460819546397
    ],
    [
      -1.6275617998831762,
      -1.4108423538063672
    ],
    [
      -1.7031628551196913,
      -1.4534683746358554
    ],
    [
      -1.7729784853947406,
      -1.5749673173809224
    ],
    [
      -1.7417710329012976,
      -1.6023641961909105
    ],
    [
      -1.7753770925521857,
      -1.602849081343469
    ],
    [
      -1.7751116987115276,
      -1.687189747220883
    ],
    [
      -1.862872393093489,
      -1.7108582960684855
    ],
    [
      -1.830871305801376,
      -1.6908463644994975
    ],
    [
      -1.8919922631679844,
      -1.762159530101388
    ],
    [
      -1.760417661923851,
      -1.6960451902091902
    ],
    [
      -1.7050205739543973,
      -1.8017139725576536
    ],
    [
      -1.7336345421998547,
      -1.7970642194399544
    ],
    [
      -1.7195096311235114,
      -1.755859912749929
    ],
    [
      -1.6993067614181543,
      -1.784224870354104
    ],
    [
      -1.6571982272582007,
      -1.8372273065136109
    ],
    [
      -1.6356838975112509,
      -1.7143280497581073
    ],
    [
      -1.5923540119659223,
      -1.7473909048324272
    ],
    [
      -1.6325775220685064,
      -1.6746461271222453
    ],
    [
      -1.4175506979478198,
      -1.6224902015161482
    ],
    [
      -1.3543994901228846,
      -1.5826744758192175
    ],
    [
      -1.4274123017322262,
      -1.5885042609941251
    ],
    [
      -1.2845563598755532,
      -1.5307520617854307
    ],
    [
      -1.221542423073125,
      -1.4647876917369558
    ],
    [
      -1.1265890857108132,
      -1.4434577194858702
    ],
    [
      -1.178298444938689,
      -1.3836555475585235
    ],
    [
      -0.910957952879203,
      -1.246687755268499
    ],
    [
      -0.9942105512745688,
      -1.220668438049921
    ],
    [
      -0.8932646118445078,
      -1.2247194472849492
    ]
  ],
  "complexity": 0.33256033248067535
}