{
  "id": 3843,
  "wedge_count": 3,
  "parameters": {
    "rotation_speeds": [
      -0.4776547845256376,
      1.3813920185227637,
      -1.926536201345772
    ],
    "phi_x": [
      11.5863930577002,
      -2.4621911376312777,
      2.5890582005111114
    ],
    "phi_y": [
      9.123206988524366,
      -2.035791758328056,
      12.889559014463668
    ],
    "distances": [
      1.0,
      3.287078324941356,
      6.346279276366317,
      7.926946265390337
    ],
    "refractive_indices": [
      1.0,
      1.5,
      1.5,
      1.5,
      1.0
    ],
    "wedgenum": 3
  },
  "pattern": [
    [
      1.5199622790022969,
      1.365032376406592
    ],
    [
      1.3956027056376445,
      1.3495489195855568
    ],
    [
      1.4143508389686226,
      1.2330674581335137
    ],
    [
      1.3354263158521662,
      1.333387481575534
    ],
    [
      1.2183077212836595,
      1.2511568140557023
    ],
    [
      1.185210492751285,
      1.1441525522154454
    ],
    [
      1.0264688006580005,
      1.0979045028111618
    ],
    [
      1.0533669615022017,
      1.1029229735283284
    ],
    [
      0.8633210115314512,
      0.9652161239553368
    ],
    [
      0.801314454436434,
      0.8897673952006261
    ],
    [
      0.8026712678608108,
      0.7531651856249634
    ],
    [
      0.6048357122488422,
      0.6828028143714087
    ],
    [
      0.6592704533117784,
      0.701168315162536
    ],
    [
      0.5941877087387342,
      0.5472904143440042
    ],
    [
      0.44615676785098085,
      0.5379166951488227
    ],
    [
      0.3146735768633598,
      0.4332923296171363
    ],
    [
      0.3606528007106101,
      0.3705250051119172
    ],
    [
      0.2461229539904061,
      0.3335362144603141
    ],
    [
      0.14241990703247817,
      0.23413864164786846
    ],
    [
      0.2221153671009985,
      0.11620044484344473
    ],
    [
      0.04800594663452452,
      0.10748131891214525
    ],
    [
      -0.093590727409649,
      0.10541423906720579
    ],
    [
      -0.08200520333571074,
      0.06952855927347154
    ],
    [
      -0.09860950185522908,
      -0.03862683151907201
    ],
    [
      -0.18866725400362314,
      -0.11941461903769812
    ],
    [
      -0.24523129072622912,
      -0.07712496947094143
    ],
    [
      -0.1760561751105114,
      -0.1574113429719961
    ],
    [
      -0.35545537708556696,
      -0.1495167088727199
    ],
    [
      -0.3153914437451167,
      -0.21253843109141485
    ],
    [
      -0.38282000968801905,
      -0.24409964256888741
    ],
    [
      -0.2802925464922853,
      -0.18357378348196896
    ],
    [
      -0.45719277635549727,
      -0.33176758153357794
    ],
    [
      -0.3397488305475838,
      -0.33332201512784737
    ],
    [
      -0.4235564769594506,
      -0.3811596436481891
    ],
    [
      -0.4241815754573532,
      -0.4065770978508488
    ],
    [
      -0.4078715224059061,
      -0.43942733041758864
    ],
    [
      -0.48780026058570414,
      -0.3485161297482572
    ],
    [
      -0.406207404935361,
      -0.4183301891021708
    ],
    [
      -0.37662386271264225,
      -0.3734396087237411
    ],
    [
      -0.4023121468520886,
      -0.35837165456963566
    ],
    [
      -0.40691185837211535,
      -0.4902969397339966
    ],
    [
      -0.4268823471244898,
      -0.3754096762672302
    ],
    [
      -0.3511069733398102,
      -0.2769834092921831
    ],
    [
      -0.2501034197642332,
      -0.4403498816158433
    ],
    [
      -0.25468311453880954,
      -0.3623901146397355
    ],
    [
      -0.21069467702535027,
      -0.3409334876412253
    ],
    [
      -0.2600325379898845,
      -0.33799867542464146
    ],
    [
      -0.2061513521679342,
      -0.27896722102096894
    ],
    [
      -0.27636501984955997,
      -0.29440600245264625
    ],
    [
      -0.18639498949816857,
      -0.22353368989070246
    ],
    [
      -0.2231064000914516,
      -0.1742452065227482
    ],
    [
      -0.10924643675593829,
      -0.16221727260785587
    ],
    [
      -0.07203402748794821,
      -0.22234251263461471
    ],
    [
      0.0281252686770326,
      -0.1801100956303999
    ],
    [
      0.029737256802397836,
      -0.08069148989134003
    ],
    [
      0.029800455340107078,
      -0.14182232608715947
    ],
    [
      0.08714228780584096,
      -0.012636224595736018
    ],
    [
      0.11559471578926214,
      0.03422184268277073
    ],
    [
      0.24027720105598974,
      -0.04137361111101464
    ],
    [
      0.15450341243400326,
      -0.03067383916431947
    ]
  ],
  "complexity": 0.22399580333909694
}