{
  "id": 1425,
  "wedge_count": 3,
  "parameters": {
    "rotation_speeds": [
      1.9735325121300509,
      -0.055911386563308074,
      1.3802516237189533
    ],
    "phi_x": [
      9.800544843309904,
      -9.497402787594767,
      5.048365036212598
    ],
    "phi_y": [
      10.27683673866838,
      -5.201713156356842,
      -2.3182990603539455
    ],
    "distances": [
      1.0,
      2.853553030802842,
      6.004506803323979,
      2.9989630222351065
    ],
    "refractive_indices": [
      1.0,
      1.5,
      1.5,
      1.5,
      1.0
    ],
    "wedgenum": 3
  },
  "pattern": [
    [
      1.6791702922161957,
      1.750193911343432
    ],
    [
      1.804721971639173,
      1.8412253827938596
    ],
    [
      1.8392090790383882,
      1.8550995223418894
    ],
    [
      1.8448058910267149,
      1.8369200044470664
    ],
    [
      1.8954248847557085,
      1.9347995200241808
    ],
    [
      1.9870281832054513,
      1.8846153704472846
    ],
    [
      1.9448785465816394,
      1.9638410623973488
    ],
    [
      1.990565568413338,
      1.9536792124969766
    ],
    [
      2.008195343986938,
      1.8819862206212614
    ],
    [
      2.0554695417804894,
      1.961600338272561
    ],
    [
      2.028870172146506,
      1.996525769044958
    ],
    [
      1.9701203515391241,
      2.002418712772377
    ],
    [
      1.9694075745898851,
      1.9905479827687416
    ],
    [
      1.9801323023179644,
      1.9526418835330315
    ],
    [
      1.8731924646849258,
      1.9688856861380213
    ],
    [
      1.934401933505049,
      1.936068857436971
    ],
    [
      1.9612971393490644,
      1.9740960202860882
    ],
    [
      1.8823963624551676,
      1.9366289575353661
    ],
    [
      1.8253830898628889,
      1.9667158443252144
    ],
    [
      1.8197737852092695,
      1.925738884469053
    ],
    [
      1.7408760312323557,
      1.8366810584510356
    ],
    [
      1.5924812300483742,
      1.7749917347799067
    ],
    [
      1.5909914054798064,
      1.8156129549606688
    ],
    [
      1.6186255139842376,
      1.7461335933734168
    ],
    [
      1.5353378538773614,
      1.6685651621955697
    ],
    [
      1.4148066013893643,
      1.5488956145443762
    ],
    [
      1.3041496710603915,
      1.5363697922055677
    ],
    [
      1.2811522408222447,
      1.428925469179014
    ],
    [
      1.1493610775354028,
      1.3452733754364825
    ],
    [
      1.1046169415873979,
      1.3075798379111405
    ],
    [
      1.0750309279420625,
      1.2402451292077765
    ],
    [
      0.9130916864796912,
      1.0719850752828997
    ],
    [
      0.8235392731451101,
      1.170713024041669
    ],
    [
      0.687642300281388,
      1.106097940295999
    ],
    [
      0.596081401599299,
      0.8416095665173678
    ],
    [
      0.6141169782066922,
      0.8755898357295547
    ],
    [
      0.40844979810118154,
      0.8328074077751356
    ],
    [
      0.2800255023604463,
      0.6999255662476237
    ],
    [
      0.1992216830359131,
      0.6262210061085909
    ],
    [
      0.08555474532346782,
      0.49647250256654946
    ],
    [
      0.0598150022722281,
      0.40447102904565735
    ],
    [
      0.06049931563341508,
      0.2588427651385048
    ],
    [
      -0.12389120640615928,
      0.2899131496802749
    ],
    [
      -0.16133762584223232,
      0.11370030269540835
    ],
    [
      -0.35933505476738153,
      0.09961564268441273
    ],
    [
      -0.2918037162741826,
      -0.06343157321608836
    ],
    [
      -0.40028500253924393,
      -0.17540308125017545
    ],
    [
      -0.457332788542192,
      -0.22157491847034172
    ],
    [
      -0.4688488043538526,
      -0.21628298087795203
    ],
    [
      -0.5555992828175738,
      -0.2860127574227931
    ],
    [
      -0.7368568186157469,
      -0.3806387626579982
    ],
    [
      -0.6558922619208327,
      -0.4129905712268001
    ],
    [
      -0.7027947481437276,
      -0.4473196810793238
    ],
    [
      -0.7896883659116721,
      -0.538914418698959
    ],
    [
      -0.7488555541675492,
      -0.5725282881224201
    ],
    [
      -0.8378197431130449,
      -0.5329734444025742
    ],
    [
      -0.7979401699940518,
      -0.756203736837838
    ],
    [
      -0.7942100048850639,
      -0.6488574732487393
    ],
    [
      -0.8481916343346843,
      -0.7727513124411359
    ],
    [
      -0.8887933016584452,
      -0.780826549479528
    ]
  ],
  "complexity": 0.3109227778473241
}