{
  "id": 2908,
  "wedge_count": 2,
  "parameters": {
    "rotation_speeds": [
      2.5307644441854187,
      0.9527236462539923
    ],
    "phi_x": [
      -6.102558443479584,
      11.274219377682837
    ],
    "phi_y": [
      -6.455636327336874,
      12.462617777522446
    ],
    "distances": [
      1.0,
      6.171788020135497,
      2.131429188163608
    ],
    "refractive_indices": [
      1.0,
      1.5,
      1.5,
      1.0
    ],
    "wedgenum": 2
  },
  "pattern": [
    [
      1.3211502044016863,
      1.3182879179302733
    ],
    [
      1.4149757214862861,
      1.3537513833815502
    ],
    [
      1.4076606211739076,
      1.3438675755343714
    ],
    [
      1.5284648425878362,
      1.4994284082741967
    ],
    [
      1.4708705321454416,
      1.5196739826580956
    ],
    [
      1.5944405564852777,
      1.4888160800453774
    ],
    [
      1.5058235026277278,
      1.5746787922855696
    ],
    [
      1.5820208540402145,
      1.5853367104328362
    ],
    [
      1.6007186265633169,
      1.6360182075179732
    ],
    [
      1.7049455034656318,
      1.6419491357046199
    ],
    [
      1.7089340071714705,
      1.7027195463415947
    ],
    [
      1.701566308148278,
      1.6743846753553182
    ],
    [
      1.5747470520135298,
      1.675410922250165
    ],
    [
      1.7244910060639846,
      1.6045863324741614
    ],
    [
      1.6858889467020868,
      1.6908252693297543
    ],
    [
      1.7836913870499573,
      1.6929311415339814
    ],
    [
      1.753177584627121,
      1.7139926051575152
    ],
    [
      1.6917627615751483,
      1.7313999840037895
    ],
    [
      1.7479210698210683,
      1.727831704456338
    ],
    [
      1.6962821938834012,
      1.6801470564442909
    ],
    [
      1.6866774111275613,
      1.7393324714545395
    ],
    [
      1.588183816912408,
      1.7349977571291555
    ],
    [
      1.6672371451150383,
      1.6749568033751399
    ],
    [
      1.5742775209437398,
      1.6163585546197718
    ],
    [
      1.5237211965314383,
      1.5754313065164065
    ],
    [
      1.5733543833101509,
      1.6012621924517778
    ],
    [
      1.5173466566791525,
      1.60069454277197
    ],
    [
      1.4937372279521115,
      1.6032894617207571
    ],
    [
      1.4280289453700123,
      1.5023722456275628
    ],
    [
      1.4151783335793255,
      1.4492331203725901
    ],
    [
      1.3769033484892073,
      1.4205991151322117
    ],
    [
      1.2757493693351014,
      1.494550525897884
    ],
    [
      1.1834782671843143,
      1.41610839273193
    ],
    [
      1.112211281597624,
      1.28145326474154
    ],
    [
      1.0892125894726166,
      1.1857017688031186
    ],
    [
      1.0402706436523443,
      1.2133767097063097
    ],
    [
      1.0728795571428644,
      1.1808251533801075
    ],
    [
      0.9884981658303638,
      1.2063044266555571
    ],
    [
      0.8190176505645332,
      1.1202748240245168
    ],
    [
      0.8547133445387884,
      1.0881081471058156
    ],
    [
      0.7045281981783307,
      0.8826246994164373
    ],
    [
      0.6875810973016897,
      0.9249964270737708
    ],
    [
      0.6979502648694146,
      0.8944093464963712
    ],
    [
      0.6062096246878704,
      0.8245002518692842
    ],
    [
      0.49802185368426144,
      0.7489679147024343
    ],
    [
      0.4703271336346329,
      0.7360581065555953
    ],
    [
      0.49042314818226485,
      0.6828510722768558
    ],
    [
      0.39328748285515397,
      0.621711673985884
    ],
    [
      0.25623344020718075,
      0.4830488828215318
    ],
    [
      0.26424737998998604,
      0.5997839321221454
    ],
    [
      0.24409544201461295,
      0.44640695855551044
    ],
    [
      0.09540555230537656,
      0.39717716225236627
    ],
    [
      0.21071948766345808,
      0.3813025400588978
    ],
    [
      0.18213753399162036,
      0.428421407671317
    ],
    [
      0.15414879935235404,
      0.30396010497193293
    ],
    [
      0.13047873175947264,
      0.3083552650040599
    ],
    [
      0.055924651850547624,
      0.21217013929400771
    ],
    [
      0.10626271144948246,
      0.20226616663181657
    ],
    [
      0.007963644004858904,
      0.21777436292545202
    ],
    [
      0.052433117627951525,
      0.08704163896651171
    ]
  ],
  "complexity": 0.2648544588513275
}