{
  "id": 4178,
  "wedge_count": 1,
  "parameters": {
    "rotation_speeds": [
      -0.4017469613278135
    ],
    "phi_x": [
      -5.450034659619623
    ],
    "phi_y": [
      3.2678931616846256
    ],
    "distances": [
      1.0,
      5.3255843532832605
    ],
    "refractive_indices": [
      1.0,
      1.5,
      1.0
    ],
    "wedgenum": 1
  },
  "pattern": [
    [
      0.36174300279168786,
      0.36376822685904975
    ],
    [
      0.355023906910321,
      0.34276624159294433
    ],
    [
      0.33827553707637226,
      0.3361907681050489
    ],
    [
      0.3270415688879461,
      0.3242670046478907
    ],
    [
      0.30467604137479964,
      0.3126913720025317
    ],
    [
      0.28466043024688176,
      0.2903280878680515
    ],
    [
      0.26251938082698867,
      0.27507799014065015
    ],
    [
      0.24470982995184506,
      0.26181737601790367
    ],
    [
      0.22804010129124222,
      0.2405804596923237
    ],
    [
      0.21215008058834264,
      0.23487262065883768
    ],
    [
      0.19192004755628442,
      0.21139636546305085
    ],
    [
      0.17471204865643503,
      0.18954856164118858
    ],
    [
      0.14243449308097805,
      0.17423342899056543
    ],
    [
      0.130504678249025,
      0.15511805110430213
    ],
    [
      0.0973751789835818,
      0.1263603327417332
    ],
    [
      0.08146524751152671,
      0.11792248626839588
    ],
    [
      0.056731474871346756,
      0.09062510659833879
    ],
    [
      0.032336744828692324,
      0.06658838493860075
    ],
    [
      0.012862437916010522,
      0.05511003400771231
    ],
    [
      -0.010718645070077944,
      0.027344714845513797
    ],
    [
      -0.03530439772918216,
      0.013102473298073288
    ],
    [
      -0.054840138479194625,
      -0.010809770342168724
    ],
    [
      -0.0747407265659907,
      -0.03050511468410727
    ],
    [
      -0.10295141969557703,
      -0.047456066828623154
    ],
    [
      -0.1285500448320045,
      -0.07074411171532367
    ],
    [
      -0.14981889251341332,
      -0.09854224633894132
    ],
    [
      -0.15924960394928495,
      -0.11717422021478743
    ],
    [
      -0.17427028358193106,
      -0.12920498907679648
    ],
    [
      -0.20147149230818348,
      -0.14801988194651006
    ],
    [
      -0.22250105506299714,
      -0.16288243624500856
    ],
    [
      -0.23231795006436837,
      -0.18355860165890017
    ],
    [
      -0.2503509937907207,
      -0.2044350837174672
    ],
    [
      -0.2600143713955053,
      -0.21288882567270587
    ],
    [
      -0.2768754339610486,
      -0.2287240155968928
    ],
    [
      -0.2969176793347256,
      -0.24214736662688668
    ],
    [
      -0.3090993992400836,
      -0.25744622964437514
    ],
    [
      -0.32762398841148516,
      -0.2749873674979072
    ],
    [
      -0.3373781537872842,
      -0.28230732959464466
    ],
    [
      -0.341662199883799,
      -0.2887718370925685
    ],
    [
      -0.34923956880854284,
      -0.3043680975311901
    ],
    [
      -0.35420716823812654,
      -0.32497248811296986
    ],
    [
      -0.3685514423658532,
      -0.3194153739199504
    ],
    [
      -0.36964256430384884,
      -0.3348550883870908
    ],
    [
      -0.3708376947411841,
      -0.34145545222836415
    ],
    [
      -0.37999343998952356,
      -0.33847220580355764
    ],
    [
      -0.37509807957016456,
      -0.34590681350504454
    ],
    [
      -0.3671163776471244,
      -0.36640868807513877
    ],
    [
      -0.37257790161020954,
      -0.36241734183145896
    ],
    [
      -0.3692569097337806,
      -0.3753905077990885
    ],
    [
      -0.366246028421051,
      -0.3686314551088505
    ],
    [
      -0.35724839783851103,
      -0.3676226074504323
    ],
    [
      -0.35850963854559176,
      -0.3697536780444706
    ],
    [
      -0.3599794055903196,
      -0.3655620145621347
    ],
    [
      -0.3500587831470963,
      -0.3603310583431673
    ],
    [
      -0.3273253104298423,
      -0.3594760290730817
    ],
    [
      -0.31400930727665866,
      -0.3617824262418897
    ],
    [
      -0.3162608832898363,
      -0.3593484307230124
    ],
    [
      -0.3038208895196364,
      -0.3553075263097005
    ],
    [
      -0.29307330644522195,
      -0.351690573495906
    ],
    [
      -0.28194351539793966,
      -0.3313491492089043
    ]
  ],
  "complexity": 0.1838028193296163
}