{
  "id": 3127,
  "wedge_count": 4,
  "parameters": {
    "rotation_speeds": [
      -0.9947410591861874,
      1.236325833720886,
      2.2076560816597723,
      -1.8789036630398737
    ],
    "phi_x": [
      -2.292266703024703,
      -4.465109853665968,
      9.651061793164832,
      7.433278324784833
    ],
    "phi_y": [
      11.82358990073536,
      -11.385271589579794,
      -11.512713974494128,
      12.440794981093852
    ],
    "distances": [
      1.0,
      7.400233743467865,
      6.522558818036975,
      2.1839281046655272,
      3.162381785006586
    ],
    "refractive_indices": [
      1.0,
      1.5,
      1.5,
      1.5,
      1.5,
      1.0
    ],
    "wedgenum": 4
  },
  "pattern": [
    [
      2.4173752027491924,
      2.44888840749573
    ],
    [
      2.5038778033027187,
      2.407593945890467
    ],
    [
      2.437743242726865,
      2.3725200118914245
    ],
    [
      2.3525035980031417,
      2.4498964395313925
    ],
    [
      2.369274054795789,
      2.395689266379314
    ],
    [
      2.4056965360233846,
      2.347204550576131
    ],
    [
      2.375290192542365,
      2.3573759781975117
    ],
    [
      2.299899312385382,
      2.2229411926248845
    ],
    [
      2.324678561454661,
      2.221237595163039
    ],
    [
      2.2862986138934516,
      2.2163005155081756
    ],
    [
      2.1863898123650007,
      2.098068986969997
    ],
    [
      2.138735307580213,
      2.041670266625369
    ],
    [
      1.9274423490458445,
      2.0589011804142894
    ],
    [
      1.8111828773729077,
      1.9392250693111734
    ],
    [
      1.7341965848896443,
      1.8909226731027482
    ],
    [
      1.6610492623234343,
      1.7322887252043906
    ],
    [
      1.4701814440220051,
      1.726090756199269
    ],
    [
      1.3686174941294926,
      1.474790630863641
    ],
    [
      1.251740702704874,
      1.5074000297109373
    ],
    [
      1.1700589096218355,
      1.3731673648115592
    ],
    [
      0.9672096972400629,
      1.1257245194545962
    ],
    [
      0.8839680782781185,
      1.174104514300372
    ],
    [
      0.7709579611775822,
      0.9956054390971015
    ],
    [
      0.5574318150506967,
      0.8018164775619729
    ],
    [
      0.48643516159131944,
      0.75527257060815
    ],
    [
      0.2718671514358925,
      0.5913043448580036
    ],
    [
      0.1566513176430593,
      0.4161657497284018
    ],
    [
      -0.019204085574604242,
      0.39923045019045966
    ],
    [
      -0.2156568355746179,
      0.24511188898053052
    ],
    [
      -0.3853960164061797,
      0.08281299776902963
    ],
    [
      -0.4725689468108496,
      -0.03680867390863901
    ],
    [
      -0.6231685871904415,
      -0.23232308761775572
    ],
    [
      -0.8407537504669275,
      -0.31307503047219143
    ],
    [
      -0.8653829800426853,
      -0.4378061217285359
    ],
    [
      -1.010890434918266,
      -0.6482128249820751
    ],
    [
      -1.1554470205947354,
      -0.6780137204021389
    ],
    [
      -1.4044940811411766,
      -0.8806681268702721
    ],
    [
      -1.3855846833722456,
      -0.9416616995170013
    ],
    [
      -1.4717804379695305,
      -1.0821383766873853
    ],
    [
      -1.580869221712524,
      -1.2375767470946817
    ],
    [
      -1.8492416130584917,
      -1.2706274551483039
    ],
    [
      -1.9440607614701755,
      -1.414097049128188
    ],
    [
      -1.9308501448632496,
      -1.4733612017360627
    ],
    [
      -2.0044325909478613,
      -1.6026353467317738
    ],
    [
      -2.0508920989447934,
      -1.7646899959553892
    ],
    [
      -2.1275796870599026,
      -1.8134571452023576
    ],
    [
      -2.247055817956404,
      -1.81190987599301
    ],
    [
      -2.2079432680911104,
      -1.9797464045167468
    ],
    [
      -2.268307228917445,
      -1.905150986950845
    ],
    [
      -2.293266756623675,
      -2.1778095583222465
    ],
    [
      -2.370205640995147,
      -2.1501042853243493
    ],
    [
      -2.3431260652340864,
      -2.258803877461386
    ],
    [
      -2.3101903720611148,
      -2.159856250655976
    ],
    [
      -2.372625658739002,
      -2.3612659962138847
    ],
    [
      -2.3556063678332357,
      -2.249573274607501
    ],
    [
      -2.3467554384310763,
      -2.3130027295180016
    ],
    [
      -2.379132823752841,
      -2.219475235377734
    ],
    [
      -2.2721238024435495,
      -2.33130922836766
    ],
    [
      -2.214991563338646,
      -2.338144285132716
    ],
    [
      -2.211863902984914,
      -2.387883760214159
    ]
  ],
  "complexity": 0.37069642163859845
}