{
  "id": 81,
  "wedge_count": 2,
  "parameters": {
    "rotation_speeds": [
      -1.3616525993132083,
      1.7706111274533818
    ],
    "phi_x": [
      -4.5084500086828,
      -6.749331119617178
    ],
    "phi_y": [
      -8.754664962024036,
      6.703627096241288
    ],
    "distances": [
      1.0,
      4.558961692013951,
      7.729103468887797
    ],
    "refractive_indices": [
      1.0,
      1.5,
      1.5,
      1.0
    ],
    "wedgenum": 2
  },
  "pattern": [
    [
      0.9058580346468427,
      0.7608714203694185
    ],
    [
      0.7812200046746327,
      0.8387133369472595
    ],
    [
      0.801933576639881,
      0.7999064976215855
    ],
    [
      0.7782974517809761,
      0.8190999705753527
    ],
    [
      0.7419901381001488,
      0.7755952764139632
    ],
    [
      0.7828747134907215,
      0.7105148178846515
    ],
    [
      0.7283923214975853,
      0.7256107746156721
    ],
    [
      0.7710364521558439,
      0.691288711441841
    ],
    [
      0.6594905150039391,
      0.7082154647303528
    ],
    [
      0.6481505496899227,
      0.7796047247864997
    ],
    [
      0.5649596896323418,
      0.5587034069135796
    ],
    [
      0.5907383870234195,
      0.5913091100616575
    ],
    [
      0.5625509967064346,
      0.5817369704357771
    ],
    [
      0.56030925146031,
      0.5370644188214312
    ],
    [
      0.44556643100997534,
      0.41514374822275135
    ],
    [
      0.3983996207783433,
      0.4095239667739086
    ],
    [
      0.2861007045346307,
      0.4361008474031211
    ],
    [
      0.3027345151016032,
      0.41634675996442183
    ],
    [
      0.1329828080130817,
      0.2581895016390916
    ],
    [
      0.09451093996637502,
      0.2454308556111692
    ],
    [
      0.12718236973432764,
      0.27511937305208556
    ],
    [
      0.08485188834028035,
      0.17845757386824618
    ],
    [
      -0.05605963169369734,
      0.09927987257048419
    ],
    [
      -0.13661750044876836,
      0.0038447963573072334
    ],
    [
      -0.1972007864631469,
      -0.08822187567623008
    ],
    [
      -0.28997748631743764,
      -0.10256737771755056
    ],
    [
      -0.34962384967209315,
      -0.1288232452706511
    ],
    [
      -0.3654787656807641,
      -0.24061752453414464
    ],
    [
      -0.4689778367373459,
      -0.3346659169873065
    ],
    [
      -0.3966966808165983,
      -0.2545970899335214
    ],
    [
      -0.5308240761792972,
      -0.42029134632271364
    ],
    [
      -0.7220862326670416,
      -0.35458475353838137
    ],
    [
      -0.7526139944984311,
      -0.5115290308075381
    ],
    [
      -0.7333714916383871,
      -0.48754630808377947
    ],
    [
      -0.7617251417876568,
      -0.5824920675352208
    ],
    [
      -0.8876642066434339,
      -0.7033891713417052
    ],
    [
      -0.8670562311110659,
      -0.6454762417918902
    ],
    [
      -0.9527765111353764,
      -0.6837227130348021
    ],
    [
      -0.9256666259507533,
      -0.7644770784814191
    ],
    [
      -1.0419574067566022,
      -0.8371614727832366
    ],
    [
      -1.0474535791795763,
      -0.8878716926002536
    ],
    [
      -1.0163570475694763,
      -0.9221853051850195
    ],
    [
      -1.1364759141119294,
      -0.9495202549735393
    ],
    [
      -1.1117621640148556,
      -1.0516216184994511
    ],
    [
      -1.1448696790175659,
      -1.0006888948388621
    ],
    [
      -1.1961572257179063,
      -0.9874405164519293
    ],
    [
      -1.1326988708150358,
      -1.0620213021796643
    ],
    [
      -1.1390605843200492,
      -1.0993031269167965
    ],
    [
      -1.1189025097295724,
      -1.2103996440011326
    ],
    [
      -1.1347176418941813,
      -1.1208414788509788
    ],
    [
      -1.1458851735223674,
      -1.129395522619122
    ],
    [
      -1.0404924306105916,
      -1.1633765090669714
    ],
    [
      -1.1143315404743057,
      -1.0952305566302705
    ],
    [
      -1.0630525086130584,
      -1.1546795299858996
    ],
    [
      -1.0161860558305802,
      -1.2008289539856527
    ],
    [
      -1.03509572671588,
      -1.0789340325459902
    ],
    [
      -1.020752873480879,
      -1.1898562222902493
    ],
    [
      -0.9064686269361377,
      -1.1327973002172402
    ],
    [
      -0.8595456199827813,
      -1.1586382935167585
    ],
    [
      -0.77224817568832,
      -1.0828718042960457
    ]
  ],
  "complexity": 0.26719537686573186
}