{
  "id": 2332,
  "wedge_count": 5,
  "parameters": {
    "rotation_speeds": [
      2.9117741604267504,
      -0.3269413904581624,
      0.3182363304325415,
      -0.8098643978791267,
      -1.1747416793571108
    ],
    "phi_x": [
      -0.3875965368713903,
      14.802742580921578,
      3.1687477346738717,
      14.337173754677831,
      -6.050472208894849
    ],
    "phi_y": [
      -10.462978213608736,
      -13.723166578730048,
      -10.993280165472484,
      -0.46309878484235867,
      -4.414263808522687
    ],
    "distances": [
      1.0,
      3.8752381640540743,
      7.42709823478307,
      2.822626723705521,
      6.158365072828898,
      6.654653025306939
    ],
    "refractive_indices": [
      1.0,
      1.5,
      1.5,
      1.5,
      1.5,
      1.5,
      1.0
    ],
    "wedgenum": 5
  },
  "pattern": [
    [
      3.0559653557662103,
      3.0823757681347903
    ],
    [
      3.0874803889581965,
      3.050451023952277
    ],
    [
      3.1671369461880654,
      3.151838546071913
    ],
    [
      3.2183659382062944,
      3.247271029099552
    ],
    [
      3.280188997643485,
      3.1966098229856055
    ],
    [
      3.3011333939645398,
      3.2885280048402605
    ],
    [
      3.3425539907410484,
      3.3638560088159344
    ],
    [
      3.3779718792231317,
      3.3619780746410286
    ],
    [
      3.4483657207479164,
      3.5224808165826382
    ],
    [
      3.4480177298991928,
      3.4551137505127385
    ],
    [
      3.6147191798978016,
      3.4699292943245057
    ],
    [
      3.6534607018678846,
      3.5637974947018303
    ],
    [
      3.610131923903766,
      3.62188956938271
    ],
    [
      3.6378749862345345,
      3.5900151261363638
    ],
    [
      3.72356133857499,
      3.576014130544675
    ],
    [
      3.6466967321225328,
      3.538278512361498
    ],
    [
      3.6212132140753646,
      3.6109436583824195
    ],
    [
      3.7705400070906787,
      3.6499297153175987
    ],
    [
      3.813713021566471,
      3.629443013170713
    ],
    [
      3.771405827310912,
      3.691624336236079
    ],
    [
      3.7780004077817235,
      3.7119655966946574
    ],
    [
      3.7370898587726344,
      3.6993156510087513
    ],
    [
      3.7292540367532956,
      3.7156246897471807
    ],
    [
      3.6316022648368818,
      3.685916475969188
    ],
    [
      3.649033424479149,
      3.6093880050721223
    ],
    [
      3.71509836651441,
      3.7073867113971577
    ],
    [
      3.6748791344038327,
      3.7215607276626734
    ],
    [
      3.6488717904418206,
      3.6367434826115055
    ],
    [
      3.547951221872023,
      3.6337827275254826
    ],
    [
      3.5022355990188756,
      3.604081652615218
    ],
    [
      3.5178159143875596,
      3.5433016768804575
    ],
    [
      3.459786763777984,
      3.5341732237959453
    ],
    [
      3.4125691660876676,
      3.5211181287768953
    ],
    [
      3.255403887402299,
      3.4330603076974278
    ],
    [
      3.3125197054942497,
      3.41512583687767
    ],
    [
      3.170681517347593,
      3.3662968227595953
    ],
    [
      3.1861504779303895,
      3.265256602170921
    ],
    [
      3.078387252651605,
      3.2575989624866537
    ],
    [
      2.9403230948819803,
      3.2144944946034504
    ],
    [
      2.9914800553476977,
      3.0398614863499342
    ],
    [
      2.8848313722388537,
      3.159630013891704
    ],
    [
      2.7668500865067185,
      2.980783311412347
    ],
    [
      2.634362673998897,
      2.962152044771236
    ],
    [
      2.6385586564028287,
      2.9049856379235397
    ],
    [
      2.6264559575255433,
      2.7558968436030145
    ],
    [
      2.5222548539607734,
      2.7248960507025823
    ],
    [
      2.438386684208853,
      2.6813614289209617
    ],
    [
      2.38359606593718,
      2.5376889592675678
    ],
    [
      2.2804364701260753,
      2.5855856720618555
    ],
    [
      2.206944687390813,
      2.3979438548862384
    ],
    [
      2.168926457822709,
      2.3384697073528806
    ],
    [
      2.0907432728205038,
      2.33558733648089
    ],
    [
      2.065042654485035,
      2.2642924782810456
    ],
    [
      1.943980147676704,
      2.1895719770234554
    ],
    [
      1.8543889450932605,
      2.1208198132148928
    ],
    [
      1.8270092440881684,
      1.9663547614496373
    ],
    [
      1.7815766969964213,
      1.978029966351167
    ],
    [
      1.709583594291421,
      1.8140685147770208
    ],
    [
      1.7024896171460793,
      1.88481716808538
    ],
    [
      1.654448250964699,
      1.8193904997977646
    ]
  ],
  "complexity": 0.30447393177246496
}