{
  "id": 2177,
  "wedge_count": 4,
  "parameters": {
    "rotation_speeds": [
      2.9078413068458744,
      2.383240926450396,
      -0.9090340763055504,
      1.2355498342785163
    ],
    "phi_x": [
      -13.546131072186261,
      11.923400635628695,
      2.1698264441753174,
      9.084784835469637
    ],
    "phi_y": [
      -12.710521183121095,
      -1.418958756557565,
      -5.050098021530349,
      2.929327762490054
    ],
    "distances": [
      1.0,
      2.6568300772822555,
      5.9907481223271555,
      5.504738876899099,
      3.0118851997645546
    ],
    "refractive_indices": [
      1.0,
      1.5,
      1.5,
      1.5,
      1.5,
      1.0
    ],
    "wedgenum": 4
  },
  "pattern": [
    [
      2.5977702765169446,
      2.6144798065570347
    ],
    [
      2.5930554752877537,
      2.711485697040316
    ],
    [
      2.6451554067968472,
      2.6231349942246953
    ],
    [
      2.7752549466548193,
      2.7398316947781063
    ],
    [
      2.74479832097905,
      2.648841712668495
    ],
    [
      2.7168530057610973,
      2.7126486473076277
    ],
    [
      2.73809944584057,
      2.7325726213046075
    ],
    [
      2.764685377705019,
      2.8380050280941362
    ],
    [
      2.820732256215383,
      2.814651744579473
    ],
    [
      2.8059939014340434,
      2.7620005278691595
    ],
    [
      2.647850747103749,
      2.6804563390328013
    ],
    [
      2.6598016041525883,
      2.756729788573068
    ],
    [
      2.602658101128779,
      2.7358156003179706
    ],
    [
      2.5957271968984705,
      2.6532148651200087
    ],
    [
      2.4156174977427907,
      2.581371835730365
    ],
    [
      2.422030960030697,
      2.5216798888181353
    ],
    [
      2.2814824629998776,
      2.480929354944842
    ],
    [
      2.100555060251699,
      2.3498955801310992
    ],
    [
      2.057169279207761,
      2.362455433604392
    ],
    [
      1.9828795953700054,
      2.2640147259933654
    ],
    [
      1.8896059914259675,
      2.0679415797341476
    ],
    [
      1.7488484934788602,
      2.0148632632069137
    ],
    [
      1.6813828374022832,
      1.8484780024188994
    ],
    [
      1.473563308705509,
      1.742129326094833
    ],
    [
      1.404942545473523,
      1.7518090889822475
    ],
    [
      1.2976474716304063,
      1.6230404315371558
    ],
    [
      1.0119978868152206,
      1.4474415832340701
    ],
    [
      0.8315825200122613,
      1.36984353009796
    ],
    [
      0.7162203583239982,
      1.2499556260276659
    ],
    [
      0.6407251514482692,
      1.0837199126809955
    ],
    [
      0.37866137270163597,
      0.911034941151234
    ],
    [
      0.2889156663323738,
      0.7568362823166993
    ],
    [
      0.06535026369195579,
      0.6205174492870493
    ],
    [
      -0.14934610295632575,
      0.4736243882949334
    ],
    [
      -0.31999888674138194,
      0.44555376562951543
    ],
    [
      -0.4597062011622983,
      0.28114140020207984
    ],
    [
      -0.5450411928236953,
      0.0969851085485346
    ],
    [
      -0.8118525212046911,
      -0.12412154046593013
    ],
    [
      -0.9267853918076454,
      -0.18792236546176716
    ],
    [
      -1.115852009738279,
      -0.3573488300687329
    ],
    [
      -1.1698746606362949,
      -0.5783859390153747
    ],
    [
      -1.350504833249527,
      -0.6405430381662426
    ],
    [
      -1.519504354262743,
      -0.8439681909778225
    ],
    [
      -1.6493088761601529,
      -0.9998295031837365
    ],
    [
      -1.6989170881960345,
      -1.1371202344674036
    ],
    [
      -1.858872185875235,
      -1.2255801309270833
    ],
    [
      -1.900345035633997,
      -1.4516699278125467
    ],
    [
      -2.0858413528738247,
      -1.4944864644596982
    ],
    [
      -2.2047385738805665,
      -1.6567927186165834
    ],
    [
      -2.3024350037637054,
      -1.7695272211675857
    ],
    [
      -2.308667628944513,
      -1.8662116427688782
    ],
    [
      -2.3601265778185305,
      -1.9451258544782615
    ],
    [
      -2.504419386344505,
      -2.0872062336601065
    ],
    [
      -2.5572295877215376,
      -2.1695876813539283
    ],
    [
      -2.574192818123599,
      -2.352163450818965
    ],
    [
      -2.650016519322534,
      -2.3845217175668534
    ],
    [
      -2.679338733008452,
      -2.4022227394674496
    ],
    [
      -2.7724246096804976,
      -2.463568447498458
    ],
    [
      -2.697421636228254,
      -2.5354936380213795
    ],
    [
      -2.6276735918089207,
      -2.545653132524358
    ]
  ],
  "complexity": 0.3862898517822717
}