{
  "id": 606,
  "wedge_count": 1,
  "parameters": {
    "rotation_speeds": [
      -0.6888416377196425
    ],
    "phi_x": [
      -14.609841104093874
    ],
    "phi_y": [
      -14.73887042275256
    ],
    "distances": [
      1.0,
      3.929755560902003
    ],
    "refractive_indices": [
      1.0,
      1.5,
      1.0
    ],
    "wedgenum": 1
  },
  "pattern": [
    [
      0.9736360656589191,
      0.9727909955688957
    ],
    [
      0.8887973302933374,
      0.904484375167102
    ],
    [
      0.8284775695524651,
      0.8329681689324882
    ],
    [
      0.7398579802467165,
      0.7559354159974455
    ],
    [
      0.6557782378100574,
      0.6813644032386854
    ],
    [
      0.5539659564666981,
      0.5994633051831515
    ],
    [
      0.46857396384268224,
      0.5237973664583992
    ],
    [
      0.3763981232439934,
      0.4311035724255819
    ],
    [
      0.2906474234878433,
      0.3573955550743112
    ],
    [
      0.18661206619585055,
      0.27311885660006857
    ],
    [
      0.08825574089659273,
      0.18352254786097236
    ],
    [
      -0.004105835075206571,
      0.09662446737463935
    ],
    [
      -0.0976980482280679,
      0.005528879535737459
    ],
    [
      -0.18402064643565372,
      -0.08128658222471773
    ],
    [
      -0.2777891637001258,
      -0.16448525796672747
    ],
    [
      -0.3706909303061159,
      -0.24119972839326567
    ],
    [
      -0.45518287204660424,
      -0.3274118702087024
    ],
    [
      -0.5417476885268356,
      -0.40843950161428866
    ],
    [
      -0.6231037749360894,
      -0.4670809178632944
    ],
    [
      -0.6911963864751529,
      -0.5567563606636042
    ],
    [
      -0.7844084907237592,
      -0.6293835842893715
    ],
    [
      -0.839897307399233,
      -0.699472205622049
    ],
    [
      -0.9090949785074346,
      -0.7468451012155702
    ],
    [
      -0.9569047115857889,
      -0.8253883281269173
    ],
    [
      -1.0046228929167484,
      -0.8771248520126768
    ],
    [
      -1.0571638037933488,
      -0.9300056241437695
    ],
    [
      -1.1016259475170835,
      -0.9813083537829796
    ],
    [
      -1.1298927067815,
      -1.024595949676893
    ],
    [
      -1.1725677617601231,
      -1.064749698825479
    ],
    [
      -1.1946239470651956,
      -1.1026500781874766
    ],
    [
      -1.212358920861773,
      -1.1331385626271315
    ],
    [
      -1.2171085596978717,
      -1.1573752598460527
    ],
    [
      -1.22083877014299,
      -1.1733927769078683
    ],
    [
      -1.2184511695205913,
      -1.1907878367403266
    ],
    [
      -1.2138450493554087,
      -1.1982030321703547
    ],
    [
      -1.1893287897532479,
      -1.2035818989463944
    ],
    [
      -1.1839074553465867,
      -1.2019507248206245
    ],
    [
      -1.1462556207572847,
      -1.1995122242944827
    ],
    [
      -1.1172781946124335,
      -1.188637987077907
    ],
    [
      -1.0815592764526951,
      -1.172691384109885
    ],
    [
      -1.0387993429378195,
      -1.1561756259057154
    ],
    [
      -0.996726294571904,
      -1.1435777012083237
    ],
    [
      -0.9444143527263704,
      -1.097908398492873
    ],
    [
      -0.8897213161253099,
      -1.048961059727651
    ],
    [
      -0.8099190725474985,
      -1.02988932840424
    ],
    [
      -0.7593048509453225,
      -0.9887952322312121
    ],
    [
      -0.6969566384630849,
      -0.944817246745708
    ],
    [
      -0.6248182096067892,
      -0.8906138263320132
    ],
    [
      -0.5598392380380709,
      -0.84493577687548
    ],
    [
      -0.4788974828810055,
      -0.7935082982601049
    ],
    [
      -0.3942414936600282,
      -0.7306449293939744
    ],
    [
      -0.32331647363863986,
      -0.6634454827942434
    ],
    [
      -0.24312261906745808,
      -0.6096011211551018
    ],
    [
      -0.15823326834395388,
      -0.5368806615024109
    ],
    [
      -0.08031259994791845,
      -0.4693041305184563
    ],
    [
      -0.0096682046592891,
      -0.41310569289726745
    ],
    [
      0.08025782724595984,
      -0.3386824416370857
    ],
    [
      0.1465613769281423,
      -0.2664757053588782
    ],
    [
      0.22430581791306362,
      -0.19811616987492273
    ],
    [
      0.29022357926919,
      -0.12681721065847085
    ]
  ],
  "complexity": 0.2329731182520561
}