{
  "id": 4740,
  "wedge_count": 1,
  "parameters": {
    "rotation_speeds": [
      0.31415605539514324
    ],
    "phi_x": [
      2.8913929918230536
    ],
    "phi_y": [
      11.772097222418655
    ],
    "distances": [
      1.0,
      3.144000790626568
    ],
    "refractive_indices": [
      1.0,
      1.5,
      1.0
    ],
    "wedgenum": 1
  },
  "pattern": [
    [
      0.1920566657834816,
      0.19437921002210695
    ],
    [
      0.2188346934238682,
      0.22097565933131152
    ],
    [
      0.2666687333415379,
      0.2654138081987158
    ],
    [
      0.29803377130408426,
      0.2880458215584026
    ],
    [
      0.33708874909192754,
      0.31887332328253676
    ],
    [
      0.3791999568675518,
      0.34536849973011685
    ],
    [
      0.4098541155212612,
      0.3879723962477523
    ],
    [
      0.4414888408679039,
      0.4207442205306275
    ],
    [
      0.4711203166369314,
      0.44133562093850026
    ],
    [
      0.5019811783585413,
      0.4744702971191131
    ],
    [
      0.5351246364086288,
      0.5001650219782473
    ],
    [
      0.559793357405488,
      0.5364215000316229
    ],
    [
      0.5879491474256567,
      0.562433133407987
    ],
    [
      0.6002752369537937,
      0.5816009670123993
    ],
    [
      0.6418347733639599,
      0.6123133754010623
    ],
    [
      0.6632126760564269,
      0.6244034683969392
    ],
    [
      0.6820835070689343,
      0.6477925541223475
    ],
    [
      0.7112626722377633,
      0.6712374174448515
    ],
    [
      0.7311786325440712,
      0.7025668414783081
    ],
    [
      0.7440513545155375,
      0.711339419462764
    ],
    [
      0.7612386744580236,
      0.7382415177326388
    ],
    [
      0.7712935478738552,
      0.7397479865965283
    ],
    [
      0.7820436428195485,
      0.7613777144977688
    ],
    [
      0.7912889982056416,
      0.7738953226574873
    ],
    [
      0.8047071589013934,
      0.785532142806362
    ],
    [
      0.8078136322791193,
      0.8032368539004359
    ],
    [
      0.816552867575972,
      0.8045370756529089
    ],
    [
      0.8200483062674188,
      0.8148602661411315
    ],
    [
      0.8263966727259903,
      0.8278191828274996
    ],
    [
      0.8360086805412341,
      0.8271990729189047
    ],
    [
      0.8218938609138466,
      0.8354005764981512
    ],
    [
      0.827548938668495,
      0.8319859310585137
    ],
    [
      0.8192544939493197,
      0.8324870471711351
    ],
    [
      0.8162861162902817,
      0.8380011488530255
    ],
    [
      0.8110771767882284,
      0.8301035884660408
    ],
    [
      0.7875721100953762,
      0.826451531449556
    ],
    [
      0.7867770055487802,
      0.8209297560068741
    ],
    [
      0.7767370225859417,
      0.8156534455278889
    ],
    [
      0.7586962862813497,
      0.805425312920585
    ],
    [
      0.7356960956007563,
      0.7946872244493042
    ],
    [
      0.7202071557890205,
      0.7844022427211301
    ],
    [
      0.7114247436675141,
      0.7741959722755858
    ],
    [
      0.6863155190939608,
      0.756304170968407
    ],
    [
      0.6526041353223496,
      0.7522007938004597
    ],
    [
      0.6388328122554325,
      0.7264558046102582
    ],
    [
      0.6146109619200854,
      0.7081673622107557
    ],
    [
      0.5803789269446957,
      0.6961619803906998
    ],
    [
      0.5485179013712209,
      0.6715908276633127
    ],
    [
      0.5238238755918353,
      0.6527623499287349
    ],
    [
      0.49603033699517596,
      0.6334161936613524
    ],
    [
      0.45898693250649186,
      0.5960256150187182
    ],
    [
      0.4221800159315213,
      0.5710327912458821
    ],
    [
      0.3919430029997984,
      0.5492566819820593
    ],
    [
      0.36053271626386846,
      0.5216521542546587
    ],
    [
      0.31879060783793267,
      0.49776334817590195
    ],
    [
      0.28331067666113463,
      0.46382201261420786
    ],
    [
      0.24663802220950415,
      0.43396291947242105
    ],
    [
      0.21697670418547937,
      0.3983380889719638
    ],
    [
      0.17622791900890095,
      0.37259159825586785
    ],
    [
      0.12890289322234075,
      0.3406554883448095
    ]
  ],
  "complexity": 0.20350906370642816
}