{
  "id": 1160,
  "wedge_count": 3,
  "parameters": {
    "rotation_speeds": [
      -2.7771220685204963,
      -1.980055404388692,
      2.7423216898999634
    ],
    "phi_x": [
      4.19197132411772,
      5.4849211517912835,
      -2.7260421850321475
    ],
    "phi_y": [
      9.827811701071365,
      -4.197700032300281,
      -2.7756019216444585
    ],
    "distances": [
      1.0,
      2.629832282790292,
      7.648810905036926,
      4.675498499480666
    ],
    "refractive_indices": [
      1.0,
      1.5,
      1.5,
      1.5,
      1.0
    ],
    "wedgenum": 3
  },
  "pattern": [
    [
      0.9462784013195602,
      0.8836340851986685
    ],
    [
      0.9756536824516424,
      0.9180889508374787
    ],
    [
      0.7996567050387304,
      0.8125676961296651
    ],
    [
      0.7269449764933227,
      0.7935095987402122
    ],
    [
      0.6709388812524226,
      0.8850649251193421
    ],
    [
      0.6018218971827066,
      0.679201752490396
    ],
    [
      0.5467694034936518,
      0.6194551725069146
    ],
    [
      0.5663916738044539,
      0.5093271860709863
    ],
    [
      0.45409662874090223,
      0.47460213881501123
    ],
    [
      0.32611210887773845,
      0.4507269158316441
    ],
    [
      0.22086014197934334,
      0.38110236690897814
    ],
    [
      0.2514091971595005,
      0.3326325032879798
    ],
    [
      0.10658591222996461,
      0.19996704856753933
    ],
    [
      0.10191591325132418,
      0.232850521156865
    ],
    [
      0.060754808094209356,
      0.09323050230419182
    ],
    [
      0.002572302456699954,
      -0.023965648893713096
    ],
    [
      -0.10837753794140184,
      -0.050227288001337037
    ],
    [
      -0.25671881971286115,
      -0.09193129654900377
    ],
    [
      -0.2885758644328302,
      -0.20804439957825122
    ],
    [
      -0.3933026508998428,
      -0.25867362934719573
    ],
    [
      -0.38327745327373897,
      -0.20224502617549409
    ],
    [
      -0.4267843665300249,
      -0.2843541460810569
    ],
    [
      -0.414762212929963,
      -0.2916769483911992
    ],
    [
      -0.6541954568700289,
      -0.44886753853040706
    ],
    [
      -0.6950556302321876,
      -0.5333498535498133
    ],
    [
      -0.6716724166344397,
      -0.5219765335890807
    ],
    [
      -0.8214728744307769,
      -0.5381164994787593
    ],
    [
      -0.6875840184215882,
      -0.670520652293738
    ],
    [
      -0.806256983940092,
      -0.6800246971391383
    ],
    [
      -0.8750154716839841,
      -0.7089809729405533
    ],
    [
      -0.9149195637723476,
      -0.7044128174970014
    ],
    [
      -0.8286410846964134,
      -0.7894906972179825
    ],
    [
      -0.8649473940288007,
      -0.7514365688732069
    ],
    [
      -0.9902134188935634,
      -0.8763536998726902
    ],
    [
      -0.9413017105840649,
      -0.8679459108081045
    ],
    [
      -0.9186938405828052,
      -0.7972465487567796
    ],
    [
      -0.9328121508387295,
      -0.8266372713352819
    ],
    [
      -0.8929667157785338,
      -0.9570694163232547
    ],
    [
      -0.9450562952253407,
      -0.9578801033412888
    ],
    [
      -0.9459309220793529,
      -0.8786556445163817
    ],
    [
      -0.8717264287600005,
      -0.9643233042398581
    ],
    [
      -0.9796439657858298,
      -0.8305149367554467
    ],
    [
      -0.8462281099459269,
      -0.9407728538926271
    ],
    [
      -0.9358829859283084,
      -0.9324105441110463
    ],
    [
      -0.8663482913254873,
      -0.9519500144607761
    ],
    [
      -0.8218668396281094,
      -0.9005584895040962
    ],
    [
      -0.7070514500464063,
      -0.8416346391554973
    ],
    [
      -0.7605939190238616,
      -0.8484046137971686
    ],
    [
      -0.6511060164130712,
      -0.7995508251383743
    ],
    [
      -0.6233977638241451,
      -0.7114625293014039
    ],
    [
      -0.6837028955858857,
      -0.7278290990679727
    ],
    [
      -0.5385791154984405,
      -0.7558536579799962
    ],
    [
      -0.5476589495795697,
      -0.724810062079722
    ],
    [
      -0.41257561764865386,
      -0.773996099527291
    ],
    [
      -0.35356891848467686,
      -0.7129533288811317
    ],
    [
      -0.3942982559155467,
      -0.6522468970201213
    ],
    [
      -0.3098011793107717,
      -0.5392055293408887
    ],
    [
      -0.2997656697006749,
      -0.4311316459905768
    ],
    [
      -0.1706593923758362,
      -0.528816083983433
    ],
    [
      -0.1823126437901467,
      -0.47335949442079484
    ]
  ],
  "complexity": 0.24695833094891617
}