{
  "id": 3428,
  "wedge_count": 4,
  "parameters": {
    "rotation_speeds": [
      1.8188172941901808,
      0.250371958342094,
      -2.003590950879528,
      2.8311704890455562
    ],
    "phi_x": [
      4.972087044478208,
      2.1296840354057274,
      -3.1579485598923025,
      11.103913458538045
    ],
    "phi_y": [
      -8.554384562235047,
      -3.1082179858991488,
      -2.2193597435746515,
      5.08003321255752
    ],
    "distances": [
      1.0,
      7.074741741386642,
      6.311521787469198,
      4.050969790827828,
      3.348551276139798
    ],
    "refractive_indices": [
      1.0,
      1.5,
      1.5,
      1.5,
      1.5,
      1.0
    ],
    "wedgenum": 4
  },
  "pattern": [
    [
      1.582391621616621,
      1.5695074858805698
    ],
    [
      1.6566323359544481,
      1.598574483884635
    ],
    [
      1.6086386559637367,
      1.6489188913079462
    ],
    [
      1.5121163215206335,
      1.5831598082425042
    ],
    [
      1.652955598284106,
      1.6124223474760484
    ],
    [
      1.599408870965682,
      1.5640853795319662
    ],
    [
      1.5265574001162379,
      1.5832973380853672
    ],
    [
      1.5515131902228294,
      1.5845692982054496
    ],
    [
      1.630075445997748,
      1.572788906180723
    ],
    [
      1.5684826928214735,
      1.5213322770470215
    ],
    [
      1.5501424413215266,
      1.6047091423584132
    ],
    [
      1.4872995231843975,
      1.5175461367320813
    ],
    [
      1.424561072255763,
      1.4858825201721244
    ],
    [
      1.3909993333293724,
      1.5028956788460142
    ],
    [
      1.40875769781811,
      1.360725451780578
    ],
    [
      1.3506402243433735,
      1.3273796374907112
    ],
    [
      1.255031499150438,
      1.31193049288746
    ],
    [
      1.1247586202271587,
      1.296563139382611
    ],
    [
      1.0869343090802108,
      1.2667869651453914
    ],
    [
      1.0787180844072153,
      1.0961659434286064
    ],
    [
      0.9788037143212448,
      1.181892795524859
    ],
    [
      0.8807340014248759,
      1.064589182526215
    ],
    [
      0.8353620161148604,
      1.1132994912209795
    ],
    [
      0.7422945430483818,
      0.9100217082624736
    ],
    [
      0.7282145120402213,
      1.0225417217071329
    ],
    [
      0.5994816901828496,
      0.8361268305665703
    ],
    [
      0.5592791720862773,
      0.7955894420126121
    ],
    [
      0.5238838071208765,
      0.6593381738209155
    ],
    [
      0.4559281036988965,
      0.6120144972923082
    ],
    [
      0.4046680783884997,
      0.5407490536172959
    ],
    [
      0.2235901042057207,
      0.5332953797224108
    ],
    [
      0.23672167582574627,
      0.47993012341760916
    ],
    [
      0.10426359823513343,
      0.41727306896063443
    ],
    [
      0.09353073690751572,
      0.3401136409984624
    ],
    [
      0.05690624218968096,
      0.2805066226859951
    ],
    [
      0.003768921090296362,
      0.11387632409779058
    ],
    [
      0.0092811260518489,
      0.20362101580047326
    ],
    [
      -0.1892190830412686,
      0.08061811259457394
    ],
    [
      -0.30547572802656636,
      -0.04804718248903084
    ],
    [
      -0.17751654230971275,
      -0.11355719759613575
    ],
    [
      -0.3428958521973273,
      -0.08301830158410982
    ],
    [
      -0.3325773321869654,
      -0.2039900399013281
    ],
    [
      -0.40255966091308354,
      -0.20156860465374557
    ],
    [
      -0.4225829616653219,
      -0.22589194478543784
    ],
    [
      -0.4748718407770963,
      -0.2363972578167568
    ],
    [
      -0.49057758937930523,
      -0.32471338913183617
    ],
    [
      -0.45191014364956505,
      -0.38743111606162073
    ],
    [
      -0.5250298108017296,
      -0.40716751395809697
    ],
    [
      -0.5584340735267276,
      -0.48755992896250033
    ],
    [
      -0.5522625057620368,
      -0.5377680234786064
    ],
    [
      -0.6337895781760057,
      -0.561373406949095
    ],
    [
      -0.6105552194913728,
      -0.5753240142124992
    ],
    [
      -0.57374342819862,
      -0.6158931306038482
    ],
    [
      -0.6088181009857238,
      -0.5480170973907778
    ],
    [
      -0.5768041542668777,
      -0.6546949031894
    ],
    [
      -0.5730206387869212,
      -0.6542452012423372
    ],
    [
      -0.4920044375172487,
      -0.7120804878110865
    ],
    [
      -0.5001640612877961,
      -0.6369941975114839
    ],
    [
      -0.4713065875384607,
      -0.5769867717206851
    ],
    [
      -0.47682469494864393,
      -0.6601901041342112
    ]
  ],
  "complexity": 0.26771473002368185
}