{
  "id": 2457,
  "wedge_count": 3,
  "parameters": {
    "rotation_speeds": [
      1.6591596542108764,
      1.25190026173345,
      -0.5659323179348661
    ],
    "phi_x": [
      -9.429015944078934,
      -1.7661868420621278,
      -3.484290652761292
    ],
    "phi_y": [
      9.320117749317372,
      7.556692764666213,
      13.871003807358736
    ],
    "distances": [
      1.0,
      3.1706849645917785,
      6.572698567806845,
      3.067800106877706
    ],
    "refractive_indices": [
      1.0,
      1.5,
      1.5,
      1.5,
      1.0
    ],
    "wedgenum": 3
  },
  "pattern": [
    [
      1.457981337290348,
      1.409366962158509
    ],
    [
      1.5289059760365369,
      1.4478279895227095
    ],
    [
      1.6020719027616754,
      1.505799803933042
    ],
    [
      1.6202740184135223,
      1.5708305658620825
    ],
    [
      1.646968686043025,
      1.6172494356000584
    ],
    [
      1.6778984306230649,
      1.5359362806563865
    ],
    [
      1.7555863102513483,
      1.6342721433941174
    ],
    [
      1.711583703294483,
      1.6359821406896018
    ],
    [
      1.7673957841812384,
      1.7428006754383405
    ],
    [
      1.8454829451858794,
      1.6692891778404184
    ],
    [
      1.7805584487356576,
      1.7273456983970215
    ],
    [
      1.7718011935313112,
      1.6669348272929692
    ],
    [
      1.7503888244185726,
      1.7341212581561047
    ],
    [
      1.7587373331493503,
      1.6641125446144414
    ],
    [
      1.6707827375253204,
      1.814384470805051
    ],
    [
      1.7464496599494037,
      1.6585443267104165
    ],
    [
      1.5705165164002934,
      1.6552694009056796
    ],
    [
      1.6851406418221808,
      1.5856815944504754
    ],
    [
      1.455906336212561,
      1.4952623595310355
    ],
    [
      1.5845634191117985,
      1.50291769686521
    ],
    [
      1.4672464223597952,
      1.4978713579609837
    ],
    [
      1.43384825634535,
      1.5282172527314515
    ],
    [
      1.2988494762570555,
      1.4007880978220075
    ],
    [
      1.1955328903725373,
      1.3812149665417872
    ],
    [
      1.2095774691041097,
      1.307753196373503
    ],
    [
      1.1513173438381954,
      1.1695473107306726
    ],
    [
      0.9931344327035353,
      1.21146285350495
    ],
    [
      0.9108026387160015,
      1.116222134085857
    ],
    [
      0.7894949181867751,
      1.0174523200848087
    ],
    [
      0.777972422289396,
      0.8995849763319949
    ],
    [
      0.5722981099541341,
      0.901414058849895
    ],
    [
      0.4227445600300622,
      0.7489681701277314
    ],
    [
      0.35618389771327336,
      0.6416495947999092
    ],
    [
      0.28356639009499673,
      0.5591155697656888
    ],
    [
      0.14633319932061145,
      0.45981225011959764
    ],
    [
      0.054389679136349685,
      0.3920345283277036
    ],
    [
      -0.10283398351934468,
      0.36299891916012844
    ],
    [
      -0.2061078788854155,
      0.21801568384643205
    ],
    [
      -0.3096447624825233,
      0.04377264118486568
    ],
    [
      -0.41526520014801427,
      -0.03300432228856998
    ],
    [
      -0.5640857809137981,
      -0.12442014641763777
    ],
    [
      -0.6692409967585271,
      -0.2650308287282836
    ],
    [
      -0.7338550413008695,
      -0.2981046812205986
    ],
    [
      -0.8320691099775418,
      -0.4021837006050789
    ],
    [
      -0.9482606556678607,
      -0.5619389504941968
    ],
    [
      -1.075917821048835,
      -0.7321915871625795
    ],
    [
      -1.2507886154050174,
      -0.7477002560810728
    ],
    [
      -1.2579640567218946,
      -0.878874769002972
    ],
    [
      -1.3849155392224712,
      -0.928706633135368
    ],
    [
      -1.443388501699387,
      -1.0334151733257362
    ],
    [
      -1.5211378802737543,
      -1.1369817969953024
    ],
    [
      -1.5925509714976562,
      -1.2525086497031983
    ],
    [
      -1.6984718501849996,
      -1.346953315826783
    ],
    [
      -1.6888567876213223,
      -1.4436994787114534
    ],
    [
      -1.7479102069202501,
      -1.438691318295491
    ],
    [
      -1.8886318748433952,
      -1.5062557272027828
    ],
    [
      -1.8282161718610466,
      -1.647187339006294
    ],
    [
      -1.8475697786708956,
      -1.7136907298622157
    ],
    [
      -1.9762465147055157,
      -1.7421557148533857
    ],
    [
      -2.010346223410916,
      -1.7199769377224174
    ]
  ],
  "complexity": 0.27702784330503555
}