{
  "id": 2887,
  "wedge_count": 5,
  "parameters": {
    "rotation_speeds": [
      0.6013570620517461,
      -2.1349101421554737,
      0.8868279851448229,
      1.418336643155202,
      -1.7360525440072325
    ],
    "phi_x": [
      -11.213368706294107,
      0.5469704374647666,
      13.105905749895612,
      -8.969936902221622,
      1.6133857650489638
    ],
    "phi_y": [
      11.838710185924338,
      -2.4437929573591024,
      -12.428001185823518,
      8.13353816663674,
      -2.2770167593223185
    ],
    "distances": [
      1.0,
      4.4007739403246955,
      5.93030254793121,
      6.881151000924148,
      7.767900988251506,
      3.2748217414212606
    ],
    "refractive_indices": [
      1.0,
      1.5,
      1.5,
      1.5,
      1.5,
      1.5,
      1.0
    ],
    "wedgenum": 5
  },
  "pattern": [
    [
      2.9892524165403294,
      3.0363676012513565
    ],
    [
      3.0047360848559794,
      2.976178110044146
    ],
    [
      3.0666806236125446,
      3.009319582254164
    ],
    [
      3.0351085725379945,
      3.0081555428936415
    ],
    [
      3.013396917923496,
      3.051361712371909
    ],
    [
      3.097680344146884,
      3.098165114339326
    ],
    [
      3.0868297449109203,
      3.0358423795430993
    ],
    [
      3.0761697888601787,
      3.1149221092561326
    ],
    [
      3.0850836358500686,
      3.0207401864311874
    ],
    [
      3.029617503111863,
      3.0426752131801953
    ],
    [
      3.085854544853769,
      3.094922905087587
    ],
    [
      2.9225590623902202,
      2.9918515352849813
    ],
    [
      2.9387376067214612,
      3.0217321879609007
    ],
    [
      3.0093119291505697,
      3.0218959648959207
    ],
    [
      3.025569019142395,
      3.0639312643100993
    ],
    [
      3.002145335772888,
      2.8802522191446434
    ],
    [
      2.8661479307281748,
      2.892032635638076
    ],
    [
      2.830409941781513,
      2.8391228846769123
    ],
    [
      2.834010412067491,
      2.8367006846272727
    ],
    [
      2.827241015016262,
      2.9694610815773586
    ],
    [
      2.683890503488623,
      2.7751354997467135
    ],
    [
      2.6573383379940085,
      2.877566327105973
    ],
    [
      2.600279367916939,
      2.723760546637446
    ],
    [
      2.529562986359318,
      2.723061752113519
    ],
    [
      2.5837220245119026,
      2.686053756296798
    ],
    [
      2.4207491861380905,
      2.6541880346343736
    ],
    [
      2.3333088449795425,
      2.6313198306769654
    ],
    [
      2.363777395917809,
      2.6288281989333777
    ],
    [
      2.2609107940711346,
      2.554934049988103
    ],
    [
      2.2359951389229247,
      2.454232267437615
    ],
    [
      2.2314113954804786,
      2.444246841859712
    ],
    [
      2.1439653853722165,
      2.4047987420829857
    ],
    [
      2.1519295636626015,
      2.3519534959916943
    ],
    [
      2.0174919963904907,
      2.2743351692953646
    ],
    [
      1.8943541893335933,
      2.2048874119433273
    ],
    [
      1.8035437065918833,
      2.236098019702114
    ],
    [
      1.8089664768599132,
      2.050662040887044
    ],
    [
      1.7835105010923342,
      2.1331369105757436
    ],
    [
      1.7413214370982344,
      1.9678137748969633
    ],
    [
      1.629743871748479,
      2.002558186278035
    ],
    [
      1.6127408444079638,
      1.8954611507971895
    ],
    [
      1.5086847224329487,
      1.883705761499025
    ],
    [
      1.4494616434809549,
      1.8980659891820912
    ],
    [
      1.3651128008907842,
      1.768221148202515
    ],
    [
      1.3091229400815134,
      1.6115292579196971
    ],
    [
      1.1831144423749616,
      1.7177334604236563
    ],
    [
      1.2297700334651263,
      1.6102117851480595
    ],
    [
      1.1766432454483204,
      1.4362829807927115
    ],
    [
      1.1503038660525122,
      1.547639264030083
    ],
    [
      0.9879920490865518,
      1.4283862068437618
    ],
    [
      0.975163901912874,
      1.260108851649873
    ],
    [
      1.0033177641898339,
      1.3100148786359704
    ],
    [
      0.927763888675218,
      1.2708241395290303
    ],
    [
      0.6464720084390988,
      1.1710028978497629
    ],
    [
      0.7062110084825619,
      1.0924583369353944
    ],
    [
      0.691522066911796,
      1.0976843984470976
    ],
    [
      0.6566118666153861,
      1.060542281331371
    ],
    [
      0.5106704176246409,
      1.0383765756499304
    ],
    [
      0.5194760881191026,
      0.9330649422131949
    ],
    [
      0.48117236917284995,
      0.8086397447115053
    ]
  ],
  "complexity": 0.3189062443282511
}