{
  "id": 1661,
  "wedge_count": 3,
  "parameters": {
    "rotation_speeds": [
      -2.02633171490434,
      -2.2573192877263155,
      0.6966039290281563
    ],
    "phi_x": [
      9.204258183325049,
      9.046347320667394,
      -6.795278688923766
    ],
    "phi_y": [
      -1.5733226482232112,
      5.902071191589947,
      -2.5680145443482196
    ],
    "distances": [
      1.0,
      4.711940799360889,
      4.492519357441851,
      4.727040212808804
    ],
    "refractive_indices": [
      1.0,
      1.5,
      1.5,
      1.5,
      1.0
    ],
    "wedgenum": 3
  },
  "pattern": [
    [
      1.7148380367064744,
      1.778959651823179
    ],
    [
      1.7690742090049145,
      1.7517260890385593
    ],
    [
      1.6811089849145315,
      1.7545599182881013
    ],
    [
      1.701358141802188,
      1.612276669344273
    ],
    [
      1.6027611901689411,
      1.6103792311086371
    ],
    [
      1.5543734463161878,
      1.6266889947545164
    ],
    [
      1.5897011804499201,
      1.5949568847813687
    ],
    [
      1.3579510218103823,
      1.451964039271233
    ],
    [
      1.3705603070229953,
      1.46234565305485
    ],
    [
      1.3665900643574305,
      1.3799237684092032
    ],
    [
      1.2682912883171071,
      1.27220380598439
    ],
    [
      1.252423117474523,
      1.1745282330419524
    ],
    [
      1.1114795391838206,
      1.24976370392641
    ],
    [
      0.961831297516275,
      1.0858851211517673
    ],
    [
      0.9768359927486616,
      1.030452350837716
    ],
    [
      0.8649602835258347,
      0.9620406098499227
    ],
    [
      0.7934982300741406,
      0.9453328995315907
    ],
    [
      0.6160542827758048,
      0.7260168691706896
    ],
    [
      0.6286138127790164,
      0.7188480749960198
    ],
    [
      0.44211647435852997,
      0.6122172553442345
    ],
    [
      0.46152682166100795,
      0.6048237529562039
    ],
    [
      0.36385158230349984,
      0.4940293045740518
    ],
    [
      0.28066713907365276,
      0.4384545125526278
    ],
    [
      0.12219791082175839,
      0.3183439178587851
    ],
    [
      0.15156246165019022,
      0.28930258930854613
    ],
    [
      0.05567623440378783,
      0.2729358224420836
    ],
    [
      -0.15982705015986703,
      0.06315058133813763
    ],
    [
      -0.12429487985976917,
      0.06669025508896485
    ],
    [
      -0.23165672417142305,
      0.04073756391300858
    ],
    [
      -0.24668416223308234,
      -0.00935374151482625
    ],
    [
      -0.4057174523701498,
      -0.08302665151859694
    ],
    [
      -0.46148374181542434,
      -0.2363741215221111
    ],
    [
      -0.42700348252357295,
      -0.33067860371918606
    ],
    [
      -0.477742917381012,
      -0.37040396590367725
    ],
    [
      -0.5947922599786982,
      -0.34047638913941725
    ],
    [
      -0.7555975033120698,
      -0.4191493132725894
    ],
    [
      -0.758520430935312,
      -0.5526140140175749
    ],
    [
      -0.7520156218619826,
      -0.65075179063027
    ],
    [
      -0.811518281374959,
      -0.5475802188981485
    ],
    [
      -0.8334424255851809,
      -0.7247787730154764
    ],
    [
      -0.8812022974046907,
      -0.5936316956945756
    ],
    [
      -0.9332833968011618,
      -0.6513643439882368
    ],
    [
      -0.8792242181084695,
      -0.8155756398759053
    ],
    [
      -0.945492821030965,
      -0.7832940589842246
    ],
    [
      -0.8653490012987335,
      -0.7798758191350073
    ],
    [
      -0.9659083229259615,
      -0.8401705211729324
    ],
    [
      -0.9040472876573767,
      -0.8034339572796438
    ],
    [
      -0.8845959608965045,
      -0.7594423381016712
    ],
    [
      -0.8807963985341356,
      -0.9120895914859117
    ],
    [
      -0.8921719319848451,
      -0.7688318944733009
    ],
    [
      -0.9216635037975714,
      -0.868482165592782
    ],
    [
      -0.7389061279473559,
      -0.874266225721823
    ],
    [
      -0.8277418444247878,
      -0.864674079229387
    ],
    [
      -0.7877195066721676,
      -0.8190145035259898
    ],
    [
      -0.648271877421161,
      -0.8994301529235563
    ],
    [
      -0.6276465620431224,
      -0.8147306724613641
    ],
    [
      -0.6081520072289484,
      -0.8779268065381179
    ],
    [
      -0.5089588741917417,
      -0.7097839242600018
    ],
    [
      -0.4954234441449424,
      -0.7223230823654424
    ],
    [
      -0.4884255908794712,
      -0.6943438077098837
    ]
  ],
  "complexity": 0.3021710397804981
}