{
  "id": 4560,
  "wedge_count": 5,
  "parameters": {
    "rotation_speeds": [
      -1.6264273866781973,
      -0.5640431108556938,
      1.1963040605573392,
      -2.8428618699117747,
      -0.23388458744109553
    ],
    "phi_x": [
      6.454950793691459,
      -6.502702425112268,
      5.709314064408719,
      14.807564062885504,
      13.236647142781667
    ],
    "phi_y": [
      -13.901168242130762,
      12.268283706421283,
      0.867548591742505,
      11.849772019065991,
      -3.593721774219526
    ],
    "distances": [
      1.0,
      3.0835985488171422,
      3.0407007523326612,
      2.7038822753706553,
      5.18316365876186,
      6.645669520791328
    ],
    "refractive_indices": [
      1.0,
      1.5,
      1.5,
      1.5,
      1.5,
      1.5,
      1.0
    ],
    "wedgenum": 5
  },
  "pattern": [
    [
      3.4097413385235646,
      3.5157053794010578
    ],
    [
      3.5209242481776863,
      3.3603337615239326
    ],
    [
      3.3680152616242864,
      3.4109799428120935
    ],
    [
      3.3007335887729923,
      3.2054439392445064
    ],
    [
      3.2399704450442357,
      3.3116658010550095
    ],
    [
      3.0777385559855652,
      3.203895078962405
    ],
    [
      3.023390916869039,
      3.0344426391526538
    ],
    [
      2.9407078414780186,
      2.9897568525700198
    ],
    [
      2.797970584912178,
      2.8839612387156173
    ],
    [
      2.6695925733470998,
      2.831192144758667
    ],
    [
      2.5745828791523104,
      2.6081420077383055
    ],
    [
      2.405416443180008,
      2.4531646426710627
    ],
    [
      2.3940763037307473,
      2.383038564135938
    ],
    [
      2.168085698893004,
      2.3722822112286166
    ],
    [
      2.112508324625813,
      2.11958362107242
    ],
    [
      1.8925879097468599,
      2.0603793948871463
    ],
    [
      1.7034569614368948,
      1.9627422488642003
    ],
    [
      1.6575535389310891,
      1.8124139870805942
    ],
    [
      1.5497404368834613,
      1.8308081105842373
    ],
    [
      1.362537802352001,
      1.6046782084246296
    ],
    [
      1.2670211092453878,
      1.464300192035287
    ],
    [
      1.1218594930555048,
      1.2328822287795442
    ],
    [
      1.0032679580780068,
      1.1336374242055025
    ],
    [
      0.685912501905172,
      1.0551533800359876
    ],
    [
      0.6645161753245035,
      0.9019396199998151
    ],
    [
      0.5391960626059341,
      0.8159140821130569
    ],
    [
      0.47263759363475494,
      0.6812759482934561
    ],
    [
      0.33072735494990546,
      0.5454758952788589
    ],
    [
      0.11484634272858826,
      0.38246695530918706
    ],
    [
      0.06600020072640496,
      0.2899747098716327
    ],
    [
      -0.10083725379450009,
      0.2609772726875276
    ],
    [
      -0.24430038012715188,
      0.0773953258020358
    ],
    [
      -0.32235714530399373,
      -0.06658183461461373
    ],
    [
      -0.39675856699182227,
      -0.08366154665693533
    ],
    [
      -0.49983571030275825,
      -0.10311559359059796
    ],
    [
      -0.6065637549593942,
      -0.26212983628452846
    ],
    [
      -0.7114953842687748,
      -0.3283813445479055
    ],
    [
      -0.6804716871203714,
      -0.4742814306531837
    ],
    [
      -0.8362527673163682,
      -0.5151153358911592
    ],
    [
      -0.851872340998704,
      -0.6815004682920357
    ],
    [
      -0.9321095319730301,
      -0.6824360280799439
    ],
    [
      -0.9539745022163781,
      -0.674864082598664
    ],
    [
      -1.0545253049576115,
      -0.8537801026459784
    ],
    [
      -1.061326206011018,
      -0.9208158802109447
    ],
    [
      -1.0696487955226126,
      -0.9276834838311114
    ],
    [
      -1.1691004438837582,
      -0.9965827634811473
    ],
    [
      -1.096702237452498,
      -1.002049238023677
    ],
    [
      -1.1441526661703563,
      -0.9867857417595354
    ],
    [
      -1.0756241918331073,
      -1.0749262300017923
    ],
    [
      -1.111467324453851,
      -1.0491902397375643
    ],
    [
      -1.1259014516163388,
      -1.1249258262592547
    ],
    [
      -1.058019914547819,
      -1.0348267002018605
    ],
    [
      -1.0239698309553424,
      -1.0783159178116604
    ],
    [
      -1.0382590121367938,
      -1.0043667432431116
    ],
    [
      -0.9836725338118355,
      -1.0480624418271247
    ],
    [
      -0.9434819998587365,
      -0.9421434895144774
    ],
    [
      -0.822241153356065,
      -0.9555473884903553
    ],
    [
      -0.8452190725922092,
      -0.9691087620979814
    ],
    [
      -0.7535341684448097,
      -0.9176381614995787
    ],
    [
      -0.7286452436103824,
      -0.8922247011471307
    ]
  ],
  "complexity": 0.35787695792713975
}