{
  "id": 4657,
  "wedge_count": 1,
  "parameters": {
    "rotation_speeds": [
      -0.43144251017593716
    ],
    "phi_x": [
      11.334830196988712
    ],
    "phi_y": [
      -11.13322789893067
    ],
    "distances": [
      1.0,
      2.360025783422662
    ],
    "refractive_indices": [
      1.0,
      1.5,
      1.0
    ],
    "wedgenum": 1
  },
  "pattern": [
    [
      0.7514954907528244,
      0.7553979077175313
    ],
    [
      0.7075992986851969,
      0.7197667236225086
    ],
    [
      0.6525990159356633,
      0.6627003047917975
    ],
    [
      0.6032355145264895,
      0.617738354508899
    ],
    [
      0.5419022534092365,
      0.5584545213520626
    ],
    [
      0.4888192508584731,
      0.5140731583766485
    ],
    [
      0.4279066437581045,
      0.4651561540104643
    ],
    [
      0.3675832327039854,
      0.4093755236719913
    ],
    [
      0.3110720327185071,
      0.35045612106397034
    ],
    [
      0.2528231994624796,
      0.2908079758002559
    ],
    [
      0.18578431532757575,
      0.23146677845251407
    ],
    [
      0.11689908708503545,
      0.18843021705622842
    ],
    [
      0.05983451094592548,
      0.12940246864403754
    ],
    [
      0.0048011663955340855,
      0.07454515869981686
    ],
    [
      -0.06558369936698749,
      0.01652391979657981
    ],
    [
      -0.1276769602990422,
      -0.032948901732915876
    ],
    [
      -0.18316614432348188,
      -0.10050313807270936
    ],
    [
      -0.24239254867971316,
      -0.1522575223327088
    ],
    [
      -0.31005165701595233,
      -0.19868931650789876
    ],
    [
      -0.3614958317828714,
      -0.2630499543483937
    ],
    [
      -0.4220624608567979,
      -0.315105359762351
    ],
    [
      -0.46696486026834966,
      -0.35304698179500965
    ],
    [
      -0.5169911895549777,
      -0.4137320833279417
    ],
    [
      -0.5709584119018293,
      -0.44939015186305026
    ],
    [
      -0.6145668679726998,
      -0.5113499642077173
    ],
    [
      -0.6562810949473625,
      -0.5553684993821679
    ],
    [
      -0.700208428913679,
      -0.5975845841825911
    ],
    [
      -0.7330329661394408,
      -0.6239097678143863
    ],
    [
      -0.7676027022565287,
      -0.6693854341782081
    ],
    [
      -0.8034212808955999,
      -0.7141770520064538
    ],
    [
      -0.8320387563044811,
      -0.7307330780668675
    ],
    [
      -0.8519945011529926,
      -0.7677829691432208
    ],
    [
      -0.8802131684028083,
      -0.8007818621431501
    ],
    [
      -0.90014506444303,
      -0.8245850934746166
    ],
    [
      -0.9137573084412062,
      -0.8502642126208484
    ],
    [
      -0.924468222699584,
      -0.8615012083154808
    ],
    [
      -0.9281463458720662,
      -0.8878063466545933
    ],
    [
      -0.9352900147793035,
      -0.895726692287234
    ],
    [
      -0.9298529595747211,
      -0.9127014865692225
    ],
    [
      -0.9287081148887247,
      -0.9120121333020221
    ],
    [
      -0.9125149404312601,
      -0.9221600087138239
    ],
    [
      -0.9092917929511113,
      -0.922922039874235
    ],
    [
      -0.892167943354288,
      -0.9243874079605474
    ],
    [
      -0.892880022054392,
      -0.9199160866007229
    ],
    [
      -0.8641360400443168,
      -0.9037474392144907
    ],
    [
      -0.8401639143702577,
      -0.8914132537710208
    ],
    [
      -0.8134314861023104,
      -0.9020137968337926
    ],
    [
      -0.7851208082578987,
      -0.8727690880048037
    ],
    [
      -0.7542163319545275,
      -0.8592952730082651
    ],
    [
      -0.7215468212046374,
      -0.8403581031918813
    ],
    [
      -0.6817217147546214,
      -0.8252252339262818
    ],
    [
      -0.6447887866819183,
      -0.7970241723910428
    ],
    [
      -0.6059579163792774,
      -0.7736748568724658
    ],
    [
      -0.5557741229556485,
      -0.7410972503595894
    ],
    [
      -0.5181350405330017,
      -0.7183704123315029
    ],
    [
      -0.46221036445561836,
      -0.6714718114171607
    ],
    [
      -0.42608786542649374,
      -0.6477451850943545
    ],
    [
      -0.3632755208665845,
      -0.6102038005319511
    ],
    [
      -0.31893645418710304,
      -0.5668760480874605
    ],
    [
      -0.27312014503561166,
      -0.5245024832837933
    ]
  ],
  "complexity": 0.22628731623151696
}