{
  "id": 553,
  "wedge_count": 4,
  "parameters": {
    "rotation_speeds": [
      -0.06104768337594901,
      1.5636527360305719,
      0.39107927556086164,
      1.9525101589630438
    ],
    "phi_x": [
      -6.322139237402064,
      1.63419031523253,
      13.400776141412926,
      -3.433376390564005
    ],
    "phi_y": [
      -2.301766609927462,
      10.421061440673313,
      -5.397764865637498,
      -3.240261516687868
    ],
    "distances": [
      1.0,
      5.010522738139362,
      3.0669236110810596,
      6.255283564241251,
      6.770831300037954
    ],
    "refractive_indices": [
      1.0,
      1.5,
      1.5,
      1.5,
      1.5,
      1.0
    ],
    "wedgenum": 4
  },
  "pattern": [
    [
      1.8925597739872562,
      1.934610058773506
    ],
    [
      1.9511108163291169,
      1.985685208168727
    ],
    [
      2.017920131216659,
      1.971042284931799
    ],
    [
      2.1029238296456385,
      2.1725893150719258
    ],
    [
      2.1461273193261317,
      2.0293475744404157
    ],
    [
      2.1967175121633553,
      2.1021123465346867
    ],
    [
      2.235693503033718,
      2.141416817349121
    ],
    [
      2.249230371315071,
      2.1827175839293727
    ],
    [
      2.306267043569811,
      2.2132801154467767
    ],
    [
      2.2291660241060867,
      2.1957061502631885
    ],
    [
      2.309148254150207,
      2.2675818486233275
    ],
    [
      2.2405934883614145,
      2.2995218744949266
    ],
    [
      2.218388503185976,
      2.313074554119274
    ],
    [
      2.2490137515073196,
      2.2719780032385906
    ],
    [
      2.2447354018624255,
      2.2851398674217513
    ],
    [
      2.321961964152801,
      2.333251110882547
    ],
    [
      2.2787239694465438,
      2.3739007009054824
    ],
    [
      2.218493625526028,
      2.29719432881905
    ],
    [
      2.1924319609081273,
      2.320978443470124
    ],
    [
      2.1878207242502428,
      2.2978526879489625
    ],
    [
      2.248206923832929,
      2.28086413858786
    ],
    [
      2.0685717222099105,
      2.1045464122294377
    ],
    [
      2.1419035294720077,
      2.148606603487325
    ],
    [
      2.1243832350942182,
      2.175979534140328
    ],
    [
      2.0362140056805145,
      2.159877200308312
    ],
    [
      2.0057300199694956,
      2.134162683191154
    ],
    [
      1.9862885107142403,
      2.089417062844043
    ],
    [
      1.9699625664860092,
      2.1227222011521705
    ],
    [
      1.8059557127950898,
      2.0441958838444276
    ],
    [
      1.8657924836963868,
      2.0496693896659437
    ],
    [
      1.7216773478327605,
      1.9739153017183837
    ],
    [
      1.7175002216796693,
      1.8961050955141914
    ],
    [
      1.6202777293227248,
      1.958184814961525
    ],
    [
      1.5676754766342853,
      1.7662329421726897
    ],
    [
      1.5406899448597593,
      1.7753807476089893
    ],
    [
      1.4800174140957825,
      1.647521563988059
    ],
    [
      1.3887185287240795,
      1.6464122519673543
    ],
    [
      1.4174070965968726,
      1.5592234496034325
    ],
    [
      1.222643457271434,
      1.5166435878283733
    ],
    [
      1.3384294954883766,
      1.4903770398410991
    ],
    [
      1.1783999184586316,
      1.3422604182638556
    ],
    [
      1.029612114818196,
      1.4328462618891766
    ],
    [
      1.0236456559532605,
      1.425538885759015
    ],
    [
      1.0212276412559422,
      1.2943871233368096
    ],
    [
      0.9599844369861181,
      1.2186118567978106
    ],
    [
      0.8352291164113275,
      1.1957404367158673
    ],
    [
      0.8123666492095248,
      1.1347084685717839
    ],
    [
      0.8936384601671551,
      1.1536470788101632
    ],
    [
      0.7373088728873101,
      1.0543549756334933
    ],
    [
      0.7462406274916815,
      0.9244835285923394
    ],
    [
      0.6510849252153647,
      0.9254189915259363
    ],
    [
      0.573535475067306,
      0.8177364160680883
    ],
    [
      0.6031025621360621,
      0.77987051343369
    ],
    [
      0.6151390523882228,
      0.7897545239620243
    ],
    [
      0.41422853701130025,
      0.6209896142311605
    ],
    [
      0.4384540832187489,
      0.7146838458515706
    ],
    [
      0.40749782880766855,
      0.7100356387909725
    ],
    [
      0.37017589613030644,
      0.5240816108042893
    ],
    [
      0.43220091678649925,
      0.6217163711774031
    ],
    [
      0.24079680831467118,
      0.5182238410930653
    ]
  ],
  "complexity": 0.3164427337896581
}