{
  "id": 1440,
  "wedge_count": 1,
  "parameters": {
    "rotation_speeds": [
      -2.187295967669016
    ],
    "phi_x": [
      13.409659380084513
    ],
    "phi_y": [
      9.169834083283234
    ],
    "distances": [
      1.0,
      3.0530210858580835
    ],
    "refractive_indices": [
      1.0,
      1.5,
      1.0
    ],
    "wedgenum": 1
  },
  "pattern": [
    [
      0.8965472527568815,
      0.8907536652754124
    ],
    [
      0.8494521672352239,
      0.8496448160619269
    ],
    [
      0.7830509583694909,
      0.8007529047471466
    ],
    [
      0.7269485652067813,
      0.7539220421626152
    ],
    [
      0.6820604631165894,
      0.70213151327043
    ],
    [
      0.6179197055289236,
      0.6492645244441669
    ],
    [
      0.5661372441240534,
      0.5945815033281207
    ],
    [
      0.49165934112862947,
      0.5286391858043706
    ],
    [
      0.4194648864202822,
      0.4699113692748536
    ],
    [
      0.347066624133169,
      0.419454053727222
    ],
    [
      0.28334725014311457,
      0.3480571393115556
    ],
    [
      0.2070325016689777,
      0.2822991689458152
    ],
    [
      0.1438507972503252,
      0.21583023342942673
    ],
    [
      0.07017843122244322,
      0.1581863933438524
    ],
    [
      -0.006273693913979811,
      0.07769726414573962
    ],
    [
      -0.08130669442507561,
      0.017536380366878008
    ],
    [
      -0.15648912633494183,
      -0.044047811837649206
    ],
    [
      -0.22718424899956177,
      -0.10313560429033801
    ],
    [
      -0.2855450450460337,
      -0.16526484211577816
    ],
    [
      -0.3542806427888707,
      -0.23108254706946924
    ],
    [
      -0.42568235237936664,
      -0.28706263332884463
    ],
    [
      -0.47378842826885875,
      -0.3451735005626854
    ],
    [
      -0.5434588938159696,
      -0.3992689242592728
    ],
    [
      -0.5889793120653881,
      -0.4606055604332101
    ],
    [
      -0.6468740688950955,
      -0.523479982653778
    ],
    [
      -0.6965087376833689,
      -0.5730352622233984
    ],
    [
      -0.7380241921436573,
      -0.6159095872895057
    ],
    [
      -0.7851919089380206,
      -0.6552631875549085
    ],
    [
      -0.8172410173315573,
      -0.7022390116236066
    ],
    [
      -0.8474909012626428,
      -0.735818835887155
    ],
    [
      -0.8874451340867672,
      -0.7844321287369748
    ],
    [
      -0.8992080417299874,
      -0.8132060787792741
    ],
    [
      -0.9214874790687031,
      -0.8381831314234764
    ],
    [
      -0.9397780173971213,
      -0.8612601666940242
    ],
    [
      -0.9394468834871308,
      -0.8823452287138706
    ],
    [
      -0.9443541030969326,
      -0.9101057043734615
    ],
    [
      -0.9559464148786262,
      -0.9139070472096552
    ],
    [
      -0.949517903774106,
      -0.9344241041481451
    ],
    [
      -0.9402691011025734,
      -0.9326159516827955
    ],
    [
      -0.9245560598422103,
      -0.9412158212395147
    ],
    [
      -0.9044813331271344,
      -0.9387962107596662
    ],
    [
      -0.8869823150260652,
      -0.9322657140028664
    ],
    [
      -0.8513665924379987,
      -0.9256836423740196
    ],
    [
      -0.8291074515811437,
      -0.9180507470319106
    ],
    [
      -0.7987137440939374,
      -0.8973689241586503
    ],
    [
      -0.7566834369124329,
      -0.8816401791058267
    ],
    [
      -0.710157228669969,
      -0.8631906649770655
    ],
    [
      -0.6801184468480523,
      -0.831632457766182
    ],
    [
      -0.6252077135903858,
      -0.8060666623326397
    ],
    [
      -0.5860509884607702,
      -0.7698876647757008
    ],
    [
      -0.5314154199574437,
      -0.7321140608576419
    ],
    [
      -0.47533509740573004,
      -0.7146942395637473
    ],
    [
      -0.4198038325077328,
      -0.665151316101028
    ],
    [
      -0.3525507644133856,
      -0.6204864843738537
    ],
    [
      -0.30306570273263117,
      -0.5820111262206584
    ],
    [
      -0.2368040861310635,
      -0.5357775243339579
    ],
    [
      -0.18095500225134184,
      -0.49852376850952584
    ],
    [
      -0.12796157472087616,
      -0.4451218288800653
    ],
    [
      -0.06293366040385431,
      -0.3949690675095781
    ],
    [
      0.0029507909615336383,
      -0.3298661242958155
    ]
  ],
  "complexity": 0.21648399644091576
}