{
  "id": 2064,
  "wedge_count": 1,
  "parameters": {
    "rotation_speeds": [
      2.1949489276612493
    ],
    "phi_x": [
      -9.455740837060766
    ],
    "phi_y": [
      -11.424661595987745
    ],
    "distances": [
      1.0,
      2.8047854902643556
    ],
    "refractive_indices": [
      1.0,
      1.5,
      1.0
    ],
    "wedgenum": 1
  },
  "pattern": [
    [
      0.6319817749246669,
      0.6256531309857547
    ],
    [
      0.6941517730017155,
      0.679064985282638
    ],
    [
      0.7348523135514146,
      0.7332817412505669
    ],
    [
      0.7874265257530345,
      0.7722878834321415
    ],
    [
      0.8215951535655045,
      0.8186117215867321
    ],
    [
      0.8678803711110764,
      0.8503799868592878
    ],
    [
      0.9164193291807509,
      0.8928510492447218
    ],
    [
      0.9446382834448562,
      0.9204083636126809
    ],
    [
      0.9650470343874705,
      0.9396842659344895
    ],
    [
      0.9866304645860179,
      0.970100882830663
    ],
    [
      1.0050209126180591,
      0.984264064631612
    ],
    [
      1.0171489271031948,
      1.0091219710122774
    ],
    [
      1.0245277791262366,
      1.0136346968564358
    ],
    [
      1.0306494428116073,
      1.0270947598431925
    ],
    [
      1.0304383882718628,
      1.0338057668631495
    ],
    [
      1.0235857159700639,
      1.0322204974256322
    ],
    [
      1.0019959578923878,
      1.0251227821986513
    ],
    [
      0.9833292022852688,
      1.0103709340334561
    ],
    [
      0.9529708396257838,
      0.9932850044326017
    ],
    [
      0.9313413457460537,
      0.992247818666143
    ],
    [
      0.8978994006860398,
      0.957605794038994
    ],
    [
      0.8529435424378765,
      0.938514715499877
    ],
    [
      0.8064303102731216,
      0.8988180653310215
    ],
    [
      0.7647110323694931,
      0.8715940025486657
    ],
    [
      0.7035556125702227,
      0.8340834934066872
    ],
    [
      0.6533446102235284,
      0.7862307410842478
    ],
    [
      0.5917318883628082,
      0.7364894960525207
    ],
    [
      0.5241941304971018,
      0.692057622839262
    ],
    [
      0.4615528899367792,
      0.6326268889747384
    ],
    [
      0.3892692493667083,
      0.578276470776183
    ],
    [
      0.3171415114072483,
      0.5169019045023544
    ],
    [
      0.23729238444366693,
      0.456547457007709
    ],
    [
      0.16327308987289915,
      0.40076709994062093
    ],
    [
      0.09405839443439382,
      0.3278574120790027
    ],
    [
      0.0004311205121532366,
      0.25448229282775564
    ],
    [
      -0.06596873784728956,
      0.19863450266353685
    ],
    [
      -0.14379384211022114,
      0.12611885210758397
    ],
    [
      -0.2253795933951583,
      0.046354172102286303
    ],
    [
      -0.2970980873099872,
      -0.018632808542750234
    ],
    [
      -0.38515554064572294,
      -0.09841268224402161
    ],
    [
      -0.44936614215414855,
      -0.1620757648959226
    ],
    [
      -0.5282722100118018,
      -0.23152760128211658
    ],
    [
      -0.6002894879374082,
      -0.304284802680194
    ],
    [
      -0.665675780604678,
      -0.3715311004472233
    ],
    [
      -0.7344280216183903,
      -0.4470544612382334
    ],
    [
      -0.8014959976538356,
      -0.5057523142953986
    ],
    [
      -0.8500491692408161,
      -0.578515111464997
    ],
    [
      -0.9055373229304592,
      -0.6517007244520532
    ],
    [
      -0.9509066236302862,
      -0.697972033467683
    ],
    [
      -0.9896036927123667,
      -0.7602052172447626
    ],
    [
      -1.0320231364746921,
      -0.8097311593646662
    ],
    [
      -1.069783769787445,
      -0.8667952222562936
    ],
    [
      -1.094127532329777,
      -0.9143550086526436
    ],
    [
      -1.1212146745817522,
      -0.963277108519013
    ],
    [
      -1.1403870856456202,
      -1.006240995639637
    ],
    [
      -1.149546864723717,
      -1.021911296248166
    ],
    [
      -1.1528657068891537,
      -1.0672090965687477
    ],
    [
      -1.1657903494175699,
      -1.097466569325774
    ],
    [
      -1.1468148423305027,
      -1.1229365887376674
    ],
    [
      -1.1321833242910826,
      -1.1404414736174031
    ]
  ],
  "complexity": 0.2552181125838761
}