{
  "id": 4300,
  "wedge_count": 4,
  "parameters": {
    "rotation_speeds": [
      -1.381051423517893,
      -1.4868152083512425,
      2.427499134731489,
      -2.6598941703983754
    ],
    "phi_x": [
      9.126120380023437,
      -2.051328871900626,
      -13.988062102970964,
      -13.239755073214598
    ],
    "phi_y": [
      -4.9216500916578525,
      6.335308060136285,
      -11.34574869708789,
      5.305027347560223
    ],
    "distances": [
      1.0,
      6.119704128317802,
      2.9123646842213153,
      7.314944783217391,
      6.814588446028131
    ],
    "refractive_indices": [
      1.0,
      1.5,
      1.5,
      1.5,
      1.5,
      1.0
    ],
    "wedgenum": 4
  },
  "pattern": [
    [
      2.9348029260423107,
      3.0312959546383285
    ],
    [
      2.949283727585492,
      3.015413707683788
    ],
    [
      2.9787357912643495,
      2.981437441754274
    ],
    [
      2.8651276693896897,
      2.916273278915162
    ],
    [
      2.874723233428878,
      2.9403957173605617
    ],
    [
      2.8301815598702635,
      2.816748472643811
    ],
    [
      2.791068046944236,
      2.947048421183802
    ],
    [
      2.7666928620039855,
      2.7851444243439674
    ],
    [
      2.6972651222353363,
      2.703386070753273
    ],
    [
      2.6659683206650153,
      2.7099155904449748
    ],
    [
      2.5290108504231115,
      2.6693741822616395
    ],
    [
      2.3765615993537588,
      2.542917762834009
    ],
    [
      2.2925165121373943,
      2.4944694150868285
    ],
    [
      2.161525708633758,
      2.410304238921632
    ],
    [
      2.1067371994440744,
      2.2418281143850534
    ],
    [
      1.975795750861368,
      2.0618232504707654
    ],
    [
      1.7679492820619696,
      1.9591188171172762
    ],
    [
      1.5738778413943793,
      1.864922668750358
    ],
    [
      1.477028462229366,
      1.7168112472101962
    ],
    [
      1.2848444020935996,
      1.4614757698162506
    ],
    [
      1.1762649232070437,
      1.548726695670559
    ],
    [
      1.0406144118739273,
      1.1534355536934957
    ],
    [
      0.7936112883158579,
      1.2543031005161338
    ],
    [
      0.6381246233001237,
      1.0554193510046357
    ],
    [
      0.39775428400018353,
      0.861931940056036
    ],
    [
      0.20680114179333647,
      0.7262117849565117
    ],
    [
      0.12808999458814438,
      0.5828810640886654
    ],
    [
      -0.16461698243148504,
      0.3693527981451242
    ],
    [
      -0.2674677603448647,
      0.12053346560553896
    ],
    [
      -0.443983077369681,
      -0.05289344276793306
    ],
    [
      -0.6436465763644715,
      -0.23057546452305772
    ],
    [
      -0.888513994739081,
      -0.4035208560768384
    ],
    [
      -0.9566665530549852,
      -0.36638003045208817
    ],
    [
      -1.1783385644085884,
      -0.6750723602828838
    ],
    [
      -1.2949848105076336,
      -0.8442268373362273
    ],
    [
      -1.5026970789513319,
      -0.9321961580104058
    ],
    [
      -1.635656799887835,
      -1.142378932331686
    ],
    [
      -1.8548474934238994,
      -1.280894241969864
    ],
    [
      -1.9757132248936136,
      -1.3640197862474421
    ],
    [
      -2.1569697095062432,
      -1.4943962084726472
    ],
    [
      -2.2323935064126386,
      -1.8129634173748994
    ],
    [
      -2.3749103636029956,
      -1.8694165531399705
    ],
    [
      -2.508946785030776,
      -1.9790944697641808
    ],
    [
      -2.6658470703948653,
      -2.158632295993174
    ],
    [
      -2.697037898935586,
      -2.2019929392801103
    ],
    [
      -2.812260374517294,
      -2.31032109587395
    ],
    [
      -2.8454279835837926,
      -2.3521327904839664
    ],
    [
      -2.8538383023423037,
      -2.5159443705001823
    ],
    [
      -2.980412604906945,
      -2.578108177229052
    ],
    [
      -2.9617211242908326,
      -2.7538256367919915
    ],
    [
      -3.143669206193405,
      -2.732754698372324
    ],
    [
      -3.10093738697326,
      -2.830664655765464
    ],
    [
      -3.0571098668001544,
      -2.962395682396226
    ],
    [
      -3.102740118521617,
      -2.9960538767271263
    ],
    [
      -3.146168757757712,
      -2.945217606695853
    ],
    [
      -3.0788685027177194,
      -2.993976259022272
    ],
    [
      -3.006845058184636,
      -3.12679400670031
    ],
    [
      -2.9751683976969585,
      -3.0962355052969626
    ],
    [
      -2.92511789476399,
      -3.071563225506382
    ],
    [
      -2.879889595857561,
      -2.9885094251958857
    ]
  ],
  "complexity": 0.4300545979755634
}