{
  "id": 2549,
  "wedge_count": 6,
  "parameters": {
    "rotation_speeds": [
      -0.4563877951093196,
      2.0555220527416385,
      -0.9959252727712933,
      2.7438390944711797,
      1.6428231748370106,
      0.4728269853826932
    ],
    "phi_x": [
      -8.779005085011944,
      -0.4289908379831644,
      -13.953467754234964,
      -6.773543156982985,
      5.866877152411693,
      14.869974221343877
    ],
    "phi_y": [
      -10.801969867792778,
      1.17054674204374,
      2.0109212003618424,
      -12.384919673697542,
      14.987400076456812,
      7.072538201945722
    ],
    "distances": [
      1.0,
      4.399072910166354,
      6.692695759330282,
      4.51961987213703,
      2.6439466794270325,
      6.952691930721606,
      3.17172978896775
    ],
    "refractive_indices": [
      1.0,
      1.5,
      1.5,
      1.5,
      1.5,
      1.5,
      1.5,
      1.0
    ],
    "wedgenum": 6
  },
  "pattern": [
    [
      4.356287081012227,
      4.462577466839022
    ],
    [
      4.374893415519137,
      4.423979481621727
    ],
    [
      4.529819000237338,
      4.501101064022091
    ],
    [
      4.46658237219528,
      4.544889386716165
    ],
    [
      4.551909614306243,
      4.607886550497488
    ],
    [
      4.607833970885242,
      4.561905517727034
    ],
    [
      4.545945884868946,
      4.502152043067805
    ],
    [
      4.493833097368083,
      4.559984113377778
    ],
    [
      4.452315750323544,
      4.581966642993203
    ],
    [
      4.411256810208864,
      4.607357436611973
    ],
    [
      4.5030032391352695,
      4.556039377633289
    ],
    [
      4.328156519269847,
      4.5327207176629045
    ],
    [
      4.352525906643141,
      4.564675264705913
    ],
    [
      4.196101382045841,
      4.578068072147299
    ],
    [
      4.235906776254192,
      4.456551859925774
    ],
    [
      4.105103167453744,
      4.434689041170859
    ],
    [
      4.045373022479015,
      4.273313745468848
    ],
    [
      3.9204318789296897,
      4.216422938284548
    ],
    [
      3.855240613668172,
      4.205421459172433
    ],
    [
      3.823989744815067,
      4.0733500044629904
    ],
    [
      3.6733982226843187,
      3.9847883274933773
    ],
    [
      3.5831933827579703,
      3.853203176256587
    ],
    [
      3.3363260938770987,
      3.833033114581722
    ],
    [
      3.2572660779681164,
      3.786385843647332
    ],
    [
      3.21583614158518,
      3.631373199945804
    ],
    [
      3.0821590551221436,
      3.483513216254413
    ],
    [
      2.931781531862247,
      3.3937109183604237
    ],
    [
      2.714092806421641,
      3.296254685928661
    ],
    [
      2.563921462753762,
      3.200889348947134
    ],
    [
      2.361232073711365,
      3.1776606271253485
    ],
    [
      2.2891696543509146,
      2.9028251762273447
    ],
    [
      2.2923531652804816,
      2.8185481034871276
    ],
    [
      2.019607164965269,
      2.6593986438379753
    ],
    [
      1.7251240132051975,
      2.494702167365032
    ],
    [
      1.702078075440055,
      2.370135568995681
    ],
    [
      1.5091369149659692,
      2.189214445461247
    ],
    [
      1.3783095761886652,
      2.0974122234207924
    ],
    [
      1.1792928619554475,
      2.0227795983862187
    ],
    [
      1.0423424660846727,
      1.8823276967176201
    ],
    [
      0.9032743353257111,
      1.7272446615746302
    ],
    [
      0.696362616084526,
      1.5317896589353062
    ],
    [
      0.6814825813314566,
      1.3877118730739808
    ],
    [
      0.5929395003990525,
      1.4074000752649536
    ],
    [
      0.3588969808182271,
      1.1746121166251666
    ],
    [
      0.30089124684949714,
      0.9753960167396483
    ],
    [
      0.13070848169560412,
      0.9734845778714938
    ],
    [
      0.10814652739573456,
      0.7660149265571875
    ],
    [
      -0.13359569605050187,
      0.7035188925124537
    ],
    [
      -0.12147072190820099,
      0.5294462366596883
    ],
    [
      -0.25204925125417726,
      0.4942377162021758
    ],
    [
      -0.377839795658035,
      0.25432775588957884
    ],
    [
      -0.542758600291264,
      0.18615330189499768
    ],
    [
      -0.5544776339049263,
      0.05215962669359593
    ],
    [
      -0.6078380447327978,
      -0.016977933852575726
    ],
    [
      -0.7301833276700652,
      -0.06768573819629978
    ],
    [
      -0.6944978814728999,
      -0.15630937612760193
    ],
    [
      -0.9388232814951267,
      -0.40222757125227665
    ],
    [
      -0.9402521119150818,
      -0.4534446885604511
    ],
    [
      -0.9128019691877464,
      -0.37502234413744895
    ],
    [
      -0.9467149042443429,
      -0.6434414268475446
    ]
  ],
  "complexity": 0.4113104927061842
}