{
  "id": 2769,
  "wedge_count": 4,
  "parameters": {
    "rotation_speeds": [
      -0.5203322940356419,
      -2.095729428627428,
      2.262494944409527,
      -2.055560779117547
    ],
    "phi_x": [
      0.8345993895054509,
      -12.633372346970225,
      -8.247568112495808,
      4.017584155616483
    ],
    "phi_y": [
      10.189292141168057,
      14.670091418204077,
      3.9223741508164416,
      -7.1703217038437135
    ],
    "distances": [
      1.0,
      6.341309336094172,
      7.771465701428744,
      4.764910282529991,
      2.528779038909083
    ],
    "refractive_indices": [
      1.0,
      1.5,
      1.5,
      1.5,
      1.5,
      1.0
    ],
    "wedgenum": 4
  },
  "pattern": [
    [
      2.2128300748525493,
      2.2005311698171264
    ],
    [
      2.213168359465285,
      2.1205000077331677
    ],
    [
      1.9790485432058909,
      2.1197747872580606
    ],
    [
      1.9819641532350478,
      1.9730352607540915
    ],
    [
      1.8574178304419433,
      1.8677152220286883
    ],
    [
      1.7620093650678732,
      1.7144507265987854
    ],
    [
      1.6009343165049297,
      1.6187708094928106
    ],
    [
      1.4093989849199033,
      1.492452596943941
    ],
    [
      1.3414614241764424,
      1.4285406307223096
    ],
    [
      1.2459944563931162,
      1.3481968093039929
    ],
    [
      0.9482750135132483,
      1.1017401677990288
    ],
    [
      0.9079916428900403,
      1.037125229206094
    ],
    [
      0.736407727843748,
      0.8999725688941089
    ],
    [
      0.5826559370563749,
      0.7030089167348714
    ],
    [
      0.3427110577307518,
      0.5571546175348996
    ],
    [
      0.2972841419948403,
      0.3801607201919501
    ],
    [
      0.02031249271183807,
      0.3073310152842473
    ],
    [
      -0.11945947097289294,
      0.1133300685632671
    ],
    [
      -0.334689435509618,
      -0.004319834650934374
    ],
    [
      -0.47846803863468373,
      -0.228787164817828
    ],
    [
      -0.5601088772143699,
      -0.3424140955740385
    ],
    [
      -0.6960721870210668,
      -0.44652224082496095
    ],
    [
      -0.9094515116146648,
      -0.5992845556618744
    ],
    [
      -1.0554492846450292,
      -0.7531430842653046
    ],
    [
      -1.2593770221471225,
      -0.907922310304467
    ],
    [
      -1.3322654727512995,
      -1.089901327958346
    ],
    [
      -1.558138918639234,
      -1.1305967860161747
    ],
    [
      -1.7545935946714606,
      -1.386473568056954
    ],
    [
      -1.7774153119305436,
      -1.468551548148725
    ],
    [
      -1.8532692556504171,
      -1.5036321526331455
    ],
    [
      -1.9721224455561321,
      -1.6462571929905758
    ],
    [
      -2.0844793557761117,
      -1.8273563455951631
    ],
    [
      -2.233599670327812,
      -1.849111353799211
    ],
    [
      -2.3162868615792553,
      -2.0343380072980732
    ],
    [
      -2.3399733359375787,
      -2.134868757641739
    ],
    [
      -2.4503081470150385,
      -2.0938623311930624
    ],
    [
      -2.45490581878581,
      -2.321596782293655
    ],
    [
      -2.6065305149637674,
      -2.3019360710825145
    ],
    [
      -2.6154981625076643,
      -2.4456356328217663
    ],
    [
      -2.6444579524146365,
      -2.3524821796548787
    ],
    [
      -2.5859233145508633,
      -2.4225726735026214
    ],
    [
      -2.6330987341266634,
      -2.522271453245035
    ],
    [
      -2.6723496432731526,
      -2.550770871040619
    ],
    [
      -2.6046110226046615,
      -2.554016286802117
    ],
    [
      -2.6335225599861056,
      -2.591381262241142
    ],
    [
      -2.563553777324352,
      -2.5799594715540195
    ],
    [
      -2.5031581196544934,
      -2.622914123911654
    ],
    [
      -2.545473975134215,
      -2.6187176411101625
    ],
    [
      -2.4166238522350527,
      -2.5932144565241253
    ],
    [
      -2.3485955169270096,
      -2.5587106450725634
    ],
    [
      -2.2483973933618144,
      -2.4838791673447416
    ],
    [
      -2.201374242098829,
      -2.4059552897490546
    ],
    [
      -2.2025824502293987,
      -2.399947466301147
    ],
    [
      -2.070056198823263,
      -2.395939682824547
    ],
    [
      -1.9331674404779196,
      -2.354451452438111
    ],
    [
      -1.7535704663236156,
      -2.1796449507733304
    ],
    [
      -1.6912106491138792,
      -2.2047554243426615
    ],
    [
      -1.5639370157154286,
      -2.069149387056255
    ],
    [
      -1.4478441513031317,
      -2.0885165746943364
    ],
    [
      -1.3176159537598422,
      -1.835924820771412
    ]
  ],
  "complexity": 0.36835025345608213
}