{
  "id": 238,
  "wedge_count": 1,
  "parameters": {
    "rotation_speeds": [
      0.03257714260621647
    ],
    "phi_x": [
      -13.260104640201316
    ],
    "phi_y": [
      -10.699780071380045
    ],
    "distances": [
      1.0,
      7.940622755285208
    ],
    "refractive_indices": [
      1.0,
      1.5,
      1.0
    ],
    "wedgenum": 1
  },
  "pattern": [
    [
      0.8869320082082855,
      0.8868308750943357
    ],
    [
      0.8806951224553595,
      0.8853243776379548
    ],
    [
      0.8918165900705122,
      0.8827479972163166
    ],
    [
      0.8935576763569186,
      0.8949517983247054
    ],
    [
      0.9027037038415926,
      0.9027142818440426
    ],
    [
      0.8940894316388678,
      0.9014194716521616
    ],
    [
      0.8994304064050275,
      0.9092747526028949
    ],
    [
      0.9054860967516036,
      0.9092539453524978
    ],
    [
      0.904292333741242,
      0.9077903556612927
    ],
    [
      0.9112295792943698,
      0.9129844726789494
    ],
    [
      0.9134180406337936,
      0.9141899665487305
    ],
    [
      0.9169378980798341,
      0.9118946684187749
    ],
    [
      0.9183635993761765,
      0.9214852011813035
    ],
    [
      0.9238632350970438,
      0.9185248250632994
    ],
    [
      0.9331161259206853,
      0.9188857316738284
    ],
    [
      0.930383609813595,
      0.9328374604437167
    ],
    [
      0.9372685761549734,
      0.9370805433577514
    ],
    [
      0.9465244296173013,
      0.9327410374275488
    ],
    [
      0.939064871047534,
      0.9434392677156148
    ],
    [
      0.9395813524911105,
      0.940349450700019
    ],
    [
      0.9488800721233668,
      0.9429649895055567
    ],
    [
      0.9505288740576613,
      0.9507016687745179
    ],
    [
      0.9600928257123592,
      0.9421303817502771
    ],
    [
      0.965719122651929,
      0.952193828862648
    ],
    [
      0.9585927718073834,
      0.9466865458684826
    ],
    [
      0.9614150872318714,
      0.9596642548431361
    ],
    [
      0.9698586349186797,
      0.9609417266374043
    ],
    [
      0.9667002881774267,
      0.9689633455090888
    ],
    [
      0.9758412332823393,
      0.9721985599711612
    ],
    [
      0.9707161479421057,
      0.9731114359481043
    ],
    [
      0.9827672252083696,
      0.9739718208670999
    ],
    [
      0.9764326254165643,
      0.9670598205448179
    ],
    [
      0.9834231433502734,
      0.9808831582917144
    ],
    [
      0.9947761683130383,
      0.9784133217733343
    ],
    [
      1.0006646075975978,
      0.9767655937065627
    ],
    [
      0.9899728326763282,
      0.9886549591324038
    ],
    [
      1.0052267863788118,
      0.986013823983786
    ],
    [
      0.9955165419165908,
      0.9918302413595352
    ],
    [
      0.9937536323928047,
      0.9904266113484078
    ],
    [
      1.0129989680198792,
      0.9987855096352992
    ],
    [
      1.0011503981606116,
      1.0127776221922065
    ],
    [
      1.015877269938665,
      1.0023108762198296
    ],
    [
      1.0143807107974272,
      1.0051932455103727
    ],
    [
      1.0174547490191126,
      1.01106053159589
    ],
    [
      1.017281497264416,
      1.0052655658495055
    ],
    [
      1.0208394480163483,
      1.008104723975036
    ],
    [
      1.023207951196433,
      1.0104753740645813
    ],
    [
      1.0347482365961072,
      1.0174736909083546
    ],
    [
      1.0313076893935296,
      1.0266068410635418
    ],
    [
      1.0331586975270457,
      1.0197128181452968
    ],
    [
      1.0425782977344622,
      1.0217910810864548
    ],
    [
      1.0376257028158968,
      1.0263769083057799
    ],
    [
      1.038116502533149,
      1.023948690577998
    ],
    [
      1.0463601089100518,
      1.0285269735085485
    ],
    [
      1.043400601093495,
      1.0343931311591141
    ],
    [
      1.0511096266764426,
      1.0295649002906102
    ],
    [
      1.0488476584548219,
      1.0279127684432172
    ],
    [
      1.0570141829685946,
      1.03565718779469
    ],
    [
      1.0597212314822422,
      1.043721737731362
    ],
    [
      1.0456105331290977,
      1.0465204120803089
    ]
  ],
  "complexity": 0.18407235585918394
}