{
  "id": 3345,
  "wedge_count": 5,
  "parameters": {
    "rotation_speeds": [
      2.714455191114684,
      -0.8498731988035466,
      1.541395859951682,
      -1.9600700489060976,
      -0.45410591454524063
    ],
    "phi_x": [
      13.155428143436126,
      10.705889378802617,
      11.177627222356787,
      -7.033748916210185,
      5.366848642196484
    ],
    "phi_y": [
      -2.1615375129133714,
      -2.9271046054801015,
      -13.029395416877918,
      -11.730782887873657,
      13.576124305062322
    ],
    "distances": [
      1.0,
      5.479642763899097,
      7.149241593470665,
      5.366646418269652,
      6.350483615521296,
      3.6806215147039616
    ],
    "refractive_indices": [
      1.0,
      1.5,
      1.5,
      1.5,
      1.5,
      1.5,
      1.0
    ],
    "wedgenum": 5
  },
  "pattern": [
    [
      4.50871341035135,
      4.410250038634867
    ],
    [
      4.4573319094155215,
      4.345138980991754
    ],
    [
      4.531709620001486,
      4.250525083023532
    ],
    [
      4.380461890782133,
      4.4092238135438855
    ],
    [
      4.410859631091542,
      4.339040189436663
    ],
    [
      4.3954768851152055,
      4.332480671203132
    ],
    [
      4.442451373049975,
      4.287642130892814
    ],
    [
      4.316061956875982,
      4.352130026201077
    ],
    [
      4.270910063845249,
      4.198957251994918
    ],
    [
      4.222058718869015,
      4.166495771490119
    ],
    [
      4.097326263163872,
      4.08833310124229
    ],
    [
      4.047738149764109,
      4.153012598005091
    ],
    [
      3.934295047465886,
      3.907065865075739
    ],
    [
      3.8707530273993025,
      3.901469308869777
    ],
    [
      3.704582370681381,
      3.8063508198268923
    ],
    [
      3.676599232556381,
      3.762485765239974
    ],
    [
      3.5559320077612724,
      3.729299094879028
    ],
    [
      3.5436813595810372,
      3.5997930941306695
    ],
    [
      3.2910640616907574,
      3.3376555527354888
    ],
    [
      3.2516905291032208,
      3.2907657769809577
    ],
    [
      3.0864462543018494,
      3.25574344543852
    ],
    [
      2.9092113104725796,
      3.1606069314966714
    ],
    [
      2.740825496277883,
      2.9292848862467293
    ],
    [
      2.657551455504203,
      2.8331104384013277
    ],
    [
      2.4184714085955323,
      2.738394942184966
    ],
    [
      2.2629274995598188,
      2.5291571019991053
    ],
    [
      2.2827898187351385,
      2.5327409341634968
    ],
    [
      2.0185383571323467,
      2.3513976912938284
    ],
    [
      1.9613231161532598,
      2.2192727122513043
    ],
    [
      1.743371397391039,
      1.9933995940265743
    ],
    [
      1.6072445237222788,
      2.015793491177576
    ],
    [
      1.4213374805052466,
      1.8844352363174544
    ],
    [
      1.2346731120239534,
      1.654205288688461
    ],
    [
      1.093449715070532,
      1.5226576508209715
    ],
    [
      0.9780431007385513,
      1.312993682769824
    ],
    [
      0.807759916631557,
      1.2870141161021549
    ],
    [
      0.6875739972010452,
      1.1570367985449563
    ],
    [
      0.6319249032853633,
      1.0434621071126278
    ],
    [
      0.40776280664977815,
      0.8450384230828203
    ],
    [
      0.2754217848430353,
      0.7203716299430517
    ],
    [
      0.11405077921490563,
      0.6254563907942887
    ],
    [
      -0.011247823238103302,
      0.3655946816466542
    ],
    [
      -0.13628656339179088,
      0.3460199833690912
    ],
    [
      -0.20442131853584616,
      0.18200489920602872
    ],
    [
      -0.3868808996286563,
      -0.03563099439292014
    ],
    [
      -0.43216152279810194,
      0.011849564440142756
    ],
    [
      -0.5961154010253451,
      -0.11764604410487335
    ],
    [
      -0.6393855638359225,
      -0.2527342244244941
    ],
    [
      -0.7945111627600941,
      -0.3973553445884721
    ],
    [
      -0.7190480024604631,
      -0.40930655418538703
    ],
    [
      -0.8739539352436017,
      -0.522954202710871
    ],
    [
      -0.9514328821611625,
      -0.5434497988525487
    ],
    [
      -1.0754904932371847,
      -0.6862489085853646
    ],
    [
      -1.1373977107893778,
      -0.8068195691653158
    ],
    [
      -1.1847610687992414,
      -0.9203658101333534
    ],
    [
      -1.1936583943715766,
      -0.9874976377788096
    ],
    [
      -1.268207167936564,
      -0.9695186523881826
    ],
    [
      -1.2780341905897574,
      -1.0309257151671007
    ],
    [
      -1.307281924468859,
      -1.092773364398009
    ],
    [
      -1.3487124055271906,
      -1.1832178211723465
    ]
  ],
  "complexity": 0.4255683033156161
}