{
  "id": 1706,
  "wedge_count": 5,
  "parameters": {
    "rotation_speeds": [
      -0.3658747946625809,
      1.6248893988389232,
      2.5227173122780586,
      2.8028082227348206,
      -1.3464669747871252
    ],
    "phi_x": [
      -7.921283751726898,
      12.471803936463537,
      -4.647588965882601,
      -6.704430978772418,
      -13.607227841626166
    ],
    "phi_y": [
      6.699371324971182,
      -7.0037754870113815,
      -10.182238892249366,
      -4.208043775104757,
      7.730863966486538
    ],
    "distances": [
      1.0,
      2.9189621984888436,
      4.93336218326141,
      5.123019766327523,
      6.2295293329250745,
      4.203585127840832
    ],
    "refractive_indices": [
      1.0,
      1.5,
      1.5,
      1.5,
      1.5,
      1.5,
      1.0
    ],
    "wedgenum": 5
  },
  "pattern": [
    [
      3.6028581222427984,
      3.6304053112167294
    ],
    [
      3.678170974964022,
      3.652015390243231
    ],
    [
      3.65941776968623,
      3.6274976988162493
    ],
    [
      3.710567372630598,
      3.7373357516350874
    ],
    [
      3.7551468624859123,
      3.7066239153248537
    ],
    [
      3.73737104995764,
      3.777351890409876
    ],
    [
      3.828632055522313,
      3.7311046601096867
    ],
    [
      3.8088713367157636,
      3.7200943287745565
    ],
    [
      3.6520851394656884,
      3.7407426791214515
    ],
    [
      3.730276185571414,
      3.81205956523619
    ],
    [
      3.7635069165568193,
      3.743519436756902
    ],
    [
      3.682358636641297,
      3.738858171339797
    ],
    [
      3.6516988610571506,
      3.7165612198201345
    ],
    [
      3.4512535870255836,
      3.7050652612336292
    ],
    [
      3.514433725859214,
      3.603064551348831
    ],
    [
      3.447408595377257,
      3.563478210207408
    ],
    [
      3.3726155069950936,
      3.4660366939596416
    ],
    [
      3.2823452536791726,
      3.4721029964255608
    ],
    [
      3.2907773763418544,
      3.3586961302036706
    ],
    [
      3.092767672131736,
      3.2861566729233855
    ],
    [
      3.0053378298626505,
      3.2348007041582525
    ],
    [
      2.8787299580485595,
      3.129885969877718
    ],
    [
      2.7907709458601655,
      2.9984832201863005
    ],
    [
      2.643819744288026,
      3.049852861636066
    ],
    [
      2.5274249775184687,
      2.95852112469838
    ],
    [
      2.433817667905771,
      2.7703499522987967
    ],
    [
      2.125106129143527,
      2.6006907142500166
    ],
    [
      2.1168887420609357,
      2.53533568546629
    ],
    [
      1.9925164910813675,
      2.3639762153611956
    ],
    [
      1.9109889603727541,
      2.2842047470999347
    ],
    [
      1.707706847223276,
      2.1756068988783888
    ],
    [
      1.5646751003068404,
      1.963061289068836
    ],
    [
      1.3944243801323977,
      1.90997572494082
    ],
    [
      1.2459201021398003,
      1.7502086681879279
    ],
    [
      1.1056458794648332,
      1.6076119249965901
    ],
    [
      0.9601948563740902,
      1.4502584469035262
    ],
    [
      0.8417970827587992,
      1.3002708302786208
    ],
    [
      0.704025489491345,
      1.2368467915027188
    ],
    [
      0.6343066390478224,
      1.047727346046321
    ],
    [
      0.3490780881198152,
      0.9388871226089477
    ],
    [
      0.21417170473706537,
      0.7836396881991593
    ],
    [
      0.1565762677576212,
      0.7083068456471218
    ],
    [
      -0.012058398821415664,
      0.4833734364323762
    ],
    [
      -0.13335095330115296,
      0.3413802582777513
    ],
    [
      -0.2843018586296686,
      0.2925892440213488
    ],
    [
      -0.39396041645108154,
      0.20232111266839187
    ],
    [
      -0.5510036182345373,
      -0.05229919282825593
    ],
    [
      -0.6303400795107794,
      -0.11111914766193237
    ],
    [
      -0.7207204163132062,
      -0.20252726268665996
    ],
    [
      -0.8723380549465436,
      -0.3512570239639852
    ],
    [
      -0.8764588490275171,
      -0.45058024705247324
    ],
    [
      -1.0132813369469318,
      -0.5608838407115565
    ],
    [
      -1.2066610407414935,
      -0.7010495839766809
    ],
    [
      -1.2549647720339867,
      -0.7307606379731222
    ],
    [
      -1.3014645435078924,
      -0.8046585930822564
    ],
    [
      -1.3172887352193692,
      -0.9558160520818656
    ],
    [
      -1.3744669869847168,
      -1.0716725500922546
    ],
    [
      -1.413097709141128,
      -1.199159211999625
    ],
    [
      -1.4473271776405516,
      -1.2372628189137016
    ],
    [
      -1.5227248081180762,
      -1.3020429467476722
    ]
  ],
  "complexity": 0.39217535532025066
}