{
  "id": 95,
  "wedge_count": 3,
  "parameters": {
    "rotation_speeds": [
      -0.6144777875969054,
      2.367704895596261,
      1.953432768439363
    ],
    "phi_x": [
      -12.307476258656902,
      -11.02433268479837,
      -10.016926664347974
    ],
    "phi_y": [
      12.728749249146642,
      8.566284562743537,
      -7.729705955121709
    ],
    "distances": [
      1.0,
      7.896890541572324,
      2.4544237974652496,
      6.048218901559987
    ],
    "refractive_indices": [
      1.0,
      1.5,
      1.5,
      1.5,
      1.0
    ],
    "wedgenum": 3
  },
  "pattern": [
    [
      2.5698869685591217,
      2.5142371102425183
    ],
    [
      2.505366026117605,
      2.479934126756694
    ],
    [
      2.5368320796773545,
      2.5877448020496407
    ],
    [
      2.6237431858189137,
      2.5654259876009258
    ],
    [
      2.524334585126307,
      2.5448535340677623
    ],
    [
      2.529653986643114,
      2.5123729300941453
    ],
    [
      2.544793721473105,
      2.50023348999709
    ],
    [
      2.5341522586011433,
      2.4895222895042886
    ],
    [
      2.5465770116476056,
      2.4910298757036347
    ],
    [
      2.4707144505747616,
      2.515758462697408
    ],
    [
      2.3948322895226353,
      2.5270160481763018
    ],
    [
      2.3800789255390224,
      2.4430167790833757
    ],
    [
      2.2480923909146617,
      2.402756880596392
    ],
    [
      2.314617499792094,
      2.302733150716823
    ],
    [
      2.120720144472812,
      2.2564337993086956
    ],
    [
      2.031164735294778,
      2.2814831598803957
    ],
    [
      2.006965687793184,
      2.1578757827499775
    ],
    [
      1.8679361969662132,
      2.101241268148757
    ],
    [
      1.7647779587927763,
      2.0039694721062493
    ],
    [
      1.6966188905824766,
      1.865776945488514
    ],
    [
      1.5605206877344773,
      1.8934589668250834
    ],
    [
      1.465046860000648,
      1.7168811562463013
    ],
    [
      1.317284665855658,
      1.5670364900796236
    ],
    [
      1.2080331399098736,
      1.5484820802503485
    ],
    [
      1.0726501308587562,
      1.4902332110404768
    ],
    [
      0.8889170165197635,
      1.3054967836530564
    ],
    [
      0.7924896103557505,
      1.1915139465339653
    ],
    [
      0.6906145413820372,
      0.9716881135099249
    ],
    [
      0.48551756950294683,
      0.8529690097101127
    ],
    [
      0.33336060009926854,
      0.8088138741399312
    ],
    [
      0.18080839800297355,
      0.6429886241453622
    ],
    [
      0.06637864336419458,
      0.5035820585957895
    ],
    [
      -0.07933323406999655,
      0.46875701882466997
    ],
    [
      -0.1776067048024348,
      0.30458466288684255
    ],
    [
      -0.3375624377289662,
      0.2868762134637638
    ],
    [
      -0.46755463216054466,
      0.03325295267454795
    ],
    [
      -0.6352707986639294,
      -0.07430474383089745
    ],
    [
      -0.8280822044185238,
      -0.16573628192721185
    ],
    [
      -0.981186173278838,
      -0.36211147857135206
    ],
    [
      -1.0941135257018022,
      -0.5054890573697809
    ],
    [
      -1.1134482054225299,
      -0.6123082897517238
    ],
    [
      -1.2800732409518703,
      -0.7065425634623004
    ],
    [
      -1.345158067160682,
      -0.834327192495915
    ],
    [
      -1.5211150389327346,
      -1.0168679777483107
    ],
    [
      -1.5744124947422806,
      -1.0737244766803735
    ],
    [
      -1.73241086666885,
      -1.1940047486491987
    ],
    [
      -1.9151609346242258,
      -1.4140557684274986
    ],
    [
      -1.8324135737979736,
      -1.4885297725816766
    ],
    [
      -1.9489629922769176,
      -1.5106424497108402
    ],
    [
      -2.0358609427788545,
      -1.5847236000927596
    ],
    [
      -2.039087636551146,
      -1.7010709165438525
    ],
    [
      -2.0823067512418056,
      -1.812302886001824
    ],
    [
      -2.189666098721742,
      -1.9161519604963644
    ],
    [
      -2.1827228523987565,
      -1.973407473597568
    ],
    [
      -2.2747482876005805,
      -2.01985537537981
    ],
    [
      -2.336840332957785,
      -2.0743262601038626
    ],
    [
      -2.338164198621199,
      -2.1410415664876066
    ],
    [
      -2.295316394237531,
      -2.1780192639241904
    ],
    [
      -2.190959589428526,
      -2.2182190452437736
    ],
    [
      -2.2504505255730494,
      -2.2278761507598346
    ]
  ],
  "complexity": 0.3617379658525441
}