{
  "id": 1810,
  "wedge_count": 1,
  "parameters": {
    "rotation_speeds": [
      0.6461462479497233
    ],
    "phi_x": [
      14.381430402854708
    ],
    "phi_y": [
      8.367791043821605
    ],
    "distances": [
      1.0,
      6.008472730312163
    ],
    "refractive_indices": [
      1.0,
      1.5,
      1.0
    ],
    "wedgenum": 1
  },
  "pattern": [
    [
      0.9604158313708665,
      0.9509430970505328
    ],
    [
      0.9914017072057327,
      0.9863427717683796
    ],
    [
      1.042904106279227,
      1.0252571300210822
    ],
    [
      1.056406014097306,
      1.0509049379711224
    ],
    [
      1.0860568067723315,
      1.0742974651756085
    ],
    [
      1.111731401840476,
      1.0952857793876338
    ],
    [
      1.1272386456376222,
      1.1144152570870365
    ],
    [
      1.1259879144637055,
      1.1300038397289087
    ],
    [
      1.135458821625904,
      1.1379918970855063
    ],
    [
      1.1344992128514837,
      1.131125982624728
    ],
    [
      1.121495044466566,
      1.1378544357537448
    ],
    [
      1.107397123014651,
      1.123236397629972
    ],
    [
      1.090752250390482,
      1.119749001738147
    ],
    [
      1.0680462243518627,
      1.1033331812710194
    ],
    [
      1.041253532878716,
      1.0886166636753756
    ],
    [
      1.008508341262567,
      1.0569537360259589
    ],
    [
      0.9726590705143416,
      1.0300779074302568
    ],
    [
      0.9188143790953845,
      0.9866874382664248
    ],
    [
      0.8669367955530175,
      0.9560354796216469
    ],
    [
      0.8229182839590891,
      0.9201911621701371
    ],
    [
      0.7636320330718591,
      0.8669439552955488
    ],
    [
      0.6996789988875903,
      0.833805269578013
    ],
    [
      0.6247531523641646,
      0.7684865086184993
    ],
    [
      0.5614550991377196,
      0.7187306055764937
    ],
    [
      0.4859713656972439,
      0.6622567486042701
    ],
    [
      0.42007727081837637,
      0.5991026382884311
    ],
    [
      0.33022808304668816,
      0.5332312005159876
    ],
    [
      0.26447108803005553,
      0.4621114352749099
    ],
    [
      0.17320931442411747,
      0.39381060825361675
    ],
    [
      0.09484979918218041,
      0.33137035466461023
    ],
    [
      0.015401425821724601,
      0.250089446728799
    ],
    [
      -0.07831679887643149,
      0.18239032625639268
    ],
    [
      -0.15494527423960183,
      0.10279131537174642
    ],
    [
      -0.24836748271804862,
      0.03474790339674071
    ],
    [
      -0.32476390567569,
      -0.04454241439342039
    ],
    [
      -0.4063208116061873,
      -0.12992551750408154
    ],
    [
      -0.48028123943272827,
      -0.19442188643061623
    ],
    [
      -0.5643627880583668,
      -0.2722040957070406
    ],
    [
      -0.644733567544256,
      -0.35668247557821914
    ],
    [
      -0.7157865539861215,
      -0.42725071485643235
    ],
    [
      -0.7796059311551985,
      -0.5063427699040219
    ],
    [
      -0.85838717496833,
      -0.563563244363237
    ],
    [
      -0.9153937152509489,
      -0.6394705014761389
    ],
    [
      -0.9718100346048759,
      -0.7113584606001626
    ],
    [
      -1.0212252978908067,
      -0.7689270891997233
    ],
    [
      -1.0694205688741676,
      -0.831797466417795
    ],
    [
      -1.109431998331312,
      -0.889791854221161
    ],
    [
      -1.1516783490124933,
      -0.9478172881954292
    ],
    [
      -1.1927027905999907,
      -1.003501956300292
    ],
    [
      -1.2217466394199081,
      -1.0513472597388787
    ],
    [
      -1.2357728973993884,
      -1.1009627677476885
    ],
    [
      -1.2524295653770978,
      -1.1268737867497196
    ],
    [
      -1.2609661681458086,
      -1.1715133287358448
    ],
    [
      -1.2622758439261592,
      -1.1941109625382507
    ],
    [
      -1.2619350078811409,
      -1.2274131507287156
    ],
    [
      -1.251983098853833,
      -1.246606693503131
    ],
    [
      -1.2489264473198085,
      -1.2637404919278556
    ],
    [
      -1.2147214474704797,
      -1.269099129536691
    ],
    [
      -1.198073870380542,
      -1.2735629963555974
    ],
    [
      -1.1640658202680696,
      -1.2773283978859342
    ]
  ],
  "complexity": 0.2816659251185066
}