{
  "id": 693,
  "wedge_count": 1,
  "parameters": {
    "rotation_speeds": [
      -1.519706121089336
    ],
    "phi_x": [
      4.347736637464912
    ],
    "phi_y": [
      -12.49781021672538
    ],
    "distances": [
      1.0,
      3.6978288170179026
    ],
    "refractive_indices": [
      1.0,
      1.5,
      1.0
    ],
    "wedgenum": 1
  },
  "pattern": [
    [
      0.2807707327735532,
      0.27858590950702367
    ],
    [
      0.22258663857563296,
      0.23147115347438219
    ],
    [
      0.16884847452250248,
      0.16972919844634005
    ],
    [
      0.09115420076960463,
      0.11708771286034698
    ],
    [
      0.033856979169311664,
      0.053689308905072536
    ],
    [
      -0.02987170579361564,
      0.00024177496196875709
    ],
    [
      -0.09359216423595207,
      -0.057083198772637574
    ],
    [
      -0.15067505515684368,
      -0.12349103709031548
    ],
    [
      -0.2169843576738083,
      -0.17696195421713426
    ],
    [
      -0.2849882520553689,
      -0.23974126807218415
    ],
    [
      -0.3356891255451014,
      -0.2899379622139798
    ],
    [
      -0.39668053379273416,
      -0.33906336753158106
    ],
    [
      -0.4506682704346412,
      -0.39070140926684543
    ],
    [
      -0.49951217820111793,
      -0.43825186699941104
    ],
    [
      -0.5529239773737745,
      -0.488370962107287
    ],
    [
      -0.5942109779209191,
      -0.5383069642005611
    ],
    [
      -0.6303895005654814,
      -0.5698443738649418
    ],
    [
      -0.673784698863999,
      -0.617690238700237
    ],
    [
      -0.7165151013264491,
      -0.6479224912461646
    ],
    [
      -0.7512424045134624,
      -0.6888731284638823
    ],
    [
      -0.7656967836503745,
      -0.7062814113301394
    ],
    [
      -0.78948654901384,
      -0.741711361324773
    ],
    [
      -0.8134235225523507,
      -0.7687183713589766
    ],
    [
      -0.8179489563306136,
      -0.7742161013913343
    ],
    [
      -0.827582772952802,
      -0.7991958325027704
    ],
    [
      -0.8291547868890642,
      -0.817791733579682
    ],
    [
      -0.832755808653679,
      -0.817181976745278
    ],
    [
      -0.8363666976458429,
      -0.8299517512428433
    ],
    [
      -0.8116209796231618,
      -0.8355454236369837
    ],
    [
      -0.8028739869643745,
      -0.8195216354463606
    ],
    [
      -0.7784381577547161,
      -0.8197928266038157
    ],
    [
      -0.762702950633377,
      -0.8069744772682362
    ],
    [
      -0.725719069779966,
      -0.8000084427731771
    ],
    [
      -0.7059121823269252,
      -0.7882193488801035
    ],
    [
      -0.670857365747296,
      -0.752152485079663
    ],
    [
      -0.6339614031362081,
      -0.731265818341624
    ],
    [
      -0.5836631337379069,
      -0.7022801260584627
    ],
    [
      -0.5467265958575176,
      -0.6798644526332327
    ],
    [
      -0.497757779347038,
      -0.6448095698224628
    ],
    [
      -0.45134362189242383,
      -0.6064874043074319
    ],
    [
      -0.3966532840229532,
      -0.5665563572877929
    ],
    [
      -0.3425499270536241,
      -0.5312280196166719
    ],
    [
      -0.28371147029363497,
      -0.47269696995959243
    ],
    [
      -0.24061375214884811,
      -0.44185524778829005
    ],
    [
      -0.17239599205811984,
      -0.39159225334047776
    ],
    [
      -0.10377861792970457,
      -0.3393982295790614
    ],
    [
      -0.0508717769923391,
      -0.2977351124277774
    ],
    [
      0.0039842072021856,
      -0.24178369905923897
    ],
    [
      0.06132930094588038,
      -0.1857767020266937
    ],
    [
      0.12520981191439456,
      -0.14753370520565448
    ],
    [
      0.17157781669542493,
      -0.08772040948529271
    ],
    [
      0.23506868276161005,
      -0.030480731454458548
    ],
    [
      0.29589502747375196,
      0.02076401933698603
    ],
    [
      0.3473638091008369,
      0.07256847565668241
    ],
    [
      0.3954622139933695,
      0.12002174844128555
    ],
    [
      0.43124723471891346,
      0.16773235670249093
    ],
    [
      0.48189787243895676,
      0.22514708588527937
    ],
    [
      0.5308739048765072,
      0.28596969211084344
    ],
    [
      0.5664148760995835,
      0.32574422725281216
    ],
    [
      0.6052037015844336,
      0.36801015191185804
    ]
  ],
  "complexity": 0.19183788340553357
}