{
  "id": 4115,
  "wedge_count": 4,
  "parameters": {
    "rotation_speeds": [
      1.1259131907453597,
      -0.42762074884720835,
      -1.0452698659987965,
      2.025640568232216
    ],
    "phi_x": [
      -11.381044994365695,
      -13.839853090988385,
      8.231254597486057,
      -8.708974982125955
    ],
    "phi_y": [
      -6.132869480767056,
      6.0520143527593575,
      9.963278077440457,
      -8.81315136268148
    ],
    "distances": [
      1.0,
      4.898512094092693,
      7.143385329564811,
      5.854335825406065,
      2.794878486724304
    ],
    "refractive_indices": [
      1.0,
      1.5,
      1.5,
      1.5,
      1.5,
      1.0
    ],
    "wedgenum": 4
  },
  "pattern": [
    [
      3.3596417093801967,
      3.208051278589314
    ],
    [
      3.3187175120924115,
      3.4086484378222854
    ],
    [
      3.2956684683703585,
      3.2760788910164633
    ],
    [
      3.3149029184069083,
      3.3575851794926637
    ],
    [
      3.408972951688297,
      3.2497798936316533
    ],
    [
      3.2855678548040856,
      3.319197817318639
    ],
    [
      3.308289506500273,
      3.2885926832716788
    ],
    [
      3.281141862157758,
      3.293264191728596
    ],
    [
      3.2352155858476044,
      3.2608010099313742
    ],
    [
      3.241573177383362,
      3.2112621501986696
    ],
    [
      3.1543531848748874,
      3.1237859218873334
    ],
    [
      3.1286778812262233,
      3.1988476782004307
    ],
    [
      2.9834300219658125,
      3.1475481871782747
    ],
    [
      2.918434179863854,
      3.068875429427207
    ],
    [
      2.823633159324365,
      3.064799795755369
    ],
    [
      2.7686560950142836,
      2.8932491369530924
    ],
    [
      2.783686925128145,
      2.868930808142995
    ],
    [
      2.73529383448108,
      2.7964361319599096
    ],
    [
      2.509709520364919,
      2.676704623963359
    ],
    [
      2.4738524829411808,
      2.6158923499187514
    ],
    [
      2.2893138530785064,
      2.392325694940314
    ],
    [
      2.2566162782693793,
      2.3944638129242657
    ],
    [
      2.078286628325332,
      2.378742042408262
    ],
    [
      1.9230155922535226,
      2.319832624826635
    ],
    [
      1.9128374321536838,
      2.178430555429094
    ],
    [
      1.7294243555438058,
      2.0126839915017096
    ],
    [
      1.6454577299482314,
      1.9090657070342383
    ],
    [
      1.5121233396141613,
      1.770126961197726
    ],
    [
      1.4529087876522626,
      1.8263040491334426
    ],
    [
      1.3345495020218965,
      1.6302680424777647
    ],
    [
      1.1978754903244342,
      1.5243524944417566
    ],
    [
      1.044046137107356,
      1.3873580017761804
    ],
    [
      0.8644749729930353,
      1.3255306453836426
    ],
    [
      0.743932260520509,
      1.1577766432339558
    ],
    [
      0.6383936188128972,
      1.0249526763043642
    ],
    [
      0.5594558262176174,
      0.9199886038464241
    ],
    [
      0.4265093946460169,
      0.8927522841099685
    ],
    [
      0.308958361375145,
      0.7409412925928842
    ],
    [
      0.2451248785732798,
      0.6071014544854497
    ],
    [
      0.05327215107606977,
      0.5458823714161749
    ],
    [
      0.022197816071701314,
      0.4524470307527573
    ],
    [
      -0.12471387007985203,
      0.31868481181411923
    ],
    [
      -0.18907883191580993,
      0.19332891498860288
    ],
    [
      -0.3215639236611095,
      0.10344900086516462
    ],
    [
      -0.30667232075784895,
      -0.018956964977487792
    ],
    [
      -0.41445856453276103,
      -0.09465251497230379
    ],
    [
      -0.5316006825339289,
      -0.1480904144220955
    ],
    [
      -0.5524322024116235,
      -0.23799160807035044
    ],
    [
      -0.6969838225921688,
      -0.2990940211725383
    ],
    [
      -0.6612755792825824,
      -0.4153105365289518
    ],
    [
      -0.7504068826388167,
      -0.44067437978246476
    ],
    [
      -0.787032933078009,
      -0.4690045674872985
    ],
    [
      -0.7898590991668502,
      -0.6496996375549876
    ],
    [
      -0.8956739700498099,
      -0.6866818468295448
    ],
    [
      -0.8627493672566271,
      -0.7428295768243257
    ],
    [
      -0.9996196986817688,
      -0.810225672123592
    ],
    [
      -0.9407185413374641,
      -0.880663422250787
    ],
    [
      -0.9178131137401881,
      -0.8965242560837554
    ],
    [
      -1.0686291200468163,
      -0.9842058486336344
    ],
    [
      -1.0231004483387016,
      -0.9410936749389065
    ]
  ],
  "complexity": 0.3455255849080321
}