{
  "id": 1535,
  "wedge_count": 3,
  "parameters": {
    "rotation_speeds": [
      -2.009128257642259,
      0.8407906519297379,
      -0.34738895045064133
    ],
    "phi_x": [
      12.966339472741119,
      4.43377425157777,
      -0.7716808632529002
    ],
    "phi_y": [
      -3.0452655477841635,
      4.823961757007428,
      10.887816491723928
    ],
    "distances": [
      1.0,
      2.401937954817565,
      2.8499619209395837,
      6.413795242863708
    ],
    "refractive_indices": [
      1.0,
      1.5,
      1.5,
      1.5,
      1.0
    ],
    "wedgenum": 3
  },
  "pattern": [
    [
      1.5462127915826847,
      1.5100591553884883
    ],
    [
      1.5545256755754384,
      1.5264083881308503
    ],
    [
      1.470734071091189,
      1.526536281155222
    ],
    [
      1.575168163565648,
      1.4087348115804281
    ],
    [
      1.4589399770303153,
      1.463384621262216
    ],
    [
      1.3411608999500073,
      1.389997430708418
    ],
    [
      1.4838217137583334,
      1.3796550389102626
    ],
    [
      1.3759799493032256,
      1.2977236438024067
    ],
    [
      1.379088763634348,
      1.2732753134631976
    ],
    [
      1.245094921334691,
      1.3094299201616086
    ],
    [
      1.200495607813714,
      1.2765166101110865
    ],
    [
      1.1631552753895729,
      1.2682480504051077
    ],
    [
      1.1901803658363903,
      1.1123409883037045
    ],
    [
      1.0195319607184832,
      1.0267350941611446
    ],
    [
      0.9099529356102156,
      1.0296784462775808
    ],
    [
      0.9999143913390853,
      1.0463810818477892
    ],
    [
      0.8936169747125573,
      0.8732814204111186
    ],
    [
      0.7852167820715649,
      0.7851837768849184
    ],
    [
      0.6688843148728119,
      0.8205608673702308
    ],
    [
      0.6549177972212916,
      0.7809661672138924
    ],
    [
      0.6080752803358195,
      0.7586722301480449
    ],
    [
      0.5640707379595082,
      0.6926198397878549
    ],
    [
      0.4453123029767775,
      0.6454890912501424
    ],
    [
      0.5517016250376496,
      0.5350030731786196
    ],
    [
      0.31628431775696997,
      0.46734636929123896
    ],
    [
      0.19590483383584592,
      0.49369063023183063
    ],
    [
      0.1635391724739964,
      0.3103532880932974
    ],
    [
      0.23202375537808345,
      0.3946483027697101
    ],
    [
      0.14405528958184904,
      0.28597150696654644
    ],
    [
      -0.05757216948392464,
      0.12069769976484908
    ],
    [
      0.005810678398990854,
      0.20313063423076133
    ],
    [
      -0.05864797600705801,
      0.030062010367450827
    ],
    [
      -0.10393817690798265,
      -0.02047710560826154
    ],
    [
      -0.22492656461382038,
      -0.11424496361101882
    ],
    [
      -0.20549748815076802,
      -0.09153445520339255
    ],
    [
      -0.30748080726709787,
      -0.05340774967823697
    ],
    [
      -0.3650930085378959,
      -0.14841401945843435
    ],
    [
      -0.29809045348689106,
      -0.27866481211538346
    ],
    [
      -0.43984383696759344,
      -0.2437536461471072
    ],
    [
      -0.4178085098379563,
      -0.32409761384830765
    ],
    [
      -0.48260504119692943,
      -0.26629411027984673
    ],
    [
      -0.4350939081451348,
      -0.33981582195054544
    ],
    [
      -0.4474010799313702,
      -0.3851346376905191
    ],
    [
      -0.5114554988943458,
      -0.42467824063305737
    ],
    [
      -0.5337871288089774,
      -0.43772656053144304
    ],
    [
      -0.5451007898103721,
      -0.4370483078831254
    ],
    [
      -0.5623872518809373,
      -0.5519705059288824
    ],
    [
      -0.5635532350423544,
      -0.49318896057247863
    ],
    [
      -0.467413284177385,
      -0.5421531631837051
    ],
    [
      -0.5457586769295117,
      -0.5882053162559567
    ],
    [
      -0.47301889324071067,
      -0.5280944757779806
    ],
    [
      -0.4644489330435726,
      -0.6209465344452558
    ],
    [
      -0.504955535862769,
      -0.5297219781032213
    ],
    [
      -0.4892407726302419,
      -0.6054349746088084
    ],
    [
      -0.48511144366130277,
      -0.5183823152517505
    ],
    [
      -0.46346493327043925,
      -0.5221585344406292
    ],
    [
      -0.36031174492867457,
      -0.5509556559901153
    ],
    [
      -0.45287991975415853,
      -0.48433674009328354
    ],
    [
      -0.35126611555584963,
      -0.5542546454542605
    ],
    [
      -0.4064488911094078,
      -0.4637865886188096
    ]
  ],
  "complexity": 0.2514019972648996
}