{
  "id": 314,
  "wedge_count": 5,
  "parameters": {
    "rotation_speeds": [
      2.142704546615448,
      -2.5485472552444755,
      0.02376927296713749,
      -0.08098790439427628,
      -2.9091950126456743
    ],
    "phi_x": [
      12.078713564865296,
      7.0666646414212515,
      8.262688021132192,
      5.428097082900894,
      -2.374174882786713
    ],
    "phi_y": [
      8.099196055755705,
      8.545030788472381,
      9.710491579601634,
      9.921438721794626,
      10.254836002689157
    ],
    "distances": [
      1.0,
      4.957032052848852,
      6.584702089355078,
      7.402302595651791,
      5.903708717194381,
      4.4586886483875485
    ],
    "refractive_indices": [
      1.0,
      1.5,
      1.5,
      1.5,
      1.5,
      1.5,
      1.0
    ],
    "wedgenum": 5
  },
  "pattern": [
    [
      3.5832533545213887,
      3.440317911631845
    ],
    [
      3.5117461455318004,
      3.403041834318949
    ],
    [
      3.487617810329138,
      3.4082063496687054
    ],
    [
      3.330987180328603,
      3.3560263194461406
    ],
    [
      3.303172175112425,
      3.2853192088686196
    ],
    [
      3.2268184767930426,
      3.176630155321179
    ],
    [
      3.2182365353603357,
      3.094979907068912
    ],
    [
      3.1439392996594844,
      3.0894576840587296
    ],
    [
      2.9872444393786384,
      3.0974934059530246
    ],
    [
      2.9818302376208212,
      2.986451763517053
    ],
    [
      3.0415001469872402,
      2.9137515209319993
    ],
    [
      2.7908959273767957,
      2.720496039605257
    ],
    [
      2.743075600637595,
      2.8376923880380964
    ],
    [
      2.612704338044877,
      2.606588227983149
    ],
    [
      2.4908023093465235,
      2.570884078795025
    ],
    [
      2.411585632731308,
      2.45077115064657
    ],
    [
      2.2545856850473562,
      2.401405124878821
    ],
    [
      2.19711995224717,
      2.213409771002133
    ],
    [
      2.06386304894092,
      2.199194213351371
    ],
    [
      1.9745864286915655,
      2.0378084987701044
    ],
    [
      1.8956317375444933,
      1.864431783275597
    ],
    [
      1.8435804364003465,
      1.9448691119688162
    ],
    [
      1.7034683630825804,
      1.8308163188556925
    ],
    [
      1.5670736226746274,
      1.701401847309723
    ],
    [
      1.4882763866879885,
      1.5887863822922776
    ],
    [
      1.321436090963199,
      1.4650204516743988
    ],
    [
      1.2565088561656954,
      1.3962569627687182
    ],
    [
      1.150660633689328,
      1.2633726815682427
    ],
    [
      1.0920546719111783,
      1.231894033989232
    ],
    [
      1.0124632023825622,
      1.2040421283285783
    ],
    [
      0.8812975644782598,
      0.9888229939336419
    ],
    [
      0.7924441613206397,
      0.9084828417248239
    ],
    [
      0.7181763132295097,
      0.8832852241195529
    ],
    [
      0.6631704563844547,
      0.7992899135783634
    ],
    [
      0.5898520956596958,
      0.7552157937105031
    ],
    [
      0.5467458501907666,
      0.6734838721069105
    ],
    [
      0.31860241815205753,
      0.61378480261629
    ],
    [
      0.37750865139822204,
      0.597334577441718
    ],
    [
      0.4373042620620562,
      0.5564766517286301
    ],
    [
      0.2899219313019247,
      0.4050878592018704
    ],
    [
      0.2896671926295499,
      0.35771084333101405
    ],
    [
      0.20830624075404963,
      0.2835539451687566
    ],
    [
      0.20144081266475544,
      0.3783139904378984
    ],
    [
      0.1966989906740893,
      0.23497497684867416
    ],
    [
      0.10014126616977126,
      0.2652333929323167
    ],
    [
      0.15236686631923765,
      0.1823815153408322
    ],
    [
      0.21272140492840302,
      0.16791985338773696
    ],
    [
      0.1099948139500597,
      0.26681904326160166
    ],
    [
      0.12311565003886413,
      0.25322701543415077
    ],
    [
      0.27726354950845766,
      0.2204248308447553
    ],
    [
      0.17872601978567051,
      0.24586173112213205
    ],
    [
      0.18492827824288563,
      0.18439813978988356
    ],
    [
      0.29480286243248993,
      0.18917433145885076
    ],
    [
      0.3526566597520042,
      0.18674935641649965
    ],
    [
      0.3485534233113965,
      0.22161939817139703
    ],
    [
      0.36434322744240416,
      0.2274707285599227
    ],
    [
      0.35506681929045936,
      0.27371167280439823
    ],
    [
      0.3323357945160501,
      0.31181617139827716
    ],
    [
      0.48856551159727823,
      0.3510840460280905
    ],
    [
      0.5881377967633773,
      0.3189343261367162
    ]
  ],
  "complexity": 0.3287870498799029
}