{
  "id": 2145,
  "wedge_count": 5,
  "parameters": {
    "rotation_speeds": [
      -0.5450360042904041,
      -1.9541982568011953,
      -2.7242074877225653,
      -1.9502365284557845,
      0.43867500845830154
    ],
    "phi_x": [
      11.275595628308118,
      10.486976265913128,
      1.7875221951980258,
      -3.7220717458905224,
      11.6488670362281
    ],
    "phi_y": [
      -9.983436083441823,
      2.4589078741226977,
      1.9453271824330756,
      -12.136993313977234,
      9.067693547600506
    ],
    "distances": [
      1.0,
      6.593348556113796,
      7.716707372054643,
      3.103333699965159,
      3.8232136008573967,
      6.218244846221798
    ],
    "refractive_indices": [
      1.0,
      1.5,
      1.5,
      1.5,
      1.5,
      1.5,
      1.0
    ],
    "wedgenum": 5
  },
  "pattern": [
    [
      3.405694604690061,
      3.3232627758830167
    ],
    [
      3.2498805842431677,
      3.288241690094975
    ],
    [
      3.236570021354371,
      3.249808634458139
    ],
    [
      3.2102390862008217,
      3.1505773206625856
    ],
    [
      3.0812524750950154,
      3.134608037310086
    ],
    [
      3.1069184916981962,
      3.0625365271154137
    ],
    [
      2.92408763723979,
      2.955829077579692
    ],
    [
      2.9507748184040223,
      2.879033962499231
    ],
    [
      2.765144072580867,
      2.863854384845787
    ],
    [
      2.7124287983476263,
      2.799001390583191
    ],
    [
      2.701042989280747,
      2.626584518417605
    ],
    [
      2.598475733974572,
      2.5809755259174176
    ],
    [
      2.5734958417294176,
      2.5387281099230985
    ],
    [
      2.310764263395373,
      2.476475270113522
    ],
    [
      2.335355068385291,
      2.455551069954686
    ],
    [
      2.172359087263444,
      2.336459001399295
    ],
    [
      2.112712595390617,
      2.0937663926082997
    ],
    [
      1.9290930378183444,
      2.16225906935171
    ],
    [
      1.9387681579117502,
      1.9777481424691241
    ],
    [
      1.878470474690258,
      1.8695733152355123
    ],
    [
      1.7377328395484684,
      1.7702014484228483
    ],
    [
      1.6047354880723337,
      1.7792986124870258
    ],
    [
      1.4981112585284764,
      1.5811832606299538
    ],
    [
      1.365005744104216,
      1.5448250386317661
    ],
    [
      1.2641165760817505,
      1.5030855778525218
    ],
    [
      1.159127239614615,
      1.5479651018442513
    ],
    [
      1.1744008412653582,
      1.3103436695070723
    ],
    [
      1.0607906920238035,
      1.155913598676433
    ],
    [
      0.9388313297819343,
      1.1892134982836253
    ],
    [
      0.8897844991007511,
      1.001361971824559
    ],
    [
      0.7898480933531477,
      0.9789396655886088
    ],
    [
      0.6239514931502225,
      0.9703849218940342
    ],
    [
      0.5523138186743122,
      0.7632621842835007
    ],
    [
      0.5195923488481895,
      0.8437471471815203
    ],
    [
      0.34152557627709423,
      0.685005904320571
    ],
    [
      0.23988150437276293,
      0.5336149444349062
    ],
    [
      0.19208635738870825,
      0.5022103913264074
    ],
    [
      0.11708627616768305,
      0.49344265392396186
    ],
    [
      0.06338716979932116,
      0.3603120562332205
    ],
    [
      -0.05845140956501602,
      0.384585926159174
    ],
    [
      -0.0028407870547940764,
      0.2844825937452625
    ],
    [
      -0.037229439980630524,
      0.07280183738375395
    ],
    [
      -0.15783796579227838,
      0.13641528819547752
    ],
    [
      -0.3139135085962828,
      0.038310794309227784
    ],
    [
      -0.2974082144441798,
      -0.013489061867432515
    ],
    [
      -0.40287782127821997,
      -0.1409230990682243
    ],
    [
      -0.3172400092711912,
      -0.04312683844578219
    ],
    [
      -0.4629226141022642,
      -0.13993180086189672
    ],
    [
      -0.4843134194846861,
      -0.2970981251150776
    ],
    [
      -0.5477461154518009,
      -0.18838964245050605
    ],
    [
      -0.5102019763012756,
      -0.3872012504518772
    ],
    [
      -0.5129229458151835,
      -0.37966291757827497
    ],
    [
      -0.6255704522904945,
      -0.37761235331189663
    ],
    [
      -0.5866585543831595,
      -0.4367768009943676
    ],
    [
      -0.5719433569070664,
      -0.4097110047237734
    ],
    [
      -0.6419424976233057,
      -0.4091154199911652
    ],
    [
      -0.5753607933166627,
      -0.44602391133393765
    ],
    [
      -0.5915229871084351,
      -0.5134200691695259
    ],
    [
      -0.5553845192265161,
      -0.5145160388869012
    ],
    [
      -0.5874402357623899,
      -0.4577233588983641
    ]
  ],
  "complexity": 0.3258207992066555
}