{
  "id": 785,
  "wedge_count": 4,
  "parameters": {
    "rotation_speeds": [
      0.2587171849123884,
      -2.1215379955531004,
      -1.6094615961160676,
      -2.631872592826884
    ],
    "phi_x": [
      -6.928154841609597,
      13.323768775225421,
      14.322849268528437,
      13.842201282107546
    ],
    "phi_y": [
      2.215144384455794,
      0.3090346830941364,
      11.363760805015406,
      -0.26083364367378437
    ],
    "distances": [
      1.0,
      5.088804348383824,
      6.512284651560822,
      5.080809916900755,
      6.835349856347861
    ],
    "refractive_indices": [
      1.0,
      1.5,
      1.5,
      1.5,
      1.5,
      1.0
    ],
    "wedgenum": 4
  },
  "pattern": [
    [
      3.284169412003536,
      3.3603373342023066
    ],
    [
      3.305424494823417,
      3.4352039284546696
    ],
    [
      3.3717873031071544,
      3.2937770451298816
    ],
    [
      3.3328032246646138,
      3.377124104959363
    ],
    [
      3.32419072164364,
      3.3603304311049578
    ],
    [
      3.3350676837423987,
      3.3290588790022495
    ],
    [
      3.3528541641239165,
      3.329327026961682
    ],
    [
      3.3382242510183344,
      3.3471520955360607
    ],
    [
      3.335889269377777,
      3.293677363792236
    ],
    [
      3.168003258227431,
      3.1821916873556453
    ],
    [
      3.1417850961282836,
      3.1958022861462507
    ],
    [
      3.056798268554888,
      3.0903894282686446
    ],
    [
      3.063963489900253,
      3.0619880548653984
    ],
    [
      2.89794968674509,
      2.951237461224806
    ],
    [
      2.976354857511647,
      2.942591513244683
    ],
    [
      2.7994721827153235,
      2.8531712371640596
    ],
    [
      2.667576710074216,
      2.7550366781988753
    ],
    [
      2.541369036681339,
      2.599855704231223
    ],
    [
      2.4310486179893025,
      2.636097331324791
    ],
    [
      2.3103646038832575,
      2.444851176330264
    ],
    [
      2.1911230507152575,
      2.370375104847922
    ],
    [
      2.04569840300427,
      2.2442700843303265
    ],
    [
      1.9267528596195038,
      2.191429086364066
    ],
    [
      1.8486857005013462,
      2.0591605040235743
    ],
    [
      1.6331619312094794,
      1.8565819202839433
    ],
    [
      1.5064807728371934,
      1.8145391522423673
    ],
    [
      1.2682075683349912,
      1.5578781549406753
    ],
    [
      1.1675420536621033,
      1.510012143937302
    ],
    [
      0.9938615215937098,
      1.3627502944149619
    ],
    [
      0.8646746958659597,
      1.1809053148790358
    ],
    [
      0.7111286653304736,
      1.0679000954950106
    ],
    [
      0.5903544078397894,
      0.9407759932885906
    ],
    [
      0.4297413663961405,
      0.8533621287666194
    ],
    [
      0.2216648626971,
      0.7142935852040326
    ],
    [
      0.024993028841609782,
      0.44391292968733315
    ],
    [
      -0.14717458953992096,
      0.32833734903125417
    ],
    [
      -0.29646601869097755,
      0.14078653972221195
    ],
    [
      -0.4019049790730892,
      0.05296891312954806
    ],
    [
      -0.5415146530067579,
      -0.06910142011237365
    ],
    [
      -0.6662621324763529,
      -0.24160128797449654
    ],
    [
      -0.8532951040036507,
      -0.43169910206737744
    ],
    [
      -0.9925501371990104,
      -0.5524276842396783
    ],
    [
      -1.0597609956279606,
      -0.603789284146305
    ],
    [
      -1.2205243980053202,
      -0.7059824894114163
    ],
    [
      -1.3470602114578232,
      -0.9183133649231453
    ],
    [
      -1.4641547682818299,
      -0.9702432909786759
    ],
    [
      -1.5796124859403295,
      -1.0270626488284742
    ],
    [
      -1.6861456938797428,
      -1.2815307606070896
    ],
    [
      -1.7237523683839122,
      -1.2525131491361188
    ],
    [
      -1.8218378912762396,
      -1.485424366067204
    ],
    [
      -1.9539032249392358,
      -1.6481326697396232
    ],
    [
      -2.0312531965731297,
      -1.5750036322957504
    ],
    [
      -2.1798930825266996,
      -1.8280098997534773
    ],
    [
      -2.1313978103178783,
      -1.7974933464665441
    ],
    [
      -2.1425517849759834,
      -1.7930556770023407
    ],
    [
      -2.272094047821974,
      -1.9910856825788432
    ],
    [
      -2.2787758094381303,
      -1.9967216664697958
    ],
    [
      -2.181057839116953,
      -2.0607305617777962
    ],
    [
      -2.265762771568102,
      -2.1039712501826204
    ],
    [
      -2.2555794112354497,
      -2.1627132952170225
    ]
  ],
  "complexity": 0.4194779995133718
}