{
  "id": 1967,
  "wedge_count": 6,
  "parameters": {
    "rotation_speeds": [
      2.498989218490749,
      0.974876302704673,
      1.457330875065507,
      2.277322960093213,
      -2.2616002754285147,
      0.5868956720974889
    ],
    "phi_x": [
      -14.66691223587804,
      -10.842419408020408,
      9.130984068168814,
      -2.882839024387568,
      14.832952027460529,
      -6.626544553663551
    ],
    "phi_y": [
      1.3982226614848372,
      -0.1277579764438599,
      -14.13959455095412,
      1.9138886939543909,
      6.643613012221969,
      8.873204937209493
    ],
    "distances": [
      1.0,
      4.510114679394482,
      3.755376291095951,
      7.199015131511805,
      5.29489552149683,
      5.1328349328935055,
      4.23142560581771
    ],
    "refractive_indices": [
      1.0,
      1.5,
      1.5,
      1.5,
      1.5,
      1.5,
      1.5,
      1.0
    ],
    "wedgenum": 6
  },
  "pattern": [
    [
      4.667327062628528,
      4.679904498940115
    ],
    [
      4.676989704358986,
      4.823791026149086
    ],
    [
      4.80332624442115,
      4.752685438464455
    ],
    [
      4.744660977828714,
      4.810702352242003
    ],
    [
      4.738175485824808,
      4.799088939378295
    ],
    [
      4.893580628790603,
      4.83235335650369
    ],
    [
      4.8229711260560375,
      4.793932303450784
    ],
    [
      4.737911155363731,
      4.7546387100765575
    ],
    [
      4.842266558974046,
      4.844566614721677
    ],
    [
      4.610418167110645,
      4.629233907266114
    ],
    [
      4.658426283879262,
      4.669238238157784
    ],
    [
      4.546380680212057,
      4.637628694409453
    ],
    [
      4.4654679470382925,
      4.599801012040665
    ],
    [
      4.341193273383714,
      4.41936471275355
    ],
    [
      4.2323223612389755,
      4.443843280456686
    ],
    [
      4.187061541881635,
      4.283691001428092
    ],
    [
      4.08213091411392,
      4.155176627346734
    ],
    [
      3.9176543486370115,
      4.121829636349079
    ],
    [
      3.759003305536006,
      3.9675939318971913
    ],
    [
      3.586188302651452,
      3.89223275123836
    ],
    [
      3.391364528026033,
      3.6561472881617774
    ],
    [
      3.314584998967507,
      3.6364904197675783
    ],
    [
      3.026029910135537,
      3.390359575393794
    ],
    [
      2.9405882045351937,
      3.368823907408543
    ],
    [
      2.7890537522619088,
      3.204373492208443
    ],
    [
      2.6068792473760163,
      3.0333669230547624
    ],
    [
      2.4053858415566,
      2.9946657200885745
    ],
    [
      2.1835273886299014,
      2.6621969216494135
    ],
    [
      1.947999332102325,
      2.51099274151475
    ],
    [
      1.7580183345024571,
      2.3400727072100085
    ],
    [
      1.5211163427681833,
      2.143982097602487
    ],
    [
      1.4331096607232434,
      1.922767043183502
    ],
    [
      1.2132179987842298,
      1.780638113139685
    ],
    [
      1.071481724043554,
      1.6922509259547738
    ],
    [
      0.7908952765491305,
      1.4080076291147727
    ],
    [
      0.645679764102761,
      1.2669563334547231
    ],
    [
      0.46779187752883034,
      1.1486683989261577
    ],
    [
      0.226268700907597,
      0.9765204461674117
    ],
    [
      0.07465221710632167,
      0.7018048619543626
    ],
    [
      -0.12132292619109745,
      0.5512622676579472
    ],
    [
      -0.26765478892613587,
      0.4746676831228339
    ],
    [
      -0.5294985252519051,
      0.26831195277062414
    ],
    [
      -0.6557578372718957,
      0.0926470833538302
    ],
    [
      -0.8488337143747069,
      0.04278626092196676
    ],
    [
      -0.9080210600103711,
      -0.24249373663857135
    ],
    [
      -1.0706437609662784,
      -0.40627038921919617
    ],
    [
      -1.2502924670870943,
      -0.47419463796557393
    ],
    [
      -1.3737194368450403,
      -0.6138147719417224
    ],
    [
      -1.4657989841841266,
      -0.7990365637763255
    ],
    [
      -1.5102626090807791,
      -0.8592568954169191
    ],
    [
      -1.6448947837469277,
      -0.9421825949708643
    ],
    [
      -1.7433781568273015,
      -1.0530257610050668
    ],
    [
      -1.8139132113109486,
      -1.291061896259815
    ],
    [
      -1.803812614075944,
      -1.2747559962081985
    ],
    [
      -1.908883757925297,
      -1.4519070778410763
    ],
    [
      -1.923766209524404,
      -1.4106023362466176
    ],
    [
      -2.1285422691381886,
      -1.592987414110746
    ],
    [
      -2.0732037330054607,
      -1.6731250540384999
    ],
    [
      -2.098785906486266,
      -1.7223212716779681
    ],
    [
      -2.2253909023648317,
      -1.7350278733445585
    ]
  ],
  "complexity": 0.4562509905443575
}