{
  "id": 1351,
  "wedge_count": 6,
  "parameters": {
    "rotation_speeds": [
      -0.6310997876986759,
      -0.021875104228114672,
      -1.505282939058354,
      2.0010879798877212,
      0.5650345906517744,
      -0.6150750501441964
    ],
    "phi_x": [
      1.6366523309287757,
      -2.836972851560704,
      -8.70988811949351,
      -3.714011629710212,
      5.63717795673692,
      9.393565644697624
    ],
    "phi_y": [
      8.64142383614358,
      7.155477691213662,
      -1.520004022443727,
      12.390268009124156,
      -14.424465500789513,
      9.347372544028381
    ],
    "distances": [
      1.0,
      2.164241984484918,
      6.849792337870047,
      3.009108713483826,
      7.462640684879592,
      3.2157768686499866,
      5.9981121835220055
    ],
    "refractive_indices": [
      1.0,
      1.5,
      1.5,
      1.5,
      1.5,
      1.5,
      1.5,
      1.0
    ],
    "wedgenum": 6
  },
  "pattern": [
    [
      3.5306568788486943,
      3.505086792258208
    ],
    [
      3.588700639736748,
      3.555138590855473
    ],
    [
      3.651409914127011,
      3.5717597055088093
    ],
    [
      3.6989975358505114,
      3.5653686734719803
    ],
    [
      3.7215274690475013,
      3.6711897333056136
    ],
    [
      3.7664605077303754,
      3.708015610140065
    ],
    [
      3.6366722330428454,
      3.668922502751465
    ],
    [
      3.6749092649042616,
      3.7069956322559086
    ],
    [
      3.6300904550093787,
      3.753394288253838
    ],
    [
      3.7310082359834165,
      3.74054570806347
    ],
    [
      3.6776760377958566,
      3.6340880902313297
    ],
    [
      3.6207617072635205,
      3.707290330419117
    ],
    [
      3.615312584475028,
      3.706274500519756
    ],
    [
      3.563018983758092,
      3.5943347998298663
    ],
    [
      3.4573583401303,
      3.516419781858741
    ],
    [
      3.4616151990644286,
      3.4962401226841493
    ],
    [
      3.348255316940288,
      3.4325049060226753
    ],
    [
      3.3246104433049686,
      3.492135306666357
    ],
    [
      3.231940094755129,
      3.363318481061804
    ],
    [
      3.1721227884612797,
      3.3635016409962932
    ],
    [
      3.1407917987509006,
      3.298154759348536
    ],
    [
      3.0034678560540766,
      3.2407096667870134
    ],
    [
      2.920857033654355,
      3.090867332033399
    ],
    [
      2.972973468336476,
      3.028260948986787
    ],
    [
      2.6416321708229287,
      2.906694158966054
    ],
    [
      2.591421111901132,
      2.8196103690640073
    ],
    [
      2.5257030598021872,
      2.7369210432603834
    ],
    [
      2.4008972363553576,
      2.5429922921982575
    ],
    [
      2.1873607772289385,
      2.612614859208207
    ],
    [
      2.1328545908884258,
      2.489548103710086
    ],
    [
      1.9467423585885748,
      2.363043593491249
    ],
    [
      1.9231731623646358,
      2.200461827854614
    ],
    [
      1.7594059669245876,
      2.0704781908143675
    ],
    [
      1.5368406017072227,
      1.9489462157261486
    ],
    [
      1.3695405559409592,
      1.9407774915279545
    ],
    [
      1.3967069414873452,
      1.7265694787243395
    ],
    [
      1.290427549894404,
      1.6702009659634165
    ],
    [
      1.2068797669857276,
      1.5920597293815104
    ],
    [
      0.986909032857713,
      1.4744614614062173
    ],
    [
      0.8628026475682801,
      1.3487710031886044
    ],
    [
      0.6955433475191583,
      1.2203339432105382
    ],
    [
      0.6141832756844275,
      1.1159045058093973
    ],
    [
      0.5537284999594775,
      1.0435121967941947
    ],
    [
      0.46878663155823713,
      0.8851054350758301
    ],
    [
      0.33046659860380484,
      0.8397061418200592
    ],
    [
      0.36823217212523773,
      0.6552295598510035
    ],
    [
      0.1237307459551939,
      0.6476787172035263
    ],
    [
      0.12232977365513231,
      0.5149406528549808
    ],
    [
      0.033032501469633574,
      0.41444377535227805
    ],
    [
      -0.04507491297993455,
      0.31742894693322793
    ],
    [
      -0.0977127975791809,
      0.20099442454265604
    ],
    [
      -0.2451885612885466,
      0.19867395238816996
    ],
    [
      -0.27717806114021204,
      0.050264227615499216
    ],
    [
      -0.26234424849888116,
      -0.0303678781201147
    ],
    [
      -0.3249016644278993,
      -0.06684705022859598
    ],
    [
      -0.4370841768840602,
      -0.19923206823712483
    ],
    [
      -0.4374361162082043,
      -0.21748741654033116
    ],
    [
      -0.3574266527641028,
      -0.2604891566315113
    ],
    [
      -0.511885413933494,
      -0.2935617128508829
    ],
    [
      -0.3920366058685499,
      -0.3880939246216068
    ]
  ],
  "complexity": 0.36197315840442684
}