{
  "id": 1032,
  "wedge_count": 5,
  "parameters": {
    "rotation_speeds": [
      2.97051918604585,
      -2.1569589334674175,
      -1.254164554664092,
      -0.16581736351221377,
      1.3655028416233446
    ],
    "phi_x": [
      12.654015744121008,
      8.162590726675198,
      10.621969764556269,
      2.130995521234478,
      8.755659474231209
    ],
    "phi_y": [
      -11.560593573987724,
      5.885716137924426,
      12.882174039918045,
      -8.083705676137374,
      -9.88034064524486
    ],
    "distances": [
      1.0,
      4.315477175498791,
      3.80168847711254,
      6.3616043576678,
      7.9259812791300215,
      6.91124625571541
    ],
    "refractive_indices": [
      1.0,
      1.5,
      1.5,
      1.5,
      1.5,
      1.5,
      1.0
    ],
    "wedgenum": 5
  },
  "pattern": [
    [
      3.9214404986831872,
      3.833549085911161
    ],
    [
      3.80577245214889,
      3.795969298578765
    ],
    [
      3.8367625279885735,
      3.746631274684325
    ],
    [
      3.9759509876719816,
      3.9313457566069645
    ],
    [
      3.86138816998032,
      3.7465864011149677
    ],
    [
      3.8953762568091737,
      3.752552227692501
    ],
    [
      3.993541682991495,
      3.8869849958480422
    ],
    [
      3.9223491937368444,
      3.8320499278189044
    ],
    [
      3.8528000244561764,
      3.7405428001794645
    ],
    [
      3.6512094319487787,
      3.7281188431107566
    ],
    [
      3.7509953374663114,
      3.727944489824592
    ],
    [
      3.627840315491615,
      3.6705352255440844
    ],
    [
      3.635586809343814,
      3.5581302317660195
    ],
    [
      3.42018181069348,
      3.6180026927529365
    ],
    [
      3.3591942103491528,
      3.4584589787193645
    ],
    [
      3.4058958598567264,
      3.3706002159383632
    ],
    [
      3.1579732237671774,
      3.3132401970150647
    ],
    [
      3.042208841218156,
      3.2231486334876513
    ],
    [
      2.998481128907154,
      3.151233922870166
    ],
    [
      2.8212996818780516,
      3.039655051883001
    ],
    [
      2.665181213039142,
      3.0278268191921547
    ],
    [
      2.4965482782801103,
      2.791182937878585
    ],
    [
      2.348101000720191,
      2.6853510790654
    ],
    [
      2.2662902348243112,
      2.5708635537078797
    ],
    [
      2.109174409943149,
      2.522422624457351
    ],
    [
      1.9583547899460971,
      2.2698600093634074
    ],
    [
      1.8451788027603937,
      2.2590380563937016
    ],
    [
      1.7214064023736664,
      2.072139571513816
    ],
    [
      1.5991781574194495,
      1.8728158526322474
    ],
    [
      1.3422385150665717,
      1.7289287775519413
    ],
    [
      1.089726153733291,
      1.717408514953867
    ],
    [
      0.9143839367190739,
      1.439391260557359
    ],
    [
      0.6740386470972752,
      1.3171089964263825
    ],
    [
      0.5214013880146697,
      1.2298499220640264
    ],
    [
      0.3878552438076596,
      1.014566674580516
    ],
    [
      0.2834140807847605,
      0.9245174555480301
    ],
    [
      0.015345560551378923,
      0.7177400450537773
    ],
    [
      -0.0998718788787544,
      0.4998945644713427
    ],
    [
      -0.24583110112068285,
      0.34279768423188084
    ],
    [
      -0.5279529962501128,
      0.22453539473394302
    ],
    [
      -0.5708573573989231,
      0.16504076418511582
    ],
    [
      -0.6985649255915756,
      -0.04604392495351667
    ],
    [
      -0.7876820007170546,
      -0.26840832074460463
    ],
    [
      -1.100683455336775,
      -0.41222009103149254
    ],
    [
      -1.1939447493651025,
      -0.5669842488538155
    ],
    [
      -1.3825191871505114,
      -0.7283064776675284
    ],
    [
      -1.4409623851328253,
      -0.8947763021951427
    ],
    [
      -1.5764263861547887,
      -1.10325505939371
    ],
    [
      -1.6816019350543376,
      -1.1049810159032079
    ],
    [
      -1.8462117178625783,
      -1.2117772086066236
    ],
    [
      -1.9988992685649927,
      -1.3904880268159456
    ],
    [
      -2.0806463489113987,
      -1.4365145904609595
    ],
    [
      -2.1146726187871323,
      -1.5707984634100582
    ],
    [
      -2.182958052093034,
      -1.724485901707607
    ],
    [
      -2.251307054492633,
      -1.794272094828666
    ],
    [
      -2.3838310984903397,
      -1.8391269069799752
    ],
    [
      -2.5240306613926835,
      -2.0006832202257416
    ],
    [
      -2.4973198072971647,
      -2.0823164136066006
    ],
    [
      -2.478163647399177,
      -2.2637434371114176
    ],
    [
      -2.4573466346192756,
      -2.3016229122476957
    ]
  ],
  "complexity": 0.4053976762174929
}