{
  "id": 4639,
  "wedge_count": 1,
  "parameters": {
    "rotation_speeds": [
      -2.8731355673232075
    ],
    "phi_x": [
      10.8622472762383
    ],
    "phi_y": [
      2.999815858176131
    ],
    "distances": [
      1.0,
      2.0883384926444677
    ],
    "refractive_indices": [
      1.0,
      1.5,
      1.0
    ],
    "wedgenum": 1
  },
  "pattern": [
    [
      0.7327705142974513,
      0.7248739254652696
    ],
    [
      0.7082615453227978,
      0.7192415396242501
    ],
    [
      0.6800768663993253,
      0.6983442355902009
    ],
    [
      0.6757252532421335,
      0.6762622543123233
    ],
    [
      0.6345641600023608,
      0.6467167610623925
    ],
    [
      0.6161379936485855,
      0.6262716015888151
    ],
    [
      0.5831107984882611,
      0.5984044351111043
    ],
    [
      0.5391913110956423,
      0.5752234892500527
    ],
    [
      0.5132345603322641,
      0.5336837618740131
    ],
    [
      0.46816910619288427,
      0.5039955579993051
    ],
    [
      0.4325953650290273,
      0.4694734116502023
    ],
    [
      0.3874046159955629,
      0.4327298467334547
    ],
    [
      0.3387137093915121,
      0.4010130855758517
    ],
    [
      0.290100766033095,
      0.35238853708046036
    ],
    [
      0.2413296156080616,
      0.32055040614277086
    ],
    [
      0.19153293040652283,
      0.26844812460772244
    ],
    [
      0.1471785502277089,
      0.23589055937395725
    ],
    [
      0.09723722697976864,
      0.18839110817885096
    ],
    [
      0.05233248656642308,
      0.1335083014058879
    ],
    [
      5.7466438561816144e-05,
      0.09715027154597904
    ],
    [
      -0.043333129182173594,
      0.05528292817323367
    ],
    [
      -0.08954276608997866,
      0.005170166890991681
    ],
    [
      -0.14985460893543948,
      -0.03532806131759277
    ],
    [
      -0.19048907787304817,
      -0.07773956338707619
    ],
    [
      -0.23117305063133783,
      -0.13213690490888275
    ],
    [
      -0.2722706587669109,
      -0.156582752363884
    ],
    [
      -0.3310674740563274,
      -0.21386959138103853
    ],
    [
      -0.3709667183590123,
      -0.25458231305539836
    ],
    [
      -0.4062713206460799,
      -0.2878371754569706
    ],
    [
      -0.44456868601562727,
      -0.32483712036808254
    ],
    [
      -0.4827286187791079,
      -0.36680516211591435
    ],
    [
      -0.5131301460034758,
      -0.4087527384710141
    ],
    [
      -0.5443525421909926,
      -0.4422954075273932
    ],
    [
      -0.5674817378781456,
      -0.46347830040428234
    ],
    [
      -0.5995119627008165,
      -0.5038279523057965
    ],
    [
      -0.6191190774209385,
      -0.5283399671613899
    ],
    [
      -0.6461169534366321,
      -0.5500400834736663
    ],
    [
      -0.6542995808902358,
      -0.5814344633754136
    ],
    [
      -0.6667467200309741,
      -0.5953600955677815
    ],
    [
      -0.6849318945021594,
      -0.6239228675611831
    ],
    [
      -0.6781846739957816,
      -0.6336660261117874
    ],
    [
      -0.6902420165900474,
      -0.6506060922865414
    ],
    [
      -0.6910298422285993,
      -0.6593748489349601
    ],
    [
      -0.6941006026884552,
      -0.6707193905738904
    ],
    [
      -0.6946535409307115,
      -0.6800519040899231
    ],
    [
      -0.6757555235711734,
      -0.6886617416482025
    ],
    [
      -0.6752407434214809,
      -0.6960307035920177
    ],
    [
      -0.6498717242486023,
      -0.684984793507244
    ],
    [
      -0.6469201799789693,
      -0.6855816560514129
    ],
    [
      -0.6135023962373859,
      -0.6773877922369497
    ],
    [
      -0.5957310610493972,
      -0.6703450079357894
    ],
    [
      -0.5635965816542627,
      -0.6578202251937588
    ],
    [
      -0.5373878422682851,
      -0.6550839734031698
    ],
    [
      -0.5013312490949569,
      -0.628189468971799
    ],
    [
      -0.47600621785511443,
      -0.6130667221646209
    ],
    [
      -0.44551321616204176,
      -0.5925294477154116
    ],
    [
      -0.3949012481093221,
      -0.5852434930112533
    ],
    [
      -0.362006202957684,
      -0.5509260980112415
    ],
    [
      -0.33298037173886463,
      -0.5231594575030456
    ],
    [
      -0.2880240748595627,
      -0.49765725792088666
    ]
  ],
  "complexity": 0.20724506564612202
}