{
  "id": 139,
  "wedge_count": 6,
  "parameters": {
    "rotation_speeds": [
      2.0847349600526615,
      -1.6412581986076862,
      -2.2008351413384486,
      2.397720438134227,
      2.276274391314619,
      1.4447385032050217
    ],
    "phi_x": [
      -3.6386198333559676,
      3.9323376379380193,
      -10.191555469535647,
      -12.871075206287076,
      -9.9146178527575,
      12.202304674998917
    ],
    "phi_y": [
      10.258701191311317,
      7.505533552691503,
      -0.6130887456918153,
      11.964000772762137,
      3.3337717393355284,
      11.838718529314686
    ],
    "distances": [
      1.0,
      6.887258293190141,
      4.512653053423867,
      4.713790190905315,
      3.204961004492862,
      4.593444528527481,
      5.54815078461335
    ],
    "refractive_indices": [
      1.0,
      1.5,
      1.5,
      1.5,
      1.5,
      1.5,
      1.5,
      1.0
    ],
    "wedgenum": 6
  },
  "pattern": [
    [
      4.148272781455305,
      4.227369021247651
    ],
    [
      4.165407924387745,
      4.275634889607716
    ],
    [
      4.192073424827717,
      4.254696348337425
    ],
    [
      4.213729329030889,
      4.298360252211001
    ],
    [
      4.154545158363781,
      4.250838377686453
    ],
    [
      4.156917940563425,
      4.253432645001776
    ],
    [
      4.002211531312142,
      4.211117879778049
    ],
    [
      3.949569272983818,
      4.105165230765601
    ],
    [
      3.9007829699742924,
      4.142941718751909
    ],
    [
      3.7205988179787544,
      4.079808561367499
    ],
    [
      3.692947819257631,
      3.8594789251655235
    ],
    [
      3.4785101262010176,
      3.8664441219856855
    ],
    [
      3.374928204923447,
      3.6123853172223876
    ],
    [
      3.117010942861177,
      3.594393115293177
    ],
    [
      2.9636165071051477,
      3.4210546154484462
    ],
    [
      2.71010123135883,
      3.242951864669888
    ],
    [
      2.5246458269691203,
      3.0417711240511234
    ],
    [
      2.468498260818591,
      2.9679114838109597
    ],
    [
      2.1577979452131464,
      2.812183645829094
    ],
    [
      1.973609954680334,
      2.624383090287684
    ],
    [
      1.8328061340910373,
      2.4344172242756565
    ],
    [
      1.4745598081086089,
      2.0513773065847025
    ],
    [
      1.2861146580643383,
      2.0038124097016468
    ],
    [
      1.004060874547625,
      1.7148129629006799
    ],
    [
      0.6174073254286534,
      1.4984252030233391
    ],
    [
      0.4877300319948003,
      1.1869518539639519
    ],
    [
      0.17490169498538574,
      1.1040601694786611
    ],
    [
      -0.10721138693204492,
      0.9398088178344222
    ],
    [
      -0.3935258097663238,
      0.5543207944829902
    ],
    [
      -0.544585646934659,
      0.32533807624996536
    ],
    [
      -0.9615964553024615,
      0.04546585885805414
    ],
    [
      -1.1559029173836834,
      -0.14051478265955678
    ],
    [
      -1.3840736551424473,
      -0.4083131247021325
    ],
    [
      -1.6609924908895302,
      -0.5960726617167423
    ],
    [
      -1.868309104291931,
      -0.910546007993747
    ],
    [
      -2.271397382250792,
      -1.0690517859819282
    ],
    [
      -2.4633204686552648,
      -1.3292862672536687
    ],
    [
      -2.5560148431164933,
      -1.5134285404879222
    ],
    [
      -2.80802599575981,
      -1.8840788971514542
    ],
    [
      -2.980979727238131,
      -1.9825491338870194
    ],
    [
      -3.1862805190820067,
      -2.381243317881225
    ],
    [
      -3.4129517331993986,
      -2.498256064693736
    ],
    [
      -3.534771109595547,
      -2.683841147206757
    ],
    [
      -3.5944121335879595,
      -2.901846043676066
    ],
    [
      -3.8753201848396355,
      -2.9797742129616607
    ],
    [
      -3.9087380750235283,
      -3.2753421430952803
    ],
    [
      -4.038936657735238,
      -3.391356306380946
    ],
    [
      -4.135722882076764,
      -3.429875771033893
    ],
    [
      -4.298361564582784,
      -3.7882554680296296
    ],
    [
      -4.376007317777069,
      -3.8552997463195187
    ],
    [
      -4.4688700622304465,
      -3.950615244079615
    ],
    [
      -4.370301058493524,
      -4.0512628525785415
    ],
    [
      -4.323457934180845,
      -4.109314498569745
    ],
    [
      -4.515124332995428,
      -4.194543336273124
    ],
    [
      -4.266479841539389,
      -4.322074057609845
    ],
    [
      -4.311826121439737,
      -4.416580919104033
    ],
    [
      -4.32482171826605,
      -4.395087285165947
    ],
    [
      -4.224709911847461,
      -4.369274537117131
    ],
    [
      -4.0974654151866226,
      -4.479333636321271
    ],
    [
      -4.048777702196698,
      -4.4340573432117205
    ]
  ],
  "complexity": 0.5463589807321815
}