{
  "id": 714,
  "wedge_count": 1,
  "parameters": {
    "rotation_speeds": [
      -2.45519881271946
    ],
    "phi_x": [
      -12.90258022576357
    ],
    "phi_y": [
      -1.3006171302565246
    ],
    "distances": [
      1.0,
      6.784298579437573
    ],
    "refractive_indices": [
      1.0,
      1.5,
      1.0
    ],
    "wedgenum": 1
  },
  "pattern": [
    [
      0.8619119341588674,
      0.8549345246333901
    ],
    [
      0.8514341724968799,
      0.8476834934114905
    ],
    [
      0.8366788914858561,
      0.8468227671294514
    ],
    [
      0.8231627018583041,
      0.838105128052013
    ],
    [
      0.8039320346227511,
      0.8138454432512842
    ],
    [
      0.7749040570902261,
      0.7964341506417739
    ],
    [
      0.7545415670839187,
      0.7725032668819568
    ],
    [
      0.7266325638660817,
      0.7410739002105882
    ],
    [
      0.6795197401432581,
      0.713305021703528
    ],
    [
      0.6454143464304596,
      0.6754253007491869
    ],
    [
      0.6133002031003274,
      0.6551593271990755
    ],
    [
      0.5631547378580344,
      0.6132495401598035
    ],
    [
      0.5247654944257145,
      0.5741806690178057
    ],
    [
      0.4665083312996069,
      0.5319521443090666
    ],
    [
      0.424366357335443,
      0.49386091170979907
    ],
    [
      0.37274274866260076,
      0.4531833009883362
    ],
    [
      0.32912328480701103,
      0.4087241783433901
    ],
    [
      0.26840754397978805,
      0.3649392546510155
    ],
    [
      0.2096013126032632,
      0.31580075197502305
    ],
    [
      0.14440898075888825,
      0.25604725598133604
    ],
    [
      0.10080172831738383,
      0.19779858913980994
    ],
    [
      0.04937188047176082,
      0.15870389373796834
    ],
    [
      -0.013850002393486287,
      0.10796091536846808
    ],
    [
      -0.07405249929056865,
      0.050336138805930304
    ],
    [
      -0.1268831390386477,
      0.01042732696153364
    ],
    [
      -0.19302351374217475,
      -0.04642158872495596
    ],
    [
      -0.2436178751790177,
      -0.09421711537334346
    ],
    [
      -0.2907061146691764,
      -0.1497145336166656
    ],
    [
      -0.35989367266019356,
      -0.2000889642361929
    ],
    [
      -0.40316231830674554,
      -0.2529642483723964
    ],
    [
      -0.4497148912183225,
      -0.2860558245541518
    ],
    [
      -0.5025175465548855,
      -0.3480908603776644
    ],
    [
      -0.5404902445107299,
      -0.3899344729994882
    ],
    [
      -0.5881144175795688,
      -0.43689150668690996
    ],
    [
      -0.6208914477501182,
      -0.4826330420247707
    ],
    [
      -0.6668590578275219,
      -0.5258041355239841
    ],
    [
      -0.7166980746724977,
      -0.5637450680628957
    ],
    [
      -0.7274035059543749,
      -0.5896960922946495
    ],
    [
      -0.753980331486729,
      -0.6294547571568919
    ],
    [
      -0.7745328483767058,
      -0.6711416600542743
    ],
    [
      -0.7962176792547171,
      -0.70125652396135
    ],
    [
      -0.8038273889686556,
      -0.7165978837070565
    ],
    [
      -0.8247335936745335,
      -0.7485002837802849
    ],
    [
      -0.8262179283657296,
      -0.7677049749630791
    ],
    [
      -0.8364367903836333,
      -0.7770336749545246
    ],
    [
      -0.8335732101624203,
      -0.795343548433331
    ],
    [
      -0.8379084343677053,
      -0.8080596753897117
    ],
    [
      -0.8337616123249914,
      -0.8259544878008023
    ],
    [
      -0.8145590941161263,
      -0.8249875589547075
    ],
    [
      -0.8057618145454495,
      -0.8353635082944953
    ],
    [
      -0.7815671103010602,
      -0.8335893959682737
    ],
    [
      -0.7585657867078258,
      -0.8382366388041638
    ],
    [
      -0.7399766254117355,
      -0.8290491061370128
    ],
    [
      -0.7124447568571279,
      -0.8114295584447211
    ],
    [
      -0.6822475566621569,
      -0.8064926214669802
    ],
    [
      -0.6410147242205568,
      -0.7910941138437305
    ],
    [
      -0.6015585210806977,
      -0.7822073630705746
    ],
    [
      -0.570546830145378,
      -0.7563643440465572
    ],
    [
      -0.5218656954137257,
      -0.737690547835105
    ],
    [
      -0.47407661553235336,
      -0.7031610748651802
    ]
  ],
  "complexity": 0.22792352588568185
}