{
  "id": 2385,
  "wedge_count": 5,
  "parameters": {
    "rotation_speeds": [
      0.08831251558738096,
      -2.4957703646406086,
      0.4499288571513578,
      -1.5594745314192424,
      0.6464581198384893
    ],
    "phi_x": [
      -4.276591995318682,
      12.411649647682246,
      13.003930577975293,
      -12.613185516250772,
      -12.082397997899665
    ],
    "phi_y": [
      9.056445596003659,
      13.767586088873916,
      -7.254099677441548,
      6.89816464430417,
      -11.116605162447613
    ],
    "distances": [
      1.0,
      7.782671643960722,
      7.057765604740592,
      7.006583449519438,
      2.5491989676425195,
      2.6536955895053156
    ],
    "refractive_indices": [
      1.0,
      1.5,
      1.5,
      1.5,
      1.5,
      1.5,
      1.0
    ],
    "wedgenum": 5
  },
  "pattern": [
    [
      4.443677502404196,
      4.353305224219731
    ],
    [
      4.3264900979112495,
      4.339462788129762
    ],
    [
      4.322570959833944,
      4.273360008519201
    ],
    [
      4.229395736269185,
      4.199722167388937
    ],
    [
      4.186779833020498,
      4.214538339289174
    ],
    [
      4.027931001421328,
      4.02073399228054
    ],
    [
      3.996593908170894,
      4.0076528806060026
    ],
    [
      3.941467885856416,
      3.9839512339604637
    ],
    [
      3.745112578114657,
      3.901287967462908
    ],
    [
      3.7441956544202553,
      3.829353435127743
    ],
    [
      3.6433765498489064,
      3.6783330248762955
    ],
    [
      3.5135194199497155,
      3.5974193659286406
    ],
    [
      3.4208387556493958,
      3.5323275741072875
    ],
    [
      3.338887587326787,
      3.3430872067385047
    ],
    [
      3.1267281215825524,
      3.3169473891511805
    ],
    [
      3.10628044405962,
      3.2783938404431567
    ],
    [
      2.883696893509295,
      3.045600970872467
    ],
    [
      2.8889610466267843,
      3.0324227247213598
    ],
    [
      2.749037148291047,
      2.9246848435676704
    ],
    [
      2.5970080907365816,
      2.8041321397936296
    ],
    [
      2.4990323872326448,
      2.6338737944305066
    ],
    [
      2.3841104443284844,
      2.6530275079576944
    ],
    [
      2.368860199812048,
      2.4563709822354687
    ],
    [
      2.2081686405473646,
      2.376026920423924
    ],
    [
      2.1337910357480725,
      2.2812365644316275
    ],
    [
      2.073235745002016,
      2.230019824282839
    ],
    [
      1.9287225633458436,
      2.060459755299709
    ],
    [
      1.6857541514255239,
      2.036105323551686
    ],
    [
      1.7180536456247892,
      1.9781515612374416
    ],
    [
      1.6862985525432022,
      1.8837957239757979
    ],
    [
      1.590753720011973,
      1.9091502674229175
    ],
    [
      1.5163894881653326,
      1.7384890142117424
    ],
    [
      1.4702704518433223,
      1.5974172571935341
    ],
    [
      1.3369578427163713,
      1.536830621553415
    ],
    [
      1.2715086047027824,
      1.4593014494276821
    ],
    [
      1.2709372546993791,
      1.4434199480815164
    ],
    [
      1.2650663265383586,
      1.4141811040409733
    ],
    [
      1.1501726450995928,
      1.3495025548267083
    ],
    [
      1.1299836078625582,
      1.2841416842644544
    ],
    [
      1.0620614016349503,
      1.322654921561936
    ],
    [
      1.1304357669855642,
      1.2306128719378076
    ],
    [
      1.0057163661332527,
      1.1310696942144753
    ],
    [
      1.024457113686187,
      1.2080698264627177
    ],
    [
      0.970828242264245,
      1.1732967660111049
    ],
    [
      0.8923748760764264,
      1.1208021065835916
    ],
    [
      1.0165896448800227,
      1.0130851204175566
    ],
    [
      0.9939757176595566,
      1.0201407381844882
    ],
    [
      0.9013105710182047,
      1.124812791224894
    ],
    [
      1.0475881969789342,
      1.0043833807464024
    ],
    [
      1.0119716544479378,
      1.0734630099607223
    ],
    [
      1.0128300972415372,
      1.097540062822546
    ],
    [
      1.0421658231704942,
      1.0432739351341043
    ],
    [
      1.1237787063650895,
      1.0571006033152157
    ],
    [
      1.0072918380966658,
      1.0013176556997632
    ],
    [
      1.0244721923897726,
      1.1614475780992044
    ],
    [
      0.9917257866510698,
      1.013620229763057
    ],
    [
      1.1624683319724498,
      1.082543511429792
    ],
    [
      1.0397700026637522,
      1.1403578653215471
    ],
    [
      1.1079597844837563,
      1.121094913654308
    ],
    [
      1.077801678494501,
      1.2656194538597667
    ]
  ],
  "complexity": 0.3509262480592776
}