{
  "id": 470,
  "wedge_count": 3,
  "parameters": {
    "rotation_speeds": [
      0.2519094808164297,
      -0.7106773255309307,
      2.4545641255844988
    ],
    "phi_x": [
      5.682074074095688,
      -2.841789578921336,
      -12.621188974883992
    ],
    "phi_y": [
      -12.692592531520596,
      -4.065339160063376,
      -1.694147081128234
    ],
    "distances": [
      1.0,
      7.827980130573081,
      7.085851110690814,
      7.677745744318349
    ],
    "refractive_indices": [
      1.0,
      1.5,
      1.5,
      1.5,
      1.0
    ],
    "wedgenum": 3
  },
  "pattern": [
    [
      1.4560815333292363,
      1.4471866793404644
    ],
    [
      1.4729921948010567,
      1.4574084318566658
    ],
    [
      1.419573486371626,
      1.4322448258574334
    ],
    [
      1.3374752436343507,
      1.4771499269897956
    ],
    [
      1.297726621062102,
      1.3359159358507662
    ],
    [
      1.4742543613427992,
      1.3497460463528295
    ],
    [
      1.2602113924423453,
      1.310271592223582
    ],
    [
      1.2732744399491434,
      1.3395718913837877
    ],
    [
      1.2052951521391426,
      1.3018495606421177
    ],
    [
      1.1707597655188038,
      1.2947742220802076
    ],
    [
      1.105640439249291,
      1.2909906846882797
    ],
    [
      1.0433208729783041,
      1.1748788211095902
    ],
    [
      0.9910076268356437,
      1.075161259713084
    ],
    [
      0.9994347618061333,
      1.0362665248342446
    ],
    [
      0.9623365924352266,
      1.069437909565732
    ],
    [
      0.8587276957816664,
      0.96342382830806
    ],
    [
      0.8646173545592111,
      0.9228518410758156
    ],
    [
      0.7440770552621137,
      0.8718055110286614
    ],
    [
      0.6834949625753938,
      0.7712004194622866
    ],
    [
      0.5625512022754698,
      0.8932625626254133
    ],
    [
      0.6510869181383286,
      0.8267284322204047
    ],
    [
      0.6097163576054837,
      0.7049716860973652
    ],
    [
      0.4045248504495222,
      0.677027179197587
    ],
    [
      0.31944320312550967,
      0.5650256438448503
    ],
    [
      0.2916434097088304,
      0.46805305849982914
    ],
    [
      0.2136692592853725,
      0.34484615001188823
    ],
    [
      0.25624839874851113,
      0.4269850385293318
    ],
    [
      0.1168638311690586,
      0.3603456004138963
    ],
    [
      0.1521193821445057,
      0.3043039713858189
    ],
    [
      0.197324241820859,
      0.2797867274173877
    ],
    [
      -0.036408736248299545,
      0.15786892126503274
    ],
    [
      0.01697383877769778,
      0.14800934175594718
    ],
    [
      -0.13997772080375864,
      0.009233293987798236
    ],
    [
      -0.1320547170034809,
      0.06212050131059177
    ],
    [
      0.009236772998685944,
      0.08988245692308702
    ],
    [
      -0.14928455460342513,
      -0.09607130560703114
    ],
    [
      -0.19248134931958985,
      -0.05442416307226246
    ],
    [
      -0.1311146484642185,
      -0.017311189222294895
    ],
    [
      -0.17401204082947677,
      -0.10730994097491675
    ],
    [
      -0.20121808437223665,
      -0.13744658304998023
    ],
    [
      -0.3501186195669193,
      -0.20223379196614902
    ],
    [
      -0.2232236450337699,
      -0.12448292731852917
    ],
    [
      -0.24140430092154846,
      -0.24414187078870847
    ],
    [
      -0.22569556028327026,
      -0.16332440368085854
    ],
    [
      -0.21980287612902139,
      -0.17411354384048233
    ],
    [
      -0.23994119057678567,
      -0.24175172998070407
    ],
    [
      -0.2916153328516051,
      -0.20535280054163157
    ],
    [
      -0.2641296285288616,
      -0.31996149540723323
    ],
    [
      -0.17229408251319178,
      -0.3371022454149325
    ],
    [
      -0.252511691814469,
      -0.3566666316111406
    ],
    [
      -0.06748320933920028,
      -0.24099401269333862
    ],
    [
      -0.08922774118685718,
      -0.20587080294840687
    ],
    [
      -0.1115842581286068,
      -0.30214195859951065
    ],
    [
      -0.12597699144938102,
      -0.22754414566292702
    ],
    [
      -0.04935481414179306,
      -0.15095476859439316
    ],
    [
      0.055052732973716094,
      -0.18224146876520458
    ],
    [
      0.1587155043880772,
      -0.16493377187426103
    ],
    [
      0.07295302389792996,
      -0.0943969144447179
    ],
    [
      0.0960248820369319,
      -0.22436116895000552
    ],
    [
      0.27758092729195327,
      -0.08505895016039693
    ]
  ],
  "complexity": 0.2546060418368545
}