{
  "id": 1652,
  "wedge_count": 6,
  "parameters": {
    "rotation_speeds": [
      0.5715365885507255,
      0.6970896125201804,
      0.4186557062944267,
      1.797338159177798,
      2.647154493414954,
      0.23257937454224287
    ],
    "phi_x": [
      -4.331637070512409,
      1.0625969545796252,
      -6.5003753269316285,
      1.181396775233548,
      7.4021163705736015,
      11.008879808549619
    ],
    "phi_y": [
      9.9250708479168,
      3.306923090523828,
      11.909865307955421,
      1.7955581502164684,
      -11.071500564097471,
      2.010541554873047
    ],
    "distances": [
      1.0,
      7.730002500155047,
      5.212921095662891,
      2.4407665325732637,
      3.8490470843398565,
      2.9037476674751046,
      7.789145652647939
    ],
    "refractive_indices": [
      1.0,
      1.5,
      1.5,
      1.5,
      1.5,
      1.5,
      1.5,
      1.0
    ],
    "wedgenum": 6
  },
  "pattern": [
    [
      2.6774309413690354,
      2.745893554217207
    ],
    [
      2.7254626650191467,
      2.7059096497160557
    ],
    [
      2.819915799584139,
      2.730589830484299
    ],
    [
      2.822912181394801,
      2.8190125562569466
    ],
    [
      2.7958476498289198,
      2.925277021633949
    ],
    [
      2.859503124287222,
      2.8528369074484483
    ],
    [
      2.801300257707329,
      2.792316866673762
    ],
    [
      2.739992575482775,
      2.813329154760398
    ],
    [
      2.824487142312092,
      2.91381905360709
    ],
    [
      2.800223999471174,
      2.895687919921703
    ],
    [
      2.737732795575019,
      2.802622258618791
    ],
    [
      2.6787224629300894,
      2.791879314108751
    ],
    [
      2.776899586310045,
      2.901968775290226
    ],
    [
      2.6230229383017125,
      2.743755195367516
    ],
    [
      2.6030476071173188,
      2.8153180486370912
    ],
    [
      2.6337232904292565,
      2.8290557885298577
    ],
    [
      2.5358635271187926,
      2.772371177786303
    ],
    [
      2.5504407032289937,
      2.763522867109295
    ],
    [
      2.3762336134273183,
      2.5869272209505048
    ],
    [
      2.4501974098668073,
      2.697390073698867
    ],
    [
      2.2656318065350645,
      2.627184050790412
    ],
    [
      2.16237964288664,
      2.3685444348759153
    ],
    [
      2.2465569520295947,
      2.507170659843074
    ],
    [
      2.1340556564912956,
      2.350675258801276
    ],
    [
      2.167602107824769,
      2.3245462592250865
    ],
    [
      2.0137500227845866,
      2.2158595582202896
    ],
    [
      1.9964691168270081,
      2.3209149581659476
    ],
    [
      1.9067635564102576,
      2.2312038468214945
    ],
    [
      1.9006224120808863,
      2.1158799436657545
    ],
    [
      1.76126678927553,
      2.0428381784301033
    ],
    [
      1.6880488542913699,
      1.9549566556399898
    ],
    [
      1.6119777953745498,
      2.004837366635999
    ],
    [
      1.5698466591218383,
      1.9229803058329569
    ],
    [
      1.4711435482865243,
      1.7961154956895937
    ],
    [
      1.4296760122811318,
      1.766760390718115
    ],
    [
      1.428845827971604,
      1.6710954388196633
    ],
    [
      1.2714966365438096,
      1.6591632462563999
    ],
    [
      1.4080469931086323,
      1.6138845431283095
    ],
    [
      1.346793137757221,
      1.5409108505280456
    ],
    [
      1.240223996641501,
      1.448405598354763
    ],
    [
      1.2860096149491373,
      1.4804433492584732
    ],
    [
      1.1471967034745187,
      1.4535297482198768
    ],
    [
      1.1666077563263382,
      1.4229027327993866
    ],
    [
      1.128027791594128,
      1.3272782206332334
    ],
    [
      1.0962430322947794,
      1.2793325855320883
    ],
    [
      1.0676445954445501,
      1.3095488720993353
    ],
    [
      1.0532432601022077,
      1.1904993899120069
    ],
    [
      1.184324865834432,
      1.2628585411096784
    ],
    [
      1.1343286818889766,
      1.1655975458253653
    ],
    [
      1.1108050820983524,
      1.157393523254849
    ],
    [
      1.1021386600341334,
      1.1952089525205911
    ],
    [
      1.2217210989808664,
      1.1098955846272576
    ],
    [
      1.1425647298117094,
      1.247327642143477
    ],
    [
      1.2298335901171678,
      1.116628089739608
    ],
    [
      1.2756408380647979,
      1.132723360757426
    ],
    [
      1.3202227420687742,
      1.1194106836305278
    ],
    [
      1.2298055430909365,
      1.2485974378162805
    ],
    [
      1.4089780446481546,
      1.2444994617145202
    ],
    [
      1.4977881777181177,
      1.2209911837749887
    ],
    [
      1.4357210993717657,
      1.2444264157782672
    ]
  ],
  "complexity": 0.2808744408966924
}