{
  "id": 656,
  "wedge_count": 4,
  "parameters": {
    "rotation_speeds": [
      -2.536205198385277,
      -1.4573024323131536,
      1.8541732015243495,
      1.6789266749990137
    ],
    "phi_x": [
      14.327613147570592,
      -6.7388655333525165,
      9.474025058816633,
      -1.391993468433256
    ],
    "phi_y": [
      -11.432063214507732,
      -6.457223530623553,
      -1.8167249966043801,
      12.005757484184684
    ],
    "distances": [
      1.0,
      6.494383486469129,
      5.37727352271437,
      5.491305767385964,
      6.547226525770257
    ],
    "refractive_indices": [
      1.0,
      1.5,
      1.5,
      1.5,
      1.5,
      1.0
    ],
    "wedgenum": 4
  },
  "pattern": [
    [
      2.7198768838934453,
      2.5526986894978148
    ],
    [
      2.7318707614996516,
      2.553296893042136
    ],
    [
      2.5567762055932115,
      2.497652142615448
    ],
    [
      2.4763113487741255,
      2.470100519734259
    ],
    [
      2.4100288391479645,
      2.444170405936715
    ],
    [
      2.3927241694155317,
      2.3514565954420954
    ],
    [
      2.269491617027808,
      2.2993833435153044
    ],
    [
      2.0762001414858786,
      2.121175749861848
    ],
    [
      2.1101004402340044,
      2.0826216146164085
    ],
    [
      1.942947840421014,
      1.9339851411906595
    ],
    [
      1.7912426104207788,
      1.965053708398056
    ],
    [
      1.7750043905004702,
      1.8400887038539095
    ],
    [
      1.4820338616270339,
      1.7825485093844218
    ],
    [
      1.4984617452498417,
      1.6198733115287787
    ],
    [
      1.4011485239124994,
      1.54243324969198
    ],
    [
      1.26400626418443,
      1.454611522914157
    ],
    [
      1.1058497073729288,
      1.3599128962527012
    ],
    [
      0.9542292378031811,
      1.1601532493622944
    ],
    [
      0.8824047272931483,
      1.1106588376592554
    ],
    [
      0.7292301835153281,
      0.980937064421437
    ],
    [
      0.5354790388504044,
      0.8357015674912892
    ],
    [
      0.517838921216781,
      0.6772023741992641
    ],
    [
      0.28266054888381187,
      0.6177299450013811
    ],
    [
      0.239211841474826,
      0.4432375938625312
    ],
    [
      0.0837817101432643,
      0.43940597332452536
    ],
    [
      -0.047383852665868406,
      0.28474515684288015
    ],
    [
      -0.11863685307792718,
      0.27499815252597226
    ],
    [
      -0.2695865090174067,
      0.07512356861883654
    ],
    [
      -0.3311677362629189,
      0.014501928627310041
    ],
    [
      -0.4249370308598834,
      -0.10653127039772699
    ],
    [
      -0.6433743836745753,
      -0.24184480780343992
    ],
    [
      -0.7955057024840467,
      -0.3227572161339927
    ],
    [
      -0.7659411623202315,
      -0.4356562469810099
    ],
    [
      -0.8268589029820057,
      -0.5552338163235758
    ],
    [
      -0.9165817369219705,
      -0.628744373791311
    ],
    [
      -1.0724105833826425,
      -0.6834221600461485
    ],
    [
      -1.108115610163901,
      -0.7792915607695713
    ],
    [
      -1.3120547369279025,
      -0.8628284418221934
    ],
    [
      -1.2178910070869824,
      -0.9627362618233312
    ],
    [
      -1.3086357643896118,
      -0.9927109869759889
    ],
    [
      -1.3945247275258315,
      -1.0630496118318526
    ],
    [
      -1.526634890725434,
      -1.148718637120096
    ],
    [
      -1.5543964929090042,
      -1.2330935887984678
    ],
    [
      -1.5341126525486044,
      -1.2777234165256004
    ],
    [
      -1.5382992315578639,
      -1.290098784342931
    ],
    [
      -1.6270085312798535,
      -1.3845628246022104
    ],
    [
      -1.6919675811480095,
      -1.368181647827598
    ],
    [
      -1.620005188132437,
      -1.4648825736849242
    ],
    [
      -1.6842271524364902,
      -1.4305899117542198
    ],
    [
      -1.5520825250384247,
      -1.4906500086293675
    ],
    [
      -1.6234626839122746,
      -1.443019894974248
    ],
    [
      -1.6418910723927502,
      -1.6105933587085024
    ],
    [
      -1.636893076382387,
      -1.6389400631558417
    ],
    [
      -1.7574115390688767,
      -1.6331977947723264
    ],
    [
      -1.6922683318842275,
      -1.5165560344916726
    ],
    [
      -1.676668305274707,
      -1.5936684855917056
    ],
    [
      -1.6243218233781702,
      -1.61247818822825
    ],
    [
      -1.6180079636167541,
      -1.5872056601817335
    ],
    [
      -1.649805167549827,
      -1.7000972380206385
    ],
    [
      -1.5772410815456304,
      -1.682977047235263
    ]
  ],
  "complexity": 0.3418956983569105
}