{
  "id": 2737,
  "wedge_count": 1,
  "parameters": {
    "rotation_speeds": [
      -2.46393232497793
    ],
    "phi_x": [
      -5.808089320026552
    ],
    "phi_y": [
      14.668504811402713
    ],
    "distances": [
      1.0,
      5.53948550030284
    ],
    "refractive_indices": [
      1.0,
      1.5,
      1.0
    ],
    "wedgenum": 1
  },
  "pattern": [
    [
      0.38480297053746076,
      0.3772892368404979
    ],
    [
      0.3044367059985359,
      0.32410964165217704
    ],
    [
      0.24149029972722622,
      0.2565481056933394
    ],
    [
      0.15549532898521867,
      0.1822231901942528
    ],
    [
      0.08564178738646822,
      0.11482474154812897
    ],
    [
      0.009566491601967009,
      0.048115229307200275
    ],
    [
      -0.06251565062343746,
      -0.0278562234684495
    ],
    [
      -0.14173828890163928,
      -0.09652363771887004
    ],
    [
      -0.22051999909346548,
      -0.16533748589498787
    ],
    [
      -0.2965245331685402,
      -0.23062883081139396
    ],
    [
      -0.3717469166201281,
      -0.3001908604608316
    ],
    [
      -0.42513096552134466,
      -0.360703944489368
    ],
    [
      -0.4979711165644139,
      -0.425616773308001
    ],
    [
      -0.5568799154940529,
      -0.47626166925755486
    ],
    [
      -0.6099204141774092,
      -0.5398041781413914
    ],
    [
      -0.6812546755870502,
      -0.5994186015203261
    ],
    [
      -0.7227790006978602,
      -0.6515946151969976
    ],
    [
      -0.7835815125859726,
      -0.7065594972754248
    ],
    [
      -0.8103768069411094,
      -0.751441091307011
    ],
    [
      -0.8532483727190766,
      -0.7821549166956588
    ],
    [
      -0.9021765934694244,
      -0.825964641111883
    ],
    [
      -0.9196212693866324,
      -0.8554690728774206
    ],
    [
      -0.9371410571091541,
      -0.8940825488892992
    ],
    [
      -0.9618750073505489,
      -0.9135780628577626
    ],
    [
      -0.9705350229491777,
      -0.9383691678212067
    ],
    [
      -0.9866432763958441,
      -0.9516171776913377
    ],
    [
      -0.983782114493426,
      -0.9585930331563467
    ],
    [
      -0.9894872330464425,
      -0.974714028227711
    ],
    [
      -0.9689989740329431,
      -0.9782924125514247
    ],
    [
      -0.9646001443455693,
      -0.9841397890486571
    ],
    [
      -0.9509080863900661,
      -0.9782704596303673
    ],
    [
      -0.9215529977883467,
      -0.9699205806460557
    ],
    [
      -0.880124746721608,
      -0.9497783076880283
    ],
    [
      -0.8526761106500661,
      -0.9348388844384272
    ],
    [
      -0.8111369607721723,
      -0.9154577493359948
    ],
    [
      -0.7716036748920846,
      -0.8848386205840477
    ],
    [
      -0.7235441686973472,
      -0.8560041063680073
    ],
    [
      -0.6784067240830021,
      -0.8199988127731265
    ],
    [
      -0.6293013655131454,
      -0.7900360747126054
    ],
    [
      -0.5633927952504346,
      -0.7530521346560011
    ],
    [
      -0.507078348749835,
      -0.7073540547271442
    ],
    [
      -0.45097774259759604,
      -0.6497310183018218
    ],
    [
      -0.37104470290782876,
      -0.6092627809833482
    ],
    [
      -0.31463026400204114,
      -0.5541394058793387
    ],
    [
      -0.24358108380908058,
      -0.497388124900241
    ],
    [
      -0.17654151384706604,
      -0.4449991566197881
    ],
    [
      -0.10859586208013645,
      -0.3891688681126472
    ],
    [
      -0.03825975825211927,
      -0.32125455961406363
    ],
    [
      0.0328760777353262,
      -0.276238278123109
    ],
    [
      0.09716578650828597,
      -0.19294358561766228
    ],
    [
      0.16166301932781266,
      -0.14039464221550532
    ],
    [
      0.22734971831892115,
      -0.08512986369637954
    ],
    [
      0.29630388730790336,
      -0.021592439594498452
    ],
    [
      0.3681531043957611,
      0.04597571232648937
    ],
    [
      0.41601315620783735,
      0.10462269726119793
    ],
    [
      0.4760813394581418,
      0.1699858619351832
    ],
    [
      0.528980236433309,
      0.21730676557140155
    ],
    [
      0.5807966599937202,
      0.28070025868267245
    ],
    [
      0.6434190895620022,
      0.33122966667460446
    ],
    [
      0.6807503606056271,
      0.39500049044872626
    ]
  ],
  "complexity": 0.20137214441306292
}