{
  "id": 434,
  "wedge_count": 4,
  "parameters": {
    "rotation_speeds": [
      -0.5592312841745457,
      -0.12917345658837753,
      -2.2258338386790477,
      0.8993034737504835
    ],
    "phi_x": [
      -8.280508509907783,
      8.109899296271283,
      3.5531775397457963,
      9.022539462538308
    ],
    "phi_y": [
      -6.540892085019118,
      4.713451976791482,
      -14.81872222509438,
      -13.016254022463826
    ],
    "distances": [
      1.0,
      5.1654156097060815,
      4.035727805737069,
      4.749011636774423,
      3.9935188392386065
    ],
    "refractive_indices": [
      1.0,
      1.5,
      1.5,
      1.5,
      1.5,
      1.0
    ],
    "wedgenum": 4
  },
  "pattern": [
    [
      2.788114206701314,
      2.8389624457341953
    ],
    [
      2.7806310393419293,
      2.689239120372943
    ],
    [
      2.7443004435262246,
      2.6000302342198736
    ],
    [
      2.7112617391444154,
      2.5716699771796603
    ],
    [
      2.4921870995034365,
      2.5068580589368694
    ],
    [
      2.4934703562056764,
      2.5211119004242706
    ],
    [
      2.4275377355670176,
      2.376595417569785
    ],
    [
      2.3863599633045545,
      2.3086050471104946
    ],
    [
      2.2018093758325357,
      2.178831319967461
    ],
    [
      2.129411487881525,
      2.3270332939721565
    ],
    [
      2.0383126528442284,
      2.0766453243131777
    ],
    [
      2.0721307313982518,
      2.028742643958758
    ],
    [
      1.889404328976998,
      1.9971109413459631
    ],
    [
      1.904980676125549,
      1.9289963587676628
    ],
    [
      1.7916714527721074,
      1.8521954709836397
    ],
    [
      1.677524762656447,
      1.7938015258169395
    ],
    [
      1.609436330716528,
      1.762757121579329
    ],
    [
      1.4635407440077701,
      1.6366125194498862
    ],
    [
      1.4356425577315073,
      1.4758306938664936
    ],
    [
      1.377454073661364,
      1.4188940186789387
    ],
    [
      1.3721025089561372,
      1.4023361962727618
    ],
    [
      1.2989477286455997,
      1.3763341249694272
    ],
    [
      1.1182313532426618,
      1.3404457050464884
    ],
    [
      1.1607121678366248,
      1.2271142951705722
    ],
    [
      0.9970216277668246,
      1.1552032767390803
    ],
    [
      0.8931634616073538,
      1.177829497175118
    ],
    [
      1.0496057908329426,
      1.057589942641077
    ],
    [
      0.9001559162660948,
      1.0278900523042167
    ],
    [
      0.9285465796875929,
      0.9701303676054555
    ],
    [
      0.8349131009156016,
      0.8508839098618736
    ],
    [
      0.749672591991862,
      0.9234566582549789
    ],
    [
      0.7283827550453399,
      0.9557638306040501
    ],
    [
      0.7180977188574356,
      0.9076536846251918
    ],
    [
      0.8108919948732951,
      0.7988831924091497
    ],
    [
      0.6768052490793144,
      0.8267177465416995
    ],
    [
      0.6852787711677567,
      0.8734351412529971
    ],
    [
      0.6890405138444459,
      0.8345928816957743
    ],
    [
      0.757704548167947,
      0.7183589522582077
    ],
    [
      0.7437574199238519,
      0.8043128049827789
    ],
    [
      0.8208063971193695,
      0.7219238506350406
    ],
    [
      0.8235769543483809,
      0.7304688115056618
    ],
    [
      0.7795086841402821,
      0.7803790094306424
    ],
    [
      0.8767848269800572,
      0.7585380065769466
    ],
    [
      0.8339042625756286,
      0.7361131955998818
    ],
    [
      0.7687766930067019,
      0.8313196268080978
    ],
    [
      0.8079540471534957,
      0.8094445206032206
    ],
    [
      0.7330344890318254,
      0.8598435731432785
    ],
    [
      0.7848245899143373,
      0.8688776983930603
    ],
    [
      0.8916779568326063,
      0.875119691277427
    ],
    [
      0.8964758251761029,
      0.8726540602338039
    ],
    [
      0.9867181803283666,
      0.960595779745268
    ],
    [
      0.9495422501179588,
      0.8824383294296289
    ],
    [
      0.9838510110530969,
      0.8999203944375943
    ],
    [
      0.9755942750496214,
      0.9125829410667
    ],
    [
      1.0375348129375546,
      1.0828896299961672
    ],
    [
      1.0047296882661447,
      1.1448153632882747
    ],
    [
      1.0841690796733918,
      1.0557448823062372
    ],
    [
      1.1050808425111438,
      1.0154547644310261
    ],
    [
      1.1897288850778305,
      1.1391166579485654
    ],
    [
      1.1802500480785665,
      1.1442576932674189
    ]
  ],
  "complexity": 0.3018162244415346
}