{
  "id": 2052,
  "wedge_count": 2,
  "parameters": {
    "rotation_speeds": [
      -0.6481416147600827,
      -0.35669549660857314
    ],
    "phi_x": [
      4.148093365670256,
      0.9612718460560732
    ],
    "phi_y": [
      -0.9346340814093814,
      -7.2232740376202464
    ],
    "distances": [
      1.0,
      7.39386611059256,
      3.6643032778617695
    ],
    "refractive_indices": [
      1.0,
      1.5,
      1.5,
      1.0
    ],
    "wedgenum": 2
  },
  "pattern": [
    [
      0.4485372216374613,
      0.429339605836386
    ],
    [
      0.44412733243614977,
      0.4040613228855744
    ],
    [
      0.4363709270130013,
      0.3996642275141334
    ],
    [
      0.36475599334946435,
      0.3758842482031736
    ],
    [
      0.33046058518559257,
      0.30749205328716
    ],
    [
      0.3020617530680517,
      0.31760812549052453
    ],
    [
      0.26840620995760156,
      0.27463000768853346
    ],
    [
      0.23723142923678672,
      0.27555405696612256
    ],
    [
      0.219743848033625,
      0.20272706838405402
    ],
    [
      0.18865095338810986,
      0.210416505554628
    ],
    [
      0.15773943266334822,
      0.11888396107227787
    ],
    [
      0.10293693434299107,
      0.12889124709977007
    ],
    [
      0.03303423106943121,
      0.0717356889225855
    ],
    [
      0.0597158962907786,
      0.062372562613220134
    ],
    [
      0.03397130985249272,
      0.001645553979632286
    ],
    [
      -0.011346788947910542,
      -0.03244397498323518
    ],
    [
      -0.08309322440774242,
      -0.03521453701811085
    ],
    [
      -0.10480789508352938,
      -0.08571123846259862
    ],
    [
      -0.13272309531757961,
      -0.0652500464834691
    ],
    [
      -0.2024872548510079,
      -0.08777646809938856
    ],
    [
      -0.16472252272075258,
      -0.14404388220183234
    ],
    [
      -0.26920372121412894,
      -0.19677989602725834
    ],
    [
      -0.26789065776701604,
      -0.24211906890097248
    ],
    [
      -0.32436720128175034,
      -0.24273380681649653
    ],
    [
      -0.35429778799624745,
      -0.2921598365736874
    ],
    [
      -0.3807741718842198,
      -0.2810802991467641
    ],
    [
      -0.4161186657396828,
      -0.3137380353658041
    ],
    [
      -0.4618150394536373,
      -0.4063404041426945
    ],
    [
      -0.5068721895983272,
      -0.4207669568376969
    ],
    [
      -0.5105969704023193,
      -0.4755798459762935
    ],
    [
      -0.5399444396442581,
      -0.46917033056600493
    ],
    [
      -0.5862780071771336,
      -0.5123963250577086
    ],
    [
      -0.6085531138834095,
      -0.5289375970092572
    ],
    [
      -0.6119792284729804,
      -0.5518131049288152
    ],
    [
      -0.6047692525804907,
      -0.5965461535477301
    ],
    [
      -0.6001894931035662,
      -0.5852562182092388
    ],
    [
      -0.6915158626434244,
      -0.601968710507939
    ],
    [
      -0.6856870497818296,
      -0.6227907413039828
    ],
    [
      -0.705528775256126,
      -0.685468041385634
    ],
    [
      -0.7391705960666106,
      -0.6548560766153658
    ],
    [
      -0.6821496848070284,
      -0.6626999876133834
    ],
    [
      -0.7426601271030425,
      -0.6794748499076023
    ],
    [
      -0.7608406913254276,
      -0.7574825875685501
    ],
    [
      -0.7191593963098584,
      -0.6979031397211136
    ],
    [
      -0.7769479782715325,
      -0.7037458386253128
    ],
    [
      -0.7344652600059207,
      -0.7484274304887907
    ],
    [
      -0.774468155882765,
      -0.6805943314606395
    ],
    [
      -0.7406745554908041,
      -0.7315500717518266
    ],
    [
      -0.723066863943014,
      -0.7294817515405685
    ],
    [
      -0.6497847535191013,
      -0.7302824334125461
    ],
    [
      -0.7020178298920785,
      -0.70873872978824
    ],
    [
      -0.6601994017176649,
      -0.7144505807164013
    ],
    [
      -0.6617344749606489,
      -0.7410424718655725
    ],
    [
      -0.6698437556046597,
      -0.7111530366190376
    ],
    [
      -0.6079820079097479,
      -0.7265702004617246
    ],
    [
      -0.6363546131099743,
      -0.6922334258988706
    ],
    [
      -0.5599072133195133,
      -0.7032196555518382
    ],
    [
      -0.6282384611340202,
      -0.6289633974995357
    ],
    [
      -0.5530389500969233,
      -0.6702753973790939
    ],
    [
      -0.544815562137678,
      -0.6542125712751091
    ]
  ],
  "complexity": 0.1991254602994571
}