{
  "id": 2503,
  "wedge_count": 6,
  "parameters": {
    "rotation_speeds": [
      2.120371308434594,
      0.4646859685697189,
      -1.1439397025098657,
      1.3099937714373473,
      2.45603835108321,
      0.3543376389482882
    ],
    "phi_x": [
      14.168251491286313,
      -0.4515096784768975,
      -7.661621420059492,
      12.90932890267116,
      -5.487723506326871,
      6.7183147764878015
    ],
    "phi_y": [
      -8.693448498712726,
      -11.394899492083168,
      4.87036862834783,
      13.96134044947609,
      -10.300284682203202,
      1.3484328326866617
    ],
    "distances": [
      1.0,
      6.208885020067245,
      4.935728277140699,
      4.907933825135263,
      2.5150973193462556,
      6.18084092340985,
      3.5003596966929154
    ],
    "refractive_indices": [
      1.0,
      1.5,
      1.5,
      1.5,
      1.5,
      1.5,
      1.5,
      1.0
    ],
    "wedgenum": 6
  },
  "pattern": [
    [
      4.080629627502639,
      4.064601387988182
    ],
    [
      4.088723578140585,
      4.194211244887673
    ],
    [
      4.237024263054897,
      4.239525518078748
    ],
    [
      4.360497905370135,
      4.243111815984977
    ],
    [
      4.32854086317986,
      4.316894698474232
    ],
    [
      4.406348388568887,
      4.385830072785157
    ],
    [
      4.3853040468890345,
      4.375849080453559
    ],
    [
      4.461125930987923,
      4.339163143291135
    ],
    [
      4.375347355512818,
      4.3715411527863495
    ],
    [
      4.294764043964953,
      4.395507362074046
    ],
    [
      4.30050600475243,
      4.360633958289875
    ],
    [
      4.185992795442046,
      4.277790775014425
    ],
    [
      4.210862426140991,
      4.251671668269872
    ],
    [
      4.094462288463282,
      4.263629426221801
    ],
    [
      4.118740016406902,
      4.212649965950647
    ],
    [
      3.986532899387582,
      4.2556724068963865
    ],
    [
      3.85165917685226,
      4.070328237427975
    ],
    [
      3.779238224858793,
      3.995395667162848
    ],
    [
      3.6336619991444876,
      3.8945798891161005
    ],
    [
      3.465062931275278,
      3.8891458311643805
    ],
    [
      3.3956279651220687,
      3.7576279930673175
    ],
    [
      3.258330178795732,
      3.6651833818447077
    ],
    [
      3.0575761554827072,
      3.5416908508367033
    ],
    [
      2.9112501818495837,
      3.2557235620946336
    ],
    [
      2.8633888336129916,
      3.3339423999563897
    ],
    [
      2.594615854833052,
      3.0263276802382943
    ],
    [
      2.470645285571691,
      2.975184361411627
    ],
    [
      2.2864632840145793,
      2.8721717364683723
    ],
    [
      2.1262485931482993,
      2.7970248687644417
    ],
    [
      1.9391302335855305,
      2.5547707199718532
    ],
    [
      1.8515924287348184,
      2.352186265018866
    ],
    [
      1.661451170065397,
      2.1963574118543345
    ],
    [
      1.4250235622386227,
      2.21365138405946
    ],
    [
      1.3289720021645899,
      2.0236441390616395
    ],
    [
      1.0534170790945379,
      1.7252519096527978
    ],
    [
      0.9033392801105229,
      1.5192093376626987
    ],
    [
      0.7381584295523982,
      1.5171747962619062
    ],
    [
      0.4609121589138336,
      1.2309297742281673
    ],
    [
      0.28519626097282835,
      1.1574406638366885
    ],
    [
      0.24991378166382983,
      0.9389411257225256
    ],
    [
      0.016324760343416816,
      0.7575374279271269
    ],
    [
      -0.14772293842272552,
      0.5501245299393025
    ],
    [
      -0.3283578036572012,
      0.5024668829981396
    ],
    [
      -0.5169962999649409,
      0.2981614369714024
    ],
    [
      -0.6265756563918897,
      0.2242453927617531
    ],
    [
      -0.7408981516742267,
      -0.024094920896875954
    ],
    [
      -0.8859171048246465,
      -0.17085702853463475
    ],
    [
      -1.022675287159908,
      -0.3392394231416534
    ],
    [
      -1.2157771988431567,
      -0.5077740182545492
    ],
    [
      -1.2639378542299242,
      -0.5736010089229855
    ],
    [
      -1.4001550096596154,
      -0.699862638140398
    ],
    [
      -1.5570912747791426,
      -0.8415140471792906
    ],
    [
      -1.6408278252109147,
      -0.8507253277621794
    ],
    [
      -1.7202431289354934,
      -1.123339430172797
    ],
    [
      -1.8109134640742761,
      -1.1707039143154963
    ],
    [
      -1.7031609028735106,
      -1.2315169779611033
    ],
    [
      -1.7902752967528217,
      -1.3480000341023533
    ],
    [
      -1.91370147256316,
      -1.4346164487851443
    ],
    [
      -2.0118263680731925,
      -1.5959902307797216
    ],
    [
      -1.9464969364686406,
      -1.6677409653736897
    ]
  ],
  "complexity": 0.43768998675231297
}