{
  "id": 3800,
  "wedge_count": 5,
  "parameters": {
    "rotation_speeds": [
      1.017562674893048,
      -1.263149509262224,
      -0.5454788909025012,
      -0.761637339532963,
      1.624785621055464
    ],
    "phi_x": [
      -12.528759785062725,
      -10.185550854801297,
      13.899434313565255,
      12.967930562625202,
      11.06044833236762
    ],
    "phi_y": [
      7.2960013310676075,
      10.960408469568407,
      3.353816653171801,
      -12.289063913364142,
      3.597301079491416
    ],
    "distances": [
      1.0,
      3.4573600997600478,
      5.939025399636179,
      3.6219540925828797,
      5.75109937475401,
      6.958926479515009
    ],
    "refractive_indices": [
      1.0,
      1.5,
      1.5,
      1.5,
      1.5,
      1.5,
      1.0
    ],
    "wedgenum": 5
  },
  "pattern": [
    [
      4.631571961092626,
      4.410389986106133
    ],
    [
      4.5468434066483105,
      4.504723983836955
    ],
    [
      4.450446710640436,
      4.449928800408311
    ],
    [
      4.436482819597126,
      4.356738659320009
    ],
    [
      4.360888396021963,
      4.320728174921607
    ],
    [
      4.1716115965779315,
      4.249253437813816
    ],
    [
      4.1551412065578965,
      4.176389967192855
    ],
    [
      4.094891896561107,
      4.14819477710302
    ],
    [
      3.9168822815830397,
      4.02003475732703
    ],
    [
      3.7796377909781977,
      3.972153293528606
    ],
    [
      3.588080166706544,
      3.8276676571475536
    ],
    [
      3.632996318741523,
      3.7322825606493755
    ],
    [
      3.5020322073659993,
      3.6180352084252076
    ],
    [
      3.316357425118061,
      3.4908233641723805
    ],
    [
      3.148754438405889,
      3.377723534096673
    ],
    [
      3.0384583165708485,
      3.1939455357717783
    ],
    [
      2.9110822302478283,
      3.239963459520217
    ],
    [
      2.776606099600279,
      3.0163901854887576
    ],
    [
      2.6044424050655905,
      2.871754771130975
    ],
    [
      2.5153843693441247,
      2.70404455421754
    ],
    [
      2.268408407890338,
      2.6004464304317025
    ],
    [
      2.119318096241047,
      2.3803507828761763
    ],
    [
      1.936965751931275,
      2.290304654011334
    ],
    [
      1.7448376752119419,
      2.151002712548873
    ],
    [
      1.709884610651093,
      2.030298226670924
    ],
    [
      1.5547199414202229,
      1.7075663028744072
    ],
    [
      1.2975249273540725,
      1.6563940077500667
    ],
    [
      1.2062569074334288,
      1.6134550810718544
    ],
    [
      0.9958340252162268,
      1.4551348217393854
    ],
    [
      0.9422629440809411,
      1.2783432738973928
    ],
    [
      0.8099198000520501,
      1.2028547768325546
    ],
    [
      0.6946599607944128,
      1.0649873023462586
    ],
    [
      0.4549640806381569,
      0.8433418004928626
    ],
    [
      0.33481346441255994,
      0.6524889176451345
    ],
    [
      0.17580910408289976,
      0.6437126876308823
    ],
    [
      0.10394245315946851,
      0.4354596431077447
    ],
    [
      -0.14736761406057378,
      0.31289130962624423
    ],
    [
      -0.08563358311921788,
      0.21418265289372207
    ],
    [
      -0.3754088383247229,
      0.04449615784806091
    ],
    [
      -0.3724297514321228,
      -0.07332282643046195
    ],
    [
      -0.5336995430065279,
      -0.2286589757416893
    ],
    [
      -0.5898855721994493,
      -0.22007555176310456
    ],
    [
      -0.7269139438227382,
      -0.3500872820119798
    ],
    [
      -0.8085280254618971,
      -0.44156094212462177
    ],
    [
      -0.951852993013501,
      -0.6075141362969655
    ],
    [
      -1.0498752208101485,
      -0.7011128284015959
    ],
    [
      -1.046528291264406,
      -0.7890854886598724
    ],
    [
      -1.094364817407138,
      -0.9119089528615338
    ],
    [
      -1.1468838047241119,
      -0.9434568202613137
    ],
    [
      -1.1920449703763412,
      -1.1000185487756808
    ],
    [
      -1.3302231836305125,
      -1.105152904321611
    ],
    [
      -1.338029186846848,
      -1.1521434820410628
    ],
    [
      -1.1813095739560213,
      -1.167307094233542
    ],
    [
      -1.267314962984819,
      -1.3035617263470098
    ],
    [
      -1.4414116265624308,
      -1.3485583463607607
    ],
    [
      -1.396165918976701,
      -1.3388212732652203
    ],
    [
      -1.4887392311181245,
      -1.5023697872418427
    ],
    [
      -1.3788972416724092,
      -1.3763723227195583
    ],
    [
      -1.3540888414757688,
      -1.4851059991246989
    ],
    [
      -1.4326282679045663,
      -1.4478262327751241
    ]
  ],
  "complexity": 0.39594080789753033
}