{
  "id": 1975,
  "wedge_count": 4,
  "parameters": {
    "rotation_speeds": [
      -0.6710774450301447,
      -1.7772409739037633,
      0.42576658679635404,
      -0.05045044912555152
    ],
    "phi_x": [
      14.562981553415774,
      5.846489589271197,
      5.942960362788842,
      1.699680959420828
    ],
    "phi_y": [
      -13.247448843810393,
      7.639125898402231,
      13.201303565516035,
      2.9606312589060053
    ],
    "distances": [
      1.0,
      5.89734753102686,
      6.755988651593183,
      6.477286574666893,
      4.206266528135
    ],
    "refractive_indices": [
      1.0,
      1.5,
      1.5,
      1.5,
      1.5,
      1.0
    ],
    "wedgenum": 4
  },
  "pattern": [
    [
      2.4634443357629032,
      2.3893415725130023
    ],
    [
      2.3487303414056147,
      2.389734086343294
    ],
    [
      2.295989626001472,
      2.339447841199423
    ],
    [
      2.308989986378897,
      2.185840315229121
    ],
    [
      2.1617354977190386,
      2.156244664059361
    ],
    [
      2.207427084315843,
      2.1396770850311277
    ],
    [
      2.1559509190386517,
      2.0303470466503466
    ],
    [
      2.1493948508010168,
      2.0368174098009244
    ],
    [
      2.01523694416112,
      1.9425110739947182
    ],
    [
      1.797676811575788,
      1.895853255507147
    ],
    [
      1.793568701526385,
      1.9028779743062447
    ],
    [
      1.730829562057143,
      1.7978465463841078
    ],
    [
      1.736183879133158,
      1.8067976310587448
    ],
    [
      1.7121128306526545,
      1.7900632124183724
    ],
    [
      1.5964165753702086,
      1.5798616365746527
    ],
    [
      1.497385380375124,
      1.5588196704392836
    ],
    [
      1.4802092059619758,
      1.5190160917942617
    ],
    [
      1.302627609422922,
      1.4499560326935121
    ],
    [
      1.1907153423208787,
      1.4124233475147796
    ],
    [
      1.30254027854233,
      1.318176374376447
    ],
    [
      1.1674963550700141,
      1.3930710223361429
    ],
    [
      1.1004965526254162,
      1.1699299280546693
    ],
    [
      1.0261173387978964,
      1.1844200404593128
    ],
    [
      0.9795415342106574,
      1.0426122125191166
    ],
    [
      0.990119396705251,
      1.0901424065804486
    ],
    [
      0.8352246107740107,
      0.9040139842244829
    ],
    [
      0.8619026213912975,
      0.9506108040867775
    ],
    [
      0.7836615107340339,
      0.9431268385047342
    ],
    [
      0.7123451033693973,
      0.8040504722867395
    ],
    [
      0.712837839386231,
      0.7787713278543817
    ],
    [
      0.7204875453620531,
      0.7778220155893104
    ],
    [
      0.6167422029937117,
      0.7432217994760232
    ],
    [
      0.605725739969947,
      0.7171361317445974
    ],
    [
      0.5613420597844888,
      0.4942690520433691
    ],
    [
      0.5392244298595729,
      0.6404628081918785
    ],
    [
      0.6132672465683077,
      0.5436928377952575
    ],
    [
      0.516276435891186,
      0.5647504366284628
    ],
    [
      0.5307987390516828,
      0.5657384342819644
    ],
    [
      0.4916520025402098,
      0.5986245152824167
    ],
    [
      0.4413785765760549,
      0.41359367271493397
    ],
    [
      0.38014811327238196,
      0.4955271806612672
    ],
    [
      0.4210770046360829,
      0.41135438457805057
    ],
    [
      0.3372827136792359,
      0.41182990353515625
    ],
    [
      0.3711348434112679,
      0.4361156309849997
    ],
    [
      0.4351872954439279,
      0.3420474797156076
    ],
    [
      0.4193943599655211,
      0.3639669496427329
    ],
    [
      0.35863357300447923,
      0.3173780497932963
    ],
    [
      0.39470969434616304,
      0.42277535060033083
    ],
    [
      0.4864929321414739,
      0.3588492098514462
    ],
    [
      0.44104078045715545,
      0.4980511159854022
    ],
    [
      0.35478159648332597,
      0.37326118279688925
    ],
    [
      0.3380970015934871,
      0.33610901384077707
    ],
    [
      0.4571755340897004,
      0.40086048530291846
    ],
    [
      0.4356223415702513,
      0.3418894711438393
    ],
    [
      0.4324560475353664,
      0.4390603035134088
    ],
    [
      0.4435847622485713,
      0.44192011614981414
    ],
    [
      0.44556890530175863,
      0.38339324333180325
    ],
    [
      0.4756789304435389,
      0.4046406940461059
    ],
    [
      0.4390258323419045,
      0.413658648766392
    ],
    [
      0.4850351557610546,
      0.4098134636154514
    ]
  ],
  "complexity": 0.31333696687475526
}