{
  "id": 1096,
  "wedge_count": 5,
  "parameters": {
    "rotation_speeds": [
      -2.533509564673688,
      2.8547052566466373,
      1.0515453926704357,
      -0.015490785283033937,
      -1.864411496742711
    ],
    "phi_x": [
      0.20616773586588089,
      9.797318592757765,
      8.689740656549777,
      -11.970018993607267,
      0.1876778810386277
    ],
    "phi_y": [
      -2.1230335935444717,
      -14.913169501801914,
      2.2939036564618718,
      -3.4324896133635345,
      -12.205075290292616
    ],
    "distances": [
      1.0,
      6.2866491426619255,
      6.787671649734238,
      5.321547098140444,
      4.663451683672518,
      6.380628302827482
    ],
    "refractive_indices": [
      1.0,
      1.5,
      1.5,
      1.5,
      1.5,
      1.5,
      1.0
    ],
    "wedgenum": 5
  },
  "pattern": [
    [
      2.862745881026153,
      2.850937870236327
    ],
    [
      2.9513703406890066,
      2.8583260010756466
    ],
    [
      2.9733262112824814,
      2.8506401674604143
    ],
    [
      2.960079822486532,
      2.927716099807258
    ],
    [
      2.960316106632732,
      2.9035839543588
    ],
    [
      2.9985899846315136,
      2.9581303522846807
    ],
    [
      2.992426450708923,
      2.8697427225556864
    ],
    [
      3.0300286559390677,
      2.8942152423539556
    ],
    [
      2.9236016605154487,
      2.9090748266570583
    ],
    [
      2.84571980051836,
      2.8388774615045604
    ],
    [
      2.873950498240995,
      2.8190800737539075
    ],
    [
      2.775532906627487,
      2.7546523270235235
    ],
    [
      2.73841777619373,
      2.749078611666178
    ],
    [
      2.713885915095877,
      2.727668360639287
    ],
    [
      2.613444001476463,
      2.6434809537367436
    ],
    [
      2.525393813347168,
      2.5832795560517643
    ],
    [
      2.469376764612244,
      2.5917441183876684
    ],
    [
      2.3745075982670842,
      2.5156164663963025
    ],
    [
      2.2910846240596676,
      2.3994715806464675
    ],
    [
      2.3073664783848167,
      2.310001743637157
    ],
    [
      2.1216705079095495,
      2.3474292801180603
    ],
    [
      1.93351765744087,
      2.205128230858003
    ],
    [
      1.847574504663176,
      2.009144012723917
    ],
    [
      1.745882784648597,
      1.9354665841622543
    ],
    [
      1.5622184208180583,
      1.838437452987411
    ],
    [
      1.4404999860409011,
      1.7321434650801024
    ],
    [
      1.282254255950806,
      1.6377918891733454
    ],
    [
      1.2617704397301979,
      1.5325927044774281
    ],
    [
      1.0816613972467994,
      1.4570825388090938
    ],
    [
      1.0131663505141357,
      1.2608663057821494
    ],
    [
      0.8137433494928328,
      1.214415444496205
    ],
    [
      0.6857604277458851,
      1.0373298328852472
    ],
    [
      0.48888499955707576,
      0.9849431328616322
    ],
    [
      0.44888964988088675,
      0.8582639569119315
    ],
    [
      0.27288250867220837,
      0.7218386909985464
    ],
    [
      0.1433036815148329,
      0.5539259003259935
    ],
    [
      0.03455454275006928,
      0.5694739602905818
    ],
    [
      -0.048217164085349803,
      0.37515259850062477
    ],
    [
      -0.21215685776749094,
      0.1901538306425477
    ],
    [
      -0.31545090807720977,
      0.1202774665962054
    ],
    [
      -0.37205415380165013,
      0.0836092218209212
    ],
    [
      -0.5351870816810883,
      -0.05122783363569715
    ],
    [
      -0.7022637075148304,
      -0.12891055762513662
    ],
    [
      -0.7262515506524091,
      -0.21358582484248056
    ],
    [
      -0.8572304400098837,
      -0.37099579862377857
    ],
    [
      -0.9170009091423137,
      -0.40737951610894996
    ],
    [
      -0.9839001147876966,
      -0.5353640462257994
    ],
    [
      -1.0130158822571356,
      -0.7116551341892543
    ],
    [
      -1.105104649042182,
      -0.7541285324959267
    ],
    [
      -1.1249828021672756,
      -0.9004286292872861
    ],
    [
      -1.1835956150632523,
      -0.9124172900567478
    ],
    [
      -1.300676561039724,
      -1.006196050383058
    ],
    [
      -1.1872443665085046,
      -1.033123640248986
    ],
    [
      -1.3117847225741914,
      -1.1139786248275065
    ],
    [
      -1.2716101052388966,
      -1.1267208243377382
    ],
    [
      -1.3263011703961596,
      -1.1649538568567563
    ],
    [
      -1.3186296712339338,
      -1.2593343425693866
    ],
    [
      -1.237563062744721,
      -1.1931415686971707
    ],
    [
      -1.273427292471556,
      -1.1829635512256198
    ],
    [
      -1.2073690259246914,
      -1.3016575618841058
    ]
  ],
  "complexity": 0.34697519630590995
}