{
  "id": 3724,
  "wedge_count": 3,
  "parameters": {
    "rotation_speeds": [
      0.6616793727684289,
      1.1512644730267816,
      1.7978469010981133
    ],
    "phi_x": [
      -8.383237826484713,
      7.26957912661355,
      7.518517347219031
    ],
    "phi_y": [
      -4.1885491430399995,
      5.687315409842551,
      2.8728895905709706
    ],
    "distances": [
      1.0,
      7.531329037988408,
      4.957845773358759,
      5.861147185610923
    ],
    "refractive_indices": [
      1.0,
      1.5,
      1.5,
      1.5,
      1.0
    ],
    "wedgenum": 3
  },
  "pattern": [
    [
      1.673532086309099,
      1.7481249668002332
    ],
    [
      1.7489528663000553,
      1.6515003871243128
    ],
    [
      1.6287148351351466,
      1.66898891254097
    ],
    [
      1.7026148079458876,
      1.7191075222539036
    ],
    [
      1.6381446665956823,
      1.7825112389005482
    ],
    [
      1.6991690207921604,
      1.7428317628805623
    ],
    [
      1.7417281550425991,
      1.6065662901342461
    ],
    [
      1.7294766303283275,
      1.834624486133215
    ],
    [
      1.7021345868818805,
      1.7577283715364693
    ],
    [
      1.7510176963712372,
      1.7811506989740356
    ],
    [
      1.6755188463355484,
      1.7157481044164309
    ],
    [
      1.626682942661862,
      1.670049452788462
    ],
    [
      1.605867819245366,
      1.7134136651160325
    ],
    [
      1.5839475952221642,
      1.617434885541483
    ],
    [
      1.5960981831911618,
      1.563054844846188
    ],
    [
      1.5093425622802044,
      1.6256640998537486
    ],
    [
      1.508725650242299,
      1.5275789457815727
    ],
    [
      1.4689978455119177,
      1.5398591860629498
    ],
    [
      1.3621124979912864,
      1.5603083752630806
    ],
    [
      1.3772629614787588,
      1.4203246142658081
    ],
    [
      1.1969808274408669,
      1.4542096523619115
    ],
    [
      1.2465027953389396,
      1.3673131199245627
    ],
    [
      1.2302259717714747,
      1.3259974178490435
    ],
    [
      1.0777631517394475,
      1.3460078850310075
    ],
    [
      1.056127213867442,
      1.218395884884212
    ],
    [
      0.9826375318320524,
      1.1749157481493488
    ],
    [
      1.0337433856528395,
      1.133434365024686
    ],
    [
      0.975087902247093,
      1.1468291509379118
    ],
    [
      0.8104943399710894,
      1.098623690663545
    ],
    [
      0.8205601345722905,
      1.0639564725443005
    ],
    [
      0.8022756995826817,
      0.9224957679235437
    ],
    [
      0.6860066083261911,
      0.9197001107499515
    ],
    [
      0.5697551012448981,
      0.8673322946406592
    ],
    [
      0.5348881730466132,
      0.8284110665059615
    ],
    [
      0.4747963145273997,
      0.7259111476755626
    ],
    [
      0.44938918401837746,
      0.7196442503163618
    ],
    [
      0.39122926574442035,
      0.5606123162661816
    ],
    [
      0.3074485981388928,
      0.6202240206840387
    ],
    [
      0.24293582255790902,
      0.5907739346512954
    ],
    [
      0.17184458721402596,
      0.4832584302828973
    ],
    [
      0.18064971517763412,
      0.31809490605521873
    ],
    [
      0.030555587438576087,
      0.31235971397780526
    ],
    [
      0.01441081659702834,
      0.3367447503679958
    ],
    [
      -0.07786280657308135,
      0.22084622338117388
    ],
    [
      0.04572521449634112,
      0.2169537643201469
    ],
    [
      -0.13476434114249913,
      0.16570364799655202
    ],
    [
      -0.15160050327895297,
      0.18419619335552195
    ],
    [
      -0.16539655566298142,
      0.08978428522793319
    ],
    [
      -0.1413857248125029,
      -0.08509824739609505
    ],
    [
      -0.19982203011014876,
      -0.01933439857527973
    ],
    [
      -0.30539290548744713,
      -0.12113663028019472
    ],
    [
      -0.30534135575153665,
      -0.19254890667608598
    ],
    [
      -0.4208219378661312,
      -0.13800230913422462
    ],
    [
      -0.31680677142594044,
      -0.16859909855959473
    ],
    [
      -0.3054924829146692,
      -0.28934924420248825
    ],
    [
      -0.44646955198551996,
      -0.2535907232991869
    ],
    [
      -0.45592222126875037,
      -0.3398938128138595
    ],
    [
      -0.46724904449555826,
      -0.25762716073000924
    ],
    [
      -0.39704184366195416,
      -0.36746174319822716
    ],
    [
      -0.4550877517477505,
      -0.20565672284469486
    ]
  ],
  "complexity": 0.23931726203485745
}