{
  "id": 2694,
  "wedge_count": 6,
  "parameters": {
    "rotation_speeds": [
      -1.4030418399279603,
      2.7202291534108625,
      1.073504952172014,
      1.0744358312529387,
      -1.853583445321579,
      1.3488384969768479
    ],
    "phi_x": [
      -4.510567172604169,
      9.477196401987765,
      2.0456307522117463,
      -4.467618440701424,
      7.86258208483299,
      14.579031033199016
    ],
    "phi_y": [
      -11.469276061538102,
      -5.861041293720364,
      12.833112557494076,
      -8.998227863619462,
      -4.204614016634906,
      -12.859396154033544
    ],
    "distances": [
      1.0,
      7.201298745022295,
      5.311487277504394,
      7.247456930285106,
      7.534022916154396,
      4.11424316860721,
      5.116440753047142
    ],
    "refractive_indices": [
      1.0,
      1.5,
      1.5,
      1.5,
      1.5,
      1.5,
      1.5,
      1.0
    ],
    "wedgenum": 6
  },
  "pattern": [
    [
      4.003620490150973,
      3.9401862341854454
    ],
    [
      3.9411346565037264,
      3.9865178529503185
    ],
    [
      3.9873456066806825,
      3.9394709690191694
    ],
    [
      3.942117356991603,
      4.077922072124253
    ],
    [
      3.9941355982281297,
      4.028137918947013
    ],
    [
      4.011873900111461,
      4.008280488652321
    ],
    [
      3.9012930012229066,
      3.9566766325928233
    ],
    [
      3.933445194794673,
      3.9722365788469722
    ],
    [
      3.9266630665332243,
      3.891019799466601
    ],
    [
      3.827257761215819,
      3.9029677912132503
    ],
    [
      3.805434800465024,
      3.930279647532123
    ],
    [
      3.7580272772879635,
      3.785786042133176
    ],
    [
      3.610879086996075,
      3.6512341959484784
    ],
    [
      3.566197917200767,
      3.7256649706169225
    ],
    [
      3.457749374256191,
      3.701541623726308
    ],
    [
      3.3986368720753735,
      3.608020182890858
    ],
    [
      3.251066653785404,
      3.5277409889557014
    ],
    [
      3.2565292162266126,
      3.3191517480147934
    ],
    [
      3.047512278548268,
      3.376905359169115
    ],
    [
      2.9246272357142327,
      3.1323701393535406
    ],
    [
      2.7880157760984647,
      3.1333177786950865
    ],
    [
      2.714002064798076,
      2.994132231283811
    ],
    [
      2.5173640506525445,
      2.9576171795491684
    ],
    [
      2.433268183427599,
      2.7797288417224904
    ],
    [
      2.2382875027888143,
      2.6772859409189027
    ],
    [
      2.1514189039955807,
      2.5824584037711014
    ],
    [
      2.0183728864147845,
      2.4584673364546754
    ],
    [
      1.8009790915003352,
      2.3920448802989567
    ],
    [
      1.700692042801991,
      2.294031275208171
    ],
    [
      1.602654383586108,
      2.037584901960849
    ],
    [
      1.3683844362599076,
      1.9211885121284245
    ],
    [
      1.3263866478531825,
      1.692139242885024
    ],
    [
      1.1180606765417247,
      1.6751407264564737
    ],
    [
      0.973235255831341,
      1.482573791565519
    ],
    [
      0.7558663735833654,
      1.3527492141608615
    ],
    [
      0.6167581295861371,
      1.3066133616202822
    ],
    [
      0.5074564099643977,
      1.203053860851567
    ],
    [
      0.1991272496191518,
      1.0023202110825227
    ],
    [
      0.11146092930683883,
      0.8339610659261523
    ],
    [
      0.014170398871760817,
      0.7721313494160325
    ],
    [
      -0.10105798807288024,
      0.5450314742185632
    ],
    [
      -0.3450373258440533,
      0.4968718583705548
    ],
    [
      -0.4756465188750331,
      0.39903250660711204
    ],
    [
      -0.48181275554034875,
      0.11921695765363086
    ],
    [
      -0.682479377639384,
      0.09522373750951714
    ],
    [
      -0.8083355804320879,
      -0.17043715463085474
    ],
    [
      -0.9344323287865298,
      -0.2994972599100219
    ],
    [
      -1.0959497225811208,
      -0.3943970854540738
    ],
    [
      -1.2079868416532906,
      -0.4935757111384183
    ],
    [
      -1.3402959216053771,
      -0.5944927419541067
    ],
    [
      -1.5268012273707023,
      -0.7216184409023312
    ],
    [
      -1.5674189449636888,
      -0.6897685652395474
    ],
    [
      -1.5892581835795183,
      -0.9551639125871844
    ],
    [
      -1.6590911273940174,
      -1.0265738137333897
    ],
    [
      -1.8190460521332152,
      -1.168079430173399
    ],
    [
      -1.8178062737041392,
      -1.2014070851052157
    ],
    [
      -1.8327470921878128,
      -1.2709133755309936
    ],
    [
      -1.834114616151083,
      -1.399805065556095
    ],
    [
      -1.9954707076501872,
      -1.471137383653985
    ],
    [
      -2.0406825965988244,
      -1.5537666455777528
    ]
  ],
  "complexity": 0.40128524607090615
}