{
  "id": 4851,
  "wedge_count": 1,
  "parameters": {
    "rotation_speeds": [
      -2.1009830580456197
    ],
    "phi_x": [
      0.9519049179593306
    ],
    "phi_y": [
      6.467504209408887
    ],
    "distances": [
      1.0,
      3.8094283398894624
    ],
    "refractive_indices": [
      1.0,
      1.5,
      1.0
    ],
    "wedgenum": 1
  },
  "pattern": [
    [
      0.06538369956795317,
      0.059852664658575555
    ],
    [
      0.02797190123969565,
      0.03780018129930238
    ],
    [
      -0.0009642676517217731,
      0.0051006408578357
    ],
    [
      -0.03924136773907958,
      -0.03134720227945048
    ],
    [
      -0.06884123652613772,
      -0.05284435112272225
    ],
    [
      -0.10094159592077848,
      -0.08546168776897402
    ],
    [
      -0.12738808102201724,
      -0.11521068553485568
    ],
    [
      -0.16283335792304046,
      -0.14229649227600996
    ],
    [
      -0.19636143758632452,
      -0.15580917042258904
    ],
    [
      -0.21861353678526113,
      -0.1930517250780997
    ],
    [
      -0.24354596596851802,
      -0.2238373661775952
    ],
    [
      -0.26541176674432293,
      -0.23246142117849847
    ],
    [
      -0.2916482465279623,
      -0.26675356693467556
    ],
    [
      -0.3151110631793038,
      -0.2943508974964931
    ],
    [
      -0.3308571900859048,
      -0.3019632985075051
    ],
    [
      -0.3544010262418376,
      -0.3320361195911546
    ],
    [
      -0.3664050440742525,
      -0.3409319547991575
    ],
    [
      -0.38658296686543075,
      -0.36097384018010953
    ],
    [
      -0.40446298635556294,
      -0.3734933734024765
    ],
    [
      -0.40394788829309936,
      -0.3913886797564718
    ],
    [
      -0.42194993823838706,
      -0.39615497158526763
    ],
    [
      -0.4149479380100363,
      -0.41058425609011967
    ],
    [
      -0.4256637653600986,
      -0.41415685135371155
    ],
    [
      -0.4251321064612361,
      -0.4219019136981755
    ],
    [
      -0.4248216929599133,
      -0.42207448356245403
    ],
    [
      -0.41490084813812067,
      -0.4232403763192043
    ],
    [
      -0.4139832710082086,
      -0.4199793576895427
    ],
    [
      -0.3990299556012551,
      -0.42025035479910966
    ],
    [
      -0.3904939109870455,
      -0.41764034590139715
    ],
    [
      -0.37619796293651414,
      -0.4126179002723047
    ],
    [
      -0.3713740833048274,
      -0.4014694958433719
    ],
    [
      -0.34977294685152094,
      -0.39447670949569213
    ],
    [
      -0.3313770235019991,
      -0.37926821607010314
    ],
    [
      -0.30692797737260485,
      -0.3711815649401515
    ],
    [
      -0.2885164426652815,
      -0.35467057915745337
    ],
    [
      -0.2688122167040897,
      -0.3248652486283822
    ],
    [
      -0.24217511254226015,
      -0.31638753086775123
    ],
    [
      -0.20834386988917425,
      -0.29361602558904826
    ],
    [
      -0.1869388252642661,
      -0.27751788406267514
    ],
    [
      -0.14535334110293324,
      -0.25378398952382486
    ],
    [
      -0.12732342668525434,
      -0.23285346122928471
    ],
    [
      -0.09476824861147794,
      -0.20983827225197077
    ],
    [
      -0.06547515812177326,
      -0.18273089857942112
    ],
    [
      -0.023347557679407743,
      -0.1552346721431141
    ],
    [
      -0.0077770657955210445,
      -0.12282677937647606
    ],
    [
      0.02179266000935549,
      -0.09566885944458323
    ],
    [
      0.05690628979434187,
      -0.06298458565751668
    ],
    [
      0.08657532161266922,
      -0.04265811878863515
    ],
    [
      0.1252066313322622,
      -0.01352437401184996
    ],
    [
      0.14208258994028516,
      0.007579801905378608
    ],
    [
      0.1788938617932884,
      0.03777204431959648
    ],
    [
      0.2071809669636811,
      0.06699576887503385
    ],
    [
      0.23714036608111158,
      0.09531885004968835
    ],
    [
      0.2662929427600916,
      0.12941899933482942
    ],
    [
      0.2875448935793986,
      0.15197385144915185
    ],
    [
      0.30013146304428173,
      0.17362143006065114
    ],
    [
      0.319917473868063,
      0.20598426609761897
    ],
    [
      0.33474083451033804,
      0.2245582122676579
    ],
    [
      0.35703920179229465,
      0.24596459769157883
    ],
    [
      0.3679748119542517,
      0.27021697198658445
    ]
  ],
  "complexity": 0.1736317408170843
}