{
  "id": 1012,
  "wedge_count": 2,
  "parameters": {
    "rotation_speeds": [
      1.509939473496349,
      -2.594067579924931
    ],
    "phi_x": [
      6.902848063856158,
      -14.08853447271416
    ],
    "phi_y": [
      -7.112871986232323,
      -0.37431977093178226
    ],
    "distances": [
      1.0,
      2.1680424578449182,
      6.142590501423844
    ],
    "refractive_indices": [
      1.0,
      1.5,
      1.5,
      1.0
    ],
    "wedgenum": 2
  },
  "pattern": [
    [
      1.3767262965778881,
      1.501956752125184
    ],
    [
      1.4333053137660514,
      1.3993217027346947
    ],
    [
      1.430498456015035,
      1.4720817783552875
    ],
    [
      1.4235968872470757,
      1.4225324006100144
    ],
    [
      1.4556843856715997,
      1.4452929368055025
    ],
    [
      1.5373526056647022,
      1.4589809806052874
    ],
    [
      1.481789492379803,
      1.5204889255117873
    ],
    [
      1.510694708293332,
      1.4702729446322713
    ],
    [
      1.500638364619602,
      1.5916740685774944
    ],
    [
      1.441005867181922,
      1.49215717637047
    ],
    [
      1.5319045256317576,
      1.5518865897963998
    ],
    [
      1.4032829048228483,
      1.3749576490775755
    ],
    [
      1.4289586520148454,
      1.449874460272952
    ],
    [
      1.3706392268988077,
      1.414484609774044
    ],
    [
      1.3195507906984412,
      1.3790547096372388
    ],
    [
      1.3371310795900855,
      1.3559254224059236
    ],
    [
      1.2207250186242173,
      1.2827205669542683
    ],
    [
      1.198075253925304,
      1.1900966170795029
    ],
    [
      1.229611965547519,
      1.1588796049616616
    ],
    [
      1.0369001032814273,
      1.2087096602973153
    ],
    [
      1.0524348364639533,
      1.1971831409146703
    ],
    [
      0.9069985807338414,
      1.0980256906228045
    ],
    [
      0.9747372621001493,
      1.0646404803597265
    ],
    [
      0.8148152921654244,
      0.9962677387292155
    ],
    [
      0.7915628656337172,
      1.0048469329476197
    ],
    [
      0.7763169080582725,
      0.9293092172525963
    ],
    [
      0.6371560815476184,
      0.8132317241269356
    ],
    [
      0.5228082872229991,
      0.7296389072278063
    ],
    [
      0.4441548980468413,
      0.712256531011176
    ],
    [
      0.45706196631031415,
      0.5328818632361776
    ],
    [
      0.31935491552780676,
      0.6589868092586467
    ],
    [
      0.2497426348156438,
      0.5065417546048763
    ],
    [
      0.2380354975319683,
      0.456622043406077
    ],
    [
      0.09195631209516994,
      0.3825638888445587
    ],
    [
      0.05192966845599917,
      0.25273783609420236
    ],
    [
      0.007747551111451755,
      0.14632315144544078
    ],
    [
      -0.007640757956120119,
      0.1596570261356908
    ],
    [
      -0.089806547785026,
      0.12968823455931378
    ],
    [
      -0.1752556828272898,
      0.05762857043790653
    ],
    [
      -0.28990763293524047,
      -0.02335707117469242
    ],
    [
      -0.3610352535714524,
      -0.03966699171850244
    ],
    [
      -0.2728249304157059,
      -0.0064882740843292125
    ],
    [
      -0.39637124793082956,
      -0.14065086407461808
    ],
    [
      -0.4494593412707314,
      -0.19554015557366353
    ],
    [
      -0.4942885148515997,
      -0.3342806942634583
    ],
    [
      -0.5085602829039075,
      -0.3001814236855175
    ],
    [
      -0.5490823063458791,
      -0.46812647062263985
    ],
    [
      -0.5892457694102291,
      -0.492766551114336
    ],
    [
      -0.6479681615075237,
      -0.5094678758089343
    ],
    [
      -0.6792990739629553,
      -0.5542558729578264
    ],
    [
      -0.7147965908603322,
      -0.606625574310901
    ],
    [
      -0.7863367619221232,
      -0.6391650497297972
    ],
    [
      -0.8428729237778905,
      -0.6584045441911901
    ],
    [
      -0.7393812343672063,
      -0.6830630799316812
    ],
    [
      -0.7719481368043941,
      -0.7386537578582505
    ],
    [
      -0.7595088435166202,
      -0.6951065367297444
    ],
    [
      -0.8606967022632617,
      -0.6863402329543362
    ],
    [
      -0.8177565480206704,
      -0.7028842337843438
    ],
    [
      -0.7508522726678261,
      -0.7100209888319785
    ],
    [
      -0.719996071459543,
      -0.6699370441550562
    ]
  ],
  "complexity": 0.2757408229931558
}