{
  "id": 1599,
  "wedge_count": 4,
  "parameters": {
    "rotation_speeds": [
      2.6524447646318183,
      -2.8271183163680016,
      -0.8788260392703324,
      0.8213833470407899
    ],
    "phi_x": [
      3.30674918466287,
      5.709610068881709,
      -4.418336267111126,
      10.726032681813699
    ],
    "phi_y": [
      3.869131534731185,
      -3.9450627357422334,
      -0.15280711967686322,
      -5.169264603142507
    ],
    "distances": [
      1.0,
      5.042034294298304,
      7.728342779445185,
      2.1752846715945866,
      2.1955354752777483
    ],
    "refractive_indices": [
      1.0,
      1.5,
      1.5,
      1.5,
      1.5,
      1.0
    ],
    "wedgenum": 4
  },
  "pattern": [
    [
      1.766733306490219,
      1.7460803323757637
    ],
    [
      1.7306758354836207,
      1.7305749979729477
    ],
    [
      1.7654305445386311,
      1.7699561119106386
    ],
    [
      1.7221739026835179,
      1.742296657825219
    ],
    [
      1.7343768381677314,
      1.784850107701734
    ],
    [
      1.6955318188046884,
      1.6703158253540358
    ],
    [
      1.6421739433287614,
      1.7562187035736243
    ],
    [
      1.6529506199573454,
      1.646553437108849
    ],
    [
      1.7479344211919483,
      1.7034313089150277
    ],
    [
      1.6162753174983207,
      1.7020993826862392
    ],
    [
      1.5614886912912656,
      1.5757594688742635
    ],
    [
      1.5339819288739434,
      1.629404614677306
    ],
    [
      1.6136703863824438,
      1.6077444671880377
    ],
    [
      1.5405326260696648,
      1.5472046392676002
    ],
    [
      1.4673150936829154,
      1.5693725153902829
    ],
    [
      1.3695318209211083,
      1.6244770005421754
    ],
    [
      1.3788334565844365,
      1.4755178568201466
    ],
    [
      1.446033218252045,
      1.3484492075185688
    ],
    [
      1.2524499448397166,
      1.3990883740155557
    ],
    [
      1.3125024449210343,
      1.4005321699557938
    ],
    [
      1.2264500903968407,
      1.2650254882447276
    ],
    [
      1.1904608870722617,
      1.1941758181247535
    ],
    [
      1.1400530555261315,
      1.2069975228675656
    ],
    [
      0.9892464319297211,
      1.1643156069190645
    ],
    [
      1.067037330954186,
      1.1577637287995106
    ],
    [
      0.9185995270282504,
      1.1201992715437536
    ],
    [
      0.8448094443748859,
      1.169181264059448
    ],
    [
      0.7641487919134944,
      0.973506772571027
    ],
    [
      0.8034107011139333,
      0.9691705374064191
    ],
    [
      0.803650116380033,
      0.9281284836686616
    ],
    [
      0.7488765729262467,
      0.8031009785945475
    ],
    [
      0.5878480390583896,
      0.7930938013267304
    ],
    [
      0.6222216824522515,
      0.8005552204678485
    ],
    [
      0.48688192953977566,
      0.741430102491898
    ],
    [
      0.4973370427663549,
      0.7263793603493545
    ],
    [
      0.4776641110440869,
      0.6317588134925053
    ],
    [
      0.357074574053327,
      0.48985632214019326
    ],
    [
      0.2668693414501595,
      0.5440120106788335
    ],
    [
      0.25231973099312643,
      0.6096696363571916
    ],
    [
      0.19184296895785619,
      0.4492880297069462
    ],
    [
      0.278213127836885,
      0.4022619487192622
    ],
    [
      0.12076488920645838,
      0.4627084926848021
    ],
    [
      0.13437401582568123,
      0.3733037432512946
    ],
    [
      0.17759840716950467,
      0.2744105854513965
    ],
    [
      0.12580233664774448,
      0.27527714257669333
    ],
    [
      0.059044362265878655,
      0.2367532433130251
    ],
    [
      -0.010717047229505422,
      0.246710453648998
    ],
    [
      0.06984836842693828,
      0.26517653931036944
    ],
    [
      0.0021328506953022883,
      0.13511248514996282
    ],
    [
      -0.04346019060909625,
      0.11394811150056787
    ],
    [
      -0.047686735847836684,
      0.03618816982309084
    ],
    [
      -0.05914089604363119,
      0.07923785330738298
    ],
    [
      -0.07696217394715177,
      0.01738477498506867
    ],
    [
      -0.04314957474113879,
      0.10345799655353478
    ],
    [
      -0.13194329072066838,
      0.013644140116978204
    ],
    [
      -0.20306024262080025,
      0.02726403690187739
    ],
    [
      -0.08035982052602576,
      -0.016588841859044873
    ],
    [
      -0.21869893516388622,
      -0.020829163578645626
    ],
    [
      -0.09481310996150827,
      0.04368103830016849
    ],
    [
      -0.1067042824531271,
      -0.033902882635668784
    ]
  ],
  "complexity": 0.23743656374346833
}