{
  "id": 3873,
  "wedge_count": 5,
  "parameters": {
    "rotation_speeds": [
      -2.422334057954204,
      -1.2382805479507362,
      1.5537777963329669,
      0.22736613065795552,
      -0.4503010829938403
    ],
    "phi_x": [
      -7.437410088936752,
      8.617460263378725,
      11.687946306954938,
      8.899978052886237,
      -1.6395982451839668
    ],
    "phi_y": [
      -6.753826583725818,
      -8.262519549648495,
      1.5787329734229338,
      10.138098687162472,
      -8.891319545532655
    ],
    "distances": [
      1.0,
      2.4650862227642585,
      2.430511230697689,
      4.390969443570837,
      2.3789217134150955,
      4.8298945773951605
    ],
    "refractive_indices": [
      1.0,
      1.5,
      1.5,
      1.5,
      1.5,
      1.5,
      1.0
    ],
    "wedgenum": 5
  },
  "pattern": [
    [
      3.378212079580325,
      3.323249425972533
    ],
    [
      3.265154450788709,
      3.339612240257895
    ],
    [
      3.1491810081971794,
      3.1800234224360024
    ],
    [
      3.0728584042846117,
      3.1954153030299848
    ],
    [
      3.102166904236691,
      3.1046144434029217
    ],
    [
      3.0093583544085387,
      2.9224240253498968
    ],
    [
      2.9388449126128595,
      2.912574321433202
    ],
    [
      2.829404233684151,
      2.838194281061713
    ],
    [
      2.766088686932831,
      2.8710279921178534
    ],
    [
      2.6407414028573735,
      2.638147971089971
    ],
    [
      2.5136490640596385,
      2.678345070385973
    ],
    [
      2.50680131221724,
      2.4853883164153125
    ],
    [
      2.392831212232415,
      2.4096868499515813
    ],
    [
      2.264467653598816,
      2.358743332052638
    ],
    [
      2.1193781633869557,
      2.326681286102442
    ],
    [
      2.0314766531023745,
      2.047006032774084
    ],
    [
      1.8894790104273662,
      2.0884763401246387
    ],
    [
      1.8996688351180202,
      2.0135137363400184
    ],
    [
      1.7390283229966468,
      1.8887191401546617
    ],
    [
      1.6213047017574496,
      1.8630718158914004
    ],
    [
      1.606917650491406,
      1.6505692355200405
    ],
    [
      1.478518453720495,
      1.6501618136962708
    ],
    [
      1.3604267169848359,
      1.6094897658766207
    ],
    [
      1.2533918115535456,
      1.4824931964044417
    ],
    [
      1.2036828755226356,
      1.3284858434467532
    ],
    [
      1.0583243938652644,
      1.3305812943960753
    ],
    [
      1.063046401945951,
      1.2345840942809472
    ],
    [
      0.8952275560869075,
      1.105258241974763
    ],
    [
      0.8835135981329911,
      1.0839903956131085
    ],
    [
      0.6622809442061937,
      0.907087519985412
    ],
    [
      0.6606317496285125,
      0.9061232750236503
    ],
    [
      0.6544788680607109,
      0.7454390607958375
    ],
    [
      0.4438819474206118,
      0.7529424797384909
    ],
    [
      0.44930335992064235,
      0.6420928762134691
    ],
    [
      0.4063294178585139,
      0.600238454844507
    ],
    [
      0.3521879224914039,
      0.5438536557270057
    ],
    [
      0.28174536740533346,
      0.36482148994669106
    ],
    [
      0.1935032468721059,
      0.39032260173231664
    ],
    [
      0.09203834287361373,
      0.39097845966213407
    ],
    [
      0.05585787011871925,
      0.30303512109379144
    ],
    [
      0.0532229741010935,
      0.2764560604287003
    ],
    [
      -0.036041412146390235,
      0.13647635544174805
    ],
    [
      -0.06894538550007759,
      0.1501016917770631
    ],
    [
      -0.03716607618535995,
      0.03308387236514294
    ],
    [
      -0.10035395226143272,
      0.056702091181553824
    ],
    [
      -0.11649336442560145,
      0.0345666139711831
    ],
    [
      -0.12400149271143872,
      -0.005855158799237037
    ],
    [
      -0.21067783576644594,
      -0.07126752455438813
    ],
    [
      -0.1411305569278383,
      -0.11766046261141716
    ],
    [
      -0.2284161316867362,
      -0.1341256008245783
    ],
    [
      -0.2543555178421787,
      -0.16613028645029437
    ],
    [
      -0.3071649810438826,
      -0.09711768336975743
    ],
    [
      -0.21708304930635236,
      -0.2227290359106765
    ],
    [
      -0.24479149331456124,
      -0.26253451295919356
    ],
    [
      -0.21665913588987912,
      -0.21405965399307636
    ],
    [
      -0.2702104638943736,
      -0.19721084876322745
    ],
    [
      -0.3375384084315053,
      -0.19293704033466835
    ],
    [
      -0.28819141979902746,
      -0.27903085238760206
    ],
    [
      -0.2811717065185376,
      -0.3177953040647173
    ],
    [
      -0.24468795554898345,
      -0.2701046754188954
    ]
  ],
  "complexity": 0.3452296203900643
}