{
  "id": 4518,
  "wedge_count": 6,
  "parameters": {
    "rotation_speeds": [
      -0.4454970890408516,
      1.8629124146720581,
      -2.4205259316402525,
      -1.2040440760796474,
      -1.730253630492856,
      -1.4044608955079674
    ],
    "phi_x": [
      -1.4829314887841356,
      7.878572888329018,
      0.5572248277877918,
      -11.21647023337049,
      7.732197462399007,
      14.195626099409175
    ],
    "phi_y": [
      -7.162932244152435,
      -10.498239981374045,
      -0.07755017042673096,
      3.8318210478649135,
      -6.715559442077257,
      8.067671502627945
    ],
    "distances": [
      1.0,
      5.380218057630698,
      6.162989496416446,
      2.627171986158719,
      4.756519260108139,
      3.360825555081012,
      6.842740047494127
    ],
    "refractive_indices": [
      1.0,
      1.5,
      1.5,
      1.5,
      1.5,
      1.5,
      1.5,
      1.0
    ],
    "wedgenum": 6
  },
  "pattern": [
    [
      3.330201587562433,
      3.391596814524507
    ],
    [
      3.3358369599140625,
      3.381286493875186
    ],
    [
      3.348553924451316,
      3.443812467648197
    ],
    [
      3.4969294608424053,
      3.5110391395213365
    ],
    [
      3.5298584157701978,
      3.473627902654095
    ],
    [
      3.511199334934874,
      3.484125559452989
    ],
    [
      3.5964690975376095,
      3.5464051886396044
    ],
    [
      3.5389232654041147,
      3.555635550934978
    ],
    [
      3.494046837565695,
      3.483017971696556
    ],
    [
      3.5358874807042073,
      3.4914488723788284
    ],
    [
      3.4367194353667077,
      3.518678639657045
    ],
    [
      3.4317635179193826,
      3.5606856039172126
    ],
    [
      3.559282503794611,
      3.540747254831027
    ],
    [
      3.4398756360902527,
      3.4076295221253057
    ],
    [
      3.373924369136207,
      3.381211369598355
    ],
    [
      3.336778113794135,
      3.4021162410149652
    ],
    [
      3.26197284747375,
      3.373164887616624
    ],
    [
      3.3012996377351986,
      3.31695268746767
    ],
    [
      3.1996308963011604,
      3.2152245564464583
    ],
    [
      3.1940947449682384,
      3.1411695672921693
    ],
    [
      3.0725441125343553,
      3.1174155655333964
    ],
    [
      2.926960185757889,
      3.0395874747978597
    ],
    [
      2.8472257176489904,
      2.9277488725974963
    ],
    [
      2.7942242833213338,
      2.8102751300463797
    ],
    [
      2.6540448858756323,
      2.814472070107091
    ],
    [
      2.6021833437631905,
      2.7855082660479793
    ],
    [
      2.491418612838512,
      2.5596457989614403
    ],
    [
      2.300632063635361,
      2.5381750174478586
    ],
    [
      2.1534491067357466,
      2.3477279863983
    ],
    [
      2.0520551266414078,
      2.3099284159308358
    ],
    [
      1.9944206653596055,
      2.1941700633017818
    ],
    [
      1.864710229689066,
      2.074870895890516
    ],
    [
      1.7064720378414684,
      1.986796004956469
    ],
    [
      1.5454182525542988,
      1.816397645116361
    ],
    [
      1.4613147985499841,
      1.7048535888611682
    ],
    [
      1.1695516471640912,
      1.4667394780388125
    ],
    [
      1.1060568136023676,
      1.3732931290429546
    ],
    [
      0.9975173744851178,
      1.3412128236612388
    ],
    [
      0.8223745083792129,
      1.1781672584328726
    ],
    [
      0.7276774748161953,
      1.0464566651171086
    ],
    [
      0.4732462027684231,
      0.9701151206922612
    ],
    [
      0.3746973490801948,
      0.8233445619300799
    ],
    [
      0.16222148647612536,
      0.6883662695952796
    ],
    [
      0.09610942286055929,
      0.5164953358828055
    ],
    [
      -0.011275000679752262,
      0.4044095702628064
    ],
    [
      -0.28604586080808475,
      0.21972738780055756
    ],
    [
      -0.38129926872486714,
      0.10869214555053076
    ],
    [
      -0.5994283419063355,
      -0.012951542678061097
    ],
    [
      -0.7527131533018252,
      -0.17647123455284228
    ],
    [
      -0.7986161685697479,
      -0.33028454565656146
    ],
    [
      -0.9983359334686219,
      -0.5300530711340636
    ],
    [
      -1.1716105007475424,
      -0.6535145765889225
    ],
    [
      -1.2879986115665671,
      -0.6325151483981839
    ],
    [
      -1.4177979900345317,
      -0.9021919143083864
    ],
    [
      -1.5127035852076902,
      -1.057747693214981
    ],
    [
      -1.6665236596106554,
      -1.0423469367902134
    ],
    [
      -1.6840529179997918,
      -1.286305768819129
    ],
    [
      -1.8920731856044744,
      -1.4360711391073193
    ],
    [
      -1.9673602398709564,
      -1.550511620772535
    ],
    [
      -2.0961788207852106,
      -1.5725153261951192
    ]
  ],
  "complexity": 0.40612152037823845
}