{
  "id": 1759,
  "wedge_count": 6,
  "parameters": {
    "rotation_speeds": [
      1.6806212919049042,
      0.5127847725131502,
      -2.7321529174281896,
      -2.405518317035946,
      1.0097037930338777,
      1.5707264128261613
    ],
    "phi_x": [
      -3.6542792388339187,
      6.734895655771737,
      2.6021633118157723,
      -7.008006405374662,
      -10.60488229434035,
      -10.955599438653412
    ],
    "phi_y": [
      -3.985385262040177,
      2.1580078135046463,
      3.1878702827748917,
      -14.364442419004842,
      12.87826608140898,
      14.227116270696566
    ],
    "distances": [
      1.0,
      2.831360244343477,
      6.050384999348195,
      4.826716021964949,
      4.710334341893775,
      5.143287678890151,
      5.0275030000789345
    ],
    "refractive_indices": [
      1.0,
      1.5,
      1.5,
      1.5,
      1.5,
      1.5,
      1.5,
      1.0
    ],
    "wedgenum": 6
  },
  "pattern": [
    [
      4.400829504286174,
      4.327427368360338
    ],
    [
      4.211903237452013,
      4.273120754846334
    ],
    [
      4.191784494873024,
      4.176304731407945
    ],
    [
      4.172496573161066,
      4.186342236657992
    ],
    [
      4.133990250806622,
      4.190098030402403
    ],
    [
      3.972047554076914,
      4.0621003392108905
    ],
    [
      4.035145822362342,
      4.033871589122046
    ],
    [
      3.9111447584393186,
      4.028641125442861
    ],
    [
      3.8753678812699452,
      3.883462693749759
    ],
    [
      3.6470089174912013,
      3.853200544358894
    ],
    [
      3.5563492754304065,
      3.7461977515906297
    ],
    [
      3.5767126760058554,
      3.6597430383099003
    ],
    [
      3.412443098693843,
      3.531814103601959
    ],
    [
      3.192642699767543,
      3.401194102893129
    ],
    [
      3.208613302853529,
      3.305875574479713
    ],
    [
      3.043313509510982,
      3.191074433401597
    ],
    [
      2.8939987997209857,
      3.064713327040783
    ],
    [
      2.7506489307146764,
      3.040148832266115
    ],
    [
      2.597197520879988,
      2.8015946854541403
    ],
    [
      2.4585440169897916,
      2.7889456516122073
    ],
    [
      2.410771153235811,
      2.753322312703558
    ],
    [
      2.189020566785149,
      2.559592026710376
    ],
    [
      2.1019295567025624,
      2.3737059999080636
    ],
    [
      1.9028671938863166,
      2.2239669447319166
    ],
    [
      1.807126331952344,
      2.20322394370966
    ],
    [
      1.5932034049622246,
      2.047729052852524
    ],
    [
      1.5029528435551145,
      1.979894344778309
    ],
    [
      1.3518121966308356,
      1.9028879566824364
    ],
    [
      1.1599171646955009,
      1.6311563967455904
    ],
    [
      1.0280005436832924,
      1.585646916105043
    ],
    [
      1.0283211996980481,
      1.4801759358224644
    ],
    [
      0.7893465871367104,
      1.3913810430486784
    ],
    [
      0.5735259919719726,
      1.19896880372552
    ],
    [
      0.6121178726273532,
      1.045813469424728
    ],
    [
      0.46553703989737516,
      0.960932715206051
    ],
    [
      0.25134367478722375,
      0.85446562457782
    ],
    [
      0.2644854331869313,
      0.8173991214242429
    ],
    [
      0.156969012514373,
      0.7349393589781468
    ],
    [
      -0.01942928561386485,
      0.6309476216961397
    ],
    [
      -0.24533006820210096,
      0.506346595513871
    ],
    [
      -0.23510251475109856,
      0.32596200205078757
    ],
    [
      -0.24746522027344786,
      0.1936641015550957
    ],
    [
      -0.3214216374181365,
      0.13887092894856243
    ],
    [
      -0.45577159969377984,
      0.10920317489774338
    ],
    [
      -0.5506774842163006,
      -0.03464836149687004
    ],
    [
      -0.6529618767563907,
      -0.027866457879039058
    ],
    [
      -0.7755088575174824,
      -0.16761833522169065
    ],
    [
      -0.7716119209262872,
      -0.28893647122706434
    ],
    [
      -0.8606773369486596,
      -0.28616667964537745
    ],
    [
      -0.9423878805045559,
      -0.3543340592688102
    ],
    [
      -0.8733193532502433,
      -0.4722204187863034
    ],
    [
      -1.0247381010997132,
      -0.4523447960818417
    ],
    [
      -0.9384129160492914,
      -0.47108567429661125
    ],
    [
      -1.0120719635919817,
      -0.5552947476669408
    ],
    [
      -1.1036732491372794,
      -0.6112694871656827
    ],
    [
      -1.204083823165804,
      -0.7376536079746805
    ],
    [
      -1.1620793966042609,
      -0.7964534971126241
    ],
    [
      -1.1452954341732189,
      -0.7187396057556232
    ],
    [
      -1.1006276702159974,
      -0.7568923043282956
    ],
    [
      -1.1542569280907922,
      -0.8255713576737715
    ]
  ],
  "complexity": 0.38588630350791253
}