{
  "id": 1989,
  "wedge_count": 1,
  "parameters": {
    "rotation_speeds": [
      0.14970693215225683
    ],
    "phi_x": [
      6.924837738784795
    ],
    "phi_y": [
      -11.500174966643236
    ],
    "distances": [
      1.0,
      6.6787177840859675
    ],
    "refractive_indices": [
      1.0,
      1.5,
      1.0
    ],
    "wedgenum": 1
  },
  "pattern": [
    [
      0.46293102484366905,
      0.45962371455855594
    ],
    [
      0.482949779775904,
      0.4698430805992555
    ],
    [
      0.4954988168790356,
      0.4885711544158016
    ],
    [
      0.5097757636561295,
      0.5143148227977675
    ],
    [
      0.532036237998902,
      0.5222265669768079
    ],
    [
      0.5437052306877909,
      0.5445090939024985
    ],
    [
      0.5591927375081205,
      0.5492771168593056
    ],
    [
      0.5775263239907851,
      0.5619009121005938
    ],
    [
      0.5936505480865195,
      0.5707401663126795
    ],
    [
      0.6025227263094896,
      0.5922758584841771
    ],
    [
      0.6234969663960036,
      0.608119560036621
    ],
    [
      0.6375598089768187,
      0.6260248788085669
    ],
    [
      0.654245107946622,
      0.6373011225372414
    ],
    [
      0.6600163773093694,
      0.6534439278589576
    ],
    [
      0.675231009312983,
      0.6629971549839945
    ],
    [
      0.6958476739446001,
      0.6702534582053802
    ],
    [
      0.7098754123001754,
      0.6867300779003613
    ],
    [
      0.7231632480434435,
      0.698876999161313
    ],
    [
      0.7270056448094367,
      0.7076466203861418
    ],
    [
      0.7434387684598687,
      0.7250003629844594
    ],
    [
      0.7575004270333828,
      0.727929197783466
    ],
    [
      0.7658594051920596,
      0.7472827495778841
    ],
    [
      0.7787788235783998,
      0.7603877252504181
    ],
    [
      0.7838599966393459,
      0.7622171749167658
    ],
    [
      0.8086399123510638,
      0.7699730784886016
    ],
    [
      0.8167484258931337,
      0.7865059921548637
    ],
    [
      0.8085685454021457,
      0.7986353843131372
    ],
    [
      0.8298364884615367,
      0.7996674830772187
    ],
    [
      0.8383467724900879,
      0.8165688336337965
    ],
    [
      0.845657961268743,
      0.8327666479383512
    ],
    [
      0.8555664590165323,
      0.8293216082155266
    ],
    [
      0.868186974144394,
      0.8470287886454999
    ],
    [
      0.8793345841442012,
      0.8487599344414202
    ],
    [
      0.8743024447289859,
      0.8626814747838474
    ],
    [
      0.8915241657981573,
      0.8650243220510034
    ],
    [
      0.884646749682531,
      0.8645281101408644
    ],
    [
      0.8923951676716328,
      0.8796873708170636
    ],
    [
      0.9018555907429867,
      0.8926855343678602
    ],
    [
      0.9040846549281736,
      0.8881776648603692
    ],
    [
      0.9111463714273784,
      0.8953977054670553
    ],
    [
      0.9084425364866205,
      0.9012410999768632
    ],
    [
      0.9203231023414137,
      0.9026574905765558
    ],
    [
      0.9145016565489551,
      0.9085140869377596
    ],
    [
      0.9278512031888408,
      0.9078242859874203
    ],
    [
      0.9311279768175473,
      0.9101111704928176
    ],
    [
      0.9320673359428027,
      0.920858706150596
    ],
    [
      0.9254406994684873,
      0.9238969135224968
    ],
    [
      0.9349813232007215,
      0.9191765562665416
    ],
    [
      0.9350149818795184,
      0.9337186193651925
    ],
    [
      0.9284884196172916,
      0.9346830663836841
    ],
    [
      0.9350774692891256,
      0.9257742287489091
    ],
    [
      0.9374101743856204,
      0.9406226925640382
    ],
    [
      0.9259885207407008,
      0.9353557763783238
    ],
    [
      0.9279684739514018,
      0.9418109688979353
    ],
    [
      0.9271031138860055,
      0.9341337260491976
    ],
    [
      0.9222786146026024,
      0.944683897278117
    ],
    [
      0.9234863265021842,
      0.9348071960497966
    ],
    [
      0.9192288148669521,
      0.9407262243402615
    ],
    [
      0.9175248328026301,
      0.9313953102174992
    ],
    [
      0.9146827752841054,
      0.9268279783410364
    ]
  ],
  "complexity": 0.17717172362911884
}