{
  "id": 2771,
  "wedge_count": 6,
  "parameters": {
    "rotation_speeds": [
      -1.1227149315572542,
      -1.1777225661216122,
      2.833039600438015,
      0.6700091095289213,
      -2.7156765191052683,
      -0.843519059023345
    ],
    "phi_x": [
      -9.411791163233799,
      0.07866845289762203,
      -6.683790862376348,
      -9.306504025381786,
      0.7087380318864867,
      12.422963923084094
    ],
    "phi_y": [
      -9.836988424732198,
      10.654378372223618,
      -5.573286038601275,
      2.6536237502510183,
      13.600088802909102,
      -7.268260844890776
    ],
    "distances": [
      1.0,
      2.284567725845569,
      2.5621335197771247,
      6.585188067696262,
      6.3816058711252825,
      3.660450650322664,
      7.250006072811887
    ],
    "refractive_indices": [
      1.0,
      1.5,
      1.5,
      1.5,
      1.5,
      1.5,
      1.5,
      1.0
    ],
    "wedgenum": 6
  },
  "pattern": [
    [
      3.6452351287962523,
      3.5742438417799565
    ],
    [
      3.5017342894330423,
      3.5200796385243613
    ],
    [
      3.4065045182462534,
      3.3478994634891572
    ],
    [
      3.356005493893565,
      3.3355861787215346
    ],
    [
      3.2779359876441307,
      3.3333519418765993
    ],
    [
      3.1072682883299296,
      3.165459739878493
    ],
    [
      3.1545672152164985,
      3.089559386317199
    ],
    [
      2.8966530542617734,
      3.006036554461972
    ],
    [
      2.9450279891303035,
      2.8984747823523547
    ],
    [
      2.7668743052172298,
      2.775666306554351
    ],
    [
      2.6622971971977827,
      2.843985026933334
    ],
    [
      2.399317024202915,
      2.5635588213863993
    ],
    [
      2.242786108264419,
      2.4634106829651117
    ],
    [
      2.3015098012298796,
      2.3059428742148715
    ],
    [
      2.1456655127550266,
      2.318858785421018
    ],
    [
      1.9994423803546593,
      2.2072928281648636
    ],
    [
      1.8045464119740275,
      2.0709690580013875
    ],
    [
      1.7451106578756266,
      1.8616301583152153
    ],
    [
      1.5141975687937184,
      1.7213619315665392
    ],
    [
      1.302855728816154,
      1.663855999493207
    ],
    [
      1.1717106018835408,
      1.453475044737219
    ],
    [
      1.1023588182006399,
      1.3555078604627975
    ],
    [
      0.9173596330195398,
      1.1684441568481787
    ],
    [
      0.7701989533669296,
      1.0597048326699174
    ],
    [
      0.624765105608224,
      0.9340447031567206
    ],
    [
      0.5840536576236329,
      0.8808388841038564
    ],
    [
      0.38403856892171195,
      0.660776212818439
    ],
    [
      0.2179138316777534,
      0.6228817008559342
    ],
    [
      0.14072726613375428,
      0.4920571756002567
    ],
    [
      -0.06252786742859487,
      0.3684317607657704
    ],
    [
      -0.12209273362212546,
      0.2327646331990217
    ],
    [
      -0.13872962015857968,
      0.11278909491856505
    ],
    [
      -0.2964941719789507,
      -0.0327660348162587
    ],
    [
      -0.42007740582887443,
      -0.05223087123500892
    ],
    [
      -0.635622905927697,
      -0.1245240745903844
    ],
    [
      -0.6520266267857483,
      -0.2981262787982424
    ],
    [
      -0.7204257368061826,
      -0.44239001793706884
    ],
    [
      -0.7726081490782217,
      -0.5607808718343933
    ],
    [
      -0.8557189600374193,
      -0.5256315086664768
    ],
    [
      -0.967104960013345,
      -0.7508774612580857
    ],
    [
      -1.0886705744941612,
      -0.7083986875654361
    ],
    [
      -1.0437299079649756,
      -0.74414864972844
    ],
    [
      -1.080355554720569,
      -0.8654279928589652
    ],
    [
      -1.1560122757124984,
      -1.0107142495834587
    ],
    [
      -1.2288372586354854,
      -1.0309737227260352
    ],
    [
      -1.1747066534838864,
      -0.9798179823744622
    ],
    [
      -1.212800720835233,
      -1.0623277995842104
    ],
    [
      -1.2087949647968477,
      -1.2162309695910003
    ],
    [
      -1.3265848668336497,
      -1.104875683776537
    ],
    [
      -1.1759953018685858,
      -1.0753637664447908
    ],
    [
      -1.2479631993869655,
      -1.1756539896292484
    ],
    [
      -1.214817739056672,
      -1.0762939772171147
    ],
    [
      -1.1453561481151675,
      -1.1835510887128124
    ],
    [
      -1.1323403635626066,
      -1.158345702033887
    ],
    [
      -1.1001505176858137,
      -1.1395122529711286
    ],
    [
      -1.0406102403617976,
      -1.0777150175344399
    ],
    [
      -0.9206728374432694,
      -1.1128429518669158
    ],
    [
      -0.9751503173337233,
      -1.073997470824948
    ],
    [
      -0.8759056242638388,
      -1.1504421232773072
    ],
    [
      -0.7943184149971632,
      -1.0945960343773657
    ]
  ],
  "complexity": 0.35118594911704015
}