{
  "id": 3010,
  "wedge_count": 1,
  "parameters": {
    "rotation_speeds": [
      -2.567104031869729
    ],
    "phi_x": [
      -11.688181252038113
    ],
    "phi_y": [
      13.251713359015099
    ],
    "distances": [
      1.0,
      6.389266254992156
    ],
    "refractive_indices": [
      1.0,
      1.5,
      1.0
    ],
    "wedgenum": 1
  },
  "pattern": [
    [
      0.7883967308830323,
      0.7746528071272004
    ],
    [
      0.7014735247359574,
      0.7253967383836389
    ],
    [
      0.6497854880205546,
      0.6612726033939709
    ],
    [
      0.567965944677822,
      0.5928138640011287
    ],
    [
      0.4837549656958805,
      0.5210490397491429
    ],
    [
      0.4175546475053774,
      0.44939996802114823
    ],
    [
      0.3259753888198036,
      0.3741366900178642
    ],
    [
      0.25203607354431345,
      0.305136958771074
    ],
    [
      0.16747098836133817,
      0.2409533289356791
    ],
    [
      0.0949555296135118,
      0.1481408832760101
    ],
    [
      0.008363067274399548,
      0.07751063439990213
    ],
    [
      -0.0678265120998225,
      0.010705806476671083
    ],
    [
      -0.15250496357491683,
      -0.06784278956195121
    ],
    [
      -0.24054248971572173,
      -0.12819301016995327
    ],
    [
      -0.31078061499335435,
      -0.20665274220520882
    ],
    [
      -0.37932190368324914,
      -0.26776457218720395
    ],
    [
      -0.4573149089878278,
      -0.34281509823527134
    ],
    [
      -0.5172486125999995,
      -0.4057709705744916
    ],
    [
      -0.5941837161626764,
      -0.477580476240818
    ],
    [
      -0.6607726994640403,
      -0.5383397927985942
    ],
    [
      -0.714555747636409,
      -0.5979865954824787
    ],
    [
      -0.7627443480944317,
      -0.657854529570956
    ],
    [
      -0.8167433320411264,
      -0.7017273178178897
    ],
    [
      -0.8701929955275886,
      -0.7527680347558069
    ],
    [
      -0.9158766972435155,
      -0.7986263952253927
    ],
    [
      -0.9299034466176609,
      -0.8328947664122303
    ],
    [
      -0.9706349154942361,
      -0.8744796340970048
    ],
    [
      -0.9898346064475393,
      -0.9125983060188883
    ],
    [
      -1.01415646375504,
      -0.9493850860400088
    ],
    [
      -1.0301442656704574,
      -0.9747094323361699
    ],
    [
      -1.052141304249527,
      -1.0020955849239663
    ],
    [
      -1.0520050441869635,
      -1.0102461295277292
    ],
    [
      -1.0531252003088012,
      -1.0238773183991592
    ],
    [
      -1.0372232084903386,
      -1.028690832018248
    ],
    [
      -1.0354695728133463,
      -1.0280542729609676
    ],
    [
      -1.0065984689710459,
      -1.025101761655059
    ],
    [
      -0.9847789204969342,
      -1.026550104852842
    ],
    [
      -0.9611832726933901,
      -1.0137683516262814
    ],
    [
      -0.9178172228367109,
      -1.0082656966899466
    ],
    [
      -0.8924110381822199,
      -0.9946305999706468
    ],
    [
      -0.8514160451657736,
      -0.9618184463435211
    ],
    [
      -0.806128923884725,
      -0.938218386039842
    ],
    [
      -0.7501614387186952,
      -0.9099235342279943
    ],
    [
      -0.7057045948913733,
      -0.8726051453892026
    ],
    [
      -0.6488332250941931,
      -0.8444175969126066
    ],
    [
      -0.5836154155443163,
      -0.7865682204002475
    ],
    [
      -0.5336092288649479,
      -0.7579259744435223
    ],
    [
      -0.47053188742231683,
      -0.713320697483621
    ],
    [
      -0.39746608653096344,
      -0.6592260111231575
    ],
    [
      -0.33487070308700767,
      -0.6073153930396196
    ],
    [
      -0.268557379561648,
      -0.5568352401255534
    ],
    [
      -0.20658577281113022,
      -0.511386334715195
    ],
    [
      -0.1411529515592656,
      -0.4427423694023097
    ],
    [
      -0.051210522913458206,
      -0.3961619719233529
    ],
    [
      0.002195722984958867,
      -0.3273687592605401
    ],
    [
      0.08248169766989094,
      -0.26856595404816674
    ],
    [
      0.14307509478345645,
      -0.20698727307606668
    ],
    [
      0.21024533967188727,
      -0.15302887260906164
    ],
    [
      0.2628372511342601,
      -0.09405279322140869
    ],
    [
      0.32679863414974747,
      -0.039830410441539746
    ]
  ],
  "complexity": 0.2176803667577125
}