{
  "id": 1475,
  "wedge_count": 4,
  "parameters": {
    "rotation_speeds": [
      1.4492232113224706,
      -0.35664292724710567,
      2.5781293722729597,
      -1.7339138614638443
    ],
    "phi_x": [
      0.8744827995623563,
      6.078470177739177,
      -4.444405566567603,
      -5.543287783830365
    ],
    "phi_y": [
      2.1370636486842756,
      10.073902908242918,
      14.357933191773917,
      -0.1388356504010151
    ],
    "distances": [
      1.0,
      2.4941068142547707,
      3.8388121025855018,
      7.490469175574006,
      3.686933098923893
    ],
    "refractive_indices": [
      1.0,
      1.5,
      1.5,
      1.5,
      1.5,
      1.0
    ],
    "wedgenum": 4
  },
  "pattern": [
    [
      1.5684778584113184,
      1.5983808856401736
    ],
    [
      1.6166761620546766,
      1.5578956893177234
    ],
    [
      1.725792135195148,
      1.665370028180465
    ],
    [
      1.7250213126661351,
      1.752969320337502
    ],
    [
      1.7839727014176519,
      1.7491983812821543
    ],
    [
      1.839103013569357,
      1.8445411763708546
    ],
    [
      1.901883307538473,
      1.8104502569326362
    ],
    [
      1.9080306235958158,
      1.8510642884854986
    ],
    [
      1.9644391076443286,
      1.8470645657936848
    ],
    [
      2.0625833380742478,
      2.0512408451992963
    ],
    [
      1.917724237793007,
      1.9535941431319062
    ],
    [
      2.0097649750384896,
      2.0153211223380274
    ],
    [
      2.0578159878864355,
      2.0181247960103628
    ],
    [
      2.092101288189743,
      1.9759658715841928
    ],
    [
      2.0806744383956253,
      2.0258187263636906
    ],
    [
      1.9208514179747431,
      1.9099093447491022
    ],
    [
      1.9729899163839133,
      1.9441808404032568
    ],
    [
      1.8663229303835622,
      1.930005162459491
    ],
    [
      1.8593327074534514,
      1.8601545083129016
    ],
    [
      1.7334192054286233,
      1.9385292186124956
    ],
    [
      1.8401091120227817,
      1.8799850352614553
    ],
    [
      1.7260035251933152,
      1.871838585270837
    ],
    [
      1.6092983120388384,
      1.7499085617442172
    ],
    [
      1.562512480100989,
      1.6677577551374352
    ],
    [
      1.4670306400169142,
      1.7146142381181704
    ],
    [
      1.3187257108987116,
      1.6294461359505863
    ],
    [
      1.3232558635843576,
      1.5891132190194415
    ],
    [
      1.2894197867879593,
      1.4526931084871917
    ],
    [
      1.197270877980185,
      1.4290653003791398
    ],
    [
      0.9552018389592934,
      1.349901366460263
    ],
    [
      0.9440028148851733,
      1.2309924888173744
    ],
    [
      0.7591069840364968,
      1.1132157153750446
    ],
    [
      0.8859948241215725,
      1.0402236077298945
    ],
    [
      0.6229548596591306,
      0.9675682738860713
    ],
    [
      0.5975742587782408,
      0.8815063817009697
    ],
    [
      0.44314534164983244,
      0.7828702160411497
    ],
    [
      0.35308238110119305,
      0.7110955457590434
    ],
    [
      0.1692818724230642,
      0.6239313616793506
    ],
    [
      0.1480314277640145,
      0.48226399946912235
    ],
    [
      0.10806630245398001,
      0.4643359809364368
    ],
    [
      -0.032661762773833064,
      0.36765707157041155
    ],
    [
      -0.0990550046024912,
      0.284427770032595
    ],
    [
      -0.24540751260727958,
      0.16691093300074517
    ],
    [
      -0.23671552387266367,
      0.10637582194994408
    ],
    [
      -0.3362420422837139,
      -0.05576544054392329
    ],
    [
      -0.4330613454413126,
      -0.14426732594869038
    ],
    [
      -0.5341623232492968,
      -0.2127156307517601
    ],
    [
      -0.7435106813725059,
      -0.16086760276723905
    ],
    [
      -0.6043154455062526,
      -0.35199076765697607
    ],
    [
      -0.7788040489899681,
      -0.4146195070441103
    ],
    [
      -0.8044253101218081,
      -0.5880595041769001
    ],
    [
      -0.8350283701155041,
      -0.5257526750857371
    ],
    [
      -0.9935700625269847,
      -0.6639067254032505
    ],
    [
      -0.9399168215818182,
      -0.6564667483167559
    ],
    [
      -0.9869386035557262,
      -0.7482355210520952
    ],
    [
      -1.0724967388139865,
      -0.8031309395171401
    ],
    [
      -1.0429958827632482,
      -0.8661290405065573
    ],
    [
      -1.0531934872554505,
      -0.9752849359375886
    ],
    [
      -1.1090559904600075,
      -0.8966637081763873
    ],
    [
      -1.0377777650997606,
      -0.9836174528796787
    ]
  ],
  "complexity": 0.2920374415874716
}