{
  "id": 4059,
  "wedge_count": 2,
  "parameters": {
    "rotation_speeds": [
      1.478067492612647,
      -0.6208588545078908
    ],
    "phi_x": [
      -4.6076562850298295,
      -8.89263862464837
    ],
    "phi_y": [
      -14.510585318195648,
      5.243048102087762
    ],
    "distances": [
      1.0,
      5.32438785315048,
      6.57354413326216
    ],
    "refractive_indices": [
      1.0,
      1.5,
      1.5,
      1.0
    ],
    "wedgenum": 2
  },
  "pattern": [
    [
      1.0050828288562683,
      0.9755579604680972
    ],
    [
      1.0581933032594013,
      0.9631745490398309
    ],
    [
      1.1770932165676424,
      1.0378082252931842
    ],
    [
      1.2621398875489087,
      1.1486231808948297
    ],
    [
      1.1719952125739674,
      1.1746831127416135
    ],
    [
      1.2096175513425806,
      1.2314957826674537
    ],
    [
      1.2684360599043365,
      1.2345907259695486
    ],
    [
      1.3100556200670133,
      1.3766387444233907
    ],
    [
      1.421311708455492,
      1.246518221386676
    ],
    [
      1.5390376276951094,
      1.4047808586150778
    ],
    [
      1.5385518957612028,
      1.4365682546896321
    ],
    [
      1.4357714164364952,
      1.433322466153104
    ],
    [
      1.463106933379977,
      1.4885587171121488
    ],
    [
      1.5282397198707887,
      1.525312112794209
    ],
    [
      1.499597641806838,
      1.47531878932092
    ],
    [
      1.4646970819951155,
      1.5150831972552397
    ],
    [
      1.5511674326817906,
      1.4402887865803455
    ],
    [
      1.4629273505788927,
      1.5304756665813022
    ],
    [
      1.5530423978728207,
      1.4900378174544406
    ],
    [
      1.4740199575400288,
      1.5302191376531817
    ],
    [
      1.4237435346793947,
      1.4618350823326047
    ],
    [
      1.504356586360486,
      1.4028461223598072
    ],
    [
      1.4534047938069437,
      1.4480104616556688
    ],
    [
      1.274966036954253,
      1.3815725345318197
    ],
    [
      1.2204881641577763,
      1.4314706671453576
    ],
    [
      1.1914793373386925,
      1.37064548744346
    ],
    [
      1.106467574167789,
      1.3028642061468085
    ],
    [
      0.9659650792312117,
      1.1706355258885444
    ],
    [
      0.9454569079218293,
      1.1540845760784466
    ],
    [
      0.9758549649858619,
      1.1441785704544685
    ],
    [
      0.8111811887560735,
      1.081805227455561
    ],
    [
      0.7682244541266828,
      0.9987934026058699
    ],
    [
      0.7448867733834124,
      0.8959353152718155
    ],
    [
      0.5558383772669001,
      0.8870677976066225
    ],
    [
      0.5123984344222309,
      0.827091375533511
    ],
    [
      0.38520902809077423,
      0.7188409880277531
    ],
    [
      0.2859115319654037,
      0.5767295599092357
    ],
    [
      0.1523395409683201,
      0.6141078787366137
    ],
    [
      0.03798609559170829,
      0.4691633174520512
    ],
    [
      -0.042185504944876856,
      0.42638592043056245
    ],
    [
      -0.040255610355505025,
      0.338108641608129
    ],
    [
      -0.24879312059199715,
      0.22679377813882565
    ],
    [
      -0.3093441194096193,
      0.13023008068097996
    ],
    [
      -0.3030524694134593,
      0.015082053459878359
    ],
    [
      -0.4665747302349051,
      -0.017905595472773025
    ],
    [
      -0.5662425114276577,
      -0.20645836962216443
    ],
    [
      -0.7235605272293486,
      -0.16295342344969105
    ],
    [
      -0.7256922106144592,
      -0.3871283513525696
    ],
    [
      -0.8480390503026191,
      -0.38729638780946196
    ],
    [
      -0.8879422180035639,
      -0.563653382716498
    ],
    [
      -0.9882884488761845,
      -0.6031465314389269
    ],
    [
      -1.051916014975821,
      -0.6907174410443875
    ],
    [
      -1.0369140080381203,
      -0.768005931862863
    ],
    [
      -1.1530458957960674,
      -0.8142827472757787
    ],
    [
      -1.1513682443117776,
      -0.8741032459400228
    ],
    [
      -1.2020610809420518,
      -1.002663878512662
    ],
    [
      -1.3798938715918625,
      -1.0267130237930782
    ],
    [
      -1.2960819066517764,
      -1.1223008414835471
    ],
    [
      -1.4201776812927376,
      -1.240640797538725
    ],
    [
      -1.4802317884836944,
      -1.249513356712558
    ]
  ],
  "complexity": 0.26776696181052084
}