{
  "id": 1341,
  "wedge_count": 6,
  "parameters": {
    "rotation_speeds": [
      -1.8092557663128468,
      -1.0097941523253176,
      2.3187308759831105,
      2.699947457933142,
      2.641664334039673,
      -2.458245269181279
    ],
    "phi_x": [
      -3.977422759572134,
      11.053597262430564,
      8.747455577954206,
      3.3203506697785414,
      5.109363440572977,
      0.11881282948769112
    ],
    "phi_y": [
      10.907012165897726,
      13.29595524500208,
      1.2767737716472745,
      6.109332520563363,
      9.219304570576696,
      -10.231142685562151
    ],
    "distances": [
      1.0,
      5.102026573212024,
      5.975072178963577,
      2.3489475354281892,
      5.616349869109026,
      7.559869843034416,
      5.846521578053059
    ],
    "refractive_indices": [
      1.0,
      1.5,
      1.5,
      1.5,
      1.5,
      1.5,
      1.5,
      1.0
    ],
    "wedgenum": 6
  },
  "pattern": [
    [
      3.516918462448142,
      3.4251450723752956
    ],
    [
      3.469210649528665,
      3.3962790765897704
    ],
    [
      3.394439159771421,
      3.3605128871444485
    ],
    [
      3.312991072792266,
      3.2972699364319116
    ],
    [
      3.1754314085104425,
      3.1216701912877753
    ],
    [
      3.1365734770558937,
      3.103993672515167
    ],
    [
      2.9685293183568406,
      2.9428346222512616
    ],
    [
      2.8664997013383995,
      2.9030749286109554
    ],
    [
      2.7538899537731476,
      2.7924394686436673
    ],
    [
      2.538280400531497,
      2.6036368455900014
    ],
    [
      2.3731539088109415,
      2.476732593433674
    ],
    [
      2.199224703730959,
      2.336069352597639
    ],
    [
      2.0305481645449617,
      2.168428388921492
    ],
    [
      1.851476488069139,
      2.009532835330723
    ],
    [
      1.627542509981476,
      1.859882450726534
    ],
    [
      1.468242222659509,
      1.7033262260893471
    ],
    [
      1.376383407882803,
      1.5248387690648566
    ],
    [
      1.0514615575880428,
      1.326712616028547
    ],
    [
      0.7976591768196404,
      1.187776444701328
    ],
    [
      0.5961411089097362,
      0.9337275637548353
    ],
    [
      0.451940083516979,
      0.7757107664168096
    ],
    [
      0.2660582053748797,
      0.6134566453688464
    ],
    [
      -0.0772640831445875,
      0.5368286711757368
    ],
    [
      -0.2469184769294952,
      0.19365022033334198
    ],
    [
      -0.3804028963668889,
      0.021196290576978086
    ],
    [
      -0.683841246712079,
      -0.13379439863729914
    ],
    [
      -0.9508160905414416,
      -0.3363863264029562
    ],
    [
      -1.140460585807462,
      -0.4612694850011665
    ],
    [
      -1.3445142805926145,
      -0.847906909567759
    ],
    [
      -1.515547363052897,
      -0.9373045525975211
    ],
    [
      -1.76205272311884,
      -1.1801899260744229
    ],
    [
      -1.9462181449269906,
      -1.3290349533444072
    ],
    [
      -2.092847280371203,
      -1.4486893018706082
    ],
    [
      -2.3148688663429406,
      -1.6939760101322971
    ],
    [
      -2.475535800102417,
      -1.763203801765233
    ],
    [
      -2.626943116527127,
      -2.056042708209721
    ],
    [
      -2.7321198267300715,
      -2.088236036131947
    ],
    [
      -2.8433860528196897,
      -2.352830029742535
    ],
    [
      -3.00189527388759,
      -2.430809948785133
    ],
    [
      -3.1881600512910837,
      -2.6377710404834787
    ],
    [
      -3.2477235125374007,
      -2.6691972728381446
    ],
    [
      -3.279756080291988,
      -2.8389705247830195
    ],
    [
      -3.384438120637857,
      -2.8911761296020493
    ],
    [
      -3.4487642086744352,
      -3.0608476184333657
    ],
    [
      -3.497277287039267,
      -3.2082894750499085
    ],
    [
      -3.534421860306721,
      -3.266264333721399
    ],
    [
      -3.540327791847795,
      -3.328414911288819
    ],
    [
      -3.4872119120997205,
      -3.406452235965138
    ],
    [
      -3.5925389484544206,
      -3.3797499274616656
    ],
    [
      -3.533932187371504,
      -3.4503939931675913
    ],
    [
      -3.502467941979327,
      -3.534265643538078
    ],
    [
      -3.4400934497976645,
      -3.5391931695793146
    ],
    [
      -3.448760571095749,
      -3.6452656829026093
    ],
    [
      -3.3856883273124607,
      -3.494613705813737
    ],
    [
      -3.344044816453384,
      -3.5173311458842775
    ],
    [
      -3.1633988349799482,
      -3.4687705654667638
    ],
    [
      -2.9545343309111423,
      -3.392926002231001
    ],
    [
      -2.950826168420007,
      -3.4784312245710054
    ],
    [
      -2.816083944254878,
      -3.392655114154048
    ],
    [
      -2.6088437315494097,
      -3.267304203949059
    ]
  ],
  "complexity": 0.45649383721397124
}