{
  "id": 3398,
  "wedge_count": 3,
  "parameters": {
    "rotation_speeds": [
      -2.5041339252184187,
      2.3205070401950705,
      -1.633775294248967
    ],
    "phi_x": [
      -5.505709829820965,
      -10.413772496385318,
      -4.23582783001592
    ],
    "phi_y": [
      11.304338878245797,
      7.842558916696426,
      2.244227586614546
    ],
    "distances": [
      1.0,
      6.299722699750458,
      6.0654573694584535,
      3.3606600125674246
    ],
    "refractive_indices": [
      1.0,
      1.5,
      1.5,
      1.5,
      1.0
    ],
    "wedgenum": 3
  },
  "pattern": [
    [
      1.5730355918016463,
      1.4832167179761448
    ],
    [
      1.5305528191334217,
      1.4822478380670052
    ],
    [
      1.3749823935509657,
      1.4171976216350437
    ],
    [
      1.3668979709240112,
      1.4137037005988216
    ],
    [
      1.2773819593678009,
      1.3583457536379928
    ],
    [
      1.1716757862834413,
      1.3003700535909517
    ],
    [
      1.2443817883221828,
      1.146743263978939
    ],
    [
      1.1090069936613784,
      1.108177305469906
    ],
    [
      1.068750259526399,
      1.1051948434863341
    ],
    [
      0.9646193768842479,
      1.0941541478183037
    ],
    [
      0.8801770672481246,
      0.9196610373522207
    ],
    [
      0.8282638513903782,
      0.9688830699013191
    ],
    [
      0.7029338434493211,
      0.8527392939953461
    ],
    [
      0.6869223300154604,
      0.7217980244438638
    ],
    [
      0.6346728964589012,
      0.8055600284362844
    ],
    [
      0.5679005932060375,
      0.7634311482742008
    ],
    [
      0.46122581598903395,
      0.570093665776397
    ],
    [
      0.27584406979659654,
      0.4933931703037217
    ],
    [
      0.2883527497133328,
      0.4326944284400226
    ],
    [
      0.2085004082227078,
      0.40804024195686733
    ],
    [
      0.13965189756897478,
      0.20675693571825465
    ],
    [
      -0.02509201678272225,
      0.19077125692948224
    ],
    [
      -0.030550397149268285,
      0.15751677337305076
    ],
    [
      -0.1732619159802214,
      0.10381861011178174
    ],
    [
      -0.22851035666712996,
      -0.11809075867196267
    ],
    [
      -0.3097591778665548,
      -0.09646631981823153
    ],
    [
      -0.2960489097545121,
      -0.21995783958215448
    ],
    [
      -0.46725990204593726,
      -0.26269128155332133
    ],
    [
      -0.4728741870034736,
      -0.35705732574139376
    ],
    [
      -0.6390332545166634,
      -0.34542346133555446
    ],
    [
      -0.6515404702050681,
      -0.47451736185943183
    ],
    [
      -0.8189959073594273,
      -0.5187810879908732
    ],
    [
      -0.7731097528698472,
      -0.658527891263651
    ],
    [
      -0.9251131941561704,
      -0.7349227258946234
    ],
    [
      -0.8689215502961133,
      -0.6530163581710394
    ],
    [
      -0.9133054248966255,
      -0.7795439912328036
    ],
    [
      -0.974589197263827,
      -0.8017774407228524
    ],
    [
      -0.9858761284284199,
      -0.83046623314819
    ],
    [
      -1.0873889364359282,
      -0.8221840913830454
    ],
    [
      -1.0375193716409299,
      -0.9380781262267863
    ],
    [
      -1.1685607478178122,
      -0.9138261729390674
    ],
    [
      -1.1271346749610764,
      -0.9963861246984397
    ],
    [
      -1.0937505777405012,
      -1.004626892110273
    ],
    [
      -1.113767380381803,
      -1.1079863313193874
    ],
    [
      -1.0961892938279576,
      -1.0373202228520821
    ],
    [
      -1.1001706974237866,
      -1.0962469847323384
    ],
    [
      -1.158076786140621,
      -1.0655366342192305
    ],
    [
      -1.1226763980711378,
      -1.14290996801667
    ],
    [
      -1.1822720064101648,
      -1.1260932574640992
    ],
    [
      -1.1126881230423808,
      -1.139522999558065
    ],
    [
      -1.1103560031932906,
      -1.2441221256926784
    ],
    [
      -1.0104923118209446,
      -1.1378496907462081
    ],
    [
      -1.070321296260906,
      -1.1239431853081219
    ],
    [
      -1.0030437494807325,
      -1.1251966255765111
    ],
    [
      -0.9512577794208773,
      -1.1557377645695992
    ],
    [
      -0.9770531062302337,
      -1.1227263348467937
    ],
    [
      -0.8603295162056365,
      -0.9500320886712803
    ],
    [
      -0.8356065394044623,
      -1.1027771195621399
    ],
    [
      -0.8871676450679569,
      -1.039851186046672
    ],
    [
      -0.7129341191049237,
      -1.0237882124416067
    ]
  ],
  "complexity": 0.2703813847354083
}