{
  "id": 2280,
  "wedge_count": 4,
  "parameters": {
    "rotation_speeds": [
      -2.774744829884249,
      -2.293415129399315,
      0.6653879201919941,
      -0.917494689707719
    ],
    "phi_x": [
      11.335973669694699,
      3.3702380112585963,
      -9.350355329465367,
      -0.8654146588278415
    ],
    "phi_y": [
      9.819021262350763,
      -3.025874154948264,
      -14.799257988645342,
      10.852858102039484
    ],
    "distances": [
      1.0,
      4.01502784008725,
      5.514824612115055,
      7.8612297277921455,
      5.226896839904342
    ],
    "refractive_indices": [
      1.0,
      1.5,
      1.5,
      1.5,
      1.5,
      1.0
    ],
    "wedgenum": 4
  },
  "pattern": [
    [
      2.5068922862436627,
      2.3916686277200068
    ],
    [
      2.4419290032935463,
      2.437998440696256
    ],
    [
      2.326203725241096,
      2.298498948937468
    ],
    [
      2.3436402332297255,
      2.326743742147732
    ],
    [
      2.3321838203109286,
      2.2129817925964876
    ],
    [
      2.066550247641495,
      2.16063713517537
    ],
    [
      1.9838413722849921,
      2.0615867569764186
    ],
    [
      1.9494533074831342,
      1.8314647341361372
    ],
    [
      1.8398187311973133,
      1.9113240326563377
    ],
    [
      1.8082038331567434,
      1.8186106819326973
    ],
    [
      1.6738209156848427,
      1.7790100889630038
    ],
    [
      1.5861701568354238,
      1.7420111114909
    ],
    [
      1.4948729905049836,
      1.5689633784717227
    ],
    [
      1.4665404741363175,
      1.4967253353005572
    ],
    [
      1.3160759871675116,
      1.3864613821942942
    ],
    [
      1.2153323902897717,
      1.3686156433565544
    ],
    [
      1.260482545146695,
      1.2114886740061745
    ],
    [
      1.1154491272878053,
      1.189278238633814
    ],
    [
      1.0219828695166786,
      1.1431720430387424
    ],
    [
      0.9178469507288022,
      1.129404933910054
    ],
    [
      0.855684650283979,
      0.945922290089947
    ],
    [
      0.7475141996064968,
      0.7545825075677289
    ],
    [
      0.6530614735902021,
      0.6705352677188108
    ],
    [
      0.605287479643171,
      0.6482139266987752
    ],
    [
      0.46234086050466183,
      0.5630881552782023
    ],
    [
      0.5094690613847658,
      0.6377490646719286
    ],
    [
      0.3716370519660214,
      0.4941492434844114
    ],
    [
      0.24809014764195558,
      0.4994993684759485
    ],
    [
      0.32952648542507634,
      0.4993819289659535
    ],
    [
      0.2623575888055896,
      0.3436623179141124
    ],
    [
      0.19430440342767089,
      0.28697997445462925
    ],
    [
      0.12997377616643624,
      0.18908139103927651
    ],
    [
      0.14349680359120962,
      0.22371399212546744
    ],
    [
      0.08538026774544387,
      0.18604349595591496
    ],
    [
      0.02779033770505527,
      0.1356367015621694
    ],
    [
      0.000508565456992266,
      0.05441386783705001
    ],
    [
      0.09042542095747849,
      0.16957322073335063
    ],
    [
      0.0119328246287084,
      0.031537437283897254
    ],
    [
      -0.03419365061003442,
      -0.006385668772393334
    ],
    [
      -0.08567939492194293,
      0.03276880207076462
    ],
    [
      0.004616773915704111,
      -0.06852674124904631
    ],
    [
      0.018628712207073364,
      0.06735316980583772
    ],
    [
      0.051545550429189325,
      -0.011679137267052456
    ],
    [
      0.062101683497719086,
      -0.09532481503998635
    ],
    [
      0.05493630968614983,
      0.039790748961627126
    ],
    [
      0.04930178629721339,
      -0.058400977608232124
    ],
    [
      0.0315851211665079,
      -0.01155463188512361
    ],
    [
      0.1847201672970829,
      0.04763949669160497
    ],
    [
      0.1966564230130401,
      0.04540660848512879
    ],
    [
      0.14568645560538504,
      0.03320154504267146
    ],
    [
      0.3035027290398861,
      -0.005157018337377986
    ],
    [
      0.21192425992624941,
      0.05586338932475628
    ],
    [
      0.30970256075387803,
      0.07360806256867856
    ],
    [
      0.3843204810310383,
      0.14313583377377137
    ],
    [
      0.35551462760169444,
      0.15427166613754126
    ],
    [
      0.4750586984997705,
      0.15945232138406476
    ],
    [
      0.4392627810584267,
      0.13290904283079125
    ],
    [
      0.5635853985031408,
      0.3147002154488789
    ],
    [
      0.5979150162956167,
      0.31631783620182885
    ],
    [
      0.47374002212921174,
      0.38010585904182603
    ]
  ],
  "complexity": 0.26767078679357115
}