{
  "id": 1726,
  "wedge_count": 4,
  "parameters": {
    "rotation_speeds": [
      -1.6795357722961202,
      -1.31693977199291,
      1.982749967719089,
      -2.9908766709013896
    ],
    "phi_x": [
      9.640338943432827,
      -11.153442604210976,
      8.318660955515771,
      3.519402330766013
    ],
    "phi_y": [
      4.815768711102475,
      2.9918720838403345,
      -7.614447863591071,
      -4.022014044968625
    ],
    "distances": [
      1.0,
      7.383894242473303,
      5.289043674686825,
      5.311373555331911,
      6.776430402751013
    ],
    "refractive_indices": [
      1.0,
      1.5,
      1.5,
      1.5,
      1.5,
      1.0
    ],
    "wedgenum": 4
  },
  "pattern": [
    [
      2.461404744712542,
      2.5541132984371995
    ],
    [
      2.497188633481003,
      2.3650157321290792
    ],
    [
      2.468995799332997,
      2.409227370483517
    ],
    [
      2.404355627052642,
      2.428043391488487
    ],
    [
      2.399957695649053,
      2.3921186493660818
    ],
    [
      2.4410268298036817,
      2.3458334713612947
    ],
    [
      2.306993308349439,
      2.424315159125223
    ],
    [
      2.319554091672638,
      2.325681387224458
    ],
    [
      2.2792548535823,
      2.1963890181133467
    ],
    [
      2.3373098479255305,
      2.2221568206940625
    ],
    [
      2.1830567311744944,
      2.2229255319674963
    ],
    [
      2.072825237494816,
      2.1458884030483256
    ],
    [
      1.9852600786368464,
      2.1438560419067154
    ],
    [
      2.0566143460982214,
      2.026871370714503
    ],
    [
      1.9542716258679114,
      2.0633295879829037
    ],
    [
      1.778682099204892,
      1.9872843466996841
    ],
    [
      1.7376598000085621,
      1.8767011403182035
    ],
    [
      1.650668367096308,
      1.7764551339533143
    ],
    [
      1.5824988403279385,
      1.6843976421755071
    ],
    [
      1.6336389499893142,
      1.6278151902491473
    ],
    [
      1.4894352449766726,
      1.5718573269250717
    ],
    [
      1.3394078152943867,
      1.5462044594749476
    ],
    [
      1.2811098765892035,
      1.4796673254678976
    ],
    [
      1.1772940683394335,
      1.306836973090323
    ],
    [
      1.1226293031936088,
      1.29099691624639
    ],
    [
      1.0071062260729875,
      1.3099115193947417
    ],
    [
      0.9222138598685061,
      1.164513028727735
    ],
    [
      0.8585066347090624,
      1.0639173276466372
    ],
    [
      0.8167675584275481,
      0.9877551729357105
    ],
    [
      0.6087212488562311,
      0.8629507521655984
    ],
    [
      0.5066319185242762,
      0.8082412902436179
    ],
    [
      0.47887569203475355,
      0.742320946996154
    ],
    [
      0.338594381913814,
      0.5374579351335677
    ],
    [
      0.34100436146787627,
      0.5102824257944555
    ],
    [
      0.19001716425615384,
      0.48717996746508685
    ],
    [
      0.08548170868117326,
      0.3342237899384978
    ],
    [
      -0.00047061757968409196,
      0.2884390608524219
    ],
    [
      -0.08101258178831205,
      0.1378707647099156
    ],
    [
      -0.17575289832549626,
      0.24035248658338998
    ],
    [
      -0.24833526548710086,
      0.04796360651310022
    ],
    [
      -0.3530546974261626,
      -0.0660826850454205
    ],
    [
      -0.45315722034675054,
      -0.12245962460308299
    ],
    [
      -0.5618041656110481,
      -0.17997084137477656
    ],
    [
      -0.6195062884304955,
      -0.2018391957246031
    ],
    [
      -0.5987062766839119,
      -0.2681151450364759
    ],
    [
      -0.6595283659561474,
      -0.34141513400703427
    ],
    [
      -0.8136738945181492,
      -0.5191708110790951
    ],
    [
      -0.9030369514113802,
      -0.6126064863280121
    ],
    [
      -0.9254517081668172,
      -0.5821398324145097
    ],
    [
      -1.0794220181033967,
      -0.703928693287847
    ],
    [
      -1.0559420680272171,
      -0.7736774124768111
    ],
    [
      -1.1306244241240093,
      -0.7100896165291137
    ],
    [
      -1.2571297192422728,
      -0.9178015685702999
    ],
    [
      -1.2335236917117465,
      -1.0328802120097005
    ],
    [
      -1.3537503476345758,
      -0.9836947191794807
    ],
    [
      -1.4264135026462381,
      -1.0996998178736077
    ],
    [
      -1.3625279709400313,
      -1.125653967868461
    ],
    [
      -1.5341194618684408,
      -1.1204474212617648
    ],
    [
      -1.5012072879009235,
      -1.2888443485492214
    ],
    [
      -1.592200253615792,
      -1.1403093465820016
    ]
  ],
  "complexity": 0.305247910243497
}