{
  "id": 1104,
  "wedge_count": 1,
  "parameters": {
    "rotation_speeds": [
      -1.8353134711290227
    ],
    "phi_x": [
      -4.439755248418821
    ],
    "phi_y": [
      -11.203147337701608
    ],
    "distances": [
      1.0,
      5.102508899550248
    ],
    "refractive_indices": [
      1.0,
      1.5,
      1.0
    ],
    "wedgenum": 1
  },
  "pattern": [
    [
      0.29295135147154183,
      0.2965780409535062
    ],
    [
      0.2477834885257851,
      0.24472903702775528
    ],
    [
      0.1851811150976169,
      0.19601778474533604
    ],
    [
      0.12084985188354341,
      0.14647362816829373
    ],
    [
      0.06685331964290847,
      0.09043977450558344
    ],
    [
      0.010295837609951005,
      0.03144123423553728
    ],
    [
      -0.053537498364224084,
      -0.006752896366464695
    ],
    [
      -0.11519202644670014,
      -0.06726945557319321
    ],
    [
      -0.16787144539333076,
      -0.12471123340275644
    ],
    [
      -0.21861695281744128,
      -0.1741924820070987
    ],
    [
      -0.2786657267107953,
      -0.2288089516036275
    ],
    [
      -0.33210378516371464,
      -0.2740755417020749
    ],
    [
      -0.38060052571600883,
      -0.3202628450426041
    ],
    [
      -0.42587836666457035,
      -0.36143968649064817
    ],
    [
      -0.46689127600314084,
      -0.4110675249899493
    ],
    [
      -0.5161245032200493,
      -0.4522399193819857
    ],
    [
      -0.5575985908270067,
      -0.49896457699466074
    ],
    [
      -0.6025849021130809,
      -0.5317607943579786
    ],
    [
      -0.6241124214106285,
      -0.5658596481027015
    ],
    [
      -0.6479696637669607,
      -0.6034974491613716
    ],
    [
      -0.6725764494227265,
      -0.6284208472307113
    ],
    [
      -0.7056750295525845,
      -0.65323590695141
    ],
    [
      -0.7248257612120639,
      -0.6798294307337088
    ],
    [
      -0.7293448358554694,
      -0.6979594581014229
    ],
    [
      -0.7516505232111688,
      -0.7115778475168791
    ],
    [
      -0.753765133454143,
      -0.7295746552717527
    ],
    [
      -0.7578276436338901,
      -0.7412479851556598
    ],
    [
      -0.7498521070918925,
      -0.7426976198891474
    ],
    [
      -0.7446646153143615,
      -0.7486956732258362
    ],
    [
      -0.727861577291168,
      -0.7567670243724978
    ],
    [
      -0.7245087017259942,
      -0.7361907777558581
    ],
    [
      -0.6955156577139006,
      -0.7379658189784196
    ],
    [
      -0.6786319969876518,
      -0.7258450038368841
    ],
    [
      -0.6473294265965527,
      -0.7124939313247748
    ],
    [
      -0.626979354595522,
      -0.6926443197546789
    ],
    [
      -0.5898981979807917,
      -0.6817068447860734
    ],
    [
      -0.5551598077947533,
      -0.6632950300893788
    ],
    [
      -0.5149785917753401,
      -0.6298682514417119
    ],
    [
      -0.4775453533966306,
      -0.6161454342377356
    ],
    [
      -0.434475923496819,
      -0.5662425191795639
    ],
    [
      -0.3927948333928331,
      -0.5404807238788129
    ],
    [
      -0.3392561897941252,
      -0.5025532716559207
    ],
    [
      -0.2807672244284694,
      -0.4636682870339118
    ],
    [
      -0.23765735256099874,
      -0.436511464373196
    ],
    [
      -0.19883787495827657,
      -0.3888000957830827
    ],
    [
      -0.1327482287894512,
      -0.3536175398393675
    ],
    [
      -0.08028643765053206,
      -0.2973926086353863
    ],
    [
      -0.028442895240714063,
      -0.2512669741456337
    ],
    [
      0.03450450609108091,
      -0.20261873963248458
    ],
    [
      0.08412483467282676,
      -0.15618452293674814
    ],
    [
      0.1355632535333059,
      -0.10768591035798719
    ],
    [
      0.17808394886406,
      -0.06666922554448998
    ],
    [
      0.2292273491326238,
      -0.017321109232069375
    ],
    [
      0.27611316090590454,
      0.03250394052168231
    ],
    [
      0.3125636052427971,
      0.07964133794216476
    ],
    [
      0.3665254250524087,
      0.12529079075699603
    ],
    [
      0.400537758566628,
      0.16718479393354
    ],
    [
      0.45179251116236435,
      0.21791432809170305
    ],
    [
      0.49623041756065633,
      0.2599107221472172
    ],
    [
      0.5158534518708312,
      0.2936143794395297
    ]
  ],
  "complexity": 0.18337563844798518
}