{
  "id": 148,
  "wedge_count": 3,
  "parameters": {
    "rotation_speeds": [
      2.387192359095791,
      -0.952283670834877,
      1.702169023515312
    ],
    "phi_x": [
      5.984080750556018,
      -11.218379370025282,
      10.506574080469523
    ],
    "phi_y": [
      13.978996576263931,
      12.753006508907347,
      12.99670222201939
    ],
    "distances": [
      1.0,
      2.342507044145591,
      4.953783720073691,
      5.428674456312573
    ],
    "refractive_indices": [
      1.0,
      1.5,
      1.5,
      1.5,
      1.0
    ],
    "wedgenum": 3
  },
  "pattern": [
    [
      2.3965301931052156,
      2.2991194455529107
    ],
    [
      2.467562574972641,
      2.4301981282598866
    ],
    [
      2.4447264746287374,
      2.3930534902742995
    ],
    [
      2.5517838274361457,
      2.505090844056363
    ],
    [
      2.5792339615716435,
      2.4263611962771634
    ],
    [
      2.6841279027119724,
      2.590909914577046
    ],
    [
      2.756090160252276,
      2.6019388919682456
    ],
    [
      2.64611010238575,
      2.7971554488755457
    ],
    [
      2.791123629911969,
      2.6381565714150006
    ],
    [
      2.6775210073911366,
      2.7421861456979237
    ],
    [
      2.6676620972412994,
      2.69460218155168
    ],
    [
      2.8377711792331857,
      2.7113940270450643
    ],
    [
      2.7053870568937612,
      2.7643389110065844
    ],
    [
      2.7806256240741423,
      2.7338778674754556
    ],
    [
      2.8011423000072537,
      2.801295193092448
    ],
    [
      2.7696688677950108,
      2.7273285090446846
    ],
    [
      2.722068373319664,
      2.7039690419997124
    ],
    [
      2.5395298036428637,
      2.6785311522342594
    ],
    [
      2.6166982187796313,
      2.581676633417254
    ],
    [
      2.565189510357824,
      2.5622727808379206
    ],
    [
      2.4351717658377203,
      2.5706259485542566
    ],
    [
      2.343002805857895,
      2.573774396742997
    ],
    [
      2.227302444967572,
      2.3568842866771367
    ],
    [
      2.164972036225943,
      2.332195677179582
    ],
    [
      1.9941968653924276,
      2.381705647357271
    ],
    [
      1.8864028829257011,
      2.2003903973490084
    ],
    [
      1.7757237803274977,
      2.020360129693275
    ],
    [
      1.6157905490209399,
      1.9688440417328787
    ],
    [
      1.5988147917422721,
      1.8639105721893536
    ],
    [
      1.4626039290122412,
      1.7739784876768705
    ],
    [
      1.1344371295158888,
      1.6287301953901885
    ],
    [
      1.0465208790114844,
      1.5720841438112179
    ],
    [
      0.9457944409500623,
      1.4387543814946981
    ],
    [
      0.7564736614362083,
      1.3273969636698213
    ],
    [
      0.5246512240470157,
      1.1030015866407623
    ],
    [
      0.41050836779122496,
      0.9445877396925922
    ],
    [
      0.284639767976411,
      0.8028946854057266
    ],
    [
      0.11906973226444245,
      0.6979700136498322
    ],
    [
      -0.17579283421241704,
      0.4465889731887833
    ],
    [
      -0.24752425091308627,
      0.3925558274677007
    ],
    [
      -0.489643230982101,
      0.2737952018089304
    ],
    [
      -0.6638074104163025,
      0.13314490086247416
    ],
    [
      -0.6936946347299201,
      -0.18944558541849443
    ],
    [
      -0.9790629943302277,
      -0.22109765080469873
    ],
    [
      -1.1697041941655075,
      -0.4031080008138283
    ],
    [
      -1.2761405542931854,
      -0.554958929031581
    ],
    [
      -1.4791170535901654,
      -0.6533480111454779
    ],
    [
      -1.50962746971525,
      -0.831614802224465
    ],
    [
      -1.7815560084366802,
      -0.9860928364669599
    ],
    [
      -1.9189927817733934,
      -1.1680109324974455
    ],
    [
      -2.0241122159187244,
      -1.3325159961667123
    ],
    [
      -2.233812753657283,
      -1.5160408361311688
    ],
    [
      -2.3201435793810745,
      -1.5627277562410076
    ],
    [
      -2.3079560500483534,
      -1.7168049549068842
    ],
    [
      -2.4295062669147205,
      -1.8344468768246496
    ],
    [
      -2.49644680105646,
      -1.977792113577757
    ],
    [
      -2.6816802924475445,
      -2.1629758683998466
    ],
    [
      -2.8658652415013974,
      -2.2992244608589227
    ],
    [
      -2.844132761982255,
      -2.338049802946396
    ],
    [
      -2.9527918759352376,
      -2.5343842181056475
    ]
  ],
  "complexity": 0.3847356576568009
}