{
  "id": 3732,
  "wedge_count": 2,
  "parameters": {
    "rotation_speeds": [
      1.7405583791024561,
      -0.004207454579236103
    ],
    "phi_x": [
      7.673547093950138,
      -4.356199741959285
    ],
    "phi_y": [
      13.391929805246448,
      -11.68510274848004
    ],
    "distances": [
      1.0,
      5.110341062101641,
      7.008134241464385
    ],
    "refractive_indices": [
      1.0,
      1.5,
      1.5,
      1.0
    ],
    "wedgenum": 2
  },
  "pattern": [
    [
      1.0243521064617622,
      0.9131527734242241
    ],
    [
      0.9920916069933182,
      1.0440275696010055
    ],
    [
      1.0908752849315202,
      1.1063223100278394
    ],
    [
      1.2411221871168445,
      1.1246224404124714
    ],
    [
      1.2648673011105145,
      1.2855512727335074
    ],
    [
      1.2507819241124163,
      1.2106135049498168
    ],
    [
      1.3364176379284807,
      1.3276280089440695
    ],
    [
      1.3766551468776171,
      1.3122277507616618
    ],
    [
      1.4206296542638672,
      1.3520895362105718
    ],
    [
      1.3879918697801468,
      1.3614748120467555
    ],
    [
      1.5487690524425386,
      1.4437678676573793
    ],
    [
      1.4094713615118686,
      1.420459142778899
    ],
    [
      1.5328231958424008,
      1.5247659080730183
    ],
    [
      1.5402337116314972,
      1.496323910210674
    ],
    [
      1.5405273905369108,
      1.4542607225789161
    ],
    [
      1.4919968976551456,
      1.5208115939110496
    ],
    [
      1.5248044436876422,
      1.51509144447092
    ],
    [
      1.5088902245795535,
      1.460648152540919
    ],
    [
      1.467098694901628,
      1.6251644815971757
    ],
    [
      1.5070182177965004,
      1.450982375188423
    ],
    [
      1.491434781215555,
      1.4568170402513176
    ],
    [
      1.3624078829071766,
      1.4945549125862352
    ],
    [
      1.4214693081066783,
      1.491618774652104
    ],
    [
      1.3745305419882237,
      1.4523553915909204
    ],
    [
      1.2482952109675043,
      1.3812677089258552
    ],
    [
      1.2300315142658922,
      1.258078951152167
    ],
    [
      1.197801256577758,
      1.2801886138837006
    ],
    [
      1.1904054305698937,
      1.2000430115673837
    ],
    [
      1.0550440165727868,
      1.1774082767824723
    ],
    [
      1.0095454199335658,
      1.2283006842323738
    ],
    [
      0.8554147163823679,
      1.0712117558931422
    ],
    [
      0.7676022347883544,
      1.0414084077922539
    ],
    [
      0.6911350993718224,
      0.9089511845550073
    ],
    [
      0.7113629963444111,
      0.9072354073278613
    ],
    [
      0.6262680204492854,
      0.8419232551426865
    ],
    [
      0.5138536504245266,
      0.8126486609392194
    ],
    [
      0.4713359000988774,
      0.7365059949643573
    ],
    [
      0.33961501064776356,
      0.6844465271822999
    ],
    [
      0.30793304136538024,
      0.48407448474273346
    ],
    [
      0.20228506922241313,
      0.4765939341576184
    ],
    [
      0.13224576100068128,
      0.4174678104270975
    ],
    [
      0.03260594644242285,
      0.29265867676414725
    ],
    [
      -0.013139449352526027,
      0.24507770252160935
    ],
    [
      -0.13374217351687856,
      0.18618661248521717
    ],
    [
      -0.16595089697564852,
      0.11673346893531966
    ],
    [
      -0.25584383271256816,
      0.08619683455001009
    ],
    [
      -0.3127330162898817,
      -0.07746997958378435
    ],
    [
      -0.4095896456639477,
      -0.18166499606810887
    ],
    [
      -0.5311982491916346,
      -0.153884557337926
    ],
    [
      -0.487349581765827,
      -0.25397413899090526
    ],
    [
      -0.630318344277949,
      -0.3443989814675563
    ],
    [
      -0.6525012457119392,
      -0.25985177485457045
    ],
    [
      -0.6958870382695803,
      -0.4210796542286818
    ],
    [
      -0.6757610265451279,
      -0.4886199976223525
    ],
    [
      -0.6974316983026778,
      -0.42018589286603164
    ],
    [
      -0.6877276518608075,
      -0.6172130967956232
    ],
    [
      -0.6815405022860992,
      -0.6179849663880889
    ],
    [
      -0.7758049961760946,
      -0.6533386173398006
    ],
    [
      -0.7451960056635332,
      -0.6673986663316671
    ],
    [
      -0.6799188877846546,
      -0.6050996588351955
    ]
  ],
  "complexity": 0.2645402801353274
}