{
  "id": 1662,
  "wedge_count": 4,
  "parameters": {
    "rotation_speeds": [
      -0.8954454547549755,
      -2.7023083544337005,
      0.20875565813642538,
      -0.2510848694138277
    ],
    "phi_x": [
      -14.901614582637956,
      -2.7077488372427503,
      8.941125512588922,
      3.225217951052688
    ],
    "phi_y": [
      9.845020726119806,
      -3.9244325541770113,
      11.929391386474592,
      -4.177566385958279
    ],
    "distances": [
      1.0,
      5.7461931746664945,
      4.113072988920688,
      6.082419632538263,
      3.7620198082173335
    ],
    "refractive_indices": [
      1.0,
      1.5,
      1.5,
      1.5,
      1.5,
      1.0
    ],
    "wedgenum": 4
  },
  "pattern": [
    [
      2.3881747934732815,
      2.4149496403434823
    ],
    [
      2.4966030339206418,
      2.3802394443541393
    ],
    [
      2.4438228739656136,
      2.4211750427261074
    ],
    [
      2.376314075601922,
      2.325186291806057
    ],
    [
      2.318705602989058,
      2.316487608641306
    ],
    [
      2.2488930820386424,
      2.2615054019440493
    ],
    [
      2.2240195401725007,
      2.253214097958168
    ],
    [
      2.2302495101563653,
      2.253812767571686
    ],
    [
      2.1536083868698235,
      2.1212221291009667
    ],
    [
      2.1255672462761637,
      2.2024909849776098
    ],
    [
      2.119413786739298,
      2.019990030814138
    ],
    [
      2.0001751764430455,
      2.0736272524371455
    ],
    [
      1.9239703709653826,
      2.0252560390469987
    ],
    [
      1.9118104516542622,
      1.8886638282933554
    ],
    [
      1.9435648384009279,
      1.9765802764065303
    ],
    [
      1.8601338715515596,
      1.9591755996877425
    ],
    [
      1.7678740944932936,
      1.8105702398506431
    ],
    [
      1.7750930472564195,
      1.851392720319729
    ],
    [
      1.662363509388199,
      1.7826625691299276
    ],
    [
      1.7528390479495137,
      1.7788916815025568
    ],
    [
      1.6918984432899289,
      1.7380297928276076
    ],
    [
      1.6627786432604217,
      1.6550157215738477
    ],
    [
      1.617058432112942,
      1.6138064818815778
    ],
    [
      1.60174461958228,
      1.5677647689261969
    ],
    [
      1.4897775742945765,
      1.4876532088322665
    ],
    [
      1.4849068636519964,
      1.6039086755246652
    ],
    [
      1.4281257949358086,
      1.4313991715316416
    ],
    [
      1.4937019873177366,
      1.4882413000502057
    ],
    [
      1.4608869326185316,
      1.4986817213432784
    ],
    [
      1.3475864604598558,
      1.4304810596635489
    ],
    [
      1.3041009548057845,
      1.4139423867703727
    ],
    [
      1.293503436001263,
      1.3584154233934944
    ],
    [
      1.3071539804015835,
      1.3125252445856446
    ],
    [
      1.2755486456008085,
      1.3203450373337322
    ],
    [
      1.3324528024104787,
      1.3041762375247339
    ],
    [
      1.3092527327528005,
      1.3164419692446663
    ],
    [
      1.1749674241108996,
      1.2268932801863164
    ],
    [
      1.1590534180218062,
      1.2521430679577046
    ],
    [
      1.1868271278742675,
      1.236438035018882
    ],
    [
      1.1779343826005975,
      1.1770577056528704
    ],
    [
      1.1153774718645018,
      1.2162363953600566
    ],
    [
      1.08709470567333,
      1.167269761104787
    ],
    [
      1.1485688083712744,
      1.099907731119861
    ],
    [
      1.0528912790276868,
      1.0592760876848777
    ],
    [
      1.1408380465906305,
      1.0811283460460461
    ],
    [
      1.0152083782311678,
      1.1099152306693796
    ],
    [
      1.0381832792559131,
      1.1742934823832363
    ],
    [
      1.0432726052582408,
      1.1027754612156706
    ],
    [
      1.013488169866287,
      1.145200815463958
    ],
    [
      1.054059721050502,
      1.0627472901420756
    ],
    [
      0.883439329621559,
      1.0760159772070885
    ],
    [
      0.9626115899241428,
      0.9982985643055456
    ],
    [
      1.019133500935113,
      1.0638642089974168
    ],
    [
      1.0195416351392952,
      1.0160203162938717
    ],
    [
      0.9023981809062529,
      1.054652461984061
    ],
    [
      0.8817433310419927,
      0.9888828810740979
    ],
    [
      0.9974215011263318,
      1.0363912674996634
    ],
    [
      0.9651612569244158,
      0.9502071029236543
    ],
    [
      0.9992131288102508,
      0.9833800114011687
    ],
    [
      0.8903078192501777,
      1.0067219422849945
    ]
  ],
  "complexity": 0.2506975694182247
}