{
  "id": 4777,
  "wedge_count": 3,
  "parameters": {
    "rotation_speeds": [
      -0.32707076118410017,
      0.8287721570187028,
      -2.3031726099840375
    ],
    "phi_x": [
      11.455914104492166,
      -10.813705611068945,
      -1.8241518432641577
    ],
    "phi_y": [
      -12.592425930599742,
      -14.401739314126988,
      3.0580554581657857
    ],
    "distances": [
      1.0,
      6.975651229158598,
      4.179615619706409,
      3.9187050145381814
    ],
    "refractive_indices": [
      1.0,
      1.5,
      1.5,
      1.5,
      1.0
    ],
    "wedgenum": 3
  },
  "pattern": [
    [
      1.8008704180388757,
      1.8644077593566706
    ],
    [
      1.8658226872264232,
      1.8291843485242412
    ],
    [
      1.883622988132153,
      1.7085797460769838
    ],
    [
      1.7865000955760375,
      1.7670878730325756
    ],
    [
      1.876505664891064,
      1.8628881492024658
    ],
    [
      1.899024236943203,
      1.8672541953847444
    ],
    [
      1.871976222280081,
      1.9230286296457924
    ],
    [
      1.9695925490376047,
      1.8569769166177372
    ],
    [
      1.8615252119272907,
      1.779404628074375
    ],
    [
      1.8518906801334505,
      1.7812552876585197
    ],
    [
      1.8820167287924567,
      1.8971372136364366
    ],
    [
      1.8223505893256515,
      1.8039267325034316
    ],
    [
      1.7540414745800428,
      1.812177570031159
    ],
    [
      1.8246912307811136,
      1.7926319874139263
    ],
    [
      1.7427841666402892,
      1.8718135829411018
    ],
    [
      1.8004782509011292,
      1.7921798033031804
    ],
    [
      1.6322351843741214,
      1.7847516529058165
    ],
    [
      1.7377055141036417,
      1.7380743881064953
    ],
    [
      1.755539595388552,
      1.734003284820378
    ],
    [
      1.6907859257120335,
      1.7207429405297188
    ],
    [
      1.6227174071900767,
      1.6377591526330948
    ],
    [
      1.6486375451894342,
      1.6822929726825844
    ],
    [
      1.737710630117403,
      1.7238481741701692
    ],
    [
      1.573362171678278,
      1.7387130234757515
    ],
    [
      1.5927759497149974,
      1.6089649985859955
    ],
    [
      1.591143103651298,
      1.62666776804968
    ],
    [
      1.5455295506588111,
      1.6643906842160208
    ],
    [
      1.5890814612555322,
      1.6551265691867525
    ],
    [
      1.5218739250541964,
      1.6004156134961451
    ],
    [
      1.5559151918000722,
      1.4966178669114862
    ],
    [
      1.5387349613645622,
      1.5973961769467548
    ],
    [
      1.4951624160773829,
      1.5348530977548565
    ],
    [
      1.4632437553533126,
      1.530709428896157
    ],
    [
      1.4575314715854377,
      1.5020385253842239
    ],
    [
      1.4586288846286328,
      1.5396031793242104
    ],
    [
      1.3963794554109734,
      1.5099337039500271
    ],
    [
      1.4505011885177868,
      1.4520354135549227
    ],
    [
      1.4618800112674186,
      1.4559386493265107
    ],
    [
      1.4450067960467585,
      1.5021151287627075
    ],
    [
      1.420829849869608,
      1.478599812278462
    ],
    [
      1.4254413883238906,
      1.4303753669816428
    ],
    [
      1.3226512702922897,
      1.4910904865983603
    ],
    [
      1.3384346973796803,
      1.5100864305087818
    ],
    [
      1.2461629423249299,
      1.4139073053014497
    ],
    [
      1.3426255336670736,
      1.4069168839688084
    ],
    [
      1.2921546030292856,
      1.34304377496736
    ],
    [
      1.2995017078461275,
      1.318218042915035
    ],
    [
      1.2279294467658266,
      1.3448588411843025
    ],
    [
      1.2933427618716995,
      1.3963038171075473
    ],
    [
      1.1545136434718617,
      1.3479901082046508
    ],
    [
      1.264536919951135,
      1.2820226425464853
    ],
    [
      1.1615275546714598,
      1.3698962835713109
    ],
    [
      1.152242592160953,
      1.289204621425568
    ],
    [
      1.2040903958394005,
      1.3367527096334355
    ],
    [
      1.145414473711437,
      1.2462623498310934
    ],
    [
      1.2374369961781522,
      1.3248025542083053
    ],
    [
      1.115953846632271,
      1.2155351938173504
    ],
    [
      1.1562349004021772,
      1.296108713600048
    ],
    [
      1.1119512452947522,
      1.2714544855344934
    ],
    [
      1.103172289098947,
      1.231162153043253
    ]
  ],
  "complexity": 0.23010729598189908
}