{
  "id": 1073,
  "wedge_count": 5,
  "parameters": {
    "rotation_speeds": [
      -1.2242346570141596,
      2.1754845681340713,
      2.9913584588571682,
      0.9740886365326782,
      -1.8260622693716977
    ],
    "phi_x": [
      11.00728430014837,
      -10.620519207174917,
      8.467745648210336,
      8.802666691774217,
      -3.485939327390792
    ],
    "phi_y": [
      -9.54641361116565,
      2.0073913642071304,
      9.045740806124886,
      -1.6409476466634167,
      1.5152473944210314
    ],
    "distances": [
      1.0,
      4.023459153330128,
      2.9804252841625845,
      4.9090822694238305,
      7.8823875293086445,
      2.90839722513907
    ],
    "refractive_indices": [
      1.0,
      1.5,
      1.5,
      1.5,
      1.5,
      1.5,
      1.0
    ],
    "wedgenum": 5
  },
  "pattern": [
    [
      3.031647498453712,
      2.9715459460452385
    ],
    [
      3.042595506738336,
      3.0564547832220126
    ],
    [
      3.1481738974908375,
      3.031258814656447
    ],
    [
      3.0377007324500824,
      3.02398465898793
    ],
    [
      3.0375945734516177,
      3.0035630587027
    ],
    [
      2.993234678700168,
      2.9933114223291657
    ],
    [
      2.9235425001827213,
      2.986592422472848
    ],
    [
      2.881171901119007,
      2.935307378363026
    ],
    [
      2.862369645430908,
      2.9559081190850076
    ],
    [
      2.7836054567309167,
      2.8904104166141473
    ],
    [
      2.737557435237555,
      2.740078511127747
    ],
    [
      2.72609398276495,
      2.624983439880112
    ],
    [
      2.606426181099081,
      2.7515297230471334
    ],
    [
      2.492748704139342,
      2.615362964017804
    ],
    [
      2.4023622646072247,
      2.543031855924995
    ],
    [
      2.321639770624193,
      2.466861455382261
    ],
    [
      2.171127276058905,
      2.2922259746315956
    ],
    [
      2.1752640182197402,
      2.3592059769981764
    ],
    [
      1.8923542488718397,
      2.2066651119726455
    ],
    [
      1.8783084812311872,
      2.129263019324526
    ],
    [
      1.720471061722557,
      2.087152601502809
    ],
    [
      1.5581597705776487,
      1.8964545866512277
    ],
    [
      1.4514602904347698,
      1.8203493631799632
    ],
    [
      1.3622928887468913,
      1.7388963925046397
    ],
    [
      1.1707315834938754,
      1.5807045827539141
    ],
    [
      1.096406912707284,
      1.4664009505377518
    ],
    [
      0.9111455371134938,
      1.3530985934555786
    ],
    [
      0.7884368936798525,
      1.2140721110633683
    ],
    [
      0.6840613078482396,
      1.013967301635042
    ],
    [
      0.5982752305567742,
      0.9875344207010464
    ],
    [
      0.33775443191272697,
      0.8905660304329769
    ],
    [
      0.1479167078187167,
      0.7577785821013531
    ],
    [
      -0.047211433339824915,
      0.5012518404400393
    ],
    [
      -0.09589393294209966,
      0.4800676994102868
    ],
    [
      -0.21971647312425974,
      0.2214706576646342
    ],
    [
      -0.2551893473745648,
      0.07268896893025907
    ],
    [
      -0.6036047819858128,
      -0.07212834699076452
    ],
    [
      -0.745166904686431,
      -0.17607041795294742
    ],
    [
      -0.8379230055448793,
      -0.24368906746396918
    ],
    [
      -0.8832210109205676,
      -0.36373375149631976
    ],
    [
      -1.0834953073711973,
      -0.5252714967546487
    ],
    [
      -1.105926190254371,
      -0.6299782414568422
    ],
    [
      -1.3002571415749913,
      -0.7225106595339083
    ],
    [
      -1.4931158456678189,
      -0.8721231845179851
    ],
    [
      -1.5028680157100365,
      -0.9426266554475907
    ],
    [
      -1.6422025751007259,
      -1.1420927113299075
    ],
    [
      -1.8006113663436927,
      -1.2853923547436792
    ],
    [
      -1.8562736058546652,
      -1.3498853189469902
    ],
    [
      -1.9867333895620287,
      -1.5077839653179692
    ],
    [
      -1.9727296858706247,
      -1.5332816156321118
    ],
    [
      -2.0027910196463123,
      -1.561993296905341
    ],
    [
      -2.2077134502568834,
      -1.72777785180315
    ],
    [
      -2.2000866578669083,
      -1.858973279327823
    ],
    [
      -2.2706270062192693,
      -1.8014004353176694
    ],
    [
      -2.2878301688341653,
      -1.9977842870121898
    ],
    [
      -2.3715397439867605,
      -1.9871962129461433
    ],
    [
      -2.4577225666109688,
      -2.094189067163881
    ],
    [
      -2.3382980326345737,
      -2.127657806390678
    ],
    [
      -2.4727561748099425,
      -2.206734768136249
    ],
    [
      -2.4268777872327387,
      -2.160281062675291
    ]
  ],
  "complexity": 0.4030792666867368
}