{
  "id": 1573,
  "wedge_count": 4,
  "parameters": {
    "rotation_speeds": [
      1.904098108531163,
      0.3106837095963897,
      1.934453266922743,
      1.0630627414277036
    ],
    "phi_x": [
      -8.25007588760136,
      -13.655607545080104,
      4.623300703733403,
      -12.362965831304765
    ],
    "phi_y": [
      -6.631893715829229,
      -8.494096696013802,
      -7.182129913243568,
      -5.721200872419354
    ],
    "distances": [
      1.0,
      7.032001133006444,
      4.154934396652983,
      6.609439856424628,
      5.871575647947525
    ],
    "refractive_indices": [
      1.0,
      1.5,
      1.5,
      1.5,
      1.5,
      1.0
    ],
    "wedgenum": 4
  },
  "pattern": [
    [
      2.9602955728396507,
      3.0448867145520127
    ],
    [
      3.0738866265648745,
      3.050809058896918
    ],
    [
      3.146923080634998,
      3.0384051912118455
    ],
    [
      3.1024060906075794,
      3.053057236222736
    ],
    [
      3.0632271611093196,
      3.143162259594906
    ],
    [
      3.1743692190229935,
      3.1127041393404253
    ],
    [
      3.1961632332175007,
      3.1723113667541503
    ],
    [
      3.095430715958426,
      3.1644755595593126
    ],
    [
      3.1861242805909407,
      3.2907938522551174
    ],
    [
      3.2363528055194184,
      3.15454161623313
    ],
    [
      3.17951970666783,
      3.1520035385794665
    ],
    [
      3.122734133183363,
      3.1343783989761365
    ],
    [
      3.0368950974674886,
      3.124582259816109
    ],
    [
      3.065584494136833,
      3.1801320036383722
    ],
    [
      3.0622636044511626,
      3.1512271100021794
    ],
    [
      2.933666428768363,
      3.026165419600675
    ],
    [
      2.8709723112214425,
      3.0671398645752705
    ],
    [
      2.823612565023265,
      2.9972437523852413
    ],
    [
      2.7471048693167504,
      2.9734448439564387
    ],
    [
      2.752927841563548,
      2.908103130246285
    ],
    [
      2.6264261182642814,
      2.9124812510261884
    ],
    [
      2.496313186538907,
      2.740676989557141
    ],
    [
      2.3401737449294857,
      2.706080567617534
    ],
    [
      2.3469100287574287,
      2.5967849813301953
    ],
    [
      2.2051360024964834,
      2.519928129584789
    ],
    [
      2.0189393529417545,
      2.413440004472583
    ],
    [
      2.0269689225621175,
      2.3949359231808254
    ],
    [
      1.8279108653089597,
      2.1220231720617515
    ],
    [
      1.7178870722131645,
      2.112687716857436
    ],
    [
      1.5521886748598925,
      2.0306604742374637
    ],
    [
      1.464818101872852,
      1.9087096963736805
    ],
    [
      1.3893479793548267,
      1.8496012376139621
    ],
    [
      1.1794565184614976,
      1.6782006510937293
    ],
    [
      0.9448943657556442,
      1.56303075164982
    ],
    [
      0.8945301460005919,
      1.3710336573174746
    ],
    [
      0.7959448933784562,
      1.331249662792556
    ],
    [
      0.6732924869596453,
      1.2029152805816943
    ],
    [
      0.5430603286749672,
      1.1579247094252996
    ],
    [
      0.34518482897493613,
      0.8840001167048063
    ],
    [
      0.25050203455328585,
      0.7595509667684336
    ],
    [
      0.12180550932675815,
      0.7507276091280769
    ],
    [
      0.06009354852992875,
      0.6232731102766442
    ],
    [
      -0.054493637084042756,
      0.4738958571401036
    ],
    [
      -0.27424713598273137,
      0.3525905007863134
    ],
    [
      -0.4025506801759218,
      0.2582226360355666
    ],
    [
      -0.4600606335230817,
      0.18336564291975832
    ],
    [
      -0.5251662883994922,
      -0.07687529300824703
    ],
    [
      -0.663029272553765,
      -0.015592331149942781
    ],
    [
      -0.7275314147444718,
      -0.16837974727751773
    ],
    [
      -0.8676733640580141,
      -0.22324628326895987
    ],
    [
      -0.8012515085180888,
      -0.3948537649308919
    ],
    [
      -0.8387943507476308,
      -0.44523734340396315
    ],
    [
      -0.8769223584478475,
      -0.6256909740483455
    ],
    [
      -0.9287522348563999,
      -0.6683333279294423
    ],
    [
      -1.0272865355685457,
      -0.6011160619823919
    ],
    [
      -0.96461553145015,
      -0.7165153646937841
    ],
    [
      -0.9658222970329069,
      -0.842152877711109
    ],
    [
      -1.1137577054034404,
      -0.7655437515665499
    ],
    [
      -1.0598162245827354,
      -0.9110946368401898
    ],
    [
      -1.0854819583246196,
      -0.9907260533825183
    ]
  ],
  "complexity": 0.3571235756717384
}