{
  "id": 469,
  "wedge_count": 6,
  "parameters": {
    "rotation_speeds": [
      -1.6567516615612643,
      2.7252008355498134,
      1.1447471376958722,
      2.3922701567400715,
      0.8802841493613762,
      -2.6915671668090746
    ],
    "phi_x": [
      -13.842428764182326,
      10.357314304370455,
      5.932191781016289,
      -0.3054073317498762,
      -13.693148700781755,
      10.907509653558598
    ],
    "phi_y": [
      -6.551367628250283,
      -10.101106372048875,
      4.49820745650425,
      -14.550025507462882,
      -1.2731684593453156,
      -6.047331816045624
    ],
    "distances": [
      1.0,
      6.629191769626915,
      6.01876485359067,
      7.736280656396523,
      4.902849502216379,
      5.156524746042242,
      2.3278140888392658
    ],
    "refractive_indices": [
      1.0,
      1.5,
      1.5,
      1.5,
      1.5,
      1.5,
      1.5,
      1.0
    ],
    "wedgenum": 6
  },
  "pattern": [
    [
      4.178311919416833,
      4.357819612164328
    ],
    [
      4.4119658830348705,
      4.425872720030485
    ],
    [
      4.530753737723379,
      4.470754069576165
    ],
    [
      4.39881359444341,
      4.482555772148923
    ],
    [
      4.536245576925552,
      4.617404299035311
    ],
    [
      4.592594228027431,
      4.633129996526161
    ],
    [
      4.557808488108988,
      4.624546099897143
    ],
    [
      4.661302976820764,
      4.6671953089589735
    ],
    [
      4.590127651951853,
      4.5933586858000846
    ],
    [
      4.576831808144094,
      4.564216622354192
    ],
    [
      4.509247505331728,
      4.507622242125137
    ],
    [
      4.491083779766122,
      4.559155249935925
    ],
    [
      4.392338255793805,
      4.437292291364742
    ],
    [
      4.178388742496773,
      4.42971512830309
    ],
    [
      4.163578529687469,
      4.355497776157386
    ],
    [
      3.957904285308043,
      4.279212783781342
    ],
    [
      3.86611951947968,
      4.19171198577181
    ],
    [
      3.854337519006594,
      4.059682546003165
    ],
    [
      3.6026008078821463,
      3.9756407968780483
    ],
    [
      3.365760613882925,
      3.694380086203227
    ],
    [
      3.1877254879285126,
      3.612798917584569
    ],
    [
      3.1021056542354044,
      3.504063913221005
    ],
    [
      2.8053527898746284,
      3.313010720219205
    ],
    [
      2.6523350814239217,
      3.2131546707309084
    ],
    [
      2.350852822563255,
      2.990062953381262
    ],
    [
      2.209853027904841,
      2.8102428735785128
    ],
    [
      1.9532107612922844,
      2.5313425019157814
    ],
    [
      1.7214788101322267,
      2.378958968860552
    ],
    [
      1.5663906966052592,
      2.193003293902695
    ],
    [
      1.148603431627028,
      2.0502906098720297
    ],
    [
      1.009539508219105,
      1.7132627041437951
    ],
    [
      0.6537405437223461,
      1.5194226920437757
    ],
    [
      0.386390752201935,
      1.3152644989719748
    ],
    [
      0.09603183558197956,
      1.1310871529251558
    ],
    [
      -0.019589565813854938,
      0.9587567288701552
    ],
    [
      -0.35681558716149797,
      0.7302140690026868
    ],
    [
      -0.555410638154612,
      0.41184856676340553
    ],
    [
      -0.8845349968715284,
      0.2296494024258057
    ],
    [
      -1.1132635843096808,
      -0.019321074577981413
    ],
    [
      -1.2782904484492976,
      -0.34229401197765025
    ],
    [
      -1.5296571498000553,
      -0.45078317524537864
    ],
    [
      -1.7568789967161351,
      -0.6645853780708558
    ],
    [
      -1.988700318920464,
      -0.9576757407125053
    ],
    [
      -2.193795026494348,
      -1.136729993496499
    ],
    [
      -2.374063891219147,
      -1.4218714917936568
    ],
    [
      -2.59906350162903,
      -1.6104830854337042
    ],
    [
      -2.7992660490984878,
      -1.8014261176029351
    ],
    [
      -2.927488852613257,
      -1.9100327553419714
    ],
    [
      -3.1109117218496802,
      -2.073205224204066
    ],
    [
      -3.227989248563008,
      -2.2804573241767327
    ],
    [
      -3.286079265283435,
      -2.4588768176445672
    ],
    [
      -3.425404929665522,
      -2.6141985944803494
    ],
    [
      -3.556606693413114,
      -2.7009820532795756
    ],
    [
      -3.606832100367154,
      -2.900379038946263
    ],
    [
      -3.67645484505228,
      -3.1203753829645424
    ],
    [
      -3.8486378045542544,
      -3.2806046833245803
    ],
    [
      -3.8711188945360093,
      -3.308911662688673
    ],
    [
      -3.954183241757935,
      -3.404732384273013
    ],
    [
      -3.9422598129585444,
      -3.394175941871769
    ],
    [
      -3.839524863589663,
      -3.574013339448969
    ]
  ],
  "complexity": 0.5134177448913928
}