{
  "id": 588,
  "wedge_count": 5,
  "parameters": {
    "rotation_speeds": [
      -1.9378176312053175,
      -0.34712261432108793,
      -0.5596288752005583,
      -0.5360227555242059,
      0.16313055439147117
    ],
    "phi_x": [
      -6.592083282285458,
      -0.9182490616297798,
      7.901652352673867,
      9.635056970587748,
      14.361562267083222
    ],
    "phi_y": [
      -14.792833629333202,
      -8.441398894016135,
      1.8600439684172834,
      -5.888384942183567,
      -9.432287914973347
    ],
    "distances": [
      1.0,
      5.112579946014466,
      2.259627622943436,
      7.307859595956294,
      5.64396029387977,
      5.767696527881613
    ],
    "refractive_indices": [
      1.0,
      1.5,
      1.5,
      1.5,
      1.5,
      1.5,
      1.0
    ],
    "wedgenum": 5
  },
  "pattern": [
    [
      3.0346129687527124,
      3.059542427464238
    ],
    [
      3.0959219424632276,
      3.019009160700013
    ],
    [
      2.864326550107752,
      2.9802097156057687
    ],
    [
      2.8162750354625103,
      2.8805569369239006
    ],
    [
      2.7523375241284125,
      2.7709055833141933
    ],
    [
      2.6888378060352673,
      2.8097327800972876
    ],
    [
      2.6249501297989086,
      2.548668320978028
    ],
    [
      2.5562628593272536,
      2.6109487392196904
    ],
    [
      2.4679997464825085,
      2.3996887486653002
    ],
    [
      2.260479017924216,
      2.3081239595078054
    ],
    [
      2.297501862692104,
      2.358738808591875
    ],
    [
      2.1303728953703005,
      2.161979080577572
    ],
    [
      2.0781985934610163,
      2.1568901914262772
    ],
    [
      1.9654118076659877,
      2.0787887228606663
    ],
    [
      1.923070175740346,
      1.9248840844574868
    ],
    [
      1.884558202996566,
      2.019384123188056
    ],
    [
      1.8043106184068425,
      1.804138888825924
    ],
    [
      1.6224863196258672,
      1.794360902268173
    ],
    [
      1.6414621800161,
      1.7271155287114466
    ],
    [
      1.531092008688849,
      1.6779020470945984
    ],
    [
      1.4913104417415373,
      1.602059943862511
    ],
    [
      1.5032122775841317,
      1.5634483903702008
    ],
    [
      1.362989549459586,
      1.5364552869669361
    ],
    [
      1.4722815788234471,
      1.476180482906247
    ],
    [
      1.3262566197726706,
      1.3833343090151018
    ],
    [
      1.2863117794413026,
      1.3266712372818006
    ],
    [
      1.2951878790882392,
      1.3965495031032242
    ],
    [
      1.210569863115269,
      1.2840201991441287
    ],
    [
      1.2504123673825007,
      1.4146760104938099
    ],
    [
      1.2597541003558355,
      1.24132958030851
    ],
    [
      1.3052181232494031,
      1.3297998747444182
    ],
    [
      1.3251415951303456,
      1.25458855768068
    ],
    [
      1.2105864466751683,
      1.2161478282383729
    ],
    [
      1.2952274032146502,
      1.1864718857136884
    ],
    [
      1.2155657784392095,
      1.1878121521238314
    ],
    [
      1.3009459959713052,
      1.3427221473734186
    ],
    [
      1.3615681425948893,
      1.1919851857405461
    ],
    [
      1.3195964730291003,
      1.2572450188143058
    ],
    [
      1.4293948476591718,
      1.3096214028072488
    ],
    [
      1.3878125797488583,
      1.2624431844265274
    ],
    [
      1.4047721418465535,
      1.2851046522961465
    ],
    [
      1.513120510795735,
      1.275621509594767
    ],
    [
      1.4401059695561553,
      1.2847861946748833
    ],
    [
      1.4671611110589404,
      1.3468005060968622
    ],
    [
      1.5760716335074139,
      1.370560701977827
    ],
    [
      1.5338101874951184,
      1.449385935037604
    ],
    [
      1.716185388134014,
      1.4579155642275914
    ],
    [
      1.687890931203219,
      1.5646400822008064
    ],
    [
      1.735769310155406,
      1.5243529081406024
    ],
    [
      1.7763722478763107,
      1.579056797511221
    ],
    [
      1.8357222931732144,
      1.7622389088770598
    ],
    [
      1.8812267343894882,
      1.7384864407106921
    ],
    [
      1.7654819755834898,
      1.6692257831403858
    ],
    [
      1.9104188745261672,
      1.7102712465243513
    ],
    [
      1.882512832644621,
      1.764028499525457
    ],
    [
      2.0337882594290693,
      1.8178770747394357
    ],
    [
      1.9937984550163477,
      1.828223729945888
    ],
    [
      2.0636179910981682,
      1.8622110036731911
    ],
    [
      1.996988885018628,
      1.9091971704023645
    ],
    [
      2.15362657495433,
      1.8745410956106225
    ]
  ],
  "complexity": 0.2702675410747825
}