{
  "id": 4082,
  "wedge_count": 1,
  "parameters": {
    "rotation_speeds": [
      -2.607838403179003
    ],
    "phi_x": [
      -3.7033974709583912
    ],
    "phi_y": [
      -8.668097078248831
    ],
    "distances": [
      1.0,
      5.067340912896716
    ],
    "refractive_indices": [
      1.0,
      1.5,
      1.0
    ],
    "wedgenum": 1
  },
  "pattern": [
    [
      0.2451045272864175,
      0.2380994795640587
    ],
    [
      0.2003356037813335,
      0.2024649168467572
    ],
    [
      0.15978021924072308,
      0.16501684038348044
    ],
    [
      0.11789561728460374,
      0.12873591766061065
    ],
    [
      0.06917083805606743,
      0.08959868502072343
    ],
    [
      0.025810756445697483,
      0.04301710659329124
    ],
    [
      -0.021216216831475395,
      0.003966616591988103
    ],
    [
      -0.06444906811921258,
      -0.04224322155401463
    ],
    [
      -0.11887992951415718,
      -0.08201538821969917
    ],
    [
      -0.1571653891534629,
      -0.11715835034241484
    ],
    [
      -0.20528308813984636,
      -0.16298870548131433
    ],
    [
      -0.24029564971025622,
      -0.2026288668408246
    ],
    [
      -0.2811249797207781,
      -0.23395043504341406
    ],
    [
      -0.3167915974974585,
      -0.274090907300752
    ],
    [
      -0.3454126044917805,
      -0.31041033816838726
    ],
    [
      -0.37971105207242517,
      -0.3430652937986857
    ],
    [
      -0.4287231831779889,
      -0.3646917370744295
    ],
    [
      -0.46114946394791967,
      -0.41352685304896647
    ],
    [
      -0.4763523047684253,
      -0.4386199290922931
    ],
    [
      -0.5028319211165081,
      -0.4513484395902969
    ],
    [
      -0.5278815414636835,
      -0.4834632480283402
    ],
    [
      -0.543310906249879,
      -0.4967426433686915
    ],
    [
      -0.554744638367306,
      -0.5212322007016618
    ],
    [
      -0.5598860273932731,
      -0.5358303700202016
    ],
    [
      -0.5787357671093489,
      -0.5608950477448834
    ],
    [
      -0.5797617904073062,
      -0.5687687307776271
    ],
    [
      -0.5929338329243199,
      -0.5702782937214474
    ],
    [
      -0.5924118975589647,
      -0.570111949550109
    ],
    [
      -0.5884641042224646,
      -0.5844233761348474
    ],
    [
      -0.5795749941415289,
      -0.5742413807616282
    ],
    [
      -0.563628340918431,
      -0.5780912520405631
    ],
    [
      -0.5456297941053709,
      -0.5655346743264068
    ],
    [
      -0.5436352170238796,
      -0.5748154920301319
    ],
    [
      -0.5207996037721266,
      -0.5561834029328007
    ],
    [
      -0.49165227979972764,
      -0.5433993688012627
    ],
    [
      -0.46718848540415364,
      -0.5396482712376336
    ],
    [
      -0.44682068023687893,
      -0.5194879661632418
    ],
    [
      -0.41179839097101606,
      -0.4893623783246245
    ],
    [
      -0.3839571578458322,
      -0.4778118199479136
    ],
    [
      -0.353907785916716,
      -0.4536125828981327
    ],
    [
      -0.30950972285694156,
      -0.4275536857376361
    ],
    [
      -0.2781242264154046,
      -0.4069185935932797
    ],
    [
      -0.2441245905022366,
      -0.3814524374719813
    ],
    [
      -0.20068893070546062,
      -0.349454042148613
    ],
    [
      -0.1677987296719391,
      -0.30359839965221114
    ],
    [
      -0.12487359171662943,
      -0.27833280808581673
    ],
    [
      -0.0837822896649504,
      -0.2414390290891696
    ],
    [
      -0.0341156696873201,
      -0.2171929278215785
    ],
    [
      -0.004640580187823801,
      -0.1759778536685847
    ],
    [
      0.0496499517453495,
      -0.134792390873595
    ],
    [
      0.08165490540486883,
      -0.10242837231476593
    ],
    [
      0.11564293508418216,
      -0.06835097547857596
    ],
    [
      0.16581353039229976,
      -0.023847666082787274
    ],
    [
      0.19253073430436157,
      0.002173878415601553
    ],
    [
      0.22917769818261347,
      0.04502287814945079
    ],
    [
      0.26708555353733465,
      0.0701566612121268
    ],
    [
      0.3013187754908656,
      0.11549701848531631
    ],
    [
      0.32915044787025816,
      0.14364549212461905
    ],
    [
      0.35778176459407673,
      0.17774608160438934
    ],
    [
      0.3887337516622846,
      0.21568669857448727
    ]
  ],
  "complexity": 0.17403619435889353
}