{
  "id": 2735,
  "wedge_count": 5,
  "parameters": {
    "rotation_speeds": [
      -0.1929305818671221,
      1.7677753288173674,
      0.00635392933741219,
      2.5391605740010394,
      -0.7022829042376482
    ],
    "phi_x": [
      1.2610639219717399,
      -2.9642071298080648,
      -1.4205804346499846,
      -4.730203785865811,
      14.239694969017673
    ],
    "phi_y": [
      13.697764223230688,
      -2.4293756062607734,
      -2.274644693711725,
      11.732366890793319,
      6.9469796081003
    ],
    "distances": [
      1.0,
      3.3999551691854126,
      3.299337081698476,
      6.164331689810452,
      6.8596998284574395,
      5.479859153577461
    ],
    "refractive_indices": [
      1.0,
      1.5,
      1.5,
      1.5,
      1.5,
      1.5,
      1.0
    ],
    "wedgenum": 5
  },
  "pattern": [
    [
      2.207285837580838,
      2.175331510283941
    ],
    [
      2.3683514129417844,
      2.252448831664847
    ],
    [
      2.3338799027571655,
      2.341331344129837
    ],
    [
      2.30744027024611,
      2.330518103543431
    ],
    [
      2.373067020035245,
      2.3760500444443484
    ],
    [
      2.3322649580417343,
      2.3083802717937187
    ],
    [
      2.3577304858683092,
      2.396903906843124
    ],
    [
      2.379487250597123,
      2.364077774808499
    ],
    [
      2.3083066695698418,
      2.4034776640432374
    ],
    [
      2.4284421639586578,
      2.329295038904432
    ],
    [
      2.4041641247341956,
      2.399408820475515
    ],
    [
      2.410369827679785,
      2.3585921599531807
    ],
    [
      2.38904693706605,
      2.407028289892936
    ],
    [
      2.239146536571048,
      2.4098975977819275
    ],
    [
      2.221542431168649,
      2.2359736102718992
    ],
    [
      2.280439467327911,
      2.32295271372425
    ],
    [
      2.1847155044533775,
      2.2335245282109497
    ],
    [
      2.185140061635952,
      2.194620969282653
    ],
    [
      2.1277606575702714,
      2.2300552693975195
    ],
    [
      2.0992761304367704,
      2.2014758353055193
    ],
    [
      1.9912841599574087,
      2.1571126764398625
    ],
    [
      1.891289076945448,
      2.1529300177855824
    ],
    [
      1.8976564877862916,
      2.0937422710951394
    ],
    [
      1.7745087907283343,
      2.0239295336648393
    ],
    [
      1.6600908088018602,
      1.8765152425340303
    ],
    [
      1.6403393727696929,
      1.8435211054303273
    ],
    [
      1.5072348590004654,
      1.7697837483842698
    ],
    [
      1.4830426749330503,
      1.664937915922839
    ],
    [
      1.386276425815823,
      1.6510971876490914
    ],
    [
      1.3465769872328013,
      1.6174531244534638
    ],
    [
      1.1052344073606042,
      1.5490037523351978
    ],
    [
      1.0675498882953294,
      1.4211235919525682
    ],
    [
      1.0269638141349764,
      1.2884574297252653
    ],
    [
      1.0265404446844228,
      1.208191562354142
    ],
    [
      0.9054132145201444,
      1.1692192516972384
    ],
    [
      0.7602382267542109,
      1.0402455415293321
    ],
    [
      0.7039983736009772,
      0.9634399094731055
    ],
    [
      0.5452903196125304,
      0.8150632073287168
    ],
    [
      0.5155249969682151,
      0.8093265110434428
    ],
    [
      0.355783053945961,
      0.7536610255421207
    ],
    [
      0.32180107992485196,
      0.6211774559517353
    ],
    [
      0.22319549909219372,
      0.4684433161151762
    ],
    [
      0.16364767224519325,
      0.5044085635782245
    ],
    [
      0.13773557403650052,
      0.33896088322766865
    ],
    [
      0.008283799854370152,
      0.3092193660573908
    ],
    [
      0.011084296515774474,
      0.25848256605577047
    ],
    [
      0.04797775396753445,
      0.2779398290448283
    ],
    [
      -0.06348344006581935,
      0.08127127586130428
    ],
    [
      -0.11618771820634384,
      0.09314228437573835
    ],
    [
      -0.1910275479170184,
      0.003699554102196783
    ],
    [
      -0.1756728932273456,
      -0.08307487737059208
    ],
    [
      -0.22128959309410262,
      -0.11901777588913233
    ],
    [
      -0.28305850483619815,
      -0.11553562798006019
    ],
    [
      -0.30252243942626605,
      -0.2311703925980197
    ],
    [
      -0.22559689773864972,
      -0.27161298150810387
    ],
    [
      -0.3554795930740055,
      -0.22930871530816135
    ],
    [
      -0.35313095188239785,
      -0.32836249887639796
    ],
    [
      -0.2519554616382792,
      -0.3893708178284781
    ],
    [
      -0.20335082369080193,
      -0.42661189984548026
    ],
    [
      -0.3225930605592476,
      -0.28762145494724184
    ]
  ],
  "complexity": 0.2961710835821316
}