{
  "id": 4950,
  "wedge_count": 2,
  "parameters": {
    "rotation_speeds": [
      -1.8337552556513044,
      -0.8875917043944908
    ],
    "phi_x": [
      9.27269355471583,
      4.92309161822816
    ],
    "phi_y": [
      10.348189670789665,
      -12.246132480584043
    ],
    "distances": [
      1.0,
      2.793114049642143,
      3.9361094008342623
    ],
    "refractive_indices": [
      1.0,
      1.5,
      1.5,
      1.0
    ],
    "wedgenum": 2
  },
  "pattern": [
    [
      1.0808362963421603,
      1.1415894203959733
    ],
    [
      1.0424687406671382,
      1.1177781111315246
    ],
    [
      0.9555918103467235,
      0.9621410906281684
    ],
    [
      0.986201582072498,
      0.9197718903651874
    ],
    [
      0.7547369285521951,
      0.7217124777648217
    ],
    [
      0.7286849206296336,
      0.751459586549969
    ],
    [
      0.6470478800498817,
      0.6388114861625442
    ],
    [
      0.4692948289218856,
      0.6141667865508911
    ],
    [
      0.3908535436788829,
      0.5068186142561883
    ],
    [
      0.266459237137793,
      0.3928360893001517
    ],
    [
      0.23035593629511952,
      0.30932554976570165
    ],
    [
      0.1367547646886073,
      0.22715113050965088
    ],
    [
      0.11769213977362451,
      0.07632775683876306
    ],
    [
      -0.02354854178612787,
      0.11184048241439522
    ],
    [
      -0.1601559208691376,
      -0.08669020028353275
    ],
    [
      -0.2325859425237799,
      -0.15723248892470432
    ],
    [
      -0.32180337852541563,
      -0.22051751522953697
    ],
    [
      -0.3964276267257238,
      -0.3235407520042928
    ],
    [
      -0.45206069689173617,
      -0.37274228985151026
    ],
    [
      -0.6016254803014582,
      -0.4771923773358853
    ],
    [
      -0.6504397729006312,
      -0.49580946066326614
    ],
    [
      -0.7263373142401757,
      -0.5659595762944241
    ],
    [
      -0.7833572351133862,
      -0.6064640140516613
    ],
    [
      -0.9311558238587001,
      -0.6700141873815764
    ],
    [
      -0.8728401941007176,
      -0.8132137028923835
    ],
    [
      -1.0839785314693728,
      -0.761202931269488
    ],
    [
      -1.0640983597069336,
      -0.9741325631166837
    ],
    [
      -1.033214560545582,
      -0.9767181409921416
    ],
    [
      -1.1945545659611863,
      -1.014593560027241
    ],
    [
      -1.1071737509121273,
      -1.0010700029568573
    ],
    [
      -1.151252147710124,
      -1.1663236873597744
    ],
    [
      -1.263896099695293,
      -1.164543478127874
    ],
    [
      -1.181205974566044,
      -1.194775712574119
    ],
    [
      -1.2534806448351639,
      -1.2356016564512413
    ],
    [
      -1.3230477160192686,
      -1.2208956723180326
    ],
    [
      -1.2610205380384008,
      -1.2436932216391703
    ],
    [
      -1.2844433286133285,
      -1.300341164244914
    ],
    [
      -1.2746011531809136,
      -1.2770154927238517
    ],
    [
      -1.3630100878047722,
      -1.3231992972334952
    ],
    [
      -1.344487588044283,
      -1.3710624080865652
    ],
    [
      -1.3045457383676184,
      -1.308955412224948
    ],
    [
      -1.322765722459852,
      -1.3772681630963868
    ],
    [
      -1.2566861227539723,
      -1.292680547985473
    ],
    [
      -1.1666598950640072,
      -1.2719688376014613
    ],
    [
      -1.2353896487945977,
      -1.2776705530488592
    ],
    [
      -1.110264158958158,
      -1.2218945002848196
    ],
    [
      -1.17694412463693,
      -1.2702470030582027
    ],
    [
      -1.0987832394344732,
      -1.1868566527236788
    ],
    [
      -0.982431151373597,
      -1.24131724775324
    ],
    [
      -0.9296895260914655,
      -1.173867421678536
    ],
    [
      -0.9746211255069914,
      -1.1730006376150797
    ],
    [
      -0.9551994526913976,
      -1.104566958351741
    ],
    [
      -0.9302443986214411,
      -1.0946842378967532
    ],
    [
      -0.859059529389567,
      -1.0237234297335787
    ],
    [
      -0.9368033015255546,
      -1.024945084540019
    ],
    [
      -0.8065388167576006,
      -0.9907445884866238
    ],
    [
      -0.6923594115860373,
      -0.8788100783872063
    ],
    [
      -0.6999514290395631,
      -0.9041418756617701
    ],
    [
      -0.6353633472978462,
      -0.856356924209371
    ],
    [
      -0.6226485335745331,
      -0.7695619703021598
    ]
  ],
  "complexity": 0.2765411989390915
}