{
  "id": 4660,
  "wedge_count": 1,
  "parameters": {
    "rotation_speeds": [
      2.4245455123261044
    ],
    "phi_x": [
      1.0247047938618152
    ],
    "phi_y": [
      -12.14904596307465
    ],
    "distances": [
      1.0,
      2.918746535790531
    ],
    "refractive_indices": [
      1.0,
      1.5,
      1.0
    ],
    "wedgenum": 1
  },
  "pattern": [
    [
      0.07743261784229515,
      0.06448774628368156
    ],
    [
      0.13053793370997216,
      0.12503040855909184
    ],
    [
      0.18428645303813562,
      0.17734809184551642
    ],
    [
      0.2437349303621188,
      0.23014761460178573
    ],
    [
      0.3031979940758818,
      0.29165846741005486
    ],
    [
      0.36059782820960734,
      0.334406620839007
    ],
    [
      0.4101095738401133,
      0.3837522542003673
    ],
    [
      0.4740537013536535,
      0.43385662627725385
    ],
    [
      0.5073030768978712,
      0.47327749430968014
    ],
    [
      0.5606748210204834,
      0.5229041910127391
    ],
    [
      0.6021003747659234,
      0.5634751884994641
    ],
    [
      0.6396683062083028,
      0.6080905314769968
    ],
    [
      0.6760747102408622,
      0.6426830038456672
    ],
    [
      0.7028456673834271,
      0.6686428229853159
    ],
    [
      0.7423668578326845,
      0.7059670817092321
    ],
    [
      0.767386825261687,
      0.7326645819243722
    ],
    [
      0.7861047252717617,
      0.7545692920636919
    ],
    [
      0.7992441996114121,
      0.774985807629935
    ],
    [
      0.8155967063150474,
      0.7897212520212403
    ],
    [
      0.8138823101862134,
      0.810096785413629
    ],
    [
      0.8173140442227234,
      0.8060294794986504
    ],
    [
      0.8266290786305139,
      0.8228627890217844
    ],
    [
      0.8090080239859246,
      0.8111349339207247
    ],
    [
      0.8115599666853991,
      0.813796702183766
    ],
    [
      0.7904645686833015,
      0.8098196637268362
    ],
    [
      0.7597908871760789,
      0.8005513540539624
    ],
    [
      0.7372084468004715,
      0.782845028492351
    ],
    [
      0.7203177846419323,
      0.7850522533649028
    ],
    [
      0.6840831897178099,
      0.7558708555593662
    ],
    [
      0.6554875228774036,
      0.7296238823670527
    ],
    [
      0.6091321888392028,
      0.717004005678272
    ],
    [
      0.5637478836159067,
      0.6716201437863052
    ],
    [
      0.5143207939138232,
      0.6428732574069573
    ],
    [
      0.46803909903348595,
      0.6070999780658999
    ],
    [
      0.4157726525239784,
      0.5645587364042624
    ],
    [
      0.35798485350788983,
      0.5288697344834193
    ],
    [
      0.30727922269587754,
      0.48426905280871196
    ],
    [
      0.23617701306530448,
      0.43419410587720414
    ],
    [
      0.17983031857449247,
      0.3816993905198199
    ],
    [
      0.12388461843460959,
      0.3458658233325317
    ],
    [
      0.07032800242825304,
      0.27592933002358416
    ],
    [
      0.008945824619804676,
      0.22860871955384524
    ],
    [
      -0.05367868719487729,
      0.1800465374803115
    ],
    [
      -0.11024146191780039,
      0.11975512748548954
    ],
    [
      -0.17604175040053374,
      0.06868884028760389
    ],
    [
      -0.23987452831525183,
      0.01406383660154757
    ],
    [
      -0.30540814159871266,
      -0.054736544670809205
    ],
    [
      -0.3549399256181399,
      -0.10223969154029244
    ],
    [
      -0.4056357887649823,
      -0.15735375177115368
    ],
    [
      -0.46277726749640646,
      -0.21863056366172298
    ],
    [
      -0.514560871502817,
      -0.2667658494512028
    ],
    [
      -0.5527060275753624,
      -0.31667964722493497
    ],
    [
      -0.5919563134554384,
      -0.37974842210050885
    ],
    [
      -0.6443700306431316,
      -0.41291175166415955
    ],
    [
      -0.697814774571247,
      -0.4718008102129791
    ],
    [
      -0.7180366752769854,
      -0.5187431847424538
    ],
    [
      -0.7571755413543587,
      -0.5652871256819779
    ],
    [
      -0.7771547839738784,
      -0.6010608166377397
    ],
    [
      -0.800130758489051,
      -0.6460835795874894
    ],
    [
      -0.8162731616310464,
      -0.6765125973275612
    ]
  ],
  "complexity": 0.2020355047232795
}