{
  "id": 1447,
  "wedge_count": 6,
  "parameters": {
    "rotation_speeds": [
      -2.148647783544727,
      0.804524116872023,
      2.018195334757702,
      2.415128038643906,
      1.657874554249295,
      0.5442704008242094
    ],
    "phi_x": [
      10.978479869359894,
      13.967346645265053,
      12.805185852376816,
      -6.99455705875862,
      2.1900189467185314,
      -2.3714471369986896
    ],
    "phi_y": [
      5.0503526790205555,
      -9.137256101067786,
      -3.9599898097471957,
      -7.416276753819174,
      8.783490373425007,
      5.986680847552989
    ],
    "distances": [
      1.0,
      2.680083958020208,
      7.846893467171201,
      4.0898236666905605,
      7.999435577636856,
      7.32897782569544,
      7.802463011880953
    ],
    "refractive_indices": [
      1.0,
      1.5,
      1.5,
      1.5,
      1.5,
      1.5,
      1.5,
      1.0
    ],
    "wedgenum": 6
  },
  "pattern": [
    [
      4.325227414160905,
      4.318444722850859
    ],
    [
      4.375062361090932,
      4.291010155987365
    ],
    [
      4.289595299171506,
      4.3318961964802
    ],
    [
      4.333216574728584,
      4.28529599113877
    ],
    [
      4.334038661893526,
      4.346845650134019
    ],
    [
      4.317788578164568,
      4.198369891732106
    ],
    [
      4.149069452827108,
      4.240927284852041
    ],
    [
      4.1923685778917505,
      4.1949401999189195
    ],
    [
      4.070421098066083,
      4.11299282125297
    ],
    [
      3.9882637114304087,
      4.114651763864692
    ],
    [
      3.908856123250572,
      4.042332955436207
    ],
    [
      3.7809452776891006,
      4.056344929184088
    ],
    [
      3.732397777205759,
      3.8950090518397222
    ],
    [
      3.623422104683614,
      3.7911661862815125
    ],
    [
      3.4069528055495044,
      3.6961278794919354
    ],
    [
      3.370422097512391,
      3.623202545449245
    ],
    [
      3.2276712886941206,
      3.5363034033296623
    ],
    [
      3.1292718871623775,
      3.3361627259255395
    ],
    [
      2.871080229832941,
      3.261023880855995
    ],
    [
      2.731007525367532,
      3.100420655632835
    ],
    [
      2.589417715581247,
      2.974286099205035
    ],
    [
      2.442835870187656,
      2.7120685686710413
    ],
    [
      2.2491095345617995,
      2.700808242412681
    ],
    [
      2.0681467063539,
      2.5579017806266022
    ],
    [
      1.9220769467017627,
      2.4532633225530094
    ],
    [
      1.7687110176564909,
      2.2040571168492797
    ],
    [
      1.4658540559373046,
      2.126058938827743
    ],
    [
      1.356715986515719,
      1.932689931410204
    ],
    [
      1.1253708034689553,
      1.857323729248971
    ],
    [
      0.9431899391313606,
      1.6121537628880236
    ],
    [
      0.8465386203193525,
      1.4078584068472086
    ],
    [
      0.6052380737984162,
      1.340249600154698
    ],
    [
      0.5110691336403623,
      1.2265235257705043
    ],
    [
      0.32213885851993407,
      1.0787540466005892
    ],
    [
      0.15618554767041698,
      0.8499740773262068
    ],
    [
      -0.0169826296396963,
      0.6931102763918391
    ],
    [
      -0.2514638758615274,
      0.5486472183929456
    ],
    [
      -0.2980562864009589,
      0.38530667551854986
    ],
    [
      -0.5058391284817927,
      0.2466948460516284
    ],
    [
      -0.5606608329279988,
      0.12616298093461506
    ],
    [
      -0.7921580184901018,
      -0.07764849014205982
    ],
    [
      -0.910687053965258,
      -0.20591346310159558
    ],
    [
      -0.9468512024163256,
      -0.313153146834409
    ],
    [
      -1.0110886110233919,
      -0.45595405062179517
    ],
    [
      -1.2307167777424257,
      -0.6300740231286598
    ],
    [
      -1.2757648056258615,
      -0.6667789045593895
    ],
    [
      -1.3359382977883814,
      -0.7876013059743663
    ],
    [
      -1.3555715483700594,
      -0.9250820646600331
    ],
    [
      -1.4808673269721633,
      -1.0314398465684456
    ],
    [
      -1.608237748605858,
      -1.0197097351283277
    ],
    [
      -1.5321706584759873,
      -1.0763257851735253
    ],
    [
      -1.4938573060622475,
      -1.2326787662088412
    ],
    [
      -1.5786467770599317,
      -1.2720269276748453
    ],
    [
      -1.6513119131045093,
      -1.452382551901958
    ],
    [
      -1.607175690398095,
      -1.4969250044329852
    ],
    [
      -1.6898914234895144,
      -1.5265644730313028
    ],
    [
      -1.5221543834219522,
      -1.4589786722974993
    ],
    [
      -1.5090439941289533,
      -1.544641269039138
    ],
    [
      -1.5368679619924634,
      -1.5532761873024814
    ],
    [
      -1.4351234761899925,
      -1.5637031176783143
    ]
  ],
  "complexity": 0.4046155954886459
}