{
  "id": 1971,
  "wedge_count": 2,
  "parameters": {
    "rotation_speeds": [
      -0.2435464286050637,
      0.4112917330696888
    ],
    "phi_x": [
      -8.811645845960413,
      11.403663517858835
    ],
    "phi_y": [
      11.956692354859573,
      10.052810444901777
    ],
    "distances": [
      1.0,
      7.319495019625906,
      6.60672538038125
    ],
    "refractive_indices": [
      1.0,
      1.5,
      1.5,
      1.0
    ],
    "wedgenum": 2
  },
  "pattern": [
    [
      1.5173409698112268,
      1.431478818269304
    ],
    [
      1.4906754331523164,
      1.5344442602793038
    ],
    [
      1.46194552534147,
      1.5147918411940247
    ],
    [
      1.434766725826661,
      1.4576849103375185
    ],
    [
      1.4255994771280642,
      1.460570897095975
    ],
    [
      1.4130265352111375,
      1.4368374271577804
    ],
    [
      1.4427194863777786,
      1.4382868648892315
    ],
    [
      1.4238977011911234,
      1.363036639594135
    ],
    [
      1.316148855874088,
      1.4564124138585497
    ],
    [
      1.2895320134944397,
      1.3766178303916587
    ],
    [
      1.3498645713640711,
      1.3722615119407124
    ],
    [
      1.2959412866373696,
      1.349323080753252
    ],
    [
      1.1816992525405805,
      1.346044811782217
    ],
    [
      1.173097678626968,
      1.2851816061640924
    ],
    [
      1.1899526208661437,
      1.2328866046588498
    ],
    [
      1.0571559890203597,
      1.2086617844772167
    ],
    [
      1.0353650798804763,
      1.1223396112336392
    ],
    [
      0.9910449280195128,
      1.0832798533613006
    ],
    [
      0.9153757292442929,
      1.0355111348978723
    ],
    [
      0.8395706373792782,
      0.9367913386884053
    ],
    [
      0.8242608175804836,
      0.8551261013608581
    ],
    [
      0.7744039572503856,
      0.8526174410135761
    ],
    [
      0.6010025188342674,
      0.7552122981501286
    ],
    [
      0.6546634291311826,
      0.6560795642341418
    ],
    [
      0.5302600330953642,
      0.762150875080843
    ],
    [
      0.35902565272845083,
      0.623303175300096
    ],
    [
      0.3807169534087752,
      0.600547632732665
    ],
    [
      0.23551802878223774,
      0.49068990968685205
    ],
    [
      0.21029393065338775,
      0.3788762173161409
    ],
    [
      0.06628364432248282,
      0.3254382928443132
    ],
    [
      0.00410250165830876,
      0.2409038438680564
    ],
    [
      -0.11275359944033199,
      0.15041863703061104
    ],
    [
      -0.20390854331649735,
      0.09582235117592053
    ],
    [
      -0.30741873718334567,
      0.04176632050323156
    ],
    [
      -0.3662996124585727,
      -0.09291944570749666
    ],
    [
      -0.4585525202631313,
      -0.187286650257158
    ],
    [
      -0.5595085049662812,
      -0.2794725105049437
    ],
    [
      -0.619483013505736,
      -0.2540836772700267
    ],
    [
      -0.8713300394491788,
      -0.4196144732422701
    ],
    [
      -0.8305687455826277,
      -0.5058403333426187
    ],
    [
      -0.9885200301999747,
      -0.5218792781767928
    ],
    [
      -0.9524906989624388,
      -0.6543142121816202
    ],
    [
      -1.1262167082488757,
      -0.7103865205253787
    ],
    [
      -1.1556635540146942,
      -0.7350640831505946
    ],
    [
      -1.2583331715830006,
      -0.8775720541255931
    ],
    [
      -1.3717139480455536,
      -0.9479340330727777
    ],
    [
      -1.4132566775648214,
      -0.9930031786966697
    ],
    [
      -1.4767456323920811,
      -1.1629732419905474
    ],
    [
      -1.5345680984068242,
      -1.128449340400205
    ],
    [
      -1.6065529182293588,
      -1.2442904727016126
    ],
    [
      -1.745886588993778,
      -1.2879028901360747
    ],
    [
      -1.6895267941023444,
      -1.372337071487652
    ],
    [
      -1.8208844362019123,
      -1.461740496756529
    ],
    [
      -1.8334790219845805,
      -1.5200595346843684
    ],
    [
      -1.8701808494727823,
      -1.577350214556234
    ],
    [
      -1.9552181456373454,
      -1.6503824725037433
    ],
    [
      -1.9499885836176625,
      -1.7087228939079397
    ],
    [
      -1.9453235275640228,
      -1.7668166505281218
    ],
    [
      -2.0118428037817333,
      -1.8167312427135884
    ],
    [
      -2.0079537733866117,
      -1.8613033473451737
    ]
  ],
  "complexity": 0.31349118217981436
}