{
  "id": 4110,
  "wedge_count": 1,
  "parameters": {
    "rotation_speeds": [
      -1.8822988492597181
    ],
    "phi_x": [
      -8.013444397269431
    ],
    "phi_y": [
      14.65065652692747
    ],
    "distances": [
      1.0,
      5.19378844107438
    ],
    "refractive_indices": [
      1.0,
      1.5,
      1.0
    ],
    "wedgenum": 1
  },
  "pattern": [
    [
      0.5310391244311187,
      0.5288931508441875
    ],
    [
      0.45660976913283013,
      0.46785247735314517
    ],
    [
      0.377632457602886,
      0.40305772002520907
    ],
    [
      0.3087300975325923,
      0.330540894352208
    ],
    [
      0.23584174230413557,
      0.24731172992935566
    ],
    [
      0.143182077074491,
      0.193071322702823
    ],
    [
      0.06729162977769176,
      0.10776714119660558
    ],
    [
      -0.010468521781014314,
      0.037636877773274506
    ],
    [
      -0.0956471381970698,
      -0.027579169338203792
    ],
    [
      -0.1557915173255318,
      -0.10502404250405385
    ],
    [
      -0.24444852846163048,
      -0.1744638910221389
    ],
    [
      -0.3300300130149492,
      -0.24482636183670886
    ],
    [
      -0.3921096579945734,
      -0.3053682886737627
    ],
    [
      -0.4749371446547391,
      -0.3763642309983319
    ],
    [
      -0.528944581082321,
      -0.43935959343308867
    ],
    [
      -0.5992507160719092,
      -0.5086580127965749
    ],
    [
      -0.6616486661098984,
      -0.5622757833866514
    ],
    [
      -0.7170516287966828,
      -0.6103512108250816
    ],
    [
      -0.7773165092853822,
      -0.6775774386313231
    ],
    [
      -0.8193201460103471,
      -0.7250588418725528
    ],
    [
      -0.8541479201836074,
      -0.7671771488820017
    ],
    [
      -0.8974788679834237,
      -0.8181958576110667
    ],
    [
      -0.93227520192182,
      -0.8565985163156736
    ],
    [
      -0.9625221711555543,
      -0.8823498771025975
    ],
    [
      -0.986122715048439,
      -0.917448816845017
    ],
    [
      -1.0033575685625424,
      -0.946079338234483
    ],
    [
      -1.0157329229071623,
      -0.976142774368706
    ],
    [
      -1.0202311063308867,
      -0.9839688218993173
    ],
    [
      -1.0226389613781903,
      -0.9912615852356967
    ],
    [
      -1.0161779064856495,
      -1.0009693792135619
    ],
    [
      -1.0119381070179798,
      -1.004691176072995
    ],
    [
      -0.9826882571585552,
      -1.018160151528931
    ],
    [
      -0.9670503342119756,
      -1.000805174408351
    ],
    [
      -0.943269734403831,
      -0.9999841396050008
    ],
    [
      -0.9117937965640718,
      -0.9828602332643577
    ],
    [
      -0.8704112760415528,
      -0.971086887140308
    ],
    [
      -0.8425457216292979,
      -0.9420061627312719
    ],
    [
      -0.7969868290863645,
      -0.9180885199161974
    ],
    [
      -0.7444977618646827,
      -0.9025092411135882
    ],
    [
      -0.6940828200835044,
      -0.8468600650709297
    ],
    [
      -0.6435097017353205,
      -0.8154892413901721
    ],
    [
      -0.5788322337953666,
      -0.7712265485847999
    ],
    [
      -0.516897592218166,
      -0.735261578191054
    ],
    [
      -0.46126421743557855,
      -0.6823543176179615
    ],
    [
      -0.39132241747564395,
      -0.6374427285853341
    ],
    [
      -0.33018792322220797,
      -0.5841724482257488
    ],
    [
      -0.26245560945874097,
      -0.5264550456134778
    ],
    [
      -0.1823543050714499,
      -0.47153811356842
    ],
    [
      -0.10519266833990377,
      -0.41908270132270176
    ],
    [
      -0.05053622174288942,
      -0.3592266714626439
    ],
    [
      0.016919867839813675,
      -0.2946614689271621
    ],
    [
      0.09201577368438107,
      -0.22237009584732784
    ],
    [
      0.16803082126528082,
      -0.16767728794149125
    ],
    [
      0.22128129650686762,
      -0.0918577583790527
    ],
    [
      0.2912716009015852,
      -0.041905328507236585
    ],
    [
      0.3682924873236729,
      0.014587937880510615
    ],
    [
      0.4139863499972227,
      0.07825655718662275
    ],
    [
      0.48334137092847834,
      0.1325017166283121
    ],
    [
      0.5343905316533116,
      0.193339435185416
    ],
    [
      0.5741193841964537,
      0.2589541502879227
    ]
  ],
  "complexity": 0.20621005835180292
}