{
  "id": 1618,
  "wedge_count": 1,
  "parameters": {
    "rotation_speeds": [
      -2.5477268871848535
    ],
    "phi_x": [
      -0.9074454734240689
    ],
    "phi_y": [
      5.656225889220803
    ],
    "distances": [
      1.0,
      2.21547626988561
    ],
    "refractive_indices": [
      1.0,
      1.5,
      1.0
    ],
    "wedgenum": 1
  },
  "pattern": [
    [
      0.05693689890744822,
      0.058644685286841886
    ],
    [
      0.037624184431521476,
      0.03322822562707034
    ],
    [
      0.00645000582775252,
      0.01072245538828487
    ],
    [
      -0.027215488285900993,
      -0.019193896400961964
    ],
    [
      -0.05135345207486736,
      -0.0448492901473882
    ],
    [
      -0.07907382797427696,
      -0.07047766024841773
    ],
    [
      -0.10980425641849403,
      -0.0888330668402688
    ],
    [
      -0.13690069713545394,
      -0.12051834795384289
    ],
    [
      -0.16171536556537527,
      -0.13735907423090174
    ],
    [
      -0.1789431286525233,
      -0.17218272231194326
    ],
    [
      -0.2000088854335942,
      -0.1877567442949918
    ],
    [
      -0.22531103283565587,
      -0.20715785772063433
    ],
    [
      -0.2471106833785572,
      -0.23047953663119447
    ],
    [
      -0.27458812776628655,
      -0.24033768087067292
    ],
    [
      -0.2868375309971603,
      -0.2629719603324779
    ],
    [
      -0.3076287938637798,
      -0.2845852495076753
    ],
    [
      -0.3275650258493026,
      -0.293595389655302
    ],
    [
      -0.33264261669687795,
      -0.31148396922401805
    ],
    [
      -0.34795635871814096,
      -0.3320229829682018
    ],
    [
      -0.3597876202816805,
      -0.33677308386217614
    ],
    [
      -0.36521173346562685,
      -0.34619240404645435
    ],
    [
      -0.3795426627807881,
      -0.3595626709380436
    ],
    [
      -0.3700014606940147,
      -0.3643778704220868
    ],
    [
      -0.3783184275462156,
      -0.36307345856786144
    ],
    [
      -0.3842220550289913,
      -0.37419656986868777
    ],
    [
      -0.3796391189463619,
      -0.36799836255266266
    ],
    [
      -0.3590294407014927,
      -0.3650576160895159
    ],
    [
      -0.3532646323801117,
      -0.36749065068251763
    ],
    [
      -0.3503737798384349,
      -0.35608248725313085
    ],
    [
      -0.34201495869317694,
      -0.3640358041938267
    ],
    [
      -0.32239907270038737,
      -0.36502996270072663
    ],
    [
      -0.3017245436843279,
      -0.34605632157060734
    ],
    [
      -0.2893516144821057,
      -0.33621963711433045
    ],
    [
      -0.28120309484350975,
      -0.3236793357438048
    ],
    [
      -0.25299734886598313,
      -0.30679616627068523
    ],
    [
      -0.2295735268538052,
      -0.29253134977386186
    ],
    [
      -0.21556959530119085,
      -0.27213912907524207
    ],
    [
      -0.18795932354502465,
      -0.2628994179917827
    ],
    [
      -0.16590277804939232,
      -0.239960534761396
    ],
    [
      -0.14492235824577296,
      -0.2228037789252906
    ],
    [
      -0.11016306676450502,
      -0.2043741376759245
    ],
    [
      -0.09016825888995551,
      -0.17690278223961928
    ],
    [
      -0.05891506859930052,
      -0.1530199208164449
    ],
    [
      -0.034882040215864184,
      -0.1385448814120353
    ],
    [
      -0.011545739543711306,
      -0.11854519345048414
    ],
    [
      0.021525443073982867,
      -0.08374779251677003
    ],
    [
      0.04939146821179961,
      -0.07300761740617101
    ],
    [
      0.06728645603004954,
      -0.048537797765457455
    ],
    [
      0.10439241245483352,
      -0.010665985899873755
    ],
    [
      0.12777201618606912,
      0.0021279345212284074
    ],
    [
      0.16262264038844337,
      0.029454089095099948
    ],
    [
      0.17231675842953423,
      0.051300286485718445
    ],
    [
      0.1910450964339482,
      0.08112518346245703
    ],
    [
      0.20990344353724893,
      0.10575384809453492
    ],
    [
      0.23932265716281148,
      0.12386130351984252
    ],
    [
      0.25911994193285726,
      0.14730321148731157
    ],
    [
      0.26565244350314243,
      0.16704445218807654
    ],
    [
      0.2925084220070378,
      0.18778160602062802
    ],
    [
      0.3076296885699656,
      0.2089820730438642
    ],
    [
      0.3243453111922714,
      0.22918816569593956
    ]
  ],
  "complexity": 0.15308793423902697
}