{
  "id": 2775,
  "wedge_count": 5,
  "parameters": {
    "rotation_speeds": [
      2.39592463733222,
      2.564033723814825,
      0.33550130671027656,
      0.3240083347935623,
      -1.2774979249003011
    ],
    "phi_x": [
      0.9375898143317585,
      -6.998485952910658,
      -9.621131340361408,
      13.308980443771482,
      -13.040924848379232
    ],
    "phi_y": [
      -9.293158297562695,
      -11.330397453956317,
      8.255736888393326,
      -14.246777097768437,
      1.8346298160540258
    ],
    "distances": [
      1.0,
      2.2689620727523954,
      7.1922349986656045,
      4.994802327741849,
      3.6590033579594072,
      4.3819857385202905
    ],
    "refractive_indices": [
      1.0,
      1.5,
      1.5,
      1.5,
      1.5,
      1.5,
      1.0
    ],
    "wedgenum": 5
  },
  "pattern": [
    [
      3.476659234749352,
      3.526601560896194
    ],
    [
      3.6859268051015617,
      3.6438494365536696
    ],
    [
      3.8169310981314655,
      3.695944703866809
    ],
    [
      3.869547479088266,
      3.786568538618593
    ],
    [
      3.858999710931649,
      3.8559399115873094
    ],
    [
      3.935125652109513,
      3.9642712561447877
    ],
    [
      4.073306652547033,
      4.025611906236815
    ],
    [
      4.17465303064027,
      4.132424848665255
    ],
    [
      4.203847207192779,
      4.26104417225505
    ],
    [
      4.336566925683116,
      4.257646855874567
    ],
    [
      4.346329035210102,
      4.3417606883771676
    ],
    [
      4.357415005829331,
      4.468763591543433
    ],
    [
      4.485822172479997,
      4.443174101198936
    ],
    [
      4.492220267918935,
      4.546120698684809
    ],
    [
      4.5448043444628805,
      4.556659396591937
    ],
    [
      4.539431114070676,
      4.554249168864785
    ],
    [
      4.482144903969376,
      4.605272581969185
    ],
    [
      4.672520653539146,
      4.540576062086379
    ],
    [
      4.5516628064237485,
      4.464667565755071
    ],
    [
      4.553150304304129,
      4.54113713720468
    ],
    [
      4.467840765002136,
      4.402441187625115
    ],
    [
      4.385708057080883,
      4.585532352288313
    ],
    [
      4.441023332494984,
      4.4911115795118
    ],
    [
      4.3684783441324475,
      4.397809481961019
    ],
    [
      4.287257655538432,
      4.419725571694071
    ],
    [
      4.255880754959387,
      4.316522136501699
    ],
    [
      4.024689577938176,
      4.293706294018735
    ],
    [
      4.028905405440217,
      4.222359799582091
    ],
    [
      4.02364638040907,
      4.106936970112195
    ],
    [
      3.878674502206266,
      4.1932285928035276
    ],
    [
      3.774050444942543,
      3.939720382038431
    ],
    [
      3.6820811966645812,
      4.054628982935659
    ],
    [
      3.4730400352520516,
      3.8153982834756492
    ],
    [
      3.4370668396218713,
      3.764103552541143
    ],
    [
      3.332231217015756,
      3.6383455266322255
    ],
    [
      3.0951574279644753,
      3.6462740421414326
    ],
    [
      3.0919321237298707,
      3.4977481374694257
    ],
    [
      2.9182394303039993,
      3.2853873747085047
    ],
    [
      2.782264986218353,
      3.309504688811934
    ],
    [
      2.690393295919816,
      3.156604256663726
    ],
    [
      2.4901183272944216,
      2.964155510500631
    ],
    [
      2.4490741881131983,
      2.8793477221778714
    ],
    [
      2.2673448826620346,
      2.750210347966688
    ],
    [
      2.164844848437809,
      2.613871532326853
    ],
    [
      2.0898368273599353,
      2.560126037852999
    ],
    [
      1.9162366820534564,
      2.428103862943412
    ],
    [
      1.7984682261943534,
      2.3737268872225354
    ],
    [
      1.6407411380444767,
      2.1543329166760814
    ],
    [
      1.6447462113706355,
      2.1031877902979668
    ],
    [
      1.5689144601201215,
      2.041629303281352
    ],
    [
      1.349572856815416,
      1.8592808014491768
    ],
    [
      1.2722598500330997,
      1.6933263660924112
    ],
    [
      1.2149754445205856,
      1.5859740108550993
    ],
    [
      1.0669384166921194,
      1.490969209607532
    ],
    [
      1.0962224661742406,
      1.5000678285795304
    ],
    [
      1.0067743556109492,
      1.3126697192285302
    ],
    [
      0.9486754193111852,
      1.2972009022789721
    ],
    [
      0.9029221694843538,
      1.190539417516519
    ],
    [
      0.9205454955504027,
      1.1641526228265788
    ],
    [
      0.7521526473516102,
      1.112184291888028
    ]
  ],
  "complexity": 0.3707389806043757
}