{
  "id": 2417,
  "wedge_count": 5,
  "parameters": {
    "rotation_speeds": [
      0.3921631630036835,
      2.1047701435634707,
      -0.5103627031319697,
      -0.7064562992811538,
      -2.580292640529926
    ],
    "phi_x": [
      -5.946008593425878,
      -10.213250224534553,
      -14.446808566945567,
      13.313295231132862,
      9.932835612820007
    ],
    "phi_y": [
      -10.3046299166901,
      8.203044108253366,
      3.570609209937622,
      13.860140463684477,
      -11.139838433554683
    ],
    "distances": [
      1.0,
      6.0899405346056,
      7.794625501608561,
      5.869469728990919,
      2.9673837127820337,
      4.298506202896089
    ],
    "refractive_indices": [
      1.0,
      1.5,
      1.5,
      1.5,
      1.5,
      1.5,
      1.0
    ],
    "wedgenum": 5
  },
  "pattern": [
    [
      4.441755316273738,
      4.4681984811742135
    ],
    [
      4.539474985552011,
      4.592289834528067
    ],
    [
      4.51296946577616,
      4.496846730591788
    ],
    [
      4.434342665419494,
      4.532865965574226
    ],
    [
      4.536013717880874,
      4.4146106408409205
    ],
    [
      4.4747000390454295,
      4.511899112316926
    ],
    [
      4.505696679100711,
      4.372398024319071
    ],
    [
      4.534054613302232,
      4.538550937788832
    ],
    [
      4.44458322636632,
      4.466206878746468
    ],
    [
      4.417283913620585,
      4.412329027131983
    ],
    [
      4.295936981432063,
      4.227708319898157
    ],
    [
      4.323663704367378,
      4.284848656959547
    ],
    [
      4.2557353341007005,
      4.234879280679158
    ],
    [
      4.155216873847193,
      4.108785654176382
    ],
    [
      3.9884343133305324,
      4.05858242657853
    ],
    [
      4.029030825714178,
      4.021264501933277
    ],
    [
      3.870621243034919,
      3.9586854422807027
    ],
    [
      3.826578267717372,
      3.8148058992717653
    ],
    [
      3.6911657010402315,
      3.7685823031127974
    ],
    [
      3.5232494782018873,
      3.712362298990973
    ],
    [
      3.3608589585085733,
      3.492015224453248
    ],
    [
      3.3786427958963334,
      3.5240106840934864
    ],
    [
      3.1750852105323544,
      3.5264504258053266
    ],
    [
      3.0232692469738662,
      3.2654618818898027
    ],
    [
      3.013345060358197,
      3.1893947924992756
    ],
    [
      2.860655219910216,
      3.045892691844959
    ],
    [
      2.755176964069452,
      2.9546404228725387
    ],
    [
      2.6572671382490403,
      2.855557720438416
    ],
    [
      2.504540682771016,
      2.7411092621476754
    ],
    [
      2.477363007970714,
      2.6339568004188294
    ],
    [
      2.222433962240784,
      2.473580261947417
    ],
    [
      2.172055532127694,
      2.288561343650342
    ],
    [
      2.0985656164927393,
      2.2425408443107377
    ],
    [
      1.9724618843783666,
      2.139029166478085
    ],
    [
      1.7987030429080344,
      1.9989986588953232
    ],
    [
      1.7454801192254108,
      1.9265569595006282
    ],
    [
      1.6529496122474778,
      1.899563806004661
    ],
    [
      1.5112199026332465,
      1.8196269229910416
    ],
    [
      1.3463077744172387,
      1.7421552419762838
    ],
    [
      1.2894957719431759,
      1.7000726689251047
    ],
    [
      1.2281961247011486,
      1.448304435691495
    ],
    [
      1.0465583980981084,
      1.3499482074470581
    ],
    [
      1.0278186011935992,
      1.3629647220173458
    ],
    [
      0.9165871327477345,
      1.272794900730784
    ],
    [
      0.9434847083333557,
      1.2281755482055652
    ],
    [
      0.7853997014820131,
      1.1537957418573754
    ],
    [
      0.7946932145899531,
      0.9516851661260682
    ],
    [
      0.6311273894671894,
      0.9585255573705167
    ],
    [
      0.6831942672179496,
      0.8927356975743858
    ],
    [
      0.6422225389727505,
      0.82056750288003
    ],
    [
      0.585184249654856,
      0.7190629263673948
    ],
    [
      0.56080076508654,
      0.770793524537269
    ],
    [
      0.44521275887181266,
      0.7607639937921611
    ],
    [
      0.46708240340218027,
      0.6651763817995627
    ],
    [
      0.37542655643248385,
      0.6785994256931304
    ],
    [
      0.5435147268441751,
      0.5369244740639801
    ],
    [
      0.42605189539593197,
      0.555051702899957
    ],
    [
      0.40639744534642025,
      0.4626468611764467
    ],
    [
      0.4952035265974297,
      0.5020367500596036
    ],
    [
      0.4706964372498758,
      0.5034012343193656
    ]
  ],
  "complexity": 0.36414334129402026
}