{
  "id": 2267,
  "wedge_count": 5,
  "parameters": {
    "rotation_speeds": [
      2.768305419617949,
      -2.738285464422116,
      -2.584884355869548,
      0.4978206877983231,
      -2.223134016685437
    ],
    "phi_x": [
      9.35867500777374,
      -5.6318808360756485,
      3.348439251075451,
      5.4914455899203425,
      4.929975055378417
    ],
    "phi_y": [
      -6.804935517627335,
      -14.396505321338433,
      13.623397536256302,
      10.179020405751498,
      1.1991234705966427
    ],
    "distances": [
      1.0,
      2.7146326528985742,
      3.1679266783527935,
      4.344412870921695,
      3.9614950634203216,
      3.7789831610012445
    ],
    "refractive_indices": [
      1.0,
      1.5,
      1.5,
      1.5,
      1.5,
      1.5,
      1.0
    ],
    "wedgenum": 5
  },
  "pattern": [
    [
      2.6796409680120026,
      2.7763806216467666
    ],
    [
      2.727759319793262,
      2.64800892967062
    ],
    [
      2.67057576773336,
      2.638984651179566
    ],
    [
      2.606333398676329,
      2.5589885680069053
    ],
    [
      2.453659425633886,
      2.486560920886077
    ],
    [
      2.3710093890040365,
      2.3553017639048295
    ],
    [
      2.282883565848409,
      2.1623777070486394
    ],
    [
      2.1501722266613306,
      2.115158503615771
    ],
    [
      1.9704955222434561,
      2.0057789109209985
    ],
    [
      1.960496247463351,
      1.9241619054211088
    ],
    [
      1.7459402122901195,
      1.783587509558289
    ],
    [
      1.5561098951579044,
      1.716146814380485
    ],
    [
      1.5131095495847573,
      1.6265266766261521
    ],
    [
      1.2905336908101999,
      1.5081405364188365
    ],
    [
      1.1870641421398789,
      1.3166054892947687
    ],
    [
      1.017040485179289,
      1.171473847034377
    ],
    [
      0.8776243343600718,
      0.9954671407676782
    ],
    [
      0.69026896268824,
      0.8845121040540975
    ],
    [
      0.5630064188606556,
      0.8639995934794201
    ],
    [
      0.4472653586299684,
      0.5929675875683417
    ],
    [
      0.3254743737080557,
      0.5222109137081505
    ],
    [
      0.1653683093467979,
      0.4402750358007422
    ],
    [
      -0.0077886493224661735,
      0.2497769108679397
    ],
    [
      -0.05950410578420276,
      0.14639060010196314
    ],
    [
      -0.1730139355851946,
      -0.019446477511012743
    ],
    [
      -0.4299783420895776,
      -0.09752845371838259
    ],
    [
      -0.408572943066541,
      -0.14948827951885418
    ],
    [
      -0.5120271560889974,
      -0.282769052634145
    ],
    [
      -0.5228604251002037,
      -0.34261439004299404
    ],
    [
      -0.7196535665778476,
      -0.43268683251518125
    ],
    [
      -0.8586392701530219,
      -0.5703241317583505
    ],
    [
      -0.7889335423938963,
      -0.6304835061333545
    ],
    [
      -0.9121674949470977,
      -0.7604142164944655
    ],
    [
      -0.9768783852208887,
      -0.7525380791274274
    ],
    [
      -1.0012037160483656,
      -0.8483769991064796
    ],
    [
      -1.0270297445731815,
      -0.9481851416947157
    ],
    [
      -1.1929384482004555,
      -1.0767498550780112
    ],
    [
      -1.1819211386923212,
      -1.0980622083734732
    ],
    [
      -1.1747112564052862,
      -1.0892649758053612
    ],
    [
      -1.1960383790571116,
      -1.2266115215312525
    ],
    [
      -1.1935936195570787,
      -1.0509599382711023
    ],
    [
      -1.0845768813835313,
      -1.090778800420779
    ],
    [
      -1.066522264601741,
      -1.077853353395156
    ],
    [
      -1.1458925165700156,
      -1.1298319246230906
    ],
    [
      -1.0716700454330002,
      -1.034641821464919
    ],
    [
      -0.940756063901044,
      -1.1094190461712279
    ],
    [
      -0.934325929148041,
      -1.1431660287989402
    ],
    [
      -0.8030109291074995,
      -1.008433603338366
    ],
    [
      -0.8746462552190482,
      -1.104815396257204
    ],
    [
      -0.7077882287778732,
      -0.9454753300917185
    ],
    [
      -0.6394592368674709,
      -0.8661618562304441
    ],
    [
      -0.47317631296266965,
      -0.8617925825153844
    ],
    [
      -0.3542247000983103,
      -0.7936005730958885
    ],
    [
      -0.32557849350882473,
      -0.7640721449945862
    ],
    [
      -0.2595675244769448,
      -0.6704351869053838
    ],
    [
      0.010436068625458358,
      -0.6305537813691054
    ],
    [
      0.06002604681178644,
      -0.4708251235997205
    ],
    [
      0.15955095964523994,
      -0.36534652462071604
    ],
    [
      0.270367855162777,
      -0.37187081300561237
    ],
    [
      0.40535672206371115,
      -0.2918415176150598
    ]
  ],
  "complexity": 0.3137196316046255
}