{
  "id": 913,
  "wedge_count": 2,
  "parameters": {
    "rotation_speeds": [
      -1.9023432559752826,
      0.5376552158508048
    ],
    "phi_x": [
      12.359113107476361,
      -0.9083272965850036
    ],
    "phi_y": [
      1.4658497092176574,
      13.23300403239418
    ],
    "distances": [
      1.0,
      7.078265846132224,
      6.4482234682003385
    ],
    "refractive_indices": [
      1.0,
      1.5,
      1.5,
      1.0
    ],
    "wedgenum": 2
  },
  "pattern": [
    [
      1.0937147607192659,
      1.0543157097301399
    ],
    [
      1.096344567895575,
      1.04118568414519
    ],
    [
      1.0703324760114534,
      1.057693766582845
    ],
    [
      1.1166732389122536,
      1.1278851002401433
    ],
    [
      1.0149558581637095,
      1.1073663521165567
    ],
    [
      1.088389769138948,
      1.1021220354079904
    ],
    [
      1.1006774052397366,
      1.0672172574213719
    ],
    [
      1.0963820333455991,
      1.0534266482634058
    ],
    [
      1.0382348567561788,
      1.0287058837085068
    ],
    [
      0.9431875823963927,
      1.0016320661063673
    ],
    [
      0.9583511016902632,
      1.037071279003952
    ],
    [
      0.9230552470220923,
      0.9556940458184535
    ],
    [
      0.8852478753445275,
      0.9352196826202206
    ],
    [
      0.8996353716623124,
      0.9782450166569955
    ],
    [
      0.8669152303965311,
      0.9682342974815707
    ],
    [
      0.8719268341560447,
      0.9276019062800818
    ],
    [
      0.8513517349815826,
      0.7666268948687983
    ],
    [
      0.7825282754727433,
      0.7949848016593521
    ],
    [
      0.723661496998323,
      0.8221278598461251
    ],
    [
      0.7439569273871072,
      0.8176449093720379
    ],
    [
      0.6561520612158813,
      0.6748907777257716
    ],
    [
      0.5199733193220103,
      0.6806990550998161
    ],
    [
      0.5481250263837318,
      0.5847758025479687
    ],
    [
      0.5431572367145934,
      0.6591405885459298
    ],
    [
      0.5629541296902092,
      0.5180237531427404
    ],
    [
      0.4517976511881102,
      0.4751417029429897
    ],
    [
      0.3927647872248203,
      0.577835033644969
    ],
    [
      0.2882583068408488,
      0.4710758405199152
    ],
    [
      0.3520052530717082,
      0.42746537449563066
    ],
    [
      0.2567878436521782,
      0.4191991890959564
    ],
    [
      0.26421341264389375,
      0.3915669305129983
    ],
    [
      0.3344013926229893,
      0.3127866385251932
    ],
    [
      0.11293197934563766,
      0.4142255695917535
    ],
    [
      0.15878063484979327,
      0.25169506714246903
    ],
    [
      0.2028086177634589,
      0.1981011412371784
    ],
    [
      0.10867251464118885,
      0.25466109213380894
    ],
    [
      0.045845839319650014,
      0.20218471853099101
    ],
    [
      0.07366864790749433,
      0.1551881253193628
    ],
    [
      0.020986009145816976,
      0.06662987883863924
    ],
    [
      0.004426163385200618,
      0.13774939899173178
    ],
    [
      0.029594313668284123,
      0.0436894559056884
    ],
    [
      -0.004654434937241034,
      0.045710369343198116
    ],
    [
      0.09057528537856127,
      -0.029076715143510845
    ],
    [
      0.05875170482674331,
      -0.0373327538871913
    ],
    [
      0.014209157320010622,
      0.11498997200687847
    ],
    [
      0.05435423671918579,
      0.1235419886426479
    ],
    [
      0.0377653283744834,
      0.009659281909733
    ],
    [
      0.10566330947313068,
      0.10650597277907214
    ],
    [
      0.0858852361416658,
      -0.005588564532378798
    ],
    [
      0.012397970298314256,
      0.12074689197333766
    ],
    [
      0.07487469044125367,
      0.024873737685258197
    ],
    [
      0.16865017789260228,
      0.038279066424729884
    ],
    [
      0.21028063217816478,
      0.07786804956121873
    ],
    [
      0.09431141134203277,
      0.0071619626778852
    ],
    [
      0.23925563153939972,
      0.050070031768022785
    ],
    [
      0.2823188439302723,
      0.12530514461890443
    ],
    [
      0.2468697808366343,
      0.09822916161966386
    ],
    [
      0.2518632665295792,
      0.15648903802099617
    ],
    [
      0.3906084963830011,
      0.19706187305324768
    ],
    [
      0.3994765750090909,
      0.23350633854220057
    ]
  ],
  "complexity": 0.22935407086746915
}