{
  "id": 47,
  "wedge_count": 3,
  "parameters": {
    "rotation_speeds": [
      -2.431510943055328,
      0.1529699547200858,
      0.04203830479559345
    ],
    "phi_x": [
      -13.64125581753407,
      -0.5984978929532243,
      4.1082324324325725
    ],
    "phi_y": [
      -11.500847485578987,
      12.237923440555953,
      -3.4617352438061424
    ],
    "distances": [
      1.0,
      6.197565412144378,
      3.16063676680335,
      6.48980581261194
    ],
    "refractive_indices": [
      1.0,
      1.5,
      1.5,
      1.5,
      1.0
    ],
    "wedgenum": 3
  },
  "pattern": [
    [
      1.5233332175017211,
      1.4867529431951876
    ],
    [
      1.336192077353168,
      1.4154807278661055
    ],
    [
      1.2979837922026578,
      1.4353378503285807
    ],
    [
      1.230588154431635,
      1.308984864969086
    ],
    [
      1.272049305601742,
      1.200604762530446
    ],
    [
      1.2046826235281705,
      1.1380235640767953
    ],
    [
      1.0754679343104614,
      1.159653452632603
    ],
    [
      1.1245435609442374,
      1.0172624167043398
    ],
    [
      0.9982671713310771,
      0.9712589562599766
    ],
    [
      0.8903714348742894,
      0.8887767227116945
    ],
    [
      0.7928661175318229,
      0.9007004841705105
    ],
    [
      0.6648633041745838,
      0.9171506059683563
    ],
    [
      0.5818371795701821,
      0.7514693706661042
    ],
    [
      0.7174916328854729,
      0.5715634638645712
    ],
    [
      0.5192919371283343,
      0.603212719250495
    ],
    [
      0.34036890342672366,
      0.4772451584402249
    ],
    [
      0.30042781749444586,
      0.44330980853038193
    ],
    [
      0.3169724229185355,
      0.3731484145224163
    ],
    [
      0.21113779382529624,
      0.3128316846173519
    ],
    [
      0.13809886478311853,
      0.1832364658461194
    ],
    [
      0.06851062653941738,
      0.189866336406496
    ],
    [
      0.07247911254488862,
      0.12218907803332238
    ],
    [
      -0.022582724293012262,
      -0.012436393890861763
    ],
    [
      -0.10246867942949907,
      -0.026916699637579533
    ],
    [
      -0.06351701841997254,
      -0.07701538392517371
    ],
    [
      -0.1831910997192607,
      -0.05548703320618347
    ],
    [
      -0.25849192132229565,
      -0.15345029868023882
    ],
    [
      -0.2891154758761706,
      -0.1071089086720011
    ],
    [
      -0.24702035065844108,
      -0.163964393802375
    ],
    [
      -0.23961208098737238,
      -0.21543265945755102
    ],
    [
      -0.3585586225425447,
      -0.21820835528864524
    ],
    [
      -0.3643430908052877,
      -0.32488951026041357
    ],
    [
      -0.39328272465758546,
      -0.31549413970704815
    ],
    [
      -0.31773684129633545,
      -0.37160200522680864
    ],
    [
      -0.34710006328631654,
      -0.3747936252621324
    ],
    [
      -0.32055071329933293,
      -0.37342837978490045
    ],
    [
      -0.2819824793869497,
      -0.3682014695460352
    ],
    [
      -0.3567393097420461,
      -0.4041523565008061
    ],
    [
      -0.2776554907572223,
      -0.33188067849716296
    ],
    [
      -0.14288627459087652,
      -0.3878642739665551
    ],
    [
      -0.19616181160173998,
      -0.2947756102796612
    ],
    [
      -0.17126566125454465,
      -0.3156959896004867
    ],
    [
      -0.19433246970828646,
      -0.2854126575664887
    ],
    [
      -0.11517175711602934,
      -0.22297020801975237
    ],
    [
      -0.026973631671473833,
      -0.2069723706521594
    ],
    [
      -0.007396589115679768,
      -0.27117943863414995
    ],
    [
      0.10301442434431177,
      -0.13185183360235567
    ],
    [
      0.06490062409049091,
      -0.053714489836768686
    ],
    [
      0.09825860989897102,
      -0.17438628835227654
    ],
    [
      0.23178667979445058,
      -0.12096241026230949
    ],
    [
      0.3406595513283805,
      0.045611471825364326
    ],
    [
      0.39536254863794984,
      0.13887410706851766
    ],
    [
      0.3259806396246522,
      0.05706011391101595
    ],
    [
      0.4623104376325469,
      0.17363052614829297
    ],
    [
      0.583980178217105,
      0.2262271965670775
    ],
    [
      0.6031649056177824,
      0.27187114695663506
    ],
    [
      0.7512095562807839,
      0.3768793465309277
    ],
    [
      0.7817791915936995,
      0.3978852098568851
    ],
    [
      0.8129313006154985,
      0.5425768417043263
    ],
    [
      0.9187210499827492,
      0.5735530875227138
    ]
  ],
  "complexity": 0.23449271413501716
}