{
  "id": 4021,
  "wedge_count": 2,
  "parameters": {
    "rotation_speeds": [
      -1.5508710447221177,
      0.5816629744368225
    ],
    "phi_x": [
      -7.023513829234157,
      -10.80379853822421
    ],
    "phi_y": [
      -11.626861895123794,
      -4.7762011673531255
    ],
    "distances": [
      1.0,
      6.730758929620415,
      4.142220343498718
    ],
    "refractive_indices": [
      1.0,
      1.5,
      1.5,
      1.0
    ],
    "wedgenum": 2
  },
  "pattern": [
    [
      1.2720756098107715,
      1.2637486785972483
    ],
    [
      1.191571019899906,
      1.2062059108110836
    ],
    [
      1.0675155603872213,
      1.1732972806882416
    ],
    [
      1.0959858186914078,
      1.065448406386865
    ],
    [
      1.0108625678711853,
      1.0994258657180715
    ],
    [
      0.9145946411680645,
      0.9715088950784879
    ],
    [
      0.9523177774337956,
      0.9235486186835163
    ],
    [
      0.806498849887361,
      0.8702508279257801
    ],
    [
      0.8185365539280304,
      0.8887832244597859
    ],
    [
      0.6768042237041892,
      0.7019523555765996
    ],
    [
      0.6621854199757506,
      0.6741359610796652
    ],
    [
      0.5555966831813457,
      0.6565873301257205
    ],
    [
      0.5152438401838823,
      0.6098104382127918
    ],
    [
      0.4454126773218843,
      0.5767244012928413
    ],
    [
      0.39343852689407466,
      0.48024078818045857
    ],
    [
      0.37608819582153413,
      0.43273609636642363
    ],
    [
      0.26993454374805387,
      0.3963852813293595
    ],
    [
      0.28682718926112977,
      0.370002595095396
    ],
    [
      0.13243439654151484,
      0.29755979041465663
    ],
    [
      0.21516348265955998,
      0.23129208761041262
    ],
    [
      0.04531419600888421,
      0.1496542448251579
    ],
    [
      0.08482815375784589,
      0.13756832213231765
    ],
    [
      -0.01297290583886828,
      0.10864756310526516
    ],
    [
      0.002491723544980881,
      0.03250684311130441
    ],
    [
      -0.021901923948887375,
      0.01597854207750146
    ],
    [
      -0.08630136046007737,
      0.0013114935955337668
    ],
    [
      -0.01949789292871762,
      -0.08566328562845267
    ],
    [
      -0.04653656646542052,
      0.02121674824189356
    ],
    [
      -0.13321285752400094,
      -0.0594993804832535
    ],
    [
      -0.09788604382896249,
      -0.07830029444835251
    ],
    [
      -0.16911914102112835,
      -0.10842761816147725
    ],
    [
      -0.15557903844766016,
      -0.10687247075086577
    ],
    [
      -0.1116451450721251,
      -0.09701411836437872
    ],
    [
      -0.1452988474638922,
      -0.14207792302838512
    ],
    [
      -0.1299661103240911,
      -0.14396038562321245
    ],
    [
      -0.06540470367054974,
      -0.08675176337836955
    ],
    [
      -0.04976832396279658,
      -0.11175786238342139
    ],
    [
      -0.04571364073311433,
      -0.08179186422792106
    ],
    [
      -0.04194637429933365,
      -0.0939227399891594
    ],
    [
      -0.02505840408485941,
      -0.07261285599197578
    ],
    [
      0.009285696003362206,
      -0.09218946873622476
    ],
    [
      0.08537167537421159,
      -0.011529224904095269
    ],
    [
      0.039086962395492975,
      -0.02949035940897485
    ],
    [
      0.12691212276800568,
      0.014450088668871658
    ],
    [
      0.14374710901490803,
      0.04293992500607672
    ],
    [
      0.13806596945021996,
      -0.0035551173057804114
    ],
    [
      0.2730845540844071,
      0.03397134303718004
    ],
    [
      0.19243416558629778,
      0.06857274293516505
    ],
    [
      0.3256066296629489,
      0.17509473898244743
    ],
    [
      0.3042418918377428,
      0.18722234430157836
    ],
    [
      0.3581656073010045,
      0.1831804175216185
    ],
    [
      0.3584339583010867,
      0.28612662223756435
    ],
    [
      0.37376105450995606,
      0.2597391534290278
    ],
    [
      0.47268722745903247,
      0.2597245892001045
    ],
    [
      0.5121072215097128,
      0.3956860848327674
    ],
    [
      0.536501373404951,
      0.3845932202479377
    ],
    [
      0.6232707531997772,
      0.4373894214581882
    ],
    [
      0.610692480130837,
      0.4407089768548349
    ],
    [
      0.5781960970390039,
      0.5086525404221798
    ],
    [
      0.6437294786168284,
      0.528738225159224
    ]
  ],
  "complexity": 0.2645157266040474
}