{
  "id": 1877,
  "wedge_count": 5,
  "parameters": {
    "rotation_speeds": [
      1.0507475810766413,
      0.35064671046745133,
      1.9302837801459631,
      -2.351694017221531,
      2.7068397561161284
    ],
    "phi_x": [
      -3.408052372090026,
      -6.5491807067804935,
      10.939450020638027,
      4.49060220002384,
      7.165422379962077
    ],
    "phi_y": [
      -3.678497162689972,
      -11.91540679742452,
      14.76066028236638,
      -0.6813033441018099,
      1.8713527114448354
    ],
    "distances": [
      1.0,
      7.904088573419097,
      7.148813217169896,
      6.261952034067732,
      2.181334194959285,
      7.119583739703496
    ],
    "refractive_indices": [
      1.0,
      1.5,
      1.5,
      1.5,
      1.5,
      1.5,
      1.0
    ],
    "wedgenum": 5
  },
  "pattern": [
    [
      2.679565808200908,
      2.619656029303482
    ],
    [
      2.6455029677120794,
      2.6871955797353233
    ],
    [
      2.672056869124841,
      2.6189220660614003
    ],
    [
      2.760639800009893,
      2.7105095025243666
    ],
    [
      2.7699150623819455,
      2.6863330752874095
    ],
    [
      2.7605351758564054,
      2.7223153683809107
    ],
    [
      2.8114414831605914,
      2.7451227134890046
    ],
    [
      2.7105144199428723,
      2.782350402000496
    ],
    [
      2.735893533776985,
      2.735811275948755
    ],
    [
      2.7160171399509565,
      2.778918612509866
    ],
    [
      2.6139546360772563,
      2.704884874659173
    ],
    [
      2.624170356058481,
      2.6959090071505725
    ],
    [
      2.6079882421728935,
      2.650848838351632
    ],
    [
      2.6066743093226052,
      2.67408576449183
    ],
    [
      2.570764353821814,
      2.6875259572714634
    ],
    [
      2.5565005611767266,
      2.632861010248423
    ],
    [
      2.5327102084034543,
      2.554217086078306
    ],
    [
      2.4506529986041636,
      2.5457314305948855
    ],
    [
      2.475001792349998,
      2.509396683651529
    ],
    [
      2.296800364606268,
      2.443399732912622
    ],
    [
      2.25911938865234,
      2.3890389573905804
    ],
    [
      2.1391618152930727,
      2.361216469683036
    ],
    [
      2.083311919008658,
      2.2396412102471674
    ],
    [
      1.970907840360249,
      2.239534352863686
    ],
    [
      1.9421753196342433,
      2.102818013095323
    ],
    [
      1.8389593628658587,
      2.1117671599741885
    ],
    [
      1.7577516889314793,
      2.0457741501039632
    ],
    [
      1.5994426346374153,
      1.9652051561650237
    ],
    [
      1.6222318960359965,
      1.97156986019775
    ],
    [
      1.5759209854704448,
      1.7408303554530185
    ],
    [
      1.4936465378737223,
      1.7378112683316516
    ],
    [
      1.2656665679453893,
      1.69665780986472
    ],
    [
      1.2149062109545097,
      1.523381419659978
    ],
    [
      1.116174826453341,
      1.5292242186555958
    ],
    [
      1.037221363003567,
      1.4107118265432927
    ],
    [
      0.9268196579393331,
      1.349474913249144
    ],
    [
      0.8799368157850509,
      1.224063291032701
    ],
    [
      0.7682340277215866,
      1.0988500112073711
    ],
    [
      0.7435342183910891,
      1.0372132260045486
    ],
    [
      0.64953309233011,
      1.0228421233700857
    ],
    [
      0.5928199837113635,
      0.9125110104415646
    ],
    [
      0.528037391369589,
      0.676717878801996
    ],
    [
      0.4789172872796877,
      0.8368605285576253
    ],
    [
      0.3620050651358504,
      0.6633182838041801
    ],
    [
      0.251237683537854,
      0.6203906748123446
    ],
    [
      0.07361950826241898,
      0.5475767057166686
    ],
    [
      0.20616096265224076,
      0.4354962611482765
    ],
    [
      0.088796056933093,
      0.37259345449322007
    ],
    [
      0.01739881377528372,
      0.29955117085171845
    ],
    [
      0.016010604683534956,
      0.25875321287717007
    ],
    [
      -0.13799720380792949,
      0.3285531198200392
    ],
    [
      -0.2727238293555645,
      0.07683301031040499
    ],
    [
      -0.19714916419224843,
      0.09511875109344273
    ],
    [
      -0.20628478372471093,
      0.01184730611382222
    ],
    [
      -0.1919654679183973,
      -0.004230004897912629
    ],
    [
      -0.3379859279043976,
      -0.036841825137643384
    ],
    [
      -0.2190722061021682,
      -0.0873790342324387
    ],
    [
      -0.4028323285402759,
      -0.09335105181083522
    ],
    [
      -0.32920888133440007,
      -0.21934809096852
    ],
    [
      -0.3981909438639142,
      -0.2509928162726313
    ]
  ],
  "complexity": 0.3292308249817076
}