{
  "id": 1615,
  "wedge_count": 5,
  "parameters": {
    "rotation_speeds": [
      -2.3710953384349693,
      -0.09567300610056328,
      -0.8833007327741349,
      1.8372700791777339,
      2.253299507227517
    ],
    "phi_x": [
      3.1202709793633154,
      10.111728116865205,
      4.02160494712977,
      -4.991169926717539,
      -0.1951526233038674
    ],
    "phi_y": [
      -3.9034304377448574,
      -6.461348894556574,
      0.8777796321464386,
      -9.007975388389312,
      -5.951196637353078
    ],
    "distances": [
      1.0,
      4.080341072881402,
      7.850543776244481,
      2.950607226898012,
      2.190611555398247,
      3.5504363598564357
    ],
    "refractive_indices": [
      1.0,
      1.5,
      1.5,
      1.5,
      1.5,
      1.5,
      1.0
    ],
    "wedgenum": 5
  },
  "pattern": [
    [
      2.207280659976828,
      2.1929118914099917
    ],
    [
      2.2050159551361115,
      2.215449796440176
    ],
    [
      2.2505481929635747,
      2.2298749092803027
    ],
    [
      2.306854490934858,
      2.2072358025484733
    ],
    [
      2.2388922808241727,
      2.2558703438080006
    ],
    [
      2.194781989988476,
      2.1637782999265096
    ],
    [
      2.259888476935329,
      2.08046053874815
    ],
    [
      2.1608913804056673,
      2.280065953762056
    ],
    [
      2.124656655362741,
      2.1260696706791458
    ],
    [
      2.124551306233153,
      2.0780699311339617
    ],
    [
      2.082337581813929,
      2.1619399093651244
    ],
    [
      2.0440930408976654,
      2.1907901003345
    ],
    [
      2.032662528423956,
      2.0646047687082256
    ],
    [
      2.071516665020462,
      1.9508595656041536
    ],
    [
      1.9311853788930882,
      2.0507265053822747
    ],
    [
      1.8965599139996558,
      2.0212515275849845
    ],
    [
      1.8676168224125091,
      2.0044753078712114
    ],
    [
      1.7465853790383903,
      1.9120315270035833
    ],
    [
      1.694159071222674,
      1.9406174463952763
    ],
    [
      1.662375618484726,
      1.7862337620878013
    ],
    [
      1.5972311883728316,
      1.8260204401783244
    ],
    [
      1.558358276767935,
      1.773596377360341
    ],
    [
      1.5431803779856927,
      1.603698679386052
    ],
    [
      1.4501429524348026,
      1.6398546418998678
    ],
    [
      1.3360263156245893,
      1.5602764640661992
    ],
    [
      1.323920977372684,
      1.4817409198424607
    ],
    [
      1.1797977631149512,
      1.4437467736151115
    ],
    [
      1.1134829226132315,
      1.291923471083594
    ],
    [
      1.11469082706927,
      1.2431112745221156
    ],
    [
      0.9379218051982204,
      1.3173393966938394
    ],
    [
      0.8571032596416384,
      1.1344241368967571
    ],
    [
      0.8741367300824564,
      1.152297034844505
    ],
    [
      0.7584192421682386,
      1.1235113354490482
    ],
    [
      0.670628422843544,
      0.9701121264419441
    ],
    [
      0.6573632581573859,
      0.9546862690429809
    ],
    [
      0.5882893475022705,
      0.8552013968145373
    ],
    [
      0.4789042399007269,
      0.8262822204959998
    ],
    [
      0.3951022804003025,
      0.8021272223577333
    ],
    [
      0.3790567845879459,
      0.5808881247883585
    ],
    [
      0.29589198999493865,
      0.5694607583833342
    ],
    [
      0.20776737327422473,
      0.5659711384161159
    ],
    [
      0.1919012332800215,
      0.43834403445220177
    ],
    [
      0.07679769792500366,
      0.3995208559997262
    ],
    [
      0.06982538378012634,
      0.3996659796873315
    ],
    [
      0.06653449382597765,
      0.3513609488266321
    ],
    [
      -0.025048353503294686,
      0.32789429713731244
    ],
    [
      -0.07449445450546562,
      0.2129929255540893
    ],
    [
      -0.0801537534669785,
      0.15188658880084457
    ],
    [
      -0.0954221263032422,
      0.02386015333516417
    ],
    [
      -0.16830918597367744,
      0.08701849646172183
    ],
    [
      -0.24718736018605608,
      -0.0050648480595694954
    ],
    [
      -0.2597811131977863,
      -0.053737163151552095
    ],
    [
      -0.16877943018815192,
      -0.014598244434184789
    ],
    [
      -0.31817776784095186,
      -0.057503847584226185
    ],
    [
      -0.21978626149928046,
      -0.143982048503104
    ],
    [
      -0.35482244242517413,
      -0.13262453998816381
    ],
    [
      -0.2240271666260719,
      -0.2937244359207076
    ],
    [
      -0.2313053569432492,
      -0.16602033081024162
    ],
    [
      -0.18093703676027528,
      -0.24168393908134278
    ],
    [
      -0.2731697563449455,
      -0.25277592641655655
    ]
  ],
  "complexity": 0.28105733809000816
}