{
  "id": 4659,
  "wedge_count": 5,
  "parameters": {
    "rotation_speeds": [
      -1.2430314873877162,
      -0.7411017646266842,
      -2.9506726133726424,
      -1.7395154447996282,
      -1.085281365008705
    ],
    "phi_x": [
      -4.345272319384726,
      -8.066077382396937,
      1.3977119425563806,
      -4.796788572104633,
      0.10844416079473262
    ],
    "phi_y": [
      -9.773203073918811,
      2.196313932074446,
      -1.9674186810705265,
      6.267247777792271,
      -14.423153458803654
    ],
    "distances": [
      1.0,
      7.820363017990287,
      6.357543985488704,
      6.50465740092578,
      2.240305409203547,
      4.886720914354939
    ],
    "refractive_indices": [
      1.0,
      1.5,
      1.5,
      1.5,
      1.5,
      1.5,
      1.0
    ],
    "wedgenum": 5
  },
  "pattern": [
    [
      2.278648996721898,
      2.124854594480591
    ],
    [
      2.2411064563472576,
      2.0778217343965184
    ],
    [
      2.160055616258121,
      2.1211422238464492
    ],
    [
      2.026854884344102,
      1.9981933731250987
    ],
    [
      2.0210770442270323,
      1.9677982471731579
    ],
    [
      1.9270226478900692,
      2.0271817133341146
    ],
    [
      1.8504981464321117,
      1.8162330340718493
    ],
    [
      1.8442178964328126,
      1.7884968382308724
    ],
    [
      1.7804262319847903,
      1.8380535587293294
    ],
    [
      1.713314878861012,
      1.7261640761230008
    ],
    [
      1.625133937244163,
      1.5764791489638375
    ],
    [
      1.6259329689699227,
      1.6037918664402477
    ],
    [
      1.5140197992953497,
      1.4070676699199878
    ],
    [
      1.3975359334593918,
      1.4737775950862568
    ],
    [
      1.1885191498983365,
      1.27872090094575
    ],
    [
      1.1549280679615521,
      1.182350843973579
    ],
    [
      1.0940889614903122,
      1.19911160948654
    ],
    [
      1.0545332864779158,
      1.1192383543741389
    ],
    [
      1.025096622612949,
      1.0513657766803979
    ],
    [
      0.9811382080810868,
      0.9058697979177045
    ],
    [
      0.8753824703933425,
      0.979713870318604
    ],
    [
      0.708875931877704,
      0.8272663174690827
    ],
    [
      0.709055269579682,
      0.7370242394878054
    ],
    [
      0.524244220371685,
      0.5548955823262557
    ],
    [
      0.495790495961897,
      0.6344024442698234
    ],
    [
      0.44179993706276577,
      0.4856459142931839
    ],
    [
      0.30977162586836265,
      0.461003010058312
    ],
    [
      0.30679405239566654,
      0.4029682829133637
    ],
    [
      0.2228343708668251,
      0.2019847362740804
    ],
    [
      0.11808770710677634,
      0.21194375827809186
    ],
    [
      0.06057434588399062,
      0.25466270288777
    ],
    [
      -0.00036008042102066845,
      0.09951488316019796
    ],
    [
      -0.09582768596581076,
      0.02405924846668809
    ],
    [
      -0.15234583573726923,
      0.020555935414392074
    ],
    [
      -0.24034126907829656,
      -0.1302937969135884
    ],
    [
      -0.3611638298726428,
      -0.13336864538026239
    ],
    [
      -0.2749301768961648,
      -0.2501376720093752
    ],
    [
      -0.4211199742043584,
      -0.36018214474712634
    ],
    [
      -0.6237046506258079,
      -0.3291741175579235
    ],
    [
      -0.5100658836850092,
      -0.3959029948640391
    ],
    [
      -0.6518215668211254,
      -0.5492307757610607
    ],
    [
      -0.751527331335074,
      -0.6450728328688358
    ],
    [
      -0.7064563102337996,
      -0.6151674151256695
    ],
    [
      -0.8776392444740349,
      -0.6770387602115964
    ],
    [
      -0.8346513980043522,
      -0.7730257823853727
    ],
    [
      -0.946440426000765,
      -0.813787882370562
    ],
    [
      -0.9450493486624283,
      -0.8116050041465676
    ],
    [
      -1.0509632752430194,
      -0.8782983744243011
    ],
    [
      -0.9465368447137816,
      -0.8286191760070963
    ],
    [
      -1.142995892440793,
      -0.9936178761969544
    ],
    [
      -1.224153013667301,
      -1.049014603945766
    ],
    [
      -1.2339789993459653,
      -1.1151173866575306
    ],
    [
      -1.3327460516204706,
      -1.103867973617457
    ],
    [
      -1.249963744536907,
      -1.0897277513068202
    ],
    [
      -1.3861589747556629,
      -1.1356084148048202
    ],
    [
      -1.321641187505374,
      -1.2288504765876385
    ],
    [
      -1.3365296775153765,
      -1.2411372496738267
    ],
    [
      -1.3846774590721116,
      -1.303956697426387
    ],
    [
      -1.4170929505625462,
      -1.364433196645899
    ],
    [
      -1.4863681396235708,
      -1.2581831512122972
    ]
  ],
  "complexity": 0.31514978878276706
}