{
  "id": 2130,
  "wedge_count": 5,
  "parameters": {
    "rotation_speeds": [
      -1.4263528260057579,
      -0.5213803063040432,
      -0.34949906912854534,
      -2.8541719657202917,
      -0.5078446819473754
    ],
    "phi_x": [
      -13.542569512538366,
      -0.4411407699362222,
      0.8576198423124861,
      -7.7206263606967385,
      -4.855327329976605
    ],
    "phi_y": [
      9.759863981053911,
      -13.386196652927197,
      6.849972052338593,
      -11.615814947100832,
      8.062869793845067
    ],
    "distances": [
      1.0,
      5.499941003550894,
      3.1938117882853225,
      7.3632801658803615,
      2.4767006832912433,
      5.837943964444052
    ],
    "refractive_indices": [
      1.0,
      1.5,
      1.5,
      1.5,
      1.5,
      1.5,
      1.0
    ],
    "wedgenum": 5
  },
  "pattern": [
    [
      2.9715438315315814,
      2.8605696964786946
    ],
    [
      2.8805561584602617,
      2.805557562884264
    ],
    [
      2.7457556327728585,
      2.667554487072812
    ],
    [
      2.6549286194956943,
      2.532611577007065
    ],
    [
      2.5850652862407966,
      2.47560207032955
    ],
    [
      2.5080646276953447,
      2.5238453830951357
    ],
    [
      2.3777419736969634,
      2.449269453309774
    ],
    [
      2.265815833908336,
      2.282366760674442
    ],
    [
      2.1916554627658207,
      2.2702310995009256
    ],
    [
      2.0919134004989917,
      2.063373919141385
    ],
    [
      2.046205414786423,
      2.0306599827686385
    ],
    [
      1.9309158743951975,
      1.886792023714309
    ],
    [
      1.8192988034423112,
      1.7282771948872122
    ],
    [
      1.6156131954386905,
      1.6673848708115715
    ],
    [
      1.5809611205052434,
      1.5295054317621775
    ],
    [
      1.364585240465049,
      1.4846914468762236
    ],
    [
      1.2231290192591153,
      1.3186287088597408
    ],
    [
      1.076166310913234,
      1.2349936008870896
    ],
    [
      1.0643681980644524,
      1.2083906386233796
    ],
    [
      0.8975056594098465,
      1.0661926572259968
    ],
    [
      0.798946851475094,
      0.9156305569987607
    ],
    [
      0.7683834499033046,
      0.8494246761822455
    ],
    [
      0.5575091863769013,
      0.7017426022128437
    ],
    [
      0.35022439360159,
      0.6249167268690902
    ],
    [
      0.3265498136044224,
      0.48820701005567935
    ],
    [
      0.25494652182121386,
      0.3432182049370732
    ],
    [
      0.054271669988082846,
      0.25999608173960553
    ],
    [
      -0.029976301473816913,
      0.11307027918711667
    ],
    [
      -0.12228355647855457,
      0.10550823727391685
    ],
    [
      -0.1906457552967274,
      0.004524004562144204
    ],
    [
      -0.2509700878581339,
      -0.11379153952219456
    ],
    [
      -0.3344598100952333,
      -0.23950287507733367
    ],
    [
      -0.376254509331807,
      -0.29207673828006103
    ],
    [
      -0.5507689719496807,
      -0.271815891120518
    ],
    [
      -0.5431239615754893,
      -0.39771638170253065
    ],
    [
      -0.7025023849409667,
      -0.5729589720552689
    ],
    [
      -0.7718882313250027,
      -0.5865301959982632
    ],
    [
      -0.8393476304142543,
      -0.6095060453273404
    ],
    [
      -0.8947725443898584,
      -0.7716074128310969
    ],
    [
      -0.9726206684495247,
      -0.7451847454853758
    ],
    [
      -0.9811953058611843,
      -0.8286237304303811
    ],
    [
      -0.9015661736708923,
      -0.8068986011141209
    ],
    [
      -1.053092427545347,
      -0.9168771083656443
    ],
    [
      -1.1042303645940494,
      -0.9475339092575882
    ],
    [
      -1.1397710994528496,
      -0.979593769908956
    ],
    [
      -1.1277961313387272,
      -1.0413651778585746
    ],
    [
      -1.197293375228368,
      -1.0695033524225834
    ],
    [
      -1.1301526726622155,
      -1.0984525588041338
    ],
    [
      -1.1264569723428164,
      -1.014165583003893
    ],
    [
      -1.0894661542812445,
      -1.1227148087561547
    ],
    [
      -1.1737572206520728,
      -1.204156553713457
    ],
    [
      -1.2377436770583077,
      -1.2084940666557211
    ],
    [
      -1.198300165749511,
      -1.2073201420369029
    ],
    [
      -1.1468856194826047,
      -1.1795729399962427
    ],
    [
      -1.1810912890707514,
      -1.2403645387938256
    ],
    [
      -1.175848793155604,
      -1.2234243935603681
    ],
    [
      -1.0840214287837502,
      -1.1330125758745737
    ],
    [
      -1.1618080849682104,
      -1.1406769442969174
    ],
    [
      -1.0612906079719875,
      -1.1556568159788196
    ],
    [
      -0.9821605044389315,
      -1.1785684854871559
    ]
  ],
  "complexity": 0.33042937063083155
}