{
  "id": 346,
  "wedge_count": 1,
  "parameters": {
    "rotation_speeds": [
      0.24973489926099468
    ],
    "phi_x": [
      -4.637557769887
    ],
    "phi_y": [
      9.952116867717873
    ],
    "distances": [
      1.0,
      4.98499047506342
    ],
    "refractive_indices": [
      1.0,
      1.5,
      1.0
    ],
    "wedgenum": 1
  },
  "pattern": [
    [
      0.31460129748699384,
      0.3046661605751316
    ],
    [
      0.33949048889149563,
      0.32529642791670765
    ],
    [
      0.35620484638735816,
      0.3576616344301065
    ],
    [
      0.37675980604540715,
      0.3825769880899643
    ],
    [
      0.40093038342372433,
      0.3956591794685238
    ],
    [
      0.43144682419338776,
      0.4149958193193558
    ],
    [
      0.45222827845170943,
      0.4358865926119815
    ],
    [
      0.47253946011078635,
      0.44875015662631773
    ],
    [
      0.4953600959857398,
      0.4707252912504187
    ],
    [
      0.5093482120310179,
      0.49034513943631175
    ],
    [
      0.5375021051998837,
      0.5092092881481424
    ],
    [
      0.5585618331906453,
      0.5324439662594639
    ],
    [
      0.5752268896725041,
      0.5501882836356503
    ],
    [
      0.5930318328880573,
      0.5685828624049968
    ],
    [
      0.615924714019876,
      0.5834814683738407
    ],
    [
      0.6201784878722716,
      0.5964576850226794
    ],
    [
      0.6316440372699745,
      0.6086607345823869
    ],
    [
      0.6510794057793036,
      0.6303527772947689
    ],
    [
      0.6634917544256198,
      0.6417132067283483
    ],
    [
      0.6899209401871254,
      0.6562756871437623
    ],
    [
      0.6885669574010364,
      0.6719702538084255
    ],
    [
      0.7005197501891801,
      0.6801387903538448
    ],
    [
      0.7133485739434443,
      0.6903900738035383
    ],
    [
      0.7245492354262297,
      0.7016035150686523
    ],
    [
      0.7283285288378003,
      0.7181792115357644
    ],
    [
      0.7399009728148808,
      0.7226173761487596
    ],
    [
      0.7417198443220909,
      0.7278408264646078
    ],
    [
      0.745545248456369,
      0.7319681436594556
    ],
    [
      0.7567199138541666,
      0.7421040349874402
    ],
    [
      0.7507497782066912,
      0.7456690631291413
    ],
    [
      0.7593727131226164,
      0.7478916366980719
    ],
    [
      0.7645919802339761,
      0.7586985712383686
    ],
    [
      0.7600073724322064,
      0.7564804974848085
    ],
    [
      0.7574090354113777,
      0.7664611961142476
    ],
    [
      0.7564284245773407,
      0.7576747064936225
    ],
    [
      0.7686375778546879,
      0.7646765049507146
    ],
    [
      0.7460195120707112,
      0.7708842806239043
    ],
    [
      0.7527359984835188,
      0.7573432277461472
    ],
    [
      0.7459335202673826,
      0.7674595884656281
    ],
    [
      0.7326437448650573,
      0.749556575059297
    ],
    [
      0.721544937841787,
      0.7591500695161576
    ],
    [
      0.7291493880785149,
      0.7566391703299109
    ],
    [
      0.7147929353991702,
      0.7483135954696571
    ],
    [
      0.690810548119536,
      0.7387942275150126
    ],
    [
      0.6890630030241088,
      0.7275352655320129
    ],
    [
      0.6849541298749986,
      0.7224064398487382
    ],
    [
      0.6595741386210333,
      0.7207985168695108
    ],
    [
      0.6430332699623859,
      0.7099664278456687
    ],
    [
      0.6272859999398994,
      0.7017224086199968
    ],
    [
      0.6126348479324247,
      0.6792305901419012
    ],
    [
      0.599899241980177,
      0.6702050603006775
    ],
    [
      0.5816756400935755,
      0.6671907728903023
    ],
    [
      0.5614065250347631,
      0.6426893452319591
    ],
    [
      0.5363197709555085,
      0.6291938685339121
    ],
    [
      0.5131653687731468,
      0.6166631714045078
    ],
    [
      0.501001201488695,
      0.6014219861850284
    ],
    [
      0.4723929714451331,
      0.595187944115275
    ],
    [
      0.449275762652538,
      0.5582667256366846
    ],
    [
      0.4361464935152247,
      0.5559565051887403
    ],
    [
      0.4136180469870951,
      0.5370592328272036
    ]
  ],
  "complexity": 0.18011787576806096
}