{
  "id": 4142,
  "wedge_count": 3,
  "parameters": {
    "rotation_speeds": [
      -2.132006287605015,
      -1.1440322438904342,
      1.2676589687144357
    ],
    "phi_x": [
      -1.4476887760005859,
      11.905477001789077,
      2.6116450635640867
    ],
    "phi_y": [
      -2.812631969701151,
      2.3612865377574437,
      -13.603194585021988
    ],
    "distances": [
      1.0,
      4.007427445090665,
      7.899276001874966,
      3.821618073193245
    ],
    "refractive_indices": [
      1.0,
      1.5,
      1.5,
      1.5,
      1.0
    ],
    "wedgenum": 3
  },
  "pattern": [
    [
      1.4740653928170802,
      1.4077273180867897
    ],
    [
      1.6005265013029333,
      1.4335763204867922
    ],
    [
      1.5573864196753238,
      1.4604522474963542
    ],
    [
      1.4735844362402812,
      1.4371315411318208
    ],
    [
      1.5239706059213385,
      1.5466252071280098
    ],
    [
      1.4907724108836495,
      1.4768931860693915
    ],
    [
      1.6032114422502806,
      1.4615544630549835
    ],
    [
      1.5654948335356749,
      1.5862838563410986
    ],
    [
      1.572729173356981,
      1.4675090468603993
    ],
    [
      1.531488515758671,
      1.5514369020616963
    ],
    [
      1.5424700334424444,
      1.4108214668399053
    ],
    [
      1.5024754409661187,
      1.5545647172482109
    ],
    [
      1.4860656822164846,
      1.4964330350713009
    ],
    [
      1.5717333346211353,
      1.519784753579466
    ],
    [
      1.4853347160465213,
      1.473300343511914
    ],
    [
      1.4921206534617037,
      1.443952695605823
    ],
    [
      1.4529687493122145,
      1.5542507340154879
    ],
    [
      1.534128140724794,
      1.4217791554454273
    ],
    [
      1.4117916616725243,
      1.4775428997567235
    ],
    [
      1.434162579863171,
      1.467197171341748
    ],
    [
      1.3522595754217277,
      1.2737498702782721
    ],
    [
      1.3784391699718364,
      1.4316469719848877
    ],
    [
      1.2982707963821456,
      1.4588975077385065
    ],
    [
      1.245804935117745,
      1.3354289732685722
    ],
    [
      1.2709985242870898,
      1.3365992750711508
    ],
    [
      1.246587034401474,
      1.3722103160564012
    ],
    [
      1.1218186654849953,
      1.2675976701660183
    ],
    [
      1.1740938871153175,
      1.2936310077912123
    ],
    [
      1.0724725020944603,
      1.2768829317483406
    ],
    [
      1.1250557963317023,
      1.2177371174770144
    ],
    [
      1.0825614147870684,
      1.1393884034040473
    ],
    [
      1.0166729376137376,
      1.1374366823460416
    ],
    [
      1.0234136132859426,
      1.0942752558075768
    ],
    [
      0.9470005526896245,
      1.060712426271052
    ],
    [
      0.8791751529619818,
      1.0504764558716648
    ],
    [
      0.8519723246278685,
      0.914836404040603
    ],
    [
      0.7491951820227022,
      0.9709537899514358
    ],
    [
      0.7499218708126021,
      0.8794791812747064
    ],
    [
      0.6970956827766103,
      0.849324343969356
    ],
    [
      0.6781275118667424,
      0.792283998151697
    ],
    [
      0.6080248172478118,
      0.8413414934691253
    ],
    [
      0.5695038876931636,
      0.7241607056008417
    ],
    [
      0.5487073936613697,
      0.7899112394792508
    ],
    [
      0.5212050057606499,
      0.7306434157587425
    ],
    [
      0.4811672033315371,
      0.5749305632970835
    ],
    [
      0.3500261969787669,
      0.6499318603084873
    ],
    [
      0.28973930090431976,
      0.6155901695165844
    ],
    [
      0.23812314824271455,
      0.489047962065223
    ],
    [
      0.25312629765555406,
      0.3871745681351983
    ],
    [
      0.15599119870210543,
      0.44811913663444547
    ],
    [
      0.1887052240438027,
      0.38057459361287405
    ],
    [
      0.11327037866628986,
      0.2995898127005193
    ],
    [
      -0.01299605318267052,
      0.24048105088734076
    ],
    [
      -0.06919936172772838,
      0.3169472971688114
    ],
    [
      -0.0829558814018496,
      0.1954055443426821
    ],
    [
      -0.21714835092515328,
      0.08075160363060013
    ],
    [
      -0.28554981423274045,
      0.0009251413240573825
    ],
    [
      -0.2391614127479907,
      0.021253343394945945
    ],
    [
      -0.2751833300788996,
      -0.04774882548052774
    ],
    [
      -0.4078665628213522,
      -0.10040156344531542
    ]
  ],
  "complexity": 0.21946217005569094
}