{
  "id": 1212,
  "wedge_count": 3,
  "parameters": {
    "rotation_speeds": [
      -2.1977284441645466,
      1.9295367046668535,
      2.1791078647949513
    ],
    "phi_x": [
      -8.876910203564304,
      14.275746776206141,
      2.599318612314601
    ],
    "phi_y": [
      -5.34762001796954,
      -9.675072180671247,
      -6.314205945382355
    ],
    "distances": [
      1.0,
      5.642780630047848,
      4.9133659640550995,
      7.8015530398351824
    ],
    "refractive_indices": [
      1.0,
      1.5,
      1.5,
      1.5,
      1.0
    ],
    "wedgenum": 3
  },
  "pattern": [
    [
      1.9078249724598317,
      1.982680838683945
    ],
    [
      1.9979572929255478,
      2.0056525154123213
    ],
    [
      1.9447028131060569,
      2.035407691324934
    ],
    [
      2.1103925414690985,
      2.031824763063665
    ],
    [
      2.04855084582684,
      1.9988546801454399
    ],
    [
      2.1019746796692713,
      2.0628335553247616
    ],
    [
      1.9065408032121947,
      2.0648559125458323
    ],
    [
      2.054089093121337,
      1.987066277932912
    ],
    [
      1.968317463036773,
      1.9796299671974509
    ],
    [
      1.8806484387680784,
      1.9019797700380598
    ],
    [
      1.884128144392412,
      1.8771340071860492
    ],
    [
      1.785032108913294,
      1.8680153013140348
    ],
    [
      1.7728945142261563,
      1.854331124605718
    ],
    [
      1.5963126690467322,
      1.8226419980226427
    ],
    [
      1.5717820448181696,
      1.7290279324672855
    ],
    [
      1.3976663695598668,
      1.6947840957997675
    ],
    [
      1.370820033907599,
      1.491523742836198
    ],
    [
      1.2351328515698257,
      1.4575662915995677
    ],
    [
      1.20259178855997,
      1.2572056684090684
    ],
    [
      1.0797148821036233,
      1.3101344483426185
    ],
    [
      0.9294298608830488,
      1.2217296160070215
    ],
    [
      0.8807289385161875,
      1.0806953633921192
    ],
    [
      0.7113955824146849,
      1.0864615078942441
    ],
    [
      0.5037245962254863,
      1.0338820344355184
    ],
    [
      0.42258698518653703,
      0.7477573781354776
    ],
    [
      0.33373663359019545,
      0.6519274900254456
    ],
    [
      0.25265483035409375,
      0.5907783734179041
    ],
    [
      -0.004687895964417432,
      0.4178918240015528
    ],
    [
      -0.0700134740684258,
      0.2570522646136675
    ],
    [
      -0.25749902475842923,
      0.308035551070066
    ],
    [
      -0.31412998935974584,
      0.09384699170686095
    ],
    [
      -0.4681776793653054,
      -0.13642918681126256
    ],
    [
      -0.6386369780443053,
      -0.13213137071917888
    ],
    [
      -0.8091927891831037,
      -0.30564884513111856
    ],
    [
      -0.9192580867957652,
      -0.4703850756417703
    ],
    [
      -0.922307874081454,
      -0.5822651662959839
    ],
    [
      -1.1235069307286796,
      -0.6212595813789646
    ],
    [
      -1.190496027574545,
      -0.7815750516656154
    ],
    [
      -1.2782822722074851,
      -0.9024307923152305
    ],
    [
      -1.4171542948794749,
      -0.9068057002235851
    ],
    [
      -1.4990054498352854,
      -1.0378045161177787
    ],
    [
      -1.6143512682149015,
      -1.0881600254700567
    ],
    [
      -1.6830042044550917,
      -1.171915120249856
    ],
    [
      -1.7530563483376609,
      -1.2907543124980652
    ],
    [
      -1.8482245515801672,
      -1.4053206323702623
    ],
    [
      -1.9489203326167115,
      -1.4747071508868324
    ],
    [
      -1.8638769627742693,
      -1.5440312138117558
    ],
    [
      -1.901178893308705,
      -1.73044460845705
    ],
    [
      -2.015640697783511,
      -1.6958883084551781
    ],
    [
      -1.9114798670850064,
      -1.8228517674070954
    ],
    [
      -1.9479665841207212,
      -1.7753127197854666
    ],
    [
      -2.0046672377291017,
      -1.948616104035671
    ],
    [
      -2.0124905130590762,
      -1.9811001512249897
    ],
    [
      -2.0716493500988955,
      -2.057682506230522
    ],
    [
      -1.9408255957105764,
      -1.9579642882517414
    ],
    [
      -2.0537028002250657,
      -2.049357381844608
    ],
    [
      -1.9413541322784742,
      -2.0407187233673163
    ],
    [
      -1.9649412273373983,
      -2.039365080358791
    ],
    [
      -1.9010833088157388,
      -2.0380937769055407
    ],
    [
      -1.8250344557170655,
      -2.073899017959157
    ]
  ],
  "complexity": 0.3183449960710687
}