{
  "id": 2605,
  "wedge_count": 1,
  "parameters": {
    "rotation_speeds": [
      -0.25368356215680166
    ],
    "phi_x": [
      1.827979095274756
    ],
    "phi_y": [
      12.872780776261969
    ],
    "distances": [
      1.0,
      3.4211560086053003
    ],
    "refractive_indices": [
      1.0,
      1.5,
      1.0
    ],
    "wedgenum": 1
  },
  "pattern": [
    [
      0.11703133887642272,
      0.12267836190836696
    ],
    [
      0.09479181319058808,
      0.08988251673021921
    ],
    [
      0.05926277026309118,
      0.05886211220485629
    ],
    [
      0.030652714703737486,
      0.0344282164950679
    ],
    [
      -0.0018458376427325542,
      0.005339519837305663
    ],
    [
      -0.022931632397326904,
      -0.026301499468491512
    ],
    [
      -0.06269281729822722,
      -0.06780539395569755
    ],
    [
      -0.11003527750751305,
      -0.08595902031504933
    ],
    [
      -0.14006076659462227,
      -0.12089430720022798
    ],
    [
      -0.1685423546464812,
      -0.14935663929489046
    ],
    [
      -0.2060377534511015,
      -0.17241326951500618
    ],
    [
      -0.2303234291946972,
      -0.20548839476294634
    ],
    [
      -0.2646807731104561,
      -0.23622377835393707
    ],
    [
      -0.2903615586376458,
      -0.2592115434748439
    ],
    [
      -0.33107770155570293,
      -0.279102853974458
    ],
    [
      -0.36403643529834906,
      -0.31075301212618855
    ],
    [
      -0.390395841787258,
      -0.34791176928872003
    ],
    [
      -0.41525909408003125,
      -0.36770266462391576
    ],
    [
      -0.4402852240571457,
      -0.3927966493368757
    ],
    [
      -0.46569558327893346,
      -0.4188400395414778
    ],
    [
      -0.5009489786365725,
      -0.45141654534879067
    ],
    [
      -0.5280565411116896,
      -0.46698754017621763
    ],
    [
      -0.5406675456158578,
      -0.48953427304823977
    ],
    [
      -0.5691479740998707,
      -0.5255621315862766
    ],
    [
      -0.5912355980800265,
      -0.541174650118092
    ],
    [
      -0.6198210689978182,
      -0.5654078558452049
    ],
    [
      -0.6357776635912918,
      -0.5800987571981657
    ],
    [
      -0.6627993322271502,
      -0.5981836389068472
    ],
    [
      -0.6735210034941818,
      -0.6241099903215978
    ],
    [
      -0.6962715459659503,
      -0.645095388547772
    ],
    [
      -0.7212153502176325,
      -0.6715542820312778
    ],
    [
      -0.7320591477973043,
      -0.6786528065608397
    ],
    [
      -0.753320134408413,
      -0.7033193206407278
    ],
    [
      -0.7550730870424393,
      -0.7125631203089043
    ],
    [
      -0.7704340696611187,
      -0.7267006699984824
    ],
    [
      -0.7969408595446162,
      -0.7415353138935749
    ],
    [
      -0.8000703559314557,
      -0.754009088822787
    ],
    [
      -0.808024795874682,
      -0.7713298080575705
    ],
    [
      -0.8218800579198068,
      -0.7803248876399751
    ],
    [
      -0.8212169730345011,
      -0.7959916499039927
    ],
    [
      -0.8332276445821597,
      -0.8021692894330521
    ],
    [
      -0.8363408403646191,
      -0.8098193380567359
    ],
    [
      -0.8388073268281289,
      -0.8203702433372416
    ],
    [
      -0.842027184843113,
      -0.8176088023641748
    ],
    [
      -0.84839633356668,
      -0.83309969350995
    ],
    [
      -0.8485036632751587,
      -0.8385526352233511
    ],
    [
      -0.8486010919188869,
      -0.8433332740181769
    ],
    [
      -0.85222939483045,
      -0.8440727488294921
    ],
    [
      -0.8465064898187232,
      -0.8497025195132627
    ],
    [
      -0.83190038045068,
      -0.8453326770666102
    ],
    [
      -0.8371092468340022,
      -0.8517462940583228
    ],
    [
      -0.8250569144807909,
      -0.8397404353020288
    ],
    [
      -0.8107322752945866,
      -0.8450129666686161
    ],
    [
      -0.802444239978444,
      -0.84771711254985
    ],
    [
      -0.7918941803759453,
      -0.8404990716701252
    ],
    [
      -0.7826422708661783,
      -0.8245921300179224
    ],
    [
      -0.7716436537091695,
      -0.8292803247353564
    ],
    [
      -0.7709255794947132,
      -0.8139658209621286
    ],
    [
      -0.7441732427634561,
      -0.8097403029909599
    ],
    [
      -0.7237703257609283,
      -0.794579456933184
    ]
  ],
  "complexity": 0.2263349530373345
}