{
  "id": 4507,
  "wedge_count": 1,
  "parameters": {
    "rotation_speeds": [
      -0.9686493145424988
    ],
    "phi_x": [
      3.2464011723837487
    ],
    "phi_y": [
      -12.639309527883574
    ],
    "distances": [
      1.0,
      3.456566127791329
    ],
    "refractive_indices": [
      1.0,
      1.5,
      1.0
    ],
    "wedgenum": 1
  },
  "pattern": [
    [
      0.21335256446649872,
      0.20834264840166028
    ],
    [
      0.15132156412099237,
      0.1566707070893347
    ],
    [
      0.09202923280969302,
      0.0985496584142439
    ],
    [
      0.02827951653486179,
      0.047570218679133594
    ],
    [
      -0.03617774750575608,
      -0.02099148771346765
    ],
    [
      -0.09293639277483925,
      -0.07626129177851264
    ],
    [
      -0.16614455310278217,
      -0.13141551919310213
    ],
    [
      -0.22319906867027223,
      -0.18638982508872687
    ],
    [
      -0.28758357460054457,
      -0.24366259985927413
    ],
    [
      -0.35008293827502296,
      -0.2979299761942342
    ],
    [
      -0.4108351111828197,
      -0.3624293872914086
    ],
    [
      -0.4587972430206687,
      -0.4062803754503009
    ],
    [
      -0.5034544433656868,
      -0.4504073550634341
    ],
    [
      -0.5657395624764266,
      -0.49445796862159097
    ],
    [
      -0.5996338852035018,
      -0.5440469283290691
    ],
    [
      -0.6417582426502052,
      -0.5815086865986281
    ],
    [
      -0.6836277584757229,
      -0.6253626870039433
    ],
    [
      -0.7093272235936597,
      -0.6668212883583863
    ],
    [
      -0.7500776248935713,
      -0.6971410536840831
    ],
    [
      -0.7685418828489882,
      -0.7248998706743659
    ],
    [
      -0.7894140709947128,
      -0.747679124830369
    ],
    [
      -0.8157113571464636,
      -0.7632885397424284
    ],
    [
      -0.811457410606974,
      -0.7917695065757004
    ],
    [
      -0.8279221173954038,
      -0.8102627641359095
    ],
    [
      -0.834709125597682,
      -0.8229469784759735
    ],
    [
      -0.8279351559541123,
      -0.8291889575473147
    ],
    [
      -0.8246659890655083,
      -0.8356422716720969
    ],
    [
      -0.8204223184783834,
      -0.8265362017051106
    ],
    [
      -0.8049510594825326,
      -0.8278120448143567
    ],
    [
      -0.7821022293377405,
      -0.8154574937837646
    ],
    [
      -0.7560775166057122,
      -0.8052894615867084
    ],
    [
      -0.7190238780718039,
      -0.80236092282397
    ],
    [
      -0.7005067202835633,
      -0.7710261104270274
    ],
    [
      -0.6741178202641565,
      -0.7548246615635353
    ],
    [
      -0.6286333444801654,
      -0.7165473680092352
    ],
    [
      -0.5839414336072416,
      -0.6980783043832557
    ],
    [
      -0.5429753548008641,
      -0.6712197224772134
    ],
    [
      -0.4914306667195185,
      -0.6419669893185238
    ],
    [
      -0.43967024240883473,
      -0.6045673875522792
    ],
    [
      -0.39078699451478044,
      -0.5589201871917733
    ],
    [
      -0.33033663308599076,
      -0.5176653584160289
    ],
    [
      -0.265396634457903,
      -0.4697859231873018
    ],
    [
      -0.21538732987550238,
      -0.42410756323319604
    ],
    [
      -0.15494680281867557,
      -0.37629318692553965
    ],
    [
      -0.0964378963274213,
      -0.3265125583096278
    ],
    [
      -0.03517727092674675,
      -0.2740254643087212
    ],
    [
      0.019691309447220747,
      -0.22393185354422204
    ],
    [
      0.08222890035126457,
      -0.16874173555271543
    ],
    [
      0.14596197229947405,
      -0.12181230264218584
    ],
    [
      0.19480635306358965,
      -0.0619051498252563
    ],
    [
      0.25717400978984595,
      -0.017766323978779468
    ],
    [
      0.30648710334885787,
      0.04118035478653628
    ],
    [
      0.37322478667981634,
      0.09652284614018541
    ],
    [
      0.4151732474426889,
      0.15781337448258212
    ],
    [
      0.4633064090211242,
      0.2053754069473585
    ],
    [
      0.5101768042344735,
      0.25469430046006813
    ],
    [
      0.5577792952246898,
      0.2941204469729041
    ],
    [
      0.5960845707938242,
      0.35218061687673974
    ],
    [
      0.6167688630195977,
      0.3996910136087206
    ],
    [
      0.6625307157960011,
      0.4386790838292207
    ]
  ],
  "complexity": 0.19124499873493997
}