{
  "id": 2895,
  "wedge_count": 2,
  "parameters": {
    "rotation_speeds": [
      2.366413854618928,
      -0.27179683267515387
    ],
    "phi_x": [
      -9.451317650510404,
      -11.16098200238148
    ],
    "phi_y": [
      1.6485613473703253,
      3.050287773821541
    ],
    "distances": [
      1.0,
      2.0877141353353537,
      7.9163078191338485
    ],
    "refractive_indices": [
      1.0,
      1.5,
      1.5,
      1.0
    ],
    "wedgenum": 2
  },
  "pattern": [
    [
      1.4314469607131965,
      1.4271841151389215
    ],
    [
      1.4379990603448267,
      1.383570523714581
    ],
    [
      1.4812910017591927,
      1.3906960374807964
    ],
    [
      1.4007011836940502,
      1.380067111065392
    ],
    [
      1.440456926844932,
      1.4240378236778122
    ],
    [
      1.3605334683943142,
      1.37993330914333
    ],
    [
      1.417647908262317,
      1.3658702272020307
    ],
    [
      1.3614401431987941,
      1.393913029457511
    ],
    [
      1.4119067512215275,
      1.3773149107186635
    ],
    [
      1.3398396278790172,
      1.4151461554174716
    ],
    [
      1.3180329945451126,
      1.3651394539718595
    ],
    [
      1.269279404515219,
      1.3324042134517589
    ],
    [
      1.3093875667080817,
      1.302594339482251
    ],
    [
      1.222408567324649,
      1.3131038696947683
    ],
    [
      1.1623443727315201,
      1.2429230864582048
    ],
    [
      1.1654367930893788,
      1.232669864047546
    ],
    [
      1.1922162649132058,
      1.2444262542520201
    ],
    [
      1.1482118559287888,
      1.1474994375521526
    ],
    [
      1.0947798527479031,
      1.1338641496096014
    ],
    [
      1.0589258357800864,
      1.0991931002360018
    ],
    [
      1.0378229820601073,
      1.108215364601779
    ],
    [
      0.9371500378263246,
      1.0793174521912732
    ],
    [
      0.9325301203278863,
      0.9797261058196465
    ],
    [
      0.8748786764992919,
      1.0016347832324632
    ],
    [
      0.8634868572239754,
      0.8867542617791601
    ],
    [
      0.7742310388109093,
      0.8814205045094051
    ],
    [
      0.724337284258563,
      0.8552272568057459
    ],
    [
      0.6650930542140159,
      0.764312903770948
    ],
    [
      0.6675192447774853,
      0.767054324746755
    ],
    [
      0.5220097202762886,
      0.6470236693071297
    ],
    [
      0.5468336554182648,
      0.6790658765842306
    ],
    [
      0.5056983418577851,
      0.5898376209081742
    ],
    [
      0.44867541590298904,
      0.5937059386376966
    ],
    [
      0.4184945575893394,
      0.5581671684701733
    ],
    [
      0.35340386766313686,
      0.505080252661152
    ],
    [
      0.35776931750268137,
      0.4231307303471117
    ],
    [
      0.3197990409147143,
      0.4251419581937394
    ],
    [
      0.25667147520368616,
      0.3697181947047657
    ],
    [
      0.2035610332526591,
      0.3995943804067072
    ],
    [
      0.1839743118175002,
      0.37393939303324514
    ],
    [
      0.15488543919186773,
      0.3145741733682733
    ],
    [
      0.17099104847198018,
      0.2668238687090446
    ],
    [
      0.08191198340671549,
      0.22197784570255752
    ],
    [
      0.08309131950959225,
      0.20307074161446093
    ],
    [
      0.048955707600543415,
      0.15911459606415052
    ],
    [
      0.07502632162593957,
      0.11020290063969462
    ],
    [
      0.070058671169751,
      0.09676922798266742
    ],
    [
      0.004487522971141373,
      0.05742531596126703
    ],
    [
      -0.0026584059348349898,
      0.07682718176121024
    ],
    [
      0.0355905906213926,
      0.04362821175824678
    ],
    [
      0.0432632615941063,
      0.02450060071279227
    ],
    [
      0.002299428018316528,
      0.020795147905448865
    ],
    [
      0.013474325375236643,
      0.0011131164957674765
    ],
    [
      0.032766867449605684,
      0.022918248182524005
    ],
    [
      0.07149977145657727,
      0.03063507582017342
    ],
    [
      0.129449736126928,
      -0.010290751309650764
    ],
    [
      0.10615506416887747,
      -0.005346023594782262
    ],
    [
      0.11652241343411332,
      0.007493441869951566
    ],
    [
      0.14053817725640003,
      -0.002544585064289121
    ],
    [
      0.0858544483882897,
      0.017378195959200947
    ]
  ],
  "complexity": 0.2516335860581532
}