{
  "id": 1428,
  "wedge_count": 3,
  "parameters": {
    "rotation_speeds": [
      0.6887276093747952,
      -0.627819004672169,
      2.9615163224390404
    ],
    "phi_x": [
      6.372663410513159,
      10.908916538125574,
      -1.8810017090226854
    ],
    "phi_y": [
      -8.067430920112496,
      -4.19395110529795,
      2.291680641457063
    ],
    "distances": [
      1.0,
      7.4755963053211145,
      7.670474605864447,
      6.938963701107044
    ],
    "refractive_indices": [
      1.0,
      1.5,
      1.5,
      1.5,
      1.0
    ],
    "wedgenum": 3
  },
  "pattern": [
    [
      1.3351614014731923,
      1.4840141525458406
    ],
    [
      1.3860632193335867,
      1.4305952108064224
    ],
    [
      1.4886351354764906,
      1.4608875788980582
    ],
    [
      1.364974341368811,
      1.4076600573485056
    ],
    [
      1.48599206560196,
      1.4166433308218462
    ],
    [
      1.324181821270835,
      1.4138565413403261
    ],
    [
      1.4217127538420784,
      1.39790832141033
    ],
    [
      1.4253885682523006,
      1.4815960275058275
    ],
    [
      1.4527121791611328,
      1.5296690467350853
    ],
    [
      1.527819598241726,
      1.4309433915079428
    ],
    [
      1.4885328182109485,
      1.490143655054064
    ],
    [
      1.4417334279414322,
      1.422168336739644
    ],
    [
      1.3787502088709118,
      1.5735751711023236
    ],
    [
      1.396368069962544,
      1.453680596903021
    ],
    [
      1.4008670729811388,
      1.4580388027293971
    ],
    [
      1.4218135352239853,
      1.4211631285594708
    ],
    [
      1.3325193265147413,
      1.3919382443964323
    ],
    [
      1.4037741997720667,
      1.508027849525308
    ],
    [
      1.4178071176442772,
      1.4049478102173725
    ],
    [
      1.445857642316167,
      1.3450933156143365
    ],
    [
      1.396909972901947,
      1.4095442640709899
    ],
    [
      1.3549030131026936,
      1.3844200150429735
    ],
    [
      1.39633954264783,
      1.4429937505596264
    ],
    [
      1.4633993111504566,
      1.413284300885692
    ],
    [
      1.3967292138080238,
      1.485796652776803
    ],
    [
      1.4191654599974126,
      1.2426814093906844
    ],
    [
      1.436883296135681,
      1.42730338104246
    ],
    [
      1.295969158066463,
      1.338466229424774
    ],
    [
      1.1606931141300176,
      1.2218297208533844
    ],
    [
      1.229779364728899,
      1.3912069334870014
    ],
    [
      1.3959944434864862,
      1.3764091289148
    ],
    [
      1.227711325428191,
      1.208146073419305
    ],
    [
      1.1479157326680527,
      1.3494672208625131
    ],
    [
      1.1907774175833634,
      1.247841041521539
    ],
    [
      1.2209109856513443,
      1.2543408189517282
    ],
    [
      1.2031287688535874,
      1.152262308102816
    ],
    [
      1.1722041702614607,
      1.2739047652183118
    ],
    [
      1.1136347318169455,
      1.203023018600325
    ],
    [
      1.1454882729050844,
      1.204588031275979
    ],
    [
      1.0916433322564785,
      1.1665035307714096
    ],
    [
      1.0922698407524096,
      1.2055683582155423
    ],
    [
      1.0604003928006667,
      1.133612251023227
    ],
    [
      1.0586855003761964,
      1.1061703189471237
    ],
    [
      1.120873301788119,
      1.1400086457996632
    ],
    [
      1.052482333600455,
      1.1150157797440166
    ],
    [
      1.012130644795555,
      1.0811192822451428
    ],
    [
      1.0060882699113813,
      1.0003045901153154
    ],
    [
      1.0324445466170398,
      1.089547407303291
    ],
    [
      0.9730160427708499,
      0.9963612515608137
    ],
    [
      0.880713312577358,
      1.0050838093231511
    ],
    [
      1.024077021887209,
      0.9581304257379715
    ],
    [
      0.989116596051418,
      0.9225602382874725
    ],
    [
      0.8307696751168545,
      0.964248220154325
    ],
    [
      1.0013205768175684,
      0.9975379157882388
    ],
    [
      0.9331628253851851,
      0.9622533211901944
    ],
    [
      1.0075858968989517,
      0.812893757723614
    ],
    [
      0.9268733624752098,
      1.0236135090590086
    ],
    [
      0.9321040669341949,
      0.9576877145380193
    ],
    [
      0.9004112745317037,
      0.9624952266291708
    ],
    [
      0.84642128024242,
      0.9278305080640576
    ]
  ],
  "complexity": 0.22783654017903024
}