{
  "id": 3845,
  "wedge_count": 1,
  "parameters": {
    "rotation_speeds": [
      -2.8124949662798207
    ],
    "phi_x": [
      -5.959765255658688
    ],
    "phi_y": [
      12.603488823633082
    ],
    "distances": [
      1.0,
      4.6852345498623595
    ],
    "refractive_indices": [
      1.0,
      1.5,
      1.0
    ],
    "wedgenum": 1
  },
  "pattern": [
    [
      0.40433372748464114,
      0.3937204985166481
    ],
    [
      0.34520236302918644,
      0.3331298929426717
    ],
    [
      0.26704898611596906,
      0.2747627080986792
    ],
    [
      0.2031795110280944,
      0.21953639203770411
    ],
    [
      0.13298811399674393,
      0.16305099691225555
    ],
    [
      0.06228475393016116,
      0.10105710225200103
    ],
    [
      -0.0029805382717693887,
      0.033784339386656245
    ],
    [
      -0.06466612457441646,
      -0.019431865897701663
    ],
    [
      -0.12819853926352612,
      -0.08196755312440555
    ],
    [
      -0.19812728857537676,
      -0.14764037804296995
    ],
    [
      -0.2600781838667105,
      -0.20017752275680903
    ],
    [
      -0.3233932154287654,
      -0.26598824686829137
    ],
    [
      -0.38570386840276444,
      -0.30840937441576577
    ],
    [
      -0.4384683093283658,
      -0.37076403662602386
    ],
    [
      -0.4962771790563556,
      -0.42125558226889825
    ],
    [
      -0.5432232181368625,
      -0.4790636219052192
    ],
    [
      -0.5953659154968232,
      -0.5256321912255063
    ],
    [
      -0.6410980014073557,
      -0.5684927275441056
    ],
    [
      -0.6812158508841775,
      -0.6079434676457253
    ],
    [
      -0.7277376696252595,
      -0.652758922775546
    ],
    [
      -0.7419516113817951,
      -0.6863378683378577
    ],
    [
      -0.7774029565312501,
      -0.711991290241812
    ],
    [
      -0.8081536461961961,
      -0.7425410314406444
    ],
    [
      -0.8290255086014927,
      -0.7794984259557601
    ],
    [
      -0.8424205141691105,
      -0.7993923540739781
    ],
    [
      -0.8533477311211902,
      -0.8150048646787734
    ],
    [
      -0.85908839997165,
      -0.8312336896435296
    ],
    [
      -0.8611120648557048,
      -0.8398117673712997
    ],
    [
      -0.8509224809690314,
      -0.8603329699855279
    ],
    [
      -0.8470541317285825,
      -0.8433948640773852
    ],
    [
      -0.8392740464462973,
      -0.8541982964026291
    ],
    [
      -0.8330802184743122,
      -0.8488320966436216
    ],
    [
      -0.8026032223802406,
      -0.8427849239061793
    ],
    [
      -0.7737883698334548,
      -0.8275967726423861
    ],
    [
      -0.7476585151366941,
      -0.8170766011968955
    ],
    [
      -0.7151777815942745,
      -0.7930129950327784
    ],
    [
      -0.677467308690389,
      -0.7821194912441574
    ],
    [
      -0.6328245842016023,
      -0.7513003552921219
    ],
    [
      -0.5830654330681367,
      -0.7114527527849204
    ],
    [
      -0.5474588590673324,
      -0.6870888417017029
    ],
    [
      -0.48899403594112456,
      -0.6462674583054339
    ],
    [
      -0.4384170339335391,
      -0.6224473208777702
    ],
    [
      -0.38247015759539327,
      -0.5724569328860988
    ],
    [
      -0.32688388193790335,
      -0.532973746383834
    ],
    [
      -0.27158460168834675,
      -0.48891711840134244
    ],
    [
      -0.22725020140631894,
      -0.44355003883334576
    ],
    [
      -0.1686178475391446,
      -0.39290998301561764
    ],
    [
      -0.09705528933618639,
      -0.3416684186838934
    ],
    [
      -0.0324990732409066,
      -0.30136203344284024
    ],
    [
      0.02726946570477696,
      -0.23320077197047612
    ],
    [
      0.0750315852404032,
      -0.19376710796806865
    ],
    [
      0.14495952325913336,
      -0.13306997207854487
    ],
    [
      0.19934808313447128,
      -0.08399848824917364
    ],
    [
      0.25364899910729816,
      -0.032134202153992104
    ],
    [
      0.30596257827995954,
      0.023294601129828944
    ],
    [
      0.37031110211391005,
      0.07647017945325466
    ],
    [
      0.4045570687161493,
      0.14101906185161037
    ],
    [
      0.4530479063495037,
      0.18074893910291379
    ],
    [
      0.4964740684576018,
      0.24104168507150064
    ],
    [
      0.537685520334649,
      0.28245883191321924
    ]
  ],
  "complexity": 0.19306107606548614
}