{
  "id": 1088,
  "wedge_count": 1,
  "parameters": {
    "rotation_speeds": [
      -2.2754951133632044
    ],
    "phi_x": [
      -3.629052409147432
    ],
    "phi_y": [
      -2.391321227967868
    ],
    "distances": [
      1.0,
      6.5921356477566455
    ],
    "refractive_indices": [
      1.0,
      1.5,
      1.0
    ],
    "wedgenum": 1
  },
  "pattern": [
    [
      0.24078468648568602,
      0.25304235546063586
    ],
    [
      0.22974549280057752,
      0.2252613672792881
    ],
    [
      0.20660251551741796,
      0.21932418398278394
    ],
    [
      0.20999527949866673,
      0.19648881713678418
    ],
    [
      0.19089990199060902,
      0.19373630015555687
    ],
    [
      0.17327652807882385,
      0.17630088115975312
    ],
    [
      0.15128519266901935,
      0.16543703912832516
    ],
    [
      0.12782116131634094,
      0.14349471816193674
    ],
    [
      0.12283080039651732,
      0.13003301667191702
    ],
    [
      0.105007647960172,
      0.1116259200364334
    ],
    [
      0.0728729686039636,
      0.09866155931672606
    ],
    [
      0.060924270484232684,
      0.07816846747741583
    ],
    [
      0.042115843267887816,
      0.05800745283373147
    ],
    [
      0.019718907398187893,
      0.04157330618097628
    ],
    [
      -0.0038229016034274556,
      0.032951154769008596
    ],
    [
      -0.015317921376443612,
      0.014085982862936643
    ],
    [
      -0.040097621796196324,
      -0.0028217066951321985
    ],
    [
      -0.05339343195487469,
      -0.02360783497774586
    ],
    [
      -0.06894165841915188,
      -0.030849092810364003
    ],
    [
      -0.08948357643406889,
      -0.05243227665031754
    ],
    [
      -0.10428368297801544,
      -0.06997016415792003
    ],
    [
      -0.12649768743352316,
      -0.0840970716593994
    ],
    [
      -0.13701223286614136,
      -0.09898451973412377
    ],
    [
      -0.15579082346183604,
      -0.11201316826246671
    ],
    [
      -0.16569796807507384,
      -0.12560896742561461
    ],
    [
      -0.18090620964873935,
      -0.14600037015286366
    ],
    [
      -0.18764395785279947,
      -0.1619736357410625
    ],
    [
      -0.19711441641390118,
      -0.17891523894974934
    ],
    [
      -0.21428101204220257,
      -0.18537792232703365
    ],
    [
      -0.22208276706338426,
      -0.1935806790400525
    ],
    [
      -0.23279221431098168,
      -0.20614504720787888
    ],
    [
      -0.23746199194395792,
      -0.2150773650030212
    ],
    [
      -0.25626741515316104,
      -0.22128163410239
    ],
    [
      -0.25486441244103425,
      -0.22935979862326805
    ],
    [
      -0.25480369168718764,
      -0.24059928423910923
    ],
    [
      -0.26045703881375915,
      -0.24503727389525692
    ],
    [
      -0.25069041878272996,
      -0.24975931361079684
    ],
    [
      -0.25697038177755027,
      -0.25432841292584524
    ],
    [
      -0.25418219205353054,
      -0.2448880454393622
    ],
    [
      -0.26141859958214053,
      -0.2505028971315134
    ],
    [
      -0.24916909678123278,
      -0.25469736711553315
    ],
    [
      -0.2255708963792131,
      -0.23981729526268072
    ],
    [
      -0.23330286007876205,
      -0.25036261578623314
    ],
    [
      -0.23058726657327674,
      -0.24665537167881643
    ],
    [
      -0.21856049948692285,
      -0.24057968340010338
    ],
    [
      -0.1982072481296594,
      -0.23535244675784847
    ],
    [
      -0.18714250400675353,
      -0.22995232259304801
    ],
    [
      -0.18909247822776415,
      -0.2281032239619926
    ],
    [
      -0.17717459421986922,
      -0.21843275468923157
    ],
    [
      -0.1635644467891919,
      -0.20954947698439752
    ],
    [
      -0.14787951257382742,
      -0.20192877306351165
    ],
    [
      -0.1361347527974402,
      -0.19506168006204042
    ],
    [
      -0.11005110941890917,
      -0.1925464288287357
    ],
    [
      -0.10018558987284197,
      -0.17208419391125288
    ],
    [
      -0.09044433452444918,
      -0.1627742194732869
    ],
    [
      -0.0706602424128488,
      -0.14345453959710056
    ],
    [
      -0.05873060674606642,
      -0.13568346289357694
    ],
    [
      -0.04012564473778738,
      -0.12078797452854402
    ],
    [
      -0.02332158205882628,
      -0.1090635573979375
    ],
    [
      -0.007858679591325649,
      -0.10414069689393851
    ]
  ],
  "complexity": 0.14863842359209914
}