{
  "id": 2140,
  "wedge_count": 2,
  "parameters": {
    "rotation_speeds": [
      -2.556246518682595,
      0.7896762308629577
    ],
    "phi_x": [
      -8.655661094517635,
      -12.376077534838156
    ],
    "phi_y": [
      9.739300444917909,
      3.0990815619014853
    ],
    "distances": [
      1.0,
      6.579292461338786,
      7.541888991958084
    ],
    "refractive_indices": [
      1.0,
      1.5,
      1.5,
      1.0
    ],
    "wedgenum": 2
  },
  "pattern": [
    [
      1.4223503407146691,
      1.404292170736191
    ],
    [
      1.3691803412542252,
      1.3167744502517413
    ],
    [
      1.394537170797682,
      1.3823834522602259
    ],
    [
      1.3439012428863937,
      1.272885634967485
    ],
    [
      1.1476482788032405,
      1.232718378909075
    ],
    [
      1.1493113219449378,
      1.1621050956657262
    ],
    [
      1.1021226325149593,
      1.0989073005860404
    ],
    [
      1.1120618621275078,
      1.0133161363325887
    ],
    [
      1.0064038934758262,
      1.0702258902346231
    ],
    [
      0.9174188430342258,
      0.9354598566930616
    ],
    [
      0.930053625581914,
      0.9386346096384005
    ],
    [
      0.790847256632122,
      0.8368730584230026
    ],
    [
      0.7086742275361099,
      0.7488154988089589
    ],
    [
      0.6353187291200668,
      0.6924303411920925
    ],
    [
      0.6334103388428395,
      0.7342623546808376
    ],
    [
      0.5270247728598257,
      0.6530575766950808
    ],
    [
      0.43279380382084387,
      0.5519877690187465
    ],
    [
      0.3698447179468824,
      0.5758873564740042
    ],
    [
      0.43800847246526137,
      0.47842617281549993
    ],
    [
      0.3452782866832437,
      0.4802872642536949
    ],
    [
      0.3294968257500531,
      0.37351488326711235
    ],
    [
      0.2680573204072584,
      0.31330587323270315
    ],
    [
      0.08544654218562045,
      0.28882882594859927
    ],
    [
      0.14786423746602625,
      0.2521899070494905
    ],
    [
      0.05500325049359548,
      0.3459268269814141
    ],
    [
      0.043067137439174355,
      0.13896697585469633
    ],
    [
      0.09034239667577243,
      0.16745939065034182
    ],
    [
      0.01948444134886744,
      0.07971271958433435
    ],
    [
      0.033677580179203304,
      0.06519250762979323
    ],
    [
      -0.13604097447159821,
      -0.009547082425790089
    ],
    [
      -0.07965243199868155,
      0.0069720682727383645
    ],
    [
      -0.035864757988252824,
      -0.002513220391726934
    ],
    [
      -0.04589191491917923,
      0.017079873296269414
    ],
    [
      -0.10322908040823713,
      -0.06670150765066636
    ],
    [
      -0.03164953688067242,
      -0.12169672022470208
    ],
    [
      -0.11562055703972733,
      -0.018887716529770202
    ],
    [
      -0.18026302925480978,
      -0.029691504223768726
    ],
    [
      -0.057301893720145936,
      -0.05438498107504619
    ],
    [
      -0.09150741118142963,
      -0.09440233176708512
    ],
    [
      -0.020078411192117226,
      -0.058015119681162054
    ],
    [
      -0.0098321855219325,
      -0.10622120104665464
    ],
    [
      -0.04476128501294293,
      -0.00043326485613773974
    ],
    [
      -0.0038769537901049388,
      0.022087430136427985
    ],
    [
      0.1063770727342098,
      -0.012195828365393138
    ],
    [
      0.0633807074517963,
      -0.0626299955963803
    ],
    [
      0.03184311891428364,
      0.03963909776825021
    ],
    [
      0.1346837561386371,
      -0.005217753437066645
    ],
    [
      0.18316910163521383,
      0.1116697651093074
    ],
    [
      0.2918432498392227,
      0.10595015406573302
    ],
    [
      0.2428980960220314,
      0.1470519382136356
    ],
    [
      0.24479743327180215,
      0.10245348441770694
    ],
    [
      0.22088596861558307,
      0.17898217429649407
    ],
    [
      0.3796666125308172,
      0.21649761360768982
    ],
    [
      0.345954853024503,
      0.24179513913818634
    ],
    [
      0.44945846312626947,
      0.2145762258927717
    ],
    [
      0.4013816591411222,
      0.25894295711444854
    ],
    [
      0.5270776641774052,
      0.34302271155314956
    ],
    [
      0.4338796870579545,
      0.3245398198702959
    ],
    [
      0.5479437015028311,
      0.3934866117712148
    ],
    [
      0.5372244375092525,
      0.4184371711653743
    ]
  ],
  "complexity": 0.22024290758188472
}