{
  "id": 2606,
  "wedge_count": 2,
  "parameters": {
    "rotation_speeds": [
      -2.8690439373115737,
      1.7212531150299242
    ],
    "phi_x": [
      12.771089546083715,
      8.8071935133893
    ],
    "phi_y": [
      3.4898914585244896,
      14.259102276499185
    ],
    "distances": [
      1.0,
      5.476215252443041,
      6.1287535160811455
    ],
    "refractive_indices": [
      1.0,
      1.5,
      1.5,
      1.0
    ],
    "wedgenum": 2
  },
  "pattern": [
    [
      1.696364695126925,
      1.5554440517867385
    ],
    [
      1.7378961153357053,
      1.5942128387615808
    ],
    [
      1.7353565895217065,
      1.6933788306183395
    ],
    [
      1.7179113438053994,
      1.6238117452650151
    ],
    [
      1.665900647299168,
      1.622556479492029
    ],
    [
      1.768294789369463,
      1.6421189192480665
    ],
    [
      1.5508892210638519,
      1.6916656619391668
    ],
    [
      1.6703710477981224,
      1.6154590892386778
    ],
    [
      1.610688197590322,
      1.6847401234988215
    ],
    [
      1.6234512687379397,
      1.6185385637314473
    ],
    [
      1.587137809665665,
      1.6115163165593591
    ],
    [
      1.6022330781800327,
      1.4813706023701512
    ],
    [
      1.5899770468697967,
      1.5002524734544065
    ],
    [
      1.4793177228649808,
      1.4784602834102862
    ],
    [
      1.4867371178648818,
      1.4467280968600844
    ],
    [
      1.3636428894622137,
      1.3687795629094213
    ],
    [
      1.3809782875581587,
      1.289532303472633
    ],
    [
      1.3398027450374783,
      1.3611804451256868
    ],
    [
      1.217310898148735,
      1.2682618586876124
    ],
    [
      1.1508962480169178,
      1.2421647164180483
    ],
    [
      1.0762545191053887,
      1.2777739148043408
    ],
    [
      1.0851561795546234,
      1.2200189117961266
    ],
    [
      0.9549222973757698,
      1.1241815301227103
    ],
    [
      0.8969767714595998,
      0.9999179529534885
    ],
    [
      0.863576584279906,
      0.9969495538165407
    ],
    [
      0.8213114575757641,
      1.0389252024435969
    ],
    [
      0.7059415681941297,
      0.8588037942296576
    ],
    [
      0.6459025322075519,
      0.8905653212145843
    ],
    [
      0.5143604410186863,
      0.7435634240367183
    ],
    [
      0.48884768955383984,
      0.6387415707163427
    ],
    [
      0.5090848884835404,
      0.683052172853725
    ],
    [
      0.3571367712537947,
      0.5736586238617238
    ],
    [
      0.4211880632018061,
      0.5078544567290021
    ],
    [
      0.2727075892859931,
      0.5452084003919376
    ],
    [
      0.1676547605199622,
      0.4901621762316432
    ],
    [
      0.16960524949213351,
      0.38142644915867874
    ],
    [
      0.06045638181929358,
      0.3527503997665289
    ],
    [
      0.043494570045618394,
      0.24246159913366844
    ],
    [
      0.080007622951839,
      0.18668893636753228
    ],
    [
      -0.01987485647266428,
      0.1720678493732019
    ],
    [
      -0.09323536996748817,
      0.1143475485796604
    ],
    [
      -0.14715655923898857,
      0.08824753472494026
    ],
    [
      -0.19044144970970475,
      0.12036923747230897
    ],
    [
      -0.25929416569099917,
      -0.02847454819076182
    ],
    [
      -0.3086493012946585,
      0.018492842503679524
    ],
    [
      -0.30609559738142017,
      -0.045817884009838446
    ],
    [
      -0.33874670088609976,
      -0.14912752142813346
    ],
    [
      -0.4358089817201833,
      -0.19734326095548194
    ],
    [
      -0.4139226346320548,
      -0.246078234039741
    ],
    [
      -0.415208522318141,
      -0.2857160290812778
    ],
    [
      -0.4286433183625047,
      -0.2056387465910231
    ],
    [
      -0.4641853262237477,
      -0.3510230405808627
    ],
    [
      -0.4879973563554295,
      -0.41540887988702924
    ],
    [
      -0.5597655146667979,
      -0.4205476720748671
    ],
    [
      -0.5063028041468921,
      -0.45451187544132615
    ],
    [
      -0.5038333835012209,
      -0.4322360140017255
    ],
    [
      -0.5146710502305725,
      -0.3699528366971754
    ],
    [
      -0.5225959404397631,
      -0.4353720708906814
    ],
    [
      -0.6232718777521713,
      -0.5162957855603103
    ],
    [
      -0.5452288114819793,
      -0.4312049593232309
    ]
  ],
  "complexity": 0.2610515136279364
}