{
  "id": 947,
  "wedge_count": 1,
  "parameters": {
    "rotation_speeds": [
      1.0736355954332124
    ],
    "phi_x": [
      -0.4808608777196177
    ],
    "phi_y": [
      -0.780949530656617
    ],
    "distances": [
      1.0,
      3.4572959606584597
    ],
    "refractive_indices": [
      1.0,
      1.5,
      1.0
    ],
    "wedgenum": 1
  },
  "pattern": [
    [
      0.02970465477653591,
      0.027738942078281027
    ],
    [
      0.031062357905188423,
      0.041054066438607165
    ],
    [
      0.03826506365845881,
      0.04246378858123947
    ],
    [
      0.04618357847361906,
      0.04251118789455428
    ],
    [
      0.042046615529434006,
      0.05044134461071855
    ],
    [
      0.042698216025493854,
      0.043124893468678115
    ],
    [
      0.05484406657995825,
      0.046881662447112865
    ],
    [
      0.05160888436037289,
      0.044766459904701135
    ],
    [
      0.06387944450760993,
      0.05913006396109306
    ],
    [
      0.051965417738689706,
      0.04838602427715883
    ],
    [
      0.05516788108613018,
      0.05465240614252109
    ],
    [
      0.05662366746276326,
      0.061407960017738565
    ],
    [
      0.06423379995236092,
      0.06384947332502539
    ],
    [
      0.06769007027584341,
      0.06925853562536775
    ],
    [
      0.0647662641091148,
      0.06696684457623392
    ],
    [
      0.06921127595777204,
      0.062269584144422914
    ],
    [
      0.06645355363947776,
      0.0675570186355512
    ],
    [
      0.0622007151260492,
      0.07438889386933313
    ],
    [
      0.05825167279481824,
      0.06343214510775955
    ],
    [
      0.06446375278077088,
      0.06357502480433057
    ],
    [
      0.06613552833538373,
      0.06012380472133887
    ],
    [
      0.05782166098620195,
      0.05789329699593692
    ],
    [
      0.05282642704218362,
      0.051468567533132746
    ],
    [
      0.05304025123382252,
      0.06760295303443131
    ],
    [
      0.04197115789637728,
      0.05687067392849271
    ],
    [
      0.04818749017730698,
      0.04721053987809031
    ],
    [
      0.04008122650688205,
      0.05235737067004226
    ],
    [
      0.042435057166629576,
      0.047565713018134996
    ],
    [
      0.02359086761339961,
      0.035497881130292584
    ],
    [
      0.022429178320003823,
      0.03745947873000709
    ],
    [
      0.024467860330985237,
      0.04031102228057067
    ],
    [
      0.03210651959447875,
      0.030067381209413033
    ],
    [
      0.013695696063455604,
      0.03309827088522298
    ],
    [
      0.007347609870899386,
      0.026270979633626845
    ],
    [
      0.007643520628375078,
      0.02306014369899745
    ],
    [
      0.007017579333273002,
      0.01796753232616317
    ],
    [
      0.00778931642612758,
      0.02516783621365714
    ],
    [
      -0.005685005596806728,
      0.009846548363998033
    ],
    [
      -0.012409468557257289,
      0.004441821862931149
    ],
    [
      -0.011239231602659374,
      -0.004388477807645179
    ],
    [
      -0.012858980710880352,
      0.0021208542851304966
    ],
    [
      -0.017060230517843278,
      -0.009981572126407148
    ],
    [
      -0.027734568469952075,
      -0.019161315379544148
    ],
    [
      -0.03874369608690625,
      -0.019830735397789595
    ],
    [
      -0.0407246564837536,
      -0.022599879857986706
    ],
    [
      -0.04520675132689604,
      -0.0278887134921085
    ],
    [
      -0.054683285043301715,
      -0.02195047730627325
    ],
    [
      -0.04719794049330693,
      -0.032827661652776376
    ],
    [
      -0.05971289599689307,
      -0.03710828617197975
    ],
    [
      -0.05176901325509635,
      -0.0400363653445535
    ],
    [
      -0.06193676601607624,
      -0.04194893807738835
    ],
    [
      -0.07052742365337056,
      -0.04889866293496955
    ],
    [
      -0.06249185793196458,
      -0.049421017537606415
    ],
    [
      -0.06041499815845695,
      -0.05651036247946783
    ],
    [
      -0.0595899334303818,
      -0.05663398110022587
    ],
    [
      -0.06665733684519488,
      -0.06238136003242984
    ],
    [
      -0.07312351975275767,
      -0.06513830138467516
    ],
    [
      -0.06594378518897173,
      -0.06338261119468314
    ],
    [
      -0.07022189237626711,
      -0.06648460775709364
    ],
    [
      -0.0672678610896343,
      -0.0673197334914701
    ]
  ],
  "complexity": 0.17247105512480196
}