{
  "id": 1027,
  "wedge_count": 3,
  "parameters": {
    "rotation_speeds": [
      -1.6672412812800073,
      1.5521630387079925,
      -1.331626589319901
    ],
    "phi_x": [
      -14.639765273821192,
      -5.239345248498779,
      11.401588965000258
    ],
    "phi_y": [
      12.673482876665236,
      -7.447937350098379,
      7.32683380563828
    ],
    "distances": [
      1.0,
      2.492955871276334,
      4.393353792247161,
      2.276566573154808
    ],
    "refractive_indices": [
      1.0,
      1.5,
      1.5,
      1.5,
      1.0
    ],
    "wedgenum": 3
  },
  "pattern": [
    [
      2.26641675813541,
      2.290831738367129
    ],
    [
      2.3281469303671978,
      2.3479267862635593
    ],
    [
      2.2370516223240267,
      2.2313709424538675
    ],
    [
      2.161460539276428,
      2.122891549041003
    ],
    [
      2.071545739866545,
      2.1082140530696356
    ],
    [
      2.0297050591607895,
      2.0330216443546845
    ],
    [
      1.9479821914047937,
      1.882181990713296
    ],
    [
      1.8445240746420022,
      1.9067258357955663
    ],
    [
      1.7145425341781508,
      1.7935112121118493
    ],
    [
      1.7385752760614848,
      1.6721667172301338
    ],
    [
      1.506141850870092,
      1.5383702818730367
    ],
    [
      1.2816330021245448,
      1.4122092021132981
    ],
    [
      1.3172006089578907,
      1.4214503068000297
    ],
    [
      1.0515496967843478,
      1.2513638444475539
    ],
    [
      1.001991855472574,
      1.0619379623657546
    ],
    [
      0.8265945406989582,
      1.0013299696253017
    ],
    [
      0.5858650431040475,
      0.9906021795952615
    ],
    [
      0.5488528742082499,
      0.7502875459779732
    ],
    [
      0.4048657354497752,
      0.589286582470464
    ],
    [
      0.21058526675877723,
      0.505315601279215
    ],
    [
      0.1329811717792453,
      0.44326238973445165
    ],
    [
      0.0825261312907956,
      0.23953995093392433
    ],
    [
      -0.11789190922302874,
      0.1709253966092183
    ],
    [
      -0.2762432452876308,
      0.011592940371401494
    ],
    [
      -0.4190731099888571,
      -0.14178805841380898
    ],
    [
      -0.5754850418983668,
      -0.166908498648208
    ],
    [
      -0.7001294096761852,
      -0.31137872153770735
    ],
    [
      -0.8289185469050662,
      -0.4392667374622338
    ],
    [
      -0.8657844520344082,
      -0.5305794976696765
    ],
    [
      -1.011971554455859,
      -0.6445848005158876
    ],
    [
      -1.1653147661619006,
      -0.7248803001130362
    ],
    [
      -1.2807170275166044,
      -0.9735306696206769
    ],
    [
      -1.3882123272975655,
      -1.0051179343858132
    ],
    [
      -1.4478368144088996,
      -1.1143008329205095
    ],
    [
      -1.5517298905870542,
      -1.184770076391866
    ],
    [
      -1.620705276891708,
      -1.2906224909056445
    ],
    [
      -1.688846469537238,
      -1.4407742659886227
    ],
    [
      -1.698575974030853,
      -1.358118750806106
    ],
    [
      -1.7433352282660464,
      -1.538583072298162
    ],
    [
      -1.804325119666983,
      -1.5847521591506875
    ],
    [
      -1.8725084622402848,
      -1.6562464224626685
    ],
    [
      -1.9021397826345128,
      -1.7272829993829082
    ],
    [
      -1.9081846227809771,
      -1.7699977552664914
    ],
    [
      -1.8913156042527248,
      -1.8514533709192567
    ],
    [
      -1.931748522441866,
      -1.8286607322658952
    ],
    [
      -1.8474425905152552,
      -1.8405140135002718
    ],
    [
      -2.0132982264290473,
      -1.8872495985020774
    ],
    [
      -2.0162538530856695,
      -1.8919166586197598
    ],
    [
      -1.9348108966622337,
      -1.8744235955977255
    ],
    [
      -1.8694591742622968,
      -2.0152152790597917
    ],
    [
      -1.8800956888987248,
      -1.9332675967882191
    ],
    [
      -1.848575642163687,
      -1.9199144547881937
    ],
    [
      -1.8181596911181135,
      -1.8731124708239815
    ],
    [
      -1.7737813793172028,
      -1.93103337907599
    ],
    [
      -1.6957508082494432,
      -1.991499085735581
    ],
    [
      -1.5427763434846837,
      -1.8233560907642967
    ],
    [
      -1.495126498398495,
      -1.850125217130924
    ],
    [
      -1.499797167924813,
      -1.7412893317022688
    ],
    [
      -1.3064269488929958,
      -1.638458633521167
    ],
    [
      -1.2639734557145461,
      -1.6310481109173116
    ]
  ],
  "complexity": 0.3454154537155847
}