{
  "id": 2585,
  "wedge_count": 3,
  "parameters": {
    "rotation_speeds": [
      2.7051987398909603,
      -1.5443999556428538,
      -1.1405589352351264
    ],
    "phi_x": [
      8.243465642850381,
      2.033425325569283,
      6.106975102128544
    ],
    "phi_y": [
      -3.282259222796453,
      0.27021604199583393,
      -8.463824271071285
    ],
    "distances": [
      1.0,
      6.066209652010642,
      3.666638883927419,
      6.074451919346572
    ],
    "refractive_indices": [
      1.0,
      1.5,
      1.5,
      1.5,
      1.0
    ],
    "wedgenum": 3
  },
  "pattern": [
    [
      1.270986900643154,
      1.1820860641515287
    ],
    [
      1.3228318362224918,
      1.344656128797061
    ],
    [
      1.257739909712633,
      1.3075021634578965
    ],
    [
      1.3366689096411277,
      1.3000236559780243
    ],
    [
      1.2641916617668665,
      1.3391000598916027
    ],
    [
      1.3333917252979688,
      1.2899965205365214
    ],
    [
      1.3079279503226893,
      1.271815504418581
    ],
    [
      1.2954959820433578,
      1.1959395468272755
    ],
    [
      1.2851917704188733,
      1.3007012445149293
    ],
    [
      1.1910585236498874,
      1.2405210092646772
    ],
    [
      1.1909476030407637,
      1.2408327045787688
    ],
    [
      1.2046202642693729,
      1.2058985676647822
    ],
    [
      1.056621567860353,
      1.1384748521408585
    ],
    [
      1.018202383859038,
      1.080535135545224
    ],
    [
      1.0320619902328807,
      0.9987453455673017
    ],
    [
      1.0058615882697401,
      1.1182989801312422
    ],
    [
      0.8953149105537686,
      0.9705118082102832
    ],
    [
      0.8449020561027752,
      0.9334528446071978
    ],
    [
      0.86161496995744,
      0.9372168687765827
    ],
    [
      0.8293461412312139,
      0.9967249015721982
    ],
    [
      0.5405091569268741,
      0.827376253868409
    ],
    [
      0.6271920176699124,
      0.7948875940275958
    ],
    [
      0.646767790064306,
      0.7393250739334525
    ],
    [
      0.588646910683728,
      0.5978486178096372
    ],
    [
      0.501901235818024,
      0.5502988353854412
    ],
    [
      0.4615521919600128,
      0.5483311279390632
    ],
    [
      0.2801337146915426,
      0.4592108266033056
    ],
    [
      0.31693463083308315,
      0.5173287163381189
    ],
    [
      0.2928599589793942,
      0.3348242750883123
    ],
    [
      0.1321271046978769,
      0.2660974690706986
    ],
    [
      0.012159064175897252,
      0.21011817368891814
    ],
    [
      -0.1119454524634454,
      0.1545829828414845
    ],
    [
      -0.007786692145013263,
      0.10586321787768677
    ],
    [
      -0.0834100777754434,
      0.013308365964827581
    ],
    [
      -0.23060368858746164,
      0.11586622321770276
    ],
    [
      -0.24444203815791377,
      -0.07351401301132444
    ],
    [
      -0.1933563806628306,
      -0.15515971572470935
    ],
    [
      -0.3563772891062658,
      -0.1715829397650342
    ],
    [
      -0.4276306139207499,
      -0.2268160100265694
    ],
    [
      -0.609146821059131,
      -0.3724732142703562
    ],
    [
      -0.5416262630772799,
      -0.38988819776046024
    ],
    [
      -0.5046037620415117,
      -0.408703841326045
    ],
    [
      -0.7116234297198958,
      -0.44687220070991895
    ],
    [
      -0.7042538116558571,
      -0.5184910325060633
    ],
    [
      -0.840995609581829,
      -0.6881472968326471
    ],
    [
      -0.8963055066567556,
      -0.5754294650955383
    ],
    [
      -0.8898784045110834,
      -0.7517124561898447
    ],
    [
      -0.9004889726731645,
      -0.7075613068184757
    ],
    [
      -0.9929099371970512,
      -0.8041030395016002
    ],
    [
      -0.9648073095783771,
      -0.8633539835474409
    ],
    [
      -0.9917116130948864,
      -0.917451143187927
    ],
    [
      -0.9820220406367092,
      -0.8612691727309603
    ],
    [
      -1.0164162324032484,
      -0.915551795515318
    ],
    [
      -1.040754330254053,
      -0.9669750079748166
    ],
    [
      -1.0993268889731742,
      -0.9465849089228667
    ],
    [
      -1.044065060451489,
      -0.929737599731598
    ],
    [
      -1.1341198651605917,
      -1.0569855110086013
    ],
    [
      -0.9923719721379237,
      -0.9857102064840517
    ],
    [
      -1.0668400220207788,
      -1.1496748509478516
    ],
    [
      -1.067479341306432,
      -1.1538234113087091
    ]
  ],
  "complexity": 0.2960361437910677
}