{
  "id": 1587,
  "wedge_count": 6,
  "parameters": {
    "rotation_speeds": [
      -2.378635668723006,
      2.3906683231232524,
      -2.9718840714464703,
      2.0161554651913045,
      2.27598151797819,
      -2.5282008061848753
    ],
    "phi_x": [
      -4.164668584630563,
      -4.420224978497444,
      3.529633308770368,
      4.613268343072811,
      12.34403355822974,
      -7.979332439697927
    ],
    "phi_y": [
      4.5353367968821345,
      -14.817988609774673,
      6.796671446110047,
      -6.138207506998578,
      7.190030415256182,
      -3.853161853701973
    ],
    "distances": [
      1.0,
      6.352376333030129,
      5.404034932277333,
      3.620465206556368,
      7.347715785603908,
      2.4282388088617743,
      5.117793168720789
    ],
    "refractive_indices": [
      1.0,
      1.5,
      1.5,
      1.5,
      1.5,
      1.5,
      1.5,
      1.0
    ],
    "wedgenum": 6
  },
  "pattern": [
    [
      3.1743081544456277,
      3.161256189893389
    ],
    [
      3.2376983141600166,
      3.173261021234312
    ],
    [
      3.2440377800186457,
      3.155751310926214
    ],
    [
      3.0985219017598786,
      3.2483845411854135
    ],
    [
      3.170280641494831,
      3.224911103436046
    ],
    [
      3.2270142498691534,
      3.1983956160386255
    ],
    [
      3.220553615814622,
      3.229663598658703
    ],
    [
      3.1430099167935235,
      3.1435694052609375
    ],
    [
      2.9864306125692126,
      3.0787854360136486
    ],
    [
      2.949416118838499,
      3.09211274281703
    ],
    [
      2.9250266703253622,
      2.99333765839587
    ],
    [
      2.779015492111208,
      2.954772276048985
    ],
    [
      2.787249615440656,
      2.9070870198234826
    ],
    [
      2.62370925728462,
      2.8430162397222887
    ],
    [
      2.4757978967630723,
      2.7014624457733443
    ],
    [
      2.3977318387267035,
      2.555883405397362
    ],
    [
      2.356273356034335,
      2.502016357427592
    ],
    [
      2.1983090672320102,
      2.4144035118368317
    ],
    [
      2.059454861596233,
      2.3621661915796066
    ],
    [
      2.0082067515408686,
      2.2131212872992667
    ],
    [
      1.7870113614059924,
      2.0610769637526256
    ],
    [
      1.5533673311625498,
      1.9021800471268173
    ],
    [
      1.4506426111857442,
      1.757000633944373
    ],
    [
      1.222939363601495,
      1.6867539336319808
    ],
    [
      1.1527958165995196,
      1.604580211332702
    ],
    [
      0.9864126400960047,
      1.3539738735655422
    ],
    [
      0.8514531438151253,
      1.279037325882392
    ],
    [
      0.7198395417507619,
      1.075580229672492
    ],
    [
      0.45889491378898223,
      0.9870671174931619
    ],
    [
      0.30296136889678876,
      0.94775863522443
    ],
    [
      0.16107862280170795,
      0.7158273053097205
    ],
    [
      -0.039044355136244914,
      0.5530901611870341
    ],
    [
      -0.21952118892242403,
      0.34573418042728965
    ],
    [
      -0.3829304942439292,
      0.1984665780119787
    ],
    [
      -0.5046575050190275,
      0.1702742622770695
    ],
    [
      -0.7575028165544094,
      -0.06258025893250654
    ],
    [
      -0.8296331030288431,
      -0.20955956501470155
    ],
    [
      -1.0368546302928494,
      -0.400966604371975
    ],
    [
      -1.1366315758062866,
      -0.5289025263734141
    ],
    [
      -1.298722754336154,
      -0.6226045977983392
    ],
    [
      -1.423589100967981,
      -0.782481667626137
    ],
    [
      -1.5637314776209035,
      -0.9241281672737267
    ],
    [
      -1.8295318749402396,
      -1.1511525159619016
    ],
    [
      -1.9352762980033733,
      -1.234582112099737
    ],
    [
      -2.013597160033264,
      -1.3975920330677885
    ],
    [
      -2.101262415987674,
      -1.4564995651872379
    ],
    [
      -2.2202234106649823,
      -1.632676257862958
    ],
    [
      -2.329411510431136,
      -1.6908610527812467
    ],
    [
      -2.4043351328248734,
      -1.752746065551138
    ],
    [
      -2.5238808709247373,
      -1.9364067640161347
    ],
    [
      -2.622258058194563,
      -2.0391752254217184
    ],
    [
      -2.6467056048803643,
      -2.2258180923932787
    ],
    [
      -2.664590159448822,
      -2.323615192797004
    ],
    [
      -2.738585200452435,
      -2.452865768186529
    ],
    [
      -2.8920144837141466,
      -2.4942195848112605
    ],
    [
      -2.8032750369777424,
      -2.5956401714547495
    ],
    [
      -2.856549741591641,
      -2.545357534617556
    ],
    [
      -2.953348949897339,
      -2.667010915938234
    ],
    [
      -2.955198686014977,
      -2.732920872270894
    ],
    [
      -2.9560346692709816,
      -2.8368818996571346
    ]
  ],
  "complexity": 0.4077079528140693
}