{
  "id": 1169,
  "wedge_count": 4,
  "parameters": {
    "rotation_speeds": [
      -0.07927145601397889,
      1.465193168518324,
      -2.2252723524156095,
      -1.6591716643955423
    ],
    "phi_x": [
      7.264644711710869,
      7.915331964068745,
      4.17163857897469,
      2.3946858141911633
    ],
    "phi_y": [
      7.8005908808608915,
      5.631087092515202,
      12.169691464402206,
      4.73643016265844
    ],
    "distances": [
      1.0,
      4.826182550655262,
      6.368395540488054,
      5.566733740418954,
      7.907729247055577
    ],
    "refractive_indices": [
      1.0,
      1.5,
      1.5,
      1.5,
      1.5,
      1.0
    ],
    "wedgenum": 4
  },
  "pattern": [
    [
      2.030408594848685,
      1.9843355377792726
    ],
    [
      1.9704189582419593,
      1.9364239261897407
    ],
    [
      1.8670160151307864,
      1.8428010107552968
    ],
    [
      1.8527065063611543,
      1.8059555334230315
    ],
    [
      1.772791652805921,
      1.7187989533735943
    ],
    [
      1.7956204717416258,
      1.7427819698887546
    ],
    [
      1.6298729068802014,
      1.6631174772294297
    ],
    [
      1.636845677765353,
      1.570205432771889
    ],
    [
      1.521393497137853,
      1.5752742540965785
    ],
    [
      1.437352158912441,
      1.4182737648158974
    ],
    [
      1.3573302276949952,
      1.3943098301488384
    ],
    [
      1.3147785922008899,
      1.2726932557951918
    ],
    [
      1.1817563790216692,
      1.2636033834024685
    ],
    [
      1.1370408529235714,
      1.2452777856417958
    ],
    [
      1.094827022224431,
      0.9894883687926457
    ],
    [
      0.9252166353875145,
      1.0716341261687736
    ],
    [
      0.8500952600827975,
      0.9620987330678042
    ],
    [
      0.8255098002243202,
      0.8277352926469624
    ],
    [
      0.6762238244933256,
      0.6535007961681163
    ],
    [
      0.5573947539506631,
      0.783634911696443
    ],
    [
      0.47545890865081075,
      0.6701881467365347
    ],
    [
      0.38106067955396816,
      0.580668055446363
    ],
    [
      0.3596285899212903,
      0.4813361904789425
    ],
    [
      0.20712727054887764,
      0.4264027339284834
    ],
    [
      0.23041724523014268,
      0.40229289668841955
    ],
    [
      0.23115966604110794,
      0.27649744947201504
    ],
    [
      0.136308985105878,
      0.26042165119615357
    ],
    [
      -0.010166055264733104,
      0.06098652396788505
    ],
    [
      0.053863012108700856,
      0.10726358010074263
    ],
    [
      -0.0022733665669492503,
      0.052619947369228974
    ],
    [
      -0.15308515597590677,
      0.0011406512911300718
    ],
    [
      -0.15662249803722622,
      -0.0656702139559307
    ],
    [
      -0.23791706836107854,
      -0.057922590852466295
    ],
    [
      -0.3523002936536774,
      0.0004476717190334545
    ],
    [
      -0.2555668488115342,
      -0.19595739079132807
    ],
    [
      -0.3969387113129351,
      -0.252977072958666
    ],
    [
      -0.29581602523068656,
      -0.26491047184618766
    ],
    [
      -0.4447344357578057,
      -0.3522649546271754
    ],
    [
      -0.3881540215527728,
      -0.2521392374542495
    ],
    [
      -0.4549566636168311,
      -0.3047733475337038
    ],
    [
      -0.3866883511566247,
      -0.24996683761609984
    ],
    [
      -0.38506534386770525,
      -0.2926102019451085
    ],
    [
      -0.4032479282237504,
      -0.3677360069593554
    ],
    [
      -0.23282580739195832,
      -0.40052852897367675
    ],
    [
      -0.34145882563907626,
      -0.3222422002800124
    ],
    [
      -0.3674430332610206,
      -0.3696870823267028
    ],
    [
      -0.4279155375793005,
      -0.3563663508729524
    ],
    [
      -0.32845821153920857,
      -0.37163063870054086
    ],
    [
      -0.35206112615867885,
      -0.40269764910529976
    ],
    [
      -0.2871533811313053,
      -0.3021315751808647
    ],
    [
      -0.36594502962554676,
      -0.4259193349840949
    ],
    [
      -0.23176602782225125,
      -0.27448823026944524
    ],
    [
      -0.25190108559492813,
      -0.35654049718959085
    ],
    [
      -0.1614256933057155,
      -0.24777624804615708
    ],
    [
      -0.25976360250337294,
      -0.28068756967479735
    ],
    [
      -0.17780188137425285,
      -0.18333189891485902
    ],
    [
      -0.06898919904214668,
      -0.24758761719784342
    ],
    [
      -0.11709253770636509,
      -0.16822839368968326
    ],
    [
      -0.07549803040678536,
      -0.17049979633660658
    ],
    [
      -0.05064423617782314,
      -0.10069011510029299
    ]
  ],
  "complexity": 0.25021987367277404
}