{
  "id": 159,
  "wedge_count": 6,
  "parameters": {
    "rotation_speeds": [
      -2.2157351945758386,
      -2.792608649017529,
      2.1414043358939123,
      -1.7420776629468082,
      1.3913429801738033,
      1.4694760336359787
    ],
    "phi_x": [
      -4.946437613563697,
      9.55835290822786,
      -11.012759708809527,
      -2.9556433264655695,
      8.865919735209228,
      13.253980667549762
    ],
    "phi_y": [
      -1.5299064327602387,
      5.297616127749837,
      10.59584663226713,
      -5.471907044483617,
      14.075796651787794,
      -0.891342170384835
    ],
    "distances": [
      1.0,
      4.1662275425994535,
      6.377837339827866,
      7.921913310733492,
      3.4758781099630216,
      6.752716972843973,
      6.667369344566968
    ],
    "refractive_indices": [
      1.0,
      1.5,
      1.5,
      1.5,
      1.5,
      1.5,
      1.5,
      1.0
    ],
    "wedgenum": 6
  },
  "pattern": [
    [
      4.116964660549406,
      4.108990332530239
    ],
    [
      4.047776099612812,
      4.044630713434216
    ],
    [
      4.055941369216128,
      4.072501770944089
    ],
    [
      3.9778715494592807,
      4.065074338188315
    ],
    [
      3.835879332088637,
      4.003567190570962
    ],
    [
      3.8720721622097063,
      3.9430574925988706
    ],
    [
      3.7871488240412545,
      3.7736883386471316
    ],
    [
      3.599456386582314,
      3.77495763244017
    ],
    [
      3.469782524761799,
      3.6371511028302344
    ],
    [
      3.4291546088413343,
      3.6143565150014267
    ],
    [
      3.294396124113682,
      3.472164639822096
    ],
    [
      3.10970798296195,
      3.3921253628441375
    ],
    [
      3.0550539202421203,
      3.2662197134923985
    ],
    [
      2.817874923347401,
      3.1491764619955607
    ],
    [
      2.731614897748379,
      3.098218687824486
    ],
    [
      2.6384638954458612,
      2.953618571589803
    ],
    [
      2.4365992441576263,
      2.807097635607612
    ],
    [
      2.2505876922244736,
      2.66519673417752
    ],
    [
      2.140461975359193,
      2.533565567806496
    ],
    [
      2.0677317541799565,
      2.3275153630471523
    ],
    [
      1.914252004415499,
      2.284003561051401
    ],
    [
      1.605837386916643,
      2.113681907596998
    ],
    [
      1.5193661741296238,
      1.9288911253574925
    ],
    [
      1.3901495956806247,
      1.8323696474639566
    ],
    [
      1.1227180185889634,
      1.6727364296169915
    ],
    [
      0.9284060301486152,
      1.4063821559541174
    ],
    [
      0.6876433471518411,
      1.2593307336095347
    ],
    [
      0.506685152145638,
      1.1331445470128265
    ],
    [
      0.3453596899882995,
      1.0106665881216785
    ],
    [
      0.04975831598444748,
      0.8770259866229336
    ],
    [
      -0.05706259644512075,
      0.785650607988454
    ],
    [
      -0.2832941692152745,
      0.45721434467333183
    ],
    [
      -0.43107878003073014,
      0.33333742046542014
    ],
    [
      -0.5135969613299404,
      0.1782697036367318
    ],
    [
      -0.7370294486181648,
      0.019100567420248946
    ],
    [
      -0.9257097592587777,
      -0.2294492682001945
    ],
    [
      -1.118514630004117,
      -0.2611492806028255
    ],
    [
      -1.2850211866741155,
      -0.4368708897121783
    ],
    [
      -1.487161987975694,
      -0.6439943092108495
    ],
    [
      -1.6527706662561124,
      -0.7399219034252412
    ],
    [
      -1.6646817884209735,
      -0.9081381795691992
    ],
    [
      -1.8647589603700188,
      -1.1252922216712147
    ],
    [
      -2.079827564736213,
      -1.2448325111602923
    ],
    [
      -2.171773623149151,
      -1.3055607525199275
    ],
    [
      -2.264008663387902,
      -1.5560257858863855
    ],
    [
      -2.3038979822817534,
      -1.6892990138951254
    ],
    [
      -2.6272119757675925,
      -1.7728331344204484
    ],
    [
      -2.5968033983932814,
      -1.9280989535907216
    ],
    [
      -2.736576511739589,
      -2.0016067289422885
    ],
    [
      -2.873175970079461,
      -2.140184023172391
    ],
    [
      -2.975816812551193,
      -2.2789707405019923
    ],
    [
      -2.991148654663799,
      -2.346341633214835
    ],
    [
      -3.115006332343204,
      -2.4455978297890515
    ],
    [
      -3.223481002971529,
      -2.6128000932751494
    ],
    [
      -3.211851688455416,
      -2.675748651904707
    ],
    [
      -3.1664693374106947,
      -2.739928973703197
    ],
    [
      -3.3389756117409664,
      -2.792891200957392
    ],
    [
      -3.2808751666422413,
      -2.8927081842921076
    ],
    [
      -3.418556689483234,
      -2.960682170327001
    ],
    [
      -3.335044293851091,
      -2.9365457924949405
    ]
  ],
  "complexity": 0.43940821468310737
}