{
  "id": 3760,
  "wedge_count": 4,
  "parameters": {
    "rotation_speeds": [
      2.5727189668821655,
      1.7705888883295007,
      2.9681765886379683,
      0.5313346791981979
    ],
    "phi_x": [
      -0.8613268046665574,
      -1.7579042268715543,
      -4.180956227435033,
      -10.620311112196049
    ],
    "phi_y": [
      -6.429464278960252,
      5.520134915649681,
      -7.59764360625924,
      -8.707943390163136
    ],
    "distances": [
      1.0,
      3.844151935630504,
      7.108890529819055,
      3.6165216886073095,
      3.954773020177378
    ],
    "refractive_indices": [
      1.0,
      1.5,
      1.5,
      1.5,
      1.5,
      1.0
    ],
    "wedgenum": 4
  },
  "pattern": [
    [
      1.689839707723354,
      1.5987660288750554
    ],
    [
      1.6819845127728332,
      1.7307995374861336
    ],
    [
      1.7950119397693125,
      1.7817239896309525
    ],
    [
      1.8889591227998834,
      1.7795194508460481
    ],
    [
      2.00650171649743,
      1.8082171224805381
    ],
    [
      1.9734408404598955,
      1.908265429053281
    ],
    [
      1.9683417722141336,
      1.9714387806407612
    ],
    [
      2.118716808716032,
      1.976851845145495
    ],
    [
      2.1418163792510287,
      2.157528684034426
    ],
    [
      2.184522848047253,
      2.0860295998753604
    ],
    [
      2.1883652986343525,
      2.1134630193030906
    ],
    [
      2.0992746715550963,
      2.1691028692279777
    ],
    [
      2.2880069619125254,
      2.1462763018708495
    ],
    [
      2.2817415224234536,
      2.2744382943402512
    ],
    [
      2.217022008824896,
      2.2824508915700474
    ],
    [
      2.296323433548332,
      2.3687247532804934
    ],
    [
      2.2263891631397685,
      2.309104249198531
    ],
    [
      2.2372516673692933,
      2.2831889011111666
    ],
    [
      2.215578186996938,
      2.2619774956747327
    ],
    [
      2.2424144758806777,
      2.3709520323961457
    ],
    [
      2.235106007408781,
      2.2861221645207954
    ],
    [
      2.223070226336454,
      2.225074131151923
    ],
    [
      2.113789475827248,
      2.2377733701750984
    ],
    [
      1.9661712274241752,
      2.1974053139835403
    ],
    [
      2.10031699714989,
      2.2493853329186377
    ],
    [
      1.960662127996861,
      2.2032168833425647
    ],
    [
      2.008454026878584,
      2.1019545356454676
    ],
    [
      1.9971569586828755,
      2.079538193724861
    ],
    [
      1.7926023199331425,
      1.9869439698735218
    ],
    [
      1.7097322777549206,
      1.8799461321734812
    ],
    [
      1.6577182487736541,
      1.9046368868025887
    ],
    [
      1.6692573666770631,
      1.8994261080150265
    ],
    [
      1.5307445931886885,
      1.793883683525268
    ],
    [
      1.5992851256218295,
      1.74071126629148
    ],
    [
      1.3891349668074846,
      1.7090520668419973
    ],
    [
      1.321914419483898,
      1.6622377278431166
    ],
    [
      1.3451922576113182,
      1.5707573022983712
    ],
    [
      1.1527573990648667,
      1.4502745787759268
    ],
    [
      1.1186721584157386,
      1.4539790857537322
    ],
    [
      0.9155264553570018,
      1.357285015875087
    ],
    [
      0.9819309392378658,
      1.3215242860176846
    ],
    [
      0.8882300225935491,
      1.288999204013597
    ],
    [
      0.8215573645330008,
      1.0582727716080513
    ],
    [
      0.7697185256584859,
      1.0986234837864794
    ],
    [
      0.6213163637063769,
      0.9386674337564205
    ],
    [
      0.654967357657646,
      0.96106107733705
    ],
    [
      0.3817066788315872,
      0.8131489675539364
    ],
    [
      0.3661075171349472,
      0.7601409784605059
    ],
    [
      0.28885763138766163,
      0.677617375493281
    ],
    [
      0.23764830201719955,
      0.6379277550886943
    ],
    [
      0.2813017208771055,
      0.5244478040991382
    ],
    [
      0.17263279858066163,
      0.5771970362971606
    ],
    [
      0.047260695308156145,
      0.45707036531859146
    ],
    [
      0.013265623070254036,
      0.3797858710190441
    ],
    [
      0.03248459177999753,
      0.38207634794557493
    ],
    [
      0.0045018073087110255,
      0.28136915875880886
    ],
    [
      -0.07931137985203804,
      0.19941743303770412
    ],
    [
      -0.15899394120313934,
      0.19442500917102387
    ],
    [
      -0.18234364164895242,
      0.10620143933886524
    ],
    [
      -0.13992904515955162,
      0.08523470026188729
    ]
  ],
  "complexity": 0.30516874220412477
}