{
  "id": 2687,
  "wedge_count": 3,
  "parameters": {
    "rotation_speeds": [
      1.1588999153428512,
      -2.069989280539752,
      -0.03425301507032508
    ],
    "phi_x": [
      12.21105537318551,
      -1.6685171390119855,
      9.672778251613753
    ],
    "phi_y": [
      -2.909684935936628,
      -0.09483365935048838,
      -2.1998151892761637
    ],
    "distances": [
      1.0,
      4.982713515055993,
      3.859046936615453,
      7.0552417618815415
    ],
    "refractive_indices": [
      1.0,
      1.5,
      1.5,
      1.5,
      1.0
    ],
    "wedgenum": 3
  },
  "pattern": [
    [
      1.5092962382782324,
      1.585810014113004
    ],
    [
      1.5842808555503467,
      1.5696412815972967
    ],
    [
      1.5886326505095698,
      1.6040300469482833
    ],
    [
      1.6400262291109742,
      1.5973504451050604
    ],
    [
      1.6452723886949483,
      1.7203408152588162
    ],
    [
      1.6397890103153987,
      1.6855151932536299
    ],
    [
      1.5297037028170908,
      1.6375769089793875
    ],
    [
      1.5826573598421625,
      1.565645044509665
    ],
    [
      1.5429957063757977,
      1.536852716820217
    ],
    [
      1.5639045379313332,
      1.6335005762986667
    ],
    [
      1.7192722080401093,
      1.5561798438574441
    ],
    [
      1.5657907517509069,
      1.5389994450948767
    ],
    [
      1.5519810719375606,
      1.5993346235924901
    ],
    [
      1.5060849847672184,
      1.5951291498829236
    ],
    [
      1.522570278806291,
      1.4630754236480465
    ],
    [
      1.5081873713525176,
      1.6199601994708202
    ],
    [
      1.5626424870020592,
      1.5831842477718183
    ],
    [
      1.52082597218311,
      1.4256150561067322
    ],
    [
      1.5146705184867733,
      1.5263675233446985
    ],
    [
      1.386545542891505,
      1.46288330965476
    ],
    [
      1.403082971727243,
      1.4199963336601138
    ],
    [
      1.4581070892167638,
      1.4517098517148948
    ],
    [
      1.3745555734210393,
      1.446624877721675
    ],
    [
      1.4238022935378913,
      1.3997982197895324
    ],
    [
      1.3322549925613438,
      1.415757798060071
    ],
    [
      1.396639586414236,
      1.388883318398351
    ],
    [
      1.3015776506574144,
      1.4043532411749464
    ],
    [
      1.2151833046670513,
      1.3384426031760484
    ],
    [
      1.1749243636181461,
      1.3350171843300545
    ],
    [
      1.1629444548506274,
      1.2868435277488315
    ],
    [
      1.1628770684292098,
      1.220321427347067
    ],
    [
      1.157383886789562,
      1.1867703358701214
    ],
    [
      1.0019611651031477,
      1.1779126647125087
    ],
    [
      1.0726348580885627,
      1.2036568128354708
    ],
    [
      0.941358204004688,
      1.1603516710776545
    ],
    [
      0.9651013940977451,
      1.0736588120229456
    ],
    [
      0.9160248931579075,
      1.085594140061843
    ],
    [
      0.9061135748208848,
      0.9520961695382457
    ],
    [
      0.8336294883726186,
      1.0847617563236827
    ],
    [
      0.8024101725751948,
      1.0356246455167928
    ],
    [
      0.8233428388951693,
      0.9069507866050746
    ],
    [
      0.7062938567358145,
      0.9181736606736478
    ],
    [
      0.7390890242131963,
      0.9675463389277965
    ],
    [
      0.647239836689719,
      0.7912351845737178
    ],
    [
      0.6178891055491443,
      0.7928479166291773
    ],
    [
      0.6170855823917706,
      0.7954499053966757
    ],
    [
      0.6588293328039484,
      0.687469347907714
    ],
    [
      0.5306580242529716,
      0.7450678313466571
    ],
    [
      0.5322829076010132,
      0.733833773487761
    ],
    [
      0.5561550600173779,
      0.5852681758026301
    ],
    [
      0.4507732083675125,
      0.5950441408485536
    ],
    [
      0.2759533392533925,
      0.6042523845934187
    ],
    [
      0.36286893557403715,
      0.6168633835191184
    ],
    [
      0.28713984827978034,
      0.48931642617870075
    ],
    [
      0.2985123161249749,
      0.4378813934253538
    ],
    [
      0.2757545927118965,
      0.3986878187126912
    ],
    [
      0.2788814098652269,
      0.43268510023689344
    ],
    [
      0.30710349207139453,
      0.341202857160435
    ],
    [
      0.1716803864486255,
      0.4172310217189496
    ],
    [
      0.16719958531685974,
      0.36942878009968755
    ]
  ],
  "complexity": 0.24718876800973436
}