{
  "id": 152,
  "wedge_count": 6,
  "parameters": {
    "rotation_speeds": [
      -0.5342306777627428,
      2.4033732697458348,
      -0.8960149686249781,
      1.444726046219202,
      1.5498655581986167,
      2.097990170556505
    ],
    "phi_x": [
      -0.9941706867251412,
      -14.581403130733415,
      -10.715829871696993,
      -3.208734210092766,
      12.064808500955305,
      -4.4392267870383755
    ],
    "phi_y": [
      -7.691104481289219,
      -5.800205754041659,
      13.607947654194763,
      12.973888460930276,
      -8.247279325011265,
      9.809984734733359
    ],
    "distances": [
      1.0,
      6.45306307026206,
      5.539793850139561,
      2.0162643857871405,
      5.909761132482889,
      5.188500488612039,
      7.7182304981623435
    ],
    "refractive_indices": [
      1.0,
      1.5,
      1.5,
      1.5,
      1.5,
      1.5,
      1.5,
      1.0
    ],
    "wedgenum": 6
  },
  "pattern": [
    [
      4.5782345207438935,
      4.4776713551525456
    ],
    [
      4.641872555397115,
      4.539453804536479
    ],
    [
      4.653617942787514,
      4.530162439804722
    ],
    [
      4.592773203548887,
      4.571075207471108
    ],
    [
      4.566265340762563,
      4.507560254306048
    ],
    [
      4.548649919174354,
      4.457496122202242
    ],
    [
      4.473728656570468,
      4.5413764797787115
    ],
    [
      4.374444102219181,
      4.381539326274921
    ],
    [
      4.333707677476695,
      4.374178026650296
    ],
    [
      4.230330956866391,
      4.435011329173231
    ],
    [
      4.164046290488028,
      4.181623335195336
    ],
    [
      3.973834970175841,
      4.170640782534158
    ],
    [
      3.922146386529198,
      4.071294448330188
    ],
    [
      3.789753196942066,
      3.95079291143632
    ],
    [
      3.6161817952787483,
      3.8348343757268784
    ],
    [
      3.4648164427588206,
      3.789913551980329
    ],
    [
      3.231121739224536,
      3.581869897466397
    ],
    [
      3.059796489138106,
      3.438502163886002
    ],
    [
      2.9527563254233473,
      3.390462175869359
    ],
    [
      2.653659945075153,
      3.190057394166399
    ],
    [
      2.465698609108172,
      3.1149541486136263
    ],
    [
      2.3229719286400234,
      2.8292513757980706
    ],
    [
      2.0062003097943055,
      2.722135555622876
    ],
    [
      1.8859121037823823,
      2.5141271327869217
    ],
    [
      1.6538633397138456,
      2.349401559788749
    ],
    [
      1.3678936736893499,
      2.1928831082680005
    ],
    [
      1.2616523928933676,
      1.962491613035126
    ],
    [
      0.9505221224596001,
      1.7551495222216493
    ],
    [
      0.7190681592302568,
      1.4889202112705224
    ],
    [
      0.4774574291423053,
      1.3563522335329714
    ],
    [
      0.3486583314685423,
      1.119047777238287
    ],
    [
      0.10740159201272395,
      0.9071768961718251
    ],
    [
      -0.16230620788754146,
      0.6449238026951502
    ],
    [
      -0.43553017380242565,
      0.4562342642698851
    ],
    [
      -0.6831243346597335,
      0.3430626232809011
    ],
    [
      -0.8649348496771266,
      0.06032678735304178
    ],
    [
      -0.9861923270681068,
      -0.11651316028777166
    ],
    [
      -1.3482045626637778,
      -0.3967670591849391
    ],
    [
      -1.5505695806155406,
      -0.5571071468671318
    ],
    [
      -1.7308229598798928,
      -0.7544814668646722
    ],
    [
      -1.9606186848634766,
      -0.8692146537606977
    ],
    [
      -2.059791083820354,
      -1.1752157319876126
    ],
    [
      -2.263796613040692,
      -1.3311743352453118
    ],
    [
      -2.4613863737732715,
      -1.5625989901736301
    ],
    [
      -2.6224053714941324,
      -1.7511424974730712
    ],
    [
      -2.757667431556745,
      -1.8264114825356288
    ],
    [
      -2.97091484343853,
      -2.0287292999426842
    ],
    [
      -3.0817321808726352,
      -2.2711780293211365
    ],
    [
      -3.1230766530314993,
      -2.409284861458893
    ],
    [
      -3.374731443246223,
      -2.5654213835266497
    ],
    [
      -3.395065796283917,
      -2.775718705141637
    ],
    [
      -3.531353417616743,
      -2.8352693883751314
    ],
    [
      -3.6326388166416264,
      -3.035687706673022
    ],
    [
      -3.7089392093557674,
      -3.1599833997319027
    ],
    [
      -3.7548180018329034,
      -3.2707260308010406
    ],
    [
      -3.7956521460012493,
      -3.3785772581505746
    ],
    [
      -3.8201375102673576,
      -3.4598267260806574
    ],
    [
      -3.8725253789253933,
      -3.6044137674684964
    ],
    [
      -3.8462383166918865,
      -3.688814310371284
    ],
    [
      -3.876189213947298,
      -3.6881446390318455
    ]
  ],
  "complexity": 0.5014445066171482
}