{
  "id": 1562,
  "wedge_count": 1,
  "parameters": {
    "rotation_speeds": [
      -2.325697154960084
    ],
    "phi_x": [
      0.8302564706433273
    ],
    "phi_y": [
      -14.466869202583018
    ],
    "distances": [
      1.0,
      7.148236741727317
    ],
    "refractive_indices": [
      1.0,
      1.5,
      1.0
    ],
    "wedgenum": 1
  },
  "pattern": [
    [
      0.05299025439858559,
      0.05132930032357082
    ],
    [
      -0.02284667082866492,
      -0.007067832090938575
    ],
    [
      -0.10034283573283437,
      -0.06329323612723842
    ],
    [
      -0.15485216299709328,
      -0.1395946806949637
    ],
    [
      -0.2268603926906478,
      -0.20369516085840805
    ],
    [
      -0.29914019452555324,
      -0.2689989414084732
    ],
    [
      -0.3651153273307596,
      -0.3217652350889116
    ],
    [
      -0.43161054703572094,
      -0.40094673616450227
    ],
    [
      -0.4977005951877721,
      -0.4435883577260502
    ],
    [
      -0.5546053223393379,
      -0.5149589419307942
    ],
    [
      -0.6191834033069674,
      -0.5585942991085815
    ],
    [
      -0.6620068533778766,
      -0.6108234917286025
    ],
    [
      -0.7154417197597069,
      -0.6583719056681141
    ],
    [
      -0.7613176642075198,
      -0.7062397733220769
    ],
    [
      -0.7972579509836695,
      -0.7454260863712461
    ],
    [
      -0.8410036730803506,
      -0.7906777705799062
    ],
    [
      -0.8696601252761962,
      -0.8191720969071764
    ],
    [
      -0.9024764401223513,
      -0.8580250858052754
    ],
    [
      -0.9156554724227883,
      -0.8837060550166144
    ],
    [
      -0.9279271176264886,
      -0.91154451812298
    ],
    [
      -0.952086640469734,
      -0.9187600463796552
    ],
    [
      -0.9543123284152772,
      -0.9441709252767373
    ],
    [
      -0.9528327739561961,
      -0.9503176776407706
    ],
    [
      -0.948113774890777,
      -0.9468847321161358
    ],
    [
      -0.9463990281991655,
      -0.9653670932474179
    ],
    [
      -0.9355913781791042,
      -0.9543250511440688
    ],
    [
      -0.9142322969251598,
      -0.9501421434178348
    ],
    [
      -0.8836980524416453,
      -0.9319453081934718
    ],
    [
      -0.8548355124308312,
      -0.917320872291031
    ],
    [
      -0.8185827531670761,
      -0.9068816050119196
    ],
    [
      -0.7890182717762267,
      -0.8793539983465504
    ],
    [
      -0.7383645341575296,
      -0.859749526394006
    ],
    [
      -0.6973085839262889,
      -0.8209375022422644
    ],
    [
      -0.6415468967835005,
      -0.7846668686992292
    ],
    [
      -0.5861797786825256,
      -0.7496896611326052
    ],
    [
      -0.5265184321771215,
      -0.7005163517946227
    ],
    [
      -0.472714469975945,
      -0.6645869559300214
    ],
    [
      -0.39528951867215373,
      -0.6012924500778195
    ],
    [
      -0.3304433781432876,
      -0.5585811265695572
    ],
    [
      -0.2694593276609375,
      -0.5005297254854544
    ],
    [
      -0.21021141890279066,
      -0.44425372668386853
    ],
    [
      -0.13570625928892044,
      -0.38067016551199434
    ],
    [
      -0.057787994335084795,
      -0.32826381878319294
    ],
    [
      0.016430141381759352,
      -0.25861939658591887
    ],
    [
      0.07277254642265517,
      -0.20118173815228513
    ],
    [
      0.14211070906602474,
      -0.13041843887019183
    ],
    [
      0.22266950189734033,
      -0.07787217732664528
    ],
    [
      0.29646641922027517,
      -0.011426369642556302
    ],
    [
      0.3506207777220249,
      0.053650456296886556
    ],
    [
      0.42627425438035116,
      0.1282919124580788
    ],
    [
      0.4748946798689499,
      0.17849623993970368
    ],
    [
      0.5452394821877027,
      0.24362025692340813
    ],
    [
      0.5917542732657983,
      0.3141173615070594
    ],
    [
      0.6537451992098472,
      0.36367134958694053
    ],
    [
      0.7069964830587113,
      0.4257322892198778
    ],
    [
      0.7466039262974853,
      0.4803122069661799
    ],
    [
      0.7902030208062755,
      0.5411844830952357
    ],
    [
      0.8157300773096302,
      0.5830954898119538
    ],
    [
      0.8501037038111319,
      0.6378737171364801
    ],
    [
      0.8856015381166394,
      0.6880982639765443
    ]
  ],
  "complexity": 0.20897445742546586
}