{
  "id": 1402,
  "wedge_count": 5,
  "parameters": {
    "rotation_speeds": [
      2.746126321699231,
      -0.7455044443736654,
      -0.16936300910072033,
      -2.7375264111784166,
      -2.727006182298422
    ],
    "phi_x": [
      -8.351430116062403,
      -7.294769465297408,
      -3.795500881688387,
      -11.058314802565446,
      -14.464591764641572
    ],
    "phi_y": [
      -13.353132225356662,
      -2.0566416944659505,
      0.9291519432637614,
      8.946964601532574,
      10.596528442853852
    ],
    "distances": [
      1.0,
      4.87407625346649,
      5.7993016126552455,
      6.786091605468133,
      5.743487646613381,
      3.871228608761046
    ],
    "refractive_indices": [
      1.0,
      1.5,
      1.5,
      1.5,
      1.5,
      1.5,
      1.0
    ],
    "wedgenum": 5
  },
  "pattern": [
    [
      3.534076488227804,
      3.5599728423742896
    ],
    [
      3.601496376172547,
      3.534295361088214
    ],
    [
      3.6519072072711833,
      3.6925568347889435
    ],
    [
      3.66884004816596,
      3.6191210488414494
    ],
    [
      3.7617659123324185,
      3.6651340783802002
    ],
    [
      3.690438680126337,
      3.5529789589510647
    ],
    [
      3.7146686748054774,
      3.6999660510943295
    ],
    [
      3.6674672342750534,
      3.640554731097457
    ],
    [
      3.5718642871492805,
      3.6399796039327583
    ],
    [
      3.5706969113718263,
      3.537202325049611
    ],
    [
      3.5195492979242147,
      3.524835888608404
    ],
    [
      3.4615698267542183,
      3.5256257470189603
    ],
    [
      3.245753184705706,
      3.364300361188538
    ],
    [
      3.2322674364011466,
      3.2639835845049094
    ],
    [
      3.0911747107604994,
      3.1987745193260655
    ],
    [
      3.0724016402895598,
      3.105605655643026
    ],
    [
      2.8861804856425906,
      2.986904921532641
    ],
    [
      2.7189827359434005,
      2.802072502248178
    ],
    [
      2.558742271968269,
      2.64690756304264
    ],
    [
      2.454378640678651,
      2.641125206732288
    ],
    [
      2.2072138949599687,
      2.4070752838579037
    ],
    [
      2.085744262294772,
      2.335608037152385
    ],
    [
      1.8407926938987733,
      2.147484265906102
    ],
    [
      1.6900546649637196,
      1.9564525746654693
    ],
    [
      1.400918297674504,
      1.7417101031725994
    ],
    [
      1.2144117312111895,
      1.5644146203884348
    ],
    [
      1.1327119889735402,
      1.485995820646987
    ],
    [
      0.89996716576063,
      1.2881895054586745
    ],
    [
      0.6975229393125023,
      1.0711339819250312
    ],
    [
      0.4258998690586041,
      0.9180413740011599
    ],
    [
      0.25165382992638863,
      0.7883605242250759
    ],
    [
      0.01701831723674252,
      0.6244991251619982
    ],
    [
      -0.07338979081611988,
      0.38044890156239414
    ],
    [
      -0.36475007281202887,
      0.16081892220491448
    ],
    [
      -0.47178547035241136,
      0.04092406637164378
    ],
    [
      -0.746194547224581,
      -0.11541015000219333
    ],
    [
      -0.920410501269804,
      -0.32484713660115133
    ],
    [
      -1.004644225244348,
      -0.4908116437545322
    ],
    [
      -1.3034707587233025,
      -0.7650936343562302
    ],
    [
      -1.434812113218692,
      -0.8277946667171805
    ],
    [
      -1.499046391162711,
      -1.0065277306910012
    ],
    [
      -1.6980649899351317,
      -1.1267824853389565
    ],
    [
      -1.6824421378355774,
      -1.3363059873762375
    ],
    [
      -1.8816143608919411,
      -1.3733491891540874
    ],
    [
      -2.015617351311229,
      -1.4674708848257363
    ],
    [
      -2.0706248863737087,
      -1.5705822790655393
    ],
    [
      -2.0423422203664985,
      -1.7508321520665744
    ],
    [
      -2.197389817040092,
      -1.8733539349995765
    ],
    [
      -2.2260266080066167,
      -1.9221944065715963
    ],
    [
      -2.334884382404866,
      -2.0716668074545455
    ],
    [
      -2.3111041435264736,
      -2.0221502232146458
    ],
    [
      -2.4216895163200705,
      -2.1257642858810706
    ],
    [
      -2.257120261337237,
      -2.0870799220263394
    ],
    [
      -2.185981407791294,
      -2.161861116666523
    ],
    [
      -2.1995401943058277,
      -2.1776882451511343
    ],
    [
      -2.2460347737673145,
      -2.243469334097393
    ],
    [
      -2.1480846844503128,
      -2.211889308305551
    ],
    [
      -2.1011516089401088,
      -2.2443496857518817
    ],
    [
      -1.9024330305286297,
      -2.2387503360683647
    ],
    [
      -1.8429254490441733,
      -2.116391224304205
    ]
  ],
  "complexity": 0.4252570939544982
}