{
  "id": 1081,
  "wedge_count": 6,
  "parameters": {
    "rotation_speeds": [
      1.9355755915865878,
      -0.9559591021144129,
      0.2880785145320641,
      -2.5129857257248975,
      1.6050502236770434,
      -1.3231854360926154
    ],
    "phi_x": [
      12.64559329166234,
      -14.087415624980173,
      0.08423298352442643,
      6.676307527284678,
      3.874992470484056,
      8.88013770952442
    ],
    "phi_y": [
      -4.022266411146836,
      13.468042259695839,
      -11.49765260807129,
      13.79699688064558,
      7.3042808390880225,
      8.908574400643598
    ],
    "distances": [
      1.0,
      7.827761081958279,
      7.188708560126372,
      7.348714709559421,
      2.180934488025539,
      4.78779656195897,
      2.927737062779027
    ],
    "refractive_indices": [
      1.0,
      1.5,
      1.5,
      1.5,
      1.5,
      1.5,
      1.5,
      1.0
    ],
    "wedgenum": 6
  },
  "pattern": [
    [
      4.587950514449701,
      4.56752911165835
    ],
    [
      4.528394840741807,
      4.523304979078393
    ],
    [
      4.493774550708379,
      4.487162225405556
    ],
    [
      4.436352406756325,
      4.593177775721928
    ],
    [
      4.4639282983800985,
      4.35419639335649
    ],
    [
      4.435039230375433,
      4.380292859097417
    ],
    [
      4.411649351259742,
      4.33290007361106
    ],
    [
      4.209901142625051,
      4.1076911066480015
    ],
    [
      4.14209671418971,
      4.040179600797025
    ],
    [
      4.014341423633004,
      3.972270185432344
    ],
    [
      3.8318294432840942,
      3.9356102603807703
    ],
    [
      3.850039083774901,
      3.856041553091719
    ],
    [
      3.713771148939603,
      3.6988460279175692
    ],
    [
      3.536623472217193,
      3.5403196761511566
    ],
    [
      3.4457653896391323,
      3.48912195231702
    ],
    [
      3.3774889904937955,
      3.342938827764671
    ],
    [
      3.207700209589837,
      3.2570805238001266
    ],
    [
      2.9584363667498983,
      3.104307204675246
    ],
    [
      2.909875791079868,
      2.9383292456221857
    ],
    [
      2.7447523089398382,
      2.922019308015042
    ],
    [
      2.5580193890192775,
      2.739232912751874
    ],
    [
      2.403057939641948,
      2.561615525299906
    ],
    [
      2.199419658016669,
      2.4349990192856947
    ],
    [
      2.0158089493638953,
      2.3439273745648186
    ],
    [
      1.8797593416405178,
      2.1421305754392055
    ],
    [
      1.8090530051789204,
      2.0147422706885783
    ],
    [
      1.5379135531315478,
      1.8102490223823082
    ],
    [
      1.3847834276003144,
      1.7401224872664978
    ],
    [
      1.2064211838173267,
      1.5239931530859407
    ],
    [
      1.0697331842410724,
      1.4325936085713047
    ],
    [
      0.9426863833156719,
      1.2067333429511633
    ],
    [
      0.7361348813110052,
      1.240980276487714
    ],
    [
      0.6155046629899854,
      1.0043064442084308
    ],
    [
      0.4528160552564907,
      0.941209552894757
    ],
    [
      0.3659896669318851,
      0.7500032986990538
    ],
    [
      0.1443733201154977,
      0.6182255702148787
    ],
    [
      0.0720753199677695,
      0.554988807827019
    ],
    [
      -0.04512258813215531,
      0.3837157065980475
    ],
    [
      -0.153641686539837,
      0.23293963001775114
    ],
    [
      -0.3140112476344708,
      0.16506778317994927
    ],
    [
      -0.43047607083601813,
      -0.009043637069604218
    ],
    [
      -0.5320203153494584,
      -0.0762940499109494
    ],
    [
      -0.6788636448064413,
      -0.2413885200199866
    ],
    [
      -0.631404265926128,
      -0.29162629279724295
    ],
    [
      -0.7254659944504177,
      -0.44927816832268386
    ],
    [
      -0.8909762232141915,
      -0.4895844427714105
    ],
    [
      -1.0602818454229619,
      -0.6495750409651261
    ],
    [
      -1.127368601937183,
      -0.7040913746064256
    ],
    [
      -1.1965140869856878,
      -0.8137839900502573
    ],
    [
      -1.262426697994546,
      -0.9400982552390315
    ],
    [
      -1.3345260404271513,
      -0.8846252470605649
    ],
    [
      -1.3750160693707503,
      -1.0310367313214814
    ],
    [
      -1.4647391114472845,
      -1.1272188967390613
    ],
    [
      -1.5184224867482472,
      -1.1203894871020608
    ],
    [
      -1.4182216068708564,
      -1.2856355641091441
    ],
    [
      -1.5193563290842724,
      -1.3801966071220888
    ],
    [
      -1.5139664669842723,
      -1.3724342910546423
    ],
    [
      -1.6226342659487245,
      -1.4169465215186667
    ],
    [
      -1.6016183581707286,
      -1.528488513452999
    ],
    [
      -1.6915646994485853,
      -1.41496678001021
    ]
  ],
  "complexity": 0.4036272745920102
}