{
  "id": 9,
  "wedge_count": 4,
  "parameters": {
    "rotation_speeds": [
      -1.383496240178624,
      0.4325249405030278,
      -1.4909571440746205,
      1.6984013666899846
    ],
    "phi_x": [
      9.308529217340844,
      13.107053222588007,
      0.18427349563078899,
      -0.006024719569557746
    ],
    "phi_y": [
      -5.77093304167402,
      10.202236104559258,
      4.500581268505247,
      -11.975019156113003
    ],
    "distances": [
      1.0,
      6.549726264858918,
      3.712155174362716,
      3.248910874753454,
      7.497851174587299
    ],
    "refractive_indices": [
      1.0,
      1.5,
      1.5,
      1.5,
      1.5,
      1.0
    ],
    "wedgenum": 4
  },
  "pattern": [
    [
      2.260401624282685,
      2.126840630223123
    ],
    [
      2.201045151905747,
      2.2340843160683437
    ],
    [
      2.3015620437701805,
      2.19219015228195
    ],
    [
      2.33546305785168,
      2.21358250213233
    ],
    [
      2.262368810736577,
      2.1876513358041936
    ],
    [
      2.2276193656058667,
      2.2248078668547464
    ],
    [
      2.264607668817098,
      2.143400649796048
    ],
    [
      2.193748701729014,
      2.145061091297743
    ],
    [
      2.181227174707039,
      2.2329235723997582
    ],
    [
      2.1530837544983235,
      2.146862573690803
    ],
    [
      2.0447304881044355,
      2.1426314165486193
    ],
    [
      2.1672662551395048,
      2.0976293775637735
    ],
    [
      2.0730059520048045,
      2.0598367391289045
    ],
    [
      2.027450769969242,
      1.9233216578083117
    ],
    [
      1.986731453951588,
      1.9377942851852294
    ],
    [
      1.908755637665655,
      1.8269305873891089
    ],
    [
      1.857997054653553,
      1.837573144928979
    ],
    [
      1.7821140627748095,
      1.712786448443655
    ],
    [
      1.6075965824671008,
      1.7303996839442939
    ],
    [
      1.5264706636875234,
      1.6967602533818507
    ],
    [
      1.4891296990018472,
      1.677383112016591
    ],
    [
      1.381583669886905,
      1.6226744655788081
    ],
    [
      1.3130913515121778,
      1.5275414958506255
    ],
    [
      1.2299154692186025,
      1.5733437945582522
    ],
    [
      1.166255144798842,
      1.4809555132905092
    ],
    [
      1.0564932609202644,
      1.3195689570491742
    ],
    [
      0.9972061212294416,
      1.2215331034129084
    ],
    [
      0.799070461420597,
      1.176090299620064
    ],
    [
      0.7949206456349075,
      1.064681274563244
    ],
    [
      0.8166839296581172,
      0.8781362096879313
    ],
    [
      0.610205753445642,
      0.9411479191920706
    ],
    [
      0.42917309476774745,
      0.717905565071313
    ],
    [
      0.4618340708953557,
      0.8555189561124511
    ],
    [
      0.336973212515905,
      0.6244101113527356
    ],
    [
      0.2830849834331717,
      0.6453718606257345
    ],
    [
      0.12005246325508293,
      0.5025101312625885
    ],
    [
      0.1749960070706819,
      0.3990599009336554
    ],
    [
      0.05614042540794459,
      0.36330651306617345
    ],
    [
      0.025011171953249027,
      0.2792334283779341
    ],
    [
      -0.07249886975384966,
      0.06615626245537432
    ],
    [
      -0.1536739365506778,
      0.11627389316590975
    ],
    [
      -0.16392537808448365,
      0.1509891706772596
    ],
    [
      -0.24361645859927014,
      -0.017661927137665602
    ],
    [
      -0.25799807894107507,
      0.025471492676412695
    ],
    [
      -0.281365957735819,
      -0.02981807716326216
    ],
    [
      -0.3044053547706028,
      -0.11855274643791665
    ],
    [
      -0.4480824732589651,
      -0.2234391900814306
    ],
    [
      -0.5281606795430578,
      -0.17219712482466715
    ],
    [
      -0.39564712537453356,
      -0.19623561679283955
    ],
    [
      -0.39294978542257764,
      -0.34569770725041366
    ],
    [
      -0.43956079064913833,
      -0.2793191637796813
    ],
    [
      -0.3993971923005625,
      -0.30659924738527494
    ],
    [
      -0.4581150937972868,
      -0.4807092912874106
    ],
    [
      -0.43136229826617223,
      -0.254287465888809
    ],
    [
      -0.2851290781882374,
      -0.3837330389551731
    ],
    [
      -0.19391994963255757,
      -0.3756737998021719
    ],
    [
      -0.27435335091388136,
      -0.41608016427054273
    ],
    [
      -0.24209620899553588,
      -0.39519082706884956
    ],
    [
      -0.3221126640637867,
      -0.20573611020079002
    ],
    [
      -0.2179224536980619,
      -0.274900682402766
    ]
  ],
  "complexity": 0.2864934939286712
}