{
  "id": 4203,
  "wedge_count": 3,
  "parameters": {
    "rotation_speeds": [
      -0.9208835337248384,
      0.32418338671237557,
      -0.6827283359283878
    ],
    "phi_x": [
      -8.80940859794686,
      14.269162176271582,
      9.023212940527976
    ],
    "phi_y": [
      10.372360331542616,
      4.857507002453353,
      4.966490784726979
    ],
    "distances": [
      1.0,
      7.333868570984359,
      5.420302185458297,
      4.066905654768785
    ],
    "refractive_indices": [
      1.0,
      1.5,
      1.5,
      1.5,
      1.0
    ],
    "wedgenum": 3
  },
  "pattern": [
    [
      2.257289058358743,
      2.225198483635882
    ],
    [
      2.2263051720982245,
      2.2113274572320063
    ],
    [
      2.170988714666054,
      2.0931184074415796
    ],
    [
      2.107669743118705,
      2.1366777369913885
    ],
    [
      2.07213150310287,
      2.03303373373174
    ],
    [
      1.955572489400277,
      2.0000357363339796
    ],
    [
      1.9031426736437942,
      2.0239418611753632
    ],
    [
      1.7713540962722756,
      1.843266926568373
    ],
    [
      1.6851905475861786,
      1.6550894937490006
    ],
    [
      1.6292941819801783,
      1.786918699613473
    ],
    [
      1.5425398393119387,
      1.5996025265928702
    ],
    [
      1.4704855460615232,
      1.5224156557824966
    ],
    [
      1.3411614975940196,
      1.4796651770089153
    ],
    [
      1.303113220878873,
      1.3859595813582926
    ],
    [
      1.2864505814851717,
      1.2395112928439995
    ],
    [
      1.1648462038808676,
      1.1587661655606434
    ],
    [
      1.1219578606970695,
      1.2633622156300033
    ],
    [
      0.9276005400348899,
      1.1711881276960387
    ],
    [
      0.8788619525071225,
      1.0165660887587864
    ],
    [
      0.8864947009526416,
      0.8864965797178019
    ],
    [
      0.7204632661160486,
      0.9061817695262372
    ],
    [
      0.6088926380840818,
      0.7036176789337473
    ],
    [
      0.5199459094642169,
      0.6443476458752463
    ],
    [
      0.4486248352692299,
      0.6708071955833838
    ],
    [
      0.3018966530124694,
      0.4761329049133285
    ],
    [
      0.37834607498530964,
      0.4935338401956312
    ],
    [
      0.2744366278888534,
      0.3696494336010342
    ],
    [
      0.17838074042726765,
      0.3597028651899703
    ],
    [
      0.09202548233922578,
      0.25342277348998354
    ],
    [
      0.097224868942359,
      0.26451859517561593
    ],
    [
      -4.962326508223345e-05,
      0.13548633104795682
    ],
    [
      -0.06579412746861667,
      0.07786538567465212
    ],
    [
      -0.1527111497540787,
      0.0682853652038749
    ],
    [
      -0.07176299009435783,
      0.09398591267609835
    ],
    [
      -0.18278157486885588,
      -0.0036357052924503273
    ],
    [
      -0.25714327956240496,
      -0.10507200496580522
    ],
    [
      -0.2625653757879533,
      -0.06545237496363679
    ],
    [
      -0.2522091997433057,
      -0.12848905075940886
    ],
    [
      -0.34244631132202025,
      -0.1954827645745087
    ],
    [
      -0.2321566304708958,
      -0.1801477000711658
    ],
    [
      -0.316611154700319,
      -0.2321874506197393
    ],
    [
      -0.2990524300559865,
      -0.2880208369343711
    ],
    [
      -0.18208031064801392,
      -0.2966058666375664
    ],
    [
      -0.3137478462506702,
      -0.21563020821311057
    ],
    [
      -0.35938824861920315,
      -0.23417013076931975
    ],
    [
      -0.379821555506237,
      -0.21753473745799595
    ],
    [
      -0.24130264688090275,
      -0.3088947704703595
    ],
    [
      -0.3287908807670008,
      -0.22403032093876785
    ],
    [
      -0.3701046840450499,
      -0.3878348129151089
    ],
    [
      -0.24511198226786046,
      -0.29726711680457996
    ],
    [
      -0.2692250828729836,
      -0.31781102430433433
    ],
    [
      -0.24208495573659514,
      -0.3171332650235177
    ],
    [
      -0.2526510518575217,
      -0.2340258173659574
    ],
    [
      -0.12800403561725862,
      -0.22665449691192463
    ],
    [
      -0.18413766293416334,
      -0.21979609754942572
    ],
    [
      -0.28087670811952226,
      -0.23813250249769552
    ],
    [
      -0.08894389363812921,
      -0.2611089961907049
    ],
    [
      -0.10266350591049715,
      -0.19853895269959304
    ],
    [
      -0.09032679078844406,
      -0.1922848957585837
    ],
    [
      -0.07734714880674823,
      -0.1239991557073575
    ]
  ],
  "complexity": 0.2716081654596499
}