{
  "id": 589,
  "wedge_count": 5,
  "parameters": {
    "rotation_speeds": [
      2.605991554877888,
      2.3955990266610616,
      -2.9089789294185118,
      1.7952711723600032,
      0.6031205348604369
    ],
    "phi_x": [
      -10.216878111517534,
      -10.155627006196847,
      11.310303592426013,
      -6.419900022839835,
      -14.099670853423937
    ],
    "phi_y": [
      13.360592077462329,
      7.24397084925279,
      10.077743284952717,
      -12.275715055812604,
      -7.236321910443567
    ],
    "distances": [
      1.0,
      2.7063489187312264,
      4.36285051148766,
      7.310346538638852,
      3.6172259365703283,
      7.397415468307773
    ],
    "refractive_indices": [
      1.0,
      1.5,
      1.5,
      1.5,
      1.5,
      1.5,
      1.0
    ],
    "wedgenum": 5
  },
  "pattern": [
    [
      4.256998890474413,
      4.261888157273555
    ],
    [
      4.473055223547216,
      4.397513806068663
    ],
    [
      4.468625994850935,
      4.355908726229446
    ],
    [
      4.417081246666661,
      4.509932101324123
    ],
    [
      4.53535377210758,
      4.41924994878966
    ],
    [
      4.570568946049275,
      4.5305866338241705
    ],
    [
      4.549874097592546,
      4.501738821511278
    ],
    [
      4.515856878150602,
      4.547675349929377
    ],
    [
      4.450927223227577,
      4.482962450662415
    ],
    [
      4.466713595498358,
      4.4504918080149904
    ],
    [
      4.406131592150768,
      4.495933750161111
    ],
    [
      4.320108638230443,
      4.372010308759498
    ],
    [
      4.293338684362841,
      4.447758753997743
    ],
    [
      4.232246625898631,
      4.306327559248887
    ],
    [
      4.119177780804001,
      4.308195218153571
    ],
    [
      3.9883029854066843,
      4.152297811148819
    ],
    [
      3.916933647285569,
      4.133472863716166
    ],
    [
      3.8425294706605304,
      4.067441347977499
    ],
    [
      3.6898427621161165,
      3.926729597340329
    ],
    [
      3.3750248960145157,
      3.840473094737994
    ],
    [
      3.354300174674866,
      3.6452210727859646
    ],
    [
      3.3147714367106533,
      3.6041385296864425
    ],
    [
      3.0745330311392496,
      3.4018991602791435
    ],
    [
      2.970142913069492,
      3.281250244052929
    ],
    [
      2.73389083606147,
      3.1615453917611585
    ],
    [
      2.4351460279568724,
      3.108198186983671
    ],
    [
      2.2762357486732436,
      2.836918423708141
    ],
    [
      2.1159608755005297,
      2.7162676882921764
    ],
    [
      1.9496914029033297,
      2.5719152473840556
    ],
    [
      1.704562308272267,
      2.465524276430286
    ],
    [
      1.602447712566349,
      2.278654891900343
    ],
    [
      1.3287285353162728,
      2.0023453420977373
    ],
    [
      1.0973165777638538,
      1.9339358376129911
    ],
    [
      0.9007699921575948,
      1.7326127331661574
    ],
    [
      0.7897856729178118,
      1.55339365038877
    ],
    [
      0.6272469241018317,
      1.351646018431181
    ],
    [
      0.3177772193645631,
      1.1191952296152825
    ],
    [
      0.19453591395360453,
      0.9576049743680892
    ],
    [
      -0.0582638366490182,
      0.8562335235889738
    ],
    [
      -0.12125340229269627,
      0.6565128833368943
    ],
    [
      -0.37833836202520116,
      0.44880724537817684
    ],
    [
      -0.5381019353680592,
      0.23681984044954071
    ],
    [
      -0.7654482216816111,
      0.056446040651401574
    ],
    [
      -0.9983470640292808,
      -0.034492301958432975
    ],
    [
      -1.1355211090947555,
      -0.24773027008177234
    ],
    [
      -1.1704303031845709,
      -0.4035278407372983
    ],
    [
      -1.4330511060286706,
      -0.5394692560854525
    ],
    [
      -1.5818869835319334,
      -0.7160785804467169
    ],
    [
      -1.7129610191955944,
      -0.8443179444658314
    ],
    [
      -1.8111595897945347,
      -1.0060788899396704
    ],
    [
      -1.8637039130493092,
      -1.043217242076039
    ],
    [
      -1.9979913702615977,
      -1.3239682437250138
    ],
    [
      -2.1719803964547104,
      -1.4023859865596895
    ],
    [
      -2.1663023966022545,
      -1.6245353470696917
    ],
    [
      -2.326138059481278,
      -1.625617971657016
    ],
    [
      -2.310493370201186,
      -1.7235408005417465
    ],
    [
      -2.4785922019518516,
      -1.9058746653730996
    ],
    [
      -2.4780203477689144,
      -1.9123553641547173
    ],
    [
      -2.5658853985010106,
      -2.1059176264658124
    ],
    [
      -2.6022639706298136,
      -2.1896990737045416
    ]
  ],
  "complexity": 0.4560041182002153
}