{
  "id": 4390,
  "wedge_count": 2,
  "parameters": {
    "rotation_speeds": [
      1.37305718282244,
      -2.6888390288837307
    ],
    "phi_x": [
      -5.120036938773746,
      14.923241409317804
    ],
    "phi_y": [
      10.145004974400397,
      -0.2874593703003967
    ],
    "distances": [
      1.0,
      4.84342409095589,
      3.6647479541176047
    ],
    "refractive_indices": [
      1.0,
      1.5,
      1.5,
      1.0
    ],
    "wedgenum": 2
  },
  "pattern": [
    [
      1.3616078466671058,
      1.3311650288919434
    ],
    [
      1.4478808946965134,
      1.2950959935752222
    ],
    [
      1.382291986283463,
      1.3773380934109547
    ],
    [
      1.3994618476034715,
      1.3017681081680763
    ],
    [
      1.4898485903171528,
      1.4336917786777776
    ],
    [
      1.467231352828816,
      1.4004942387308679
    ],
    [
      1.4778240833282805,
      1.4747476501786323
    ],
    [
      1.417619782915661,
      1.4232215860530797
    ],
    [
      1.4716786865779443,
      1.5421875956234856
    ],
    [
      1.5255745412939596,
      1.3606073498231628
    ],
    [
      1.3958195119503976,
      1.4254958379782103
    ],
    [
      1.5351988101585303,
      1.3757809586187026
    ],
    [
      1.4759774204668248,
      1.4967779835168833
    ],
    [
      1.3325618066373388,
      1.420706857830257
    ],
    [
      1.405358154071765,
      1.43016495411892
    ],
    [
      1.2874897528863893,
      1.325572891043576
    ],
    [
      1.3158306722366226,
      1.373803973651578
    ],
    [
      1.252620754017496,
      1.3145804885792554
    ],
    [
      1.2743327478338962,
      1.2846248691140882
    ],
    [
      1.141225760324434,
      1.157522020873004
    ],
    [
      1.085062049847166,
      1.174072471863953
    ],
    [
      1.14682449148555,
      1.142815326915579
    ],
    [
      0.9439426503748286,
      1.0864614924962384
    ],
    [
      0.9339842486595149,
      1.0835833869883813
    ],
    [
      0.9132812503484692,
      1.0000456004529783
    ],
    [
      0.8610160798037837,
      1.0896194982056113
    ],
    [
      0.6856349295667167,
      0.9744514983720618
    ],
    [
      0.7698589631158825,
      0.7848682103583028
    ],
    [
      0.6530593321081894,
      0.790051912295614
    ],
    [
      0.5293776773944752,
      0.65768325624909
    ],
    [
      0.49799112939480455,
      0.712706266143703
    ],
    [
      0.4659561657830683,
      0.5960347952373443
    ],
    [
      0.40450732226136654,
      0.5676681119539562
    ],
    [
      0.3685830255571786,
      0.4408643444785022
    ],
    [
      0.21323999309803635,
      0.5173999311246429
    ],
    [
      0.20400888886701454,
      0.5069589046944334
    ],
    [
      0.06749927851280166,
      0.2834164784020966
    ],
    [
      0.03428952167838126,
      0.356587251330205
    ],
    [
      0.05039064478533152,
      0.30656907856826454
    ],
    [
      0.058949150510566456,
      0.16937107952735658
    ],
    [
      -0.17751854674707196,
      0.12471492609116157
    ],
    [
      -0.07598136372695277,
      0.16396832433491076
    ],
    [
      -0.17231191841996923,
      0.043902517698442646
    ],
    [
      -0.24923291192440744,
      -0.044901004679236675
    ],
    [
      -0.2700767855098707,
      -0.029132196449366293
    ],
    [
      -0.25551528428848846,
      -0.03845933053588353
    ],
    [
      -0.17670907496114724,
      -0.1763111529777037
    ],
    [
      -0.32987238847071804,
      -0.20348755582459357
    ],
    [
      -0.41393321862093996,
      -0.28922213624146537
    ],
    [
      -0.43549338548065303,
      -0.25341616460913485
    ],
    [
      -0.38101348749277464,
      -0.3081524804478516
    ],
    [
      -0.3103589947580979,
      -0.2299965774437327
    ],
    [
      -0.4197013053344992,
      -0.3443418838984618
    ],
    [
      -0.5017983377168478,
      -0.3659215235761902
    ],
    [
      -0.4200507667272169,
      -0.3551611139042719
    ],
    [
      -0.4801444166078294,
      -0.4077812040272584
    ],
    [
      -0.3710632867782904,
      -0.348182836836775
    ],
    [
      -0.3647301676777411,
      -0.4338747521122923
    ],
    [
      -0.43885064229698817,
      -0.4057669170985773
    ],
    [
      -0.36478324123818473,
      -0.38546774207499485
    ]
  ],
  "complexity": 0.25699224864062126
}