{
  "id": 3094,
  "wedge_count": 3,
  "parameters": {
    "rotation_speeds": [
      -2.6375315158517294,
      1.5173274987885526,
      1.642310393984765
    ],
    "phi_x": [
      -0.7829934223418746,
      14.92938441429785,
      -9.560230887960797
    ],
    "phi_y": [
      -8.44592535227684,
      10.367428113506158,
      -3.5443240422283537
    ],
    "distances": [
      1.0,
      7.6000268763873375,
      4.750034149361393,
      3.9986311244721175
    ],
    "refractive_indices": [
      1.0,
      1.5,
      1.5,
      1.5,
      1.0
    ],
    "wedgenum": 3
  },
  "pattern": [
    [
      1.7539496454211165,
      1.83715622190298
    ],
    [
      1.8195531286875208,
      1.8302268298014326
    ],
    [
      1.7730627738116669,
      1.7923611649170301
    ],
    [
      1.8302506879484643,
      1.8394398945421562
    ],
    [
      1.7112793664904824,
      1.7104711209813206
    ],
    [
      1.6646619330813872,
      1.8213559110411066
    ],
    [
      1.6124476997305692,
      1.715691699915254
    ],
    [
      1.6369519628451026,
      1.612513683401813
    ],
    [
      1.608063963552114,
      1.6334518874990536
    ],
    [
      1.5447491824298842,
      1.5471298112975498
    ],
    [
      1.507797400709421,
      1.605231877708189
    ],
    [
      1.3949382025963128,
      1.510220886017829
    ],
    [
      1.4490806019981055,
      1.5093686349712039
    ],
    [
      1.422963139388403,
      1.515801964838687
    ],
    [
      1.2506857742343769,
      1.4539030785705829
    ],
    [
      1.3282888519736564,
      1.3710537528467925
    ],
    [
      1.1912981416973163,
      1.301157175595363
    ],
    [
      1.1784138097653143,
      1.3120486350719358
    ],
    [
      1.1679446223796117,
      1.2502466629977829
    ],
    [
      1.1861156525894485,
      1.2778852489788708
    ],
    [
      1.0758157908003576,
      1.1590585691454693
    ],
    [
      0.950002464747187,
      1.1433120018429788
    ],
    [
      0.8999690859920306,
      1.0611933230226496
    ],
    [
      0.8977335061643784,
      1.0193536546943203
    ],
    [
      0.8558016418501908,
      1.0094112036195197
    ],
    [
      0.8255926049130722,
      1.011479233253457
    ],
    [
      0.712735163408797,
      0.843183105247759
    ],
    [
      0.6854397641824641,
      0.8703502578917149
    ],
    [
      0.6457321216004898,
      0.8083811011671804
    ],
    [
      0.6192470539418862,
      0.8228904588680219
    ],
    [
      0.5625734081196027,
      0.8072598012023321
    ],
    [
      0.5455272551417961,
      0.7702529694031326
    ],
    [
      0.5859768441019008,
      0.6498048711346432
    ],
    [
      0.5387450365190177,
      0.6089903115528005
    ],
    [
      0.4709579666229985,
      0.6187155554357447
    ],
    [
      0.4359535857137818,
      0.6180885152300203
    ],
    [
      0.3715064701949693,
      0.49162648926798364
    ],
    [
      0.24321960436663734,
      0.5699082555621497
    ],
    [
      0.1642255258069557,
      0.5465879307111158
    ],
    [
      0.2846853431938109,
      0.43990280426069156
    ],
    [
      0.10539130099952354,
      0.356778093235467
    ],
    [
      0.12571830795841746,
      0.31338186589805567
    ],
    [
      0.16976471102412194,
      0.41429923608632213
    ],
    [
      0.06197386918826386,
      0.2780353743349318
    ],
    [
      0.017320990154114556,
      0.35649497732727203
    ],
    [
      0.002231901909504855,
      0.278281954319973
    ],
    [
      0.010558516167639975,
      0.13697753613931604
    ],
    [
      -0.07861526539313918,
      0.18136275162529591
    ],
    [
      -0.14274647403069873,
      0.13328474486254624
    ],
    [
      -0.1953966975761956,
      -0.018017220449424512
    ],
    [
      -0.23749873322111298,
      0.08300083245984669
    ],
    [
      -0.2642051428049459,
      -0.03275267889537916
    ],
    [
      -0.33984545464940474,
      -0.004770172607744663
    ],
    [
      -0.3804838056329334,
      -0.05207946167607876
    ],
    [
      -0.3659390988737719,
      -0.1517930668579546
    ],
    [
      -0.4871635104445153,
      -0.10995141675713152
    ],
    [
      -0.4325574103529854,
      -0.16654627250500062
    ],
    [
      -0.6261546888542033,
      -0.2166861561940161
    ],
    [
      -0.6135862189102087,
      -0.3051554832601311
    ],
    [
      -0.6300063565473484,
      -0.3351695156096099
    ]
  ],
  "complexity": 0.27153153700032506
}