{
  "id": 4062,
  "wedge_count": 2,
  "parameters": {
    "rotation_speeds": [
      2.4966154118440587,
      2.9391906262715963
    ],
    "phi_x": [
      -14.35913257786575,
      -5.424233491399621
    ],
    "phi_y": [
      10.056830511785492,
      -10.178613794735782
    ],
    "distances": [
      1.0,
      4.718428037655191,
      3.8801433585736462
    ],
    "refractive_indices": [
      1.0,
      1.5,
      1.5,
      1.0
    ],
    "wedgenum": 2
  },
  "pattern": [
    [
      1.5398328981522473,
      1.4477778193255975
    ],
    [
      1.5797982030657458,
      1.4398245077644034
    ],
    [
      1.5974974328179072,
      1.6579152772805816
    ],
    [
      1.6983323489006432,
      1.7346589653058846
    ],
    [
      1.686215785886906,
      1.715475691493329
    ],
    [
      1.8852901629383365,
      1.8552632036791037
    ],
    [
      1.8792593417952579,
      1.8700756913479106
    ],
    [
      1.9559006620309227,
      1.8716584353949777
    ],
    [
      2.0172279077064457,
      1.9250539933508035
    ],
    [
      1.9499979763895887,
      1.9463887442980563
    ],
    [
      2.050162333741618,
      1.965985299328768
    ],
    [
      1.924887472015759,
      2.048528520192411
    ],
    [
      2.0466243165001785,
      1.9633554850808796
    ],
    [
      2.04883835284998,
      1.9079743545638093
    ],
    [
      1.927236101416527,
      2.075692134842742
    ],
    [
      1.9687320668940829,
      1.9875909862887382
    ],
    [
      1.8912991003566784,
      1.9641024183957714
    ],
    [
      1.7797073753448611,
      1.9293829029547496
    ],
    [
      1.898221646716442,
      1.9347700622986868
    ],
    [
      1.7716563966766214,
      1.8665923644808116
    ],
    [
      1.611023975310083,
      1.9323749692459482
    ],
    [
      1.668426120161592,
      1.7897094497422086
    ],
    [
      1.6220335880126453,
      1.74710885145816
    ],
    [
      1.4652685543499406,
      1.5463270511207063
    ],
    [
      1.3673018459720594,
      1.5059638149468053
    ],
    [
      1.2446416898393458,
      1.5339891236354393
    ],
    [
      1.0887881922982698,
      1.444408220957568
    ],
    [
      1.0800053864702268,
      1.3526963456894987
    ],
    [
      0.9984443881032004,
      1.311001564525903
    ],
    [
      0.7945119249786259,
      1.2098641264347807
    ],
    [
      0.7206574919384764,
      1.0038768909835383
    ],
    [
      0.538229669954337,
      0.9345325809943349
    ],
    [
      0.40293933625214223,
      0.8468894705258044
    ],
    [
      0.3144360237362306,
      0.7759887269870587
    ],
    [
      0.17883299723089968,
      0.6036605720411249
    ],
    [
      0.13443901623386845,
      0.42547583576520753
    ],
    [
      -0.13910186642333958,
      0.4306601571877602
    ],
    [
      -0.19577301032527417,
      0.282316207644076
    ],
    [
      -0.321681735038875,
      0.10957172722354094
    ],
    [
      -0.6215912456719187,
      0.0017096909293524865
    ],
    [
      -0.610861389617479,
      -0.09303911531568976
    ],
    [
      -0.8210714733716281,
      -0.24084732485843316
    ],
    [
      -0.97006378734073,
      -0.42362441431962744
    ],
    [
      -1.065552018847583,
      -0.5299712718420626
    ],
    [
      -1.1153436509202297,
      -0.5423627965475324
    ],
    [
      -1.2338992531344524,
      -0.7012030602919124
    ],
    [
      -1.3388555949393077,
      -0.9264824527019414
    ],
    [
      -1.51123239612077,
      -0.9847137330573632
    ],
    [
      -1.6116656859555862,
      -1.0724271218615742
    ],
    [
      -1.657019888639816,
      -1.0664180645400112
    ],
    [
      -1.7875816767203403,
      -1.2524278369544626
    ],
    [
      -1.8369775080969397,
      -1.4507871930708267
    ],
    [
      -1.8056429559454612,
      -1.429341248977311
    ],
    [
      -1.9748829733064852,
      -1.6041260823463723
    ],
    [
      -2.0553640132088318,
      -1.6433792413617028
    ],
    [
      -2.0375527732159635,
      -1.7178351049350398
    ],
    [
      -2.0928477657296547,
      -1.7859624330534878
    ],
    [
      -2.162084883306249,
      -1.9210582486893941
    ],
    [
      -2.1561721714124387,
      -1.8875819477962366
    ],
    [
      -2.1025348649447397,
      -1.9895133605411162
    ]
  ],
  "complexity": 0.3392177472472897
}