{
  "id": 2693,
  "wedge_count": 4,
  "parameters": {
    "rotation_speeds": [
      -2.072113220456827,
      1.378264283882535,
      1.9087595337758545,
      1.5436732817627004
    ],
    "phi_x": [
      11.786636786337397,
      10.08118287246785,
      4.452533644155796,
      6.642988563524511
    ],
    "phi_y": [
      8.220411070047515,
      -13.945720919949045,
      13.681004132681998,
      -4.718545356670562
    ],
    "distances": [
      1.0,
      6.430752654240109,
      2.580617884903168,
      3.6738152222664553,
      6.439199936105135
    ],
    "refractive_indices": [
      1.0,
      1.5,
      1.5,
      1.5,
      1.5,
      1.0
    ],
    "wedgenum": 4
  },
  "pattern": [
    [
      2.9141784455483544,
      2.7721673292677407
    ],
    [
      2.8765677760061847,
      2.804578138425207
    ],
    [
      2.975365244090752,
      2.8692319066507173
    ],
    [
      3.018103799420786,
      2.8946588357477703
    ],
    [
      2.9461417324974097,
      2.9288411483544023
    ],
    [
      3.0372287009617627,
      2.9403378456822167
    ],
    [
      2.984043484362841,
      2.894164016971975
    ],
    [
      2.928871616748786,
      2.9618736843398783
    ],
    [
      2.8612192368183065,
      2.9338598445733544
    ],
    [
      2.988729106464464,
      2.8503883950301145
    ],
    [
      2.8627149580944926,
      2.9741268301362354
    ],
    [
      2.788810005053927,
      2.801592594238586
    ],
    [
      2.7192563929243443,
      2.8573445026939672
    ],
    [
      2.630257043620233,
      2.783230332167908
    ],
    [
      2.5595130350555926,
      2.794080401253056
    ],
    [
      2.5084423553621185,
      2.663428917147728
    ],
    [
      2.4519158997243324,
      2.4941312270583094
    ],
    [
      2.287898162456293,
      2.4424968966664578
    ],
    [
      2.1676050963016937,
      2.367270369362801
    ],
    [
      2.072195671899436,
      2.354599478118166
    ],
    [
      2.0127620454755326,
      2.1903422136175252
    ],
    [
      1.8511650494550278,
      2.09654741357133
    ],
    [
      1.7672515659280852,
      1.8994384749041293
    ],
    [
      1.583436956568096,
      1.964688427488903
    ],
    [
      1.4135648057669774,
      1.8391631890173752
    ],
    [
      1.1426356133717224,
      1.740855536040909
    ],
    [
      1.2530632698463615,
      1.4463010557568965
    ],
    [
      0.9396974766983961,
      1.3512248039757404
    ],
    [
      0.8158490594312251,
      1.271973701094518
    ],
    [
      0.614272235334691,
      1.1230323614108857
    ],
    [
      0.5165741250367779,
      1.0423041175973171
    ],
    [
      0.3286280265864339,
      0.8776624685180987
    ],
    [
      0.1795812960890401,
      0.7414873021611926
    ],
    [
      -0.000338651081590563,
      0.6165590347890378
    ],
    [
      -0.046069424853263166,
      0.5236053219735439
    ],
    [
      -0.327984787898518,
      0.31478891412901383
    ],
    [
      -0.35957604520154235,
      0.1154804006881494
    ],
    [
      -0.617088350705594,
      0.04383032642509459
    ],
    [
      -0.7229605885214205,
      -0.1202463839584905
    ],
    [
      -0.7761322961820113,
      -0.24786584222742483
    ],
    [
      -0.9994304177170852,
      -0.30553395092358376
    ],
    [
      -1.0693106567713995,
      -0.4900838829509677
    ],
    [
      -1.238784570501348,
      -0.5481124107906447
    ],
    [
      -1.4044566506288094,
      -0.6649739436803838
    ],
    [
      -1.4064981061319268,
      -0.9267013006489123
    ],
    [
      -1.5998725040106665,
      -0.9194439558436819
    ],
    [
      -1.7488248262844241,
      -1.0987472276089194
    ],
    [
      -1.7129331075903855,
      -1.1577042598391702
    ],
    [
      -1.866728668860675,
      -1.2752387933818163
    ],
    [
      -1.9144282423735737,
      -1.505909473525283
    ],
    [
      -1.9833140796372764,
      -1.4814716849443637
    ],
    [
      -2.0800976887867435,
      -1.6035582335007894
    ],
    [
      -2.0746056053760324,
      -1.7506179004177662
    ],
    [
      -2.190772546319876,
      -1.8132005524500237
    ],
    [
      -2.146257662928698,
      -1.8638015291863153
    ],
    [
      -2.3513477696533442,
      -1.9737294398578928
    ],
    [
      -2.2714665349566463,
      -2.105731887618242
    ],
    [
      -2.2536685886063874,
      -2.0770131903165576
    ],
    [
      -2.3296224404744836,
      -2.0846565869843716
    ],
    [
      -2.307697795656559,
      -2.197481930395838
    ]
  ],
  "complexity": 0.36887068326142924
}