{
  "id": 1008,
  "wedge_count": 2,
  "parameters": {
    "rotation_speeds": [
      0.660903134829411,
      -1.1956243734623966
    ],
    "phi_x": [
      2.266317619549607,
      -2.706566442108187
    ],
    "phi_y": [
      9.977294876723974,
      -14.632215614301014
    ],
    "distances": [
      1.0,
      7.037668797975305,
      3.0486437900231267
    ],
    "refractive_indices": [
      1.0,
      1.5,
      1.5,
      1.0
    ],
    "wedgenum": 2
  },
  "pattern": [
    [
      0.5704391213428031,
      0.5589656232704463
    ],
    [
      0.4394727528729168,
      0.38306722035418345
    ],
    [
      0.5523152297969908,
      0.5008790331965668
    ],
    [
      0.41803404283694173,
      0.39057214810030494
    ],
    [
      0.23509416950677361,
      0.38868533757286355
    ],
    [
      0.37053975404690226,
      0.2714426420942283
    ],
    [
      0.27810175516385016,
      0.27248206403077163
    ],
    [
      0.18308546287771832,
      0.3194999680328078
    ],
    [
      0.1574332993249064,
      0.19957928077268403
    ],
    [
      0.09908426328402446,
      0.20392715614659468
    ],
    [
      0.07059155096967931,
      0.04203361138632064
    ],
    [
      0.0027644408491628303,
      0.06560167771784266
    ],
    [
      -0.013000539880510793,
      -0.05596464732695361
    ],
    [
      -0.057112898671102384,
      -0.03870273106916021
    ],
    [
      -0.10362137795296286,
      -0.005363296582615196
    ],
    [
      -0.22502149816024206,
      -0.09794598529012931
    ],
    [
      -0.30612361404556665,
      -0.21962663919822054
    ],
    [
      -0.23709405259921168,
      -0.16567706708518734
    ],
    [
      -0.24299822395125037,
      -0.2519170235579473
    ],
    [
      -0.2355239465630561,
      -0.26183147335302137
    ],
    [
      -0.3175730931351153,
      -0.18690433439994536
    ],
    [
      -0.23169909631821475,
      -0.2390787581412611
    ],
    [
      -0.31917786668128634,
      -0.19898407291744397
    ],
    [
      -0.33808498383285934,
      -0.3271180375644489
    ],
    [
      -0.30185955008764775,
      -0.3246195468565408
    ],
    [
      -0.3934664326248146,
      -0.2757669383321059
    ],
    [
      -0.2976698315999107,
      -0.41519624337728617
    ],
    [
      -0.2592542414200023,
      -0.2855050201551789
    ],
    [
      -0.2739198617190073,
      -0.3428884107412375
    ],
    [
      -0.1729557151808515,
      -0.3239345227051859
    ],
    [
      -0.2357785833442648,
      -0.3902584799689069
    ],
    [
      -0.22575317420164895,
      -0.28282352049068127
    ],
    [
      -0.12975925145335174,
      -0.29569107377440623
    ],
    [
      -0.1629374826063379,
      -0.21580205208548198
    ],
    [
      -0.17245730705871354,
      -0.2806349127241811
    ],
    [
      -0.033278172778833943,
      -0.1316215246000634
    ],
    [
      -0.05680106773141217,
      -0.12083081711899074
    ],
    [
      0.044593669526302185,
      -0.07037478244545514
    ],
    [
      0.09416022804189146,
      -0.015050988635310465
    ],
    [
      0.15695094751708208,
      0.01487807700935772
    ],
    [
      0.20367593473700335,
      -0.050334751625126975
    ],
    [
      0.23097283717130188,
      0.01285415795014605
    ],
    [
      0.2436232710036542,
      0.11968400868220924
    ],
    [
      0.29835582225686486,
      0.213973150251621
    ],
    [
      0.3998473404459073,
      0.20577283919538042
    ],
    [
      0.45058536709392366,
      0.32645887463524925
    ],
    [
      0.46723517299617634,
      0.3065283962274911
    ],
    [
      0.6003257628925102,
      0.381983852155215
    ],
    [
      0.5675430999530564,
      0.4504016951849019
    ],
    [
      0.5721064754190969,
      0.46915182857021726
    ],
    [
      0.7685082631497128,
      0.43450147617527557
    ],
    [
      0.822812267006289,
      0.5504739167552041
    ],
    [
      0.8431843422735867,
      0.6102646673581168
    ],
    [
      0.9125996298161627,
      0.634706765802729
    ],
    [
      0.8481831316419461,
      0.6888902057890374
    ],
    [
      0.895854968885741,
      0.7666921404432002
    ],
    [
      0.9941932539067957,
      0.6673752347468598
    ],
    [
      0.9396328630719395,
      0.8010619539669805
    ],
    [
      1.0580656816914507,
      0.9087461429410004
    ],
    [
      1.0239387165085785,
      0.8787132330885475
    ]
  ],
  "complexity": 0.20662369329701044
}