{
  "id": 598,
  "wedge_count": 6,
  "parameters": {
    "rotation_speeds": [
      -0.5493852479169465,
      -0.38310435434135304,
      1.188218919839378,
      2.5560268239927346,
      -0.041471358361890864,
      1.059712054089049
    ],
    "phi_x": [
      -6.336203059322338,
      1.6625502986369405,
      14.685458711263749,
      9.358180453925875,
      2.8851754814886235,
      -11.65362238093727
    ],
    "phi_y": [
      -9.368775277250561,
      9.628073251769102,
      12.480260650522922,
      -9.764981253124581,
      2.811287790401508,
      14.4415786447809
    ],
    "distances": [
      1.0,
      7.1327473167180635,
      7.531817425112943,
      5.359885164406774,
      2.4608027872016947,
      2.202093071030866,
      6.090244190796957
    ],
    "refractive_indices": [
      1.0,
      1.5,
      1.5,
      1.5,
      1.5,
      1.5,
      1.5,
      1.0
    ],
    "wedgenum": 6
  },
  "pattern": [
    [
      4.345627840990868,
      4.356864250053441
    ],
    [
      4.415757846191392,
      4.343713945601895
    ],
    [
      4.333028331523498,
      4.402357815384419
    ],
    [
      4.376220516457358,
      4.319416285720452
    ],
    [
      4.418187944454407,
      4.356839498997152
    ],
    [
      4.270506125337948,
      4.353617360861728
    ],
    [
      4.266356301642692,
      4.384791689179071
    ],
    [
      4.273048967323145,
      4.300315470773274
    ],
    [
      4.181697125518663,
      4.300058267489462
    ],
    [
      4.073289800736758,
      4.305828449366663
    ],
    [
      4.206396090977805,
      4.226553263538803
    ],
    [
      4.092281839878832,
      4.202685189507595
    ],
    [
      4.0253790465674015,
      4.171112671358295
    ],
    [
      3.9633337455316906,
      4.031808185137109
    ],
    [
      3.6867151881655116,
      3.9933494325294236
    ],
    [
      3.646770212267173,
      3.957803480403167
    ],
    [
      3.551431202276089,
      3.844020829495761
    ],
    [
      3.5059544895047976,
      3.84680524393828
    ],
    [
      3.2523055460853487,
      3.663740160396632
    ],
    [
      3.305992977839025,
      3.5889279997939503
    ],
    [
      3.141627519824174,
      3.4328145588490133
    ],
    [
      3.0028370274650364,
      3.3621229621236384
    ],
    [
      2.8067504701717043,
      3.2934387481384806
    ],
    [
      2.7083148775684394,
      3.1462917793899905
    ],
    [
      2.6006145940227503,
      3.0788776472185733
    ],
    [
      2.4677936252933255,
      2.940639362141399
    ],
    [
      2.3291997901580874,
      2.839422239590436
    ],
    [
      2.219134342042633,
      2.7476862649420024
    ],
    [
      1.9486927194891315,
      2.5773843225425845
    ],
    [
      1.9204430309180727,
      2.397499176791724
    ],
    [
      1.722950371432731,
      2.287835392218388
    ],
    [
      1.5639096107300365,
      2.1417469316323015
    ],
    [
      1.4084432305179424,
      2.0479433598409287
    ],
    [
      1.339588960484333,
      1.9754374375121087
    ],
    [
      1.1209039212988183,
      1.8222068358722403
    ],
    [
      0.9765830322159438,
      1.571518832204026
    ],
    [
      0.8371314283556178,
      1.4885663435656857
    ],
    [
      0.709343376557597,
      1.3566696377738245
    ],
    [
      0.5982524728003166,
      1.2597359786718658
    ],
    [
      0.4022887530680006,
      1.1405541714570178
    ],
    [
      0.2978647536256651,
      0.9617055814756149
    ],
    [
      0.11720859416985725,
      0.8621331235859763
    ],
    [
      0.14569619340353512,
      0.8372523519776305
    ],
    [
      -0.027702685290875995,
      0.6002236195376974
    ],
    [
      -0.13588805179521213,
      0.46256066282402447
    ],
    [
      -0.3445612932228746,
      0.4229107347111024
    ],
    [
      -0.4079361025147732,
      0.2706223268851757
    ],
    [
      -0.5071870398104958,
      0.2807505360054033
    ],
    [
      -0.6746056714029711,
      0.038849141564839464
    ],
    [
      -0.703457706173296,
      -0.009614887813973703
    ],
    [
      -0.8538928142760498,
      -0.1857221049395054
    ],
    [
      -0.8915253050588922,
      -0.2416872544063601
    ],
    [
      -0.9237277379693022,
      -0.42024977949780706
    ],
    [
      -1.0806271810052825,
      -0.370520517647515
    ],
    [
      -1.1742230895561787,
      -0.4777787871347627
    ],
    [
      -1.1630796786150532,
      -0.6284921636354249
    ],
    [
      -1.210847272350433,
      -0.6655895130463162
    ],
    [
      -1.2848352436955737,
      -0.9233912823676964
    ],
    [
      -1.34456369617772,
      -0.831594224299809
    ],
    [
      -1.3982145760745823,
      -0.9683419525724575
    ]
  ],
  "complexity": 0.4034850114772632
}