{
  "id": 4925,
  "wedge_count": 6,
  "parameters": {
    "rotation_speeds": [
      -2.575468018417986,
      -1.0217990695033656,
      -0.4783006818168838,
      -1.6527231624083965,
      -2.066097641301274,
      -0.8866948427091192
    ],
    "phi_x": [
      3.8001234593186837,
      10.301028322244807,
      -0.048508570130810114,
      9.145474827344614,
      2.313353980554375,
      -4.173415943998068
    ],
    "phi_y": [
      8.795726419259054,
      -11.76029733163113,
      12.543978236957535,
      10.515960508147788,
      8.22966674381567,
      10.120892424212414
    ],
    "distances": [
      1.0,
      7.280290462750831,
      6.601940985587606,
      4.85871306973597,
      4.947155423007201,
      4.816157406354891,
      7.895524150320844
    ],
    "refractive_indices": [
      1.0,
      1.5,
      1.5,
      1.5,
      1.5,
      1.5,
      1.5,
      1.0
    ],
    "wedgenum": 6
  },
  "pattern": [
    [
      3.726102998519561,
      3.6360870768119065
    ],
    [
      3.5062818834908818,
      3.474716782706085
    ],
    [
      3.469248336649864,
      3.3877274708858844
    ],
    [
      3.319151174964306,
      3.2741349728233446
    ],
    [
      3.213459891260211,
      3.106790678634858
    ],
    [
      3.0581240388662327,
      3.016357920002624
    ],
    [
      3.007773007945236,
      2.9541694838656136
    ],
    [
      2.880723705854976,
      2.808226193414554
    ],
    [
      2.7024680870786835,
      2.6691494246797434
    ],
    [
      2.5018318945853997,
      2.422286267184063
    ],
    [
      2.477082461141825,
      2.381277389845861
    ],
    [
      2.1896426702426908,
      2.25291387830348
    ],
    [
      2.1874230140922832,
      2.161758409497602
    ],
    [
      2.0032239330476473,
      1.9696436492143692
    ],
    [
      1.7971169442571544,
      1.8372556164166143
    ],
    [
      1.6459693749980553,
      1.7210102922061883
    ],
    [
      1.591280888428687,
      1.6395823663426032
    ],
    [
      1.4189241440675497,
      1.3980818673675637
    ],
    [
      1.169063252837115,
      1.3820294801549877
    ],
    [
      1.0958130823243097,
      1.2723835576642586
    ],
    [
      0.9031203122730556,
      1.0512042537310915
    ],
    [
      0.8173381055298328,
      0.8589123364265275
    ],
    [
      0.6422342254921127,
      0.7426797499179097
    ],
    [
      0.4620553259538697,
      0.6519890419276742
    ],
    [
      0.29127294882207244,
      0.459832665248258
    ],
    [
      0.2884669954201526,
      0.4607803971274118
    ],
    [
      0.1550575962306326,
      0.26819991395296156
    ],
    [
      -0.024541539695166443,
      0.17855879938386077
    ],
    [
      -0.09893902552266522,
      -0.02916007798500836
    ],
    [
      -0.2834707897287289,
      -0.059036954461388694
    ],
    [
      -0.36670397470158317,
      -0.17246866155807147
    ],
    [
      -0.5925271172116244,
      -0.3341811531850558
    ],
    [
      -0.4452086030619484,
      -0.42998331049672134
    ],
    [
      -0.6259390604847103,
      -0.4621523460700569
    ],
    [
      -0.7327478938842402,
      -0.7285167547437146
    ],
    [
      -0.7746075419383435,
      -0.7765084267554774
    ],
    [
      -0.8943719133072117,
      -0.8144830969154278
    ],
    [
      -0.9934131493282793,
      -0.8503153192340879
    ],
    [
      -1.143504300909178,
      -1.0051758615180886
    ],
    [
      -1.1326613563722652,
      -1.0242958849675667
    ],
    [
      -1.2418524638096073,
      -1.1505633941965085
    ],
    [
      -1.304458671313178,
      -1.2803237152716709
    ],
    [
      -1.282217316346461,
      -1.2493063262624726
    ],
    [
      -1.3955881958398009,
      -1.2498110104450317
    ],
    [
      -1.4566300138845312,
      -1.405143923850498
    ],
    [
      -1.4772511714108802,
      -1.4825001275877443
    ],
    [
      -1.4804151074355707,
      -1.5002272802443855
    ],
    [
      -1.5844048241591413,
      -1.5711215464113075
    ],
    [
      -1.5972169575624906,
      -1.5173113271654544
    ],
    [
      -1.6974297894155341,
      -1.6288416966986616
    ],
    [
      -1.6503181737762913,
      -1.6889104927353413
    ],
    [
      -1.7214777317518941,
      -1.6698812199657658
    ],
    [
      -1.669338327255148,
      -1.7236733253209178
    ],
    [
      -1.7481818810917413,
      -1.7636061644505547
    ],
    [
      -1.7539274772824205,
      -1.6993473561184993
    ],
    [
      -1.7003392240591642,
      -1.7902240933056355
    ],
    [
      -1.7885123989135105,
      -1.692861921283547
    ],
    [
      -1.7894081651307432,
      -1.7632417791073882
    ],
    [
      -1.6957216938723154,
      -1.8815142181927804
    ],
    [
      -1.812157761726729,
      -1.844075938832601
    ]
  ],
  "complexity": 0.3936363021874609
}