{
  "id": 4600,
  "wedge_count": 2,
  "parameters": {
    "rotation_speeds": [
      -1.6149875129498827,
      -2.6963766157953444
    ],
    "phi_x": [
      2.166639191484382,
      -7.503763688515845
    ],
    "phi_y": [
      3.882120109752748,
      -6.173734886895433
    ],
    "distances": [
      1.0,
      6.370732274429738,
      6.609402154208679
    ],
    "refractive_indices": [
      1.0,
      1.5,
      1.5,
      1.0
    ],
    "wedgenum": 2
  },
  "pattern": [
    [
      0.7716712406892686,
      0.7269982597611879
    ],
    [
      0.7133080846951595,
      0.6767301211992431
    ],
    [
      0.6859670149087629,
      0.7180982008130243
    ],
    [
      0.516317134725956,
      0.6268996490147969
    ],
    [
      0.5567487610463421,
      0.5748863094542259
    ],
    [
      0.5592770797186534,
      0.5769477797500114
    ],
    [
      0.5127652122013171,
      0.5459534076220776
    ],
    [
      0.3977541311338235,
      0.4393917911605213
    ],
    [
      0.3834727469603871,
      0.43593050566599695
    ],
    [
      0.25425597929525684,
      0.40771855621568265
    ],
    [
      0.2894783038572071,
      0.25257977316958136
    ],
    [
      0.18915504791896579,
      0.3346428396470797
    ],
    [
      0.11917501911675034,
      0.15348585483677737
    ],
    [
      0.08105807848778364,
      0.08283796370721985
    ],
    [
      0.06323734045867178,
      0.08221080892787974
    ],
    [
      -0.08198620188425781,
      0.054323026979800355
    ],
    [
      -0.07287140849216812,
      0.021505565265717543
    ],
    [
      -0.14632778003151445,
      -0.03441852409692721
    ],
    [
      -0.20137430894492953,
      -0.09264983561665492
    ],
    [
      -0.28554819496955264,
      -0.16337179241318917
    ],
    [
      -0.3733606584828055,
      -0.29303446552624995
    ],
    [
      -0.3335311468295498,
      -0.22861050952237133
    ],
    [
      -0.39658764513089106,
      -0.3413759718471958
    ],
    [
      -0.4540641038477679,
      -0.3440970606115551
    ],
    [
      -0.444871044089329,
      -0.3591426821875229
    ],
    [
      -0.6339645336576131,
      -0.5347977949723052
    ],
    [
      -0.610289805734527,
      -0.527396397183765
    ],
    [
      -0.5659515892126228,
      -0.5441171018039621
    ],
    [
      -0.6962016430974008,
      -0.5853031023514081
    ],
    [
      -0.6922336503289405,
      -0.5329760719722307
    ],
    [
      -0.6950118704133604,
      -0.641348198439655
    ],
    [
      -0.7700538640988434,
      -0.6560005728394692
    ],
    [
      -0.6951791657127029,
      -0.6494997692796022
    ],
    [
      -0.8378720251015661,
      -0.6314352989252375
    ],
    [
      -0.7500840935536899,
      -0.7854479018791986
    ],
    [
      -0.808687105414097,
      -0.7140745661298404
    ],
    [
      -0.8010466967811372,
      -0.7507443057561313
    ],
    [
      -0.8455190361757003,
      -0.8014246652657758
    ],
    [
      -0.8029269852578785,
      -0.7672087267123879
    ],
    [
      -0.794566551826405,
      -0.7753013448459312
    ],
    [
      -0.8712890686860101,
      -0.8692945035224997
    ],
    [
      -0.790374835794623,
      -0.7822972555766723
    ],
    [
      -0.8350561133331122,
      -0.8067520557511053
    ],
    [
      -0.8504062234026513,
      -0.8538106433448356
    ],
    [
      -0.7803878749131552,
      -0.8187791108998173
    ],
    [
      -0.6197903483023379,
      -0.7927074685682192
    ],
    [
      -0.8016145706451346,
      -0.7599458905640518
    ],
    [
      -0.7688607699190454,
      -0.7663590504532831
    ],
    [
      -0.6939485989076489,
      -0.7989729406593559
    ],
    [
      -0.5669931055817651,
      -0.806915063604916
    ],
    [
      -0.6658215734721691,
      -0.7136557143221564
    ],
    [
      -0.5552531064323308,
      -0.6241995281643677
    ],
    [
      -0.4832414905019937,
      -0.685677946030805
    ],
    [
      -0.5105191602679282,
      -0.6071651026080963
    ],
    [
      -0.4646302411756499,
      -0.5899252672587411
    ],
    [
      -0.46508844969409646,
      -0.6454198574085059
    ],
    [
      -0.43535871303665374,
      -0.6087612513815492
    ],
    [
      -0.4474487148447448,
      -0.5725709349657105
    ],
    [
      -0.3930553085564885,
      -0.46816563329162375
    ],
    [
      -0.2913327879879141,
      -0.45649945906816386
    ]
  ],
  "complexity": 0.2615478228343809
}