{
  "id": 2304,
  "wedge_count": 6,
  "parameters": {
    "rotation_speeds": [
      0.77717053519424,
      2.1002872561628685,
      -0.97892837778444,
      2.8204135996708484,
      -1.926375153561928,
      -0.46480028341549495
    ],
    "phi_x": [
      8.343875305366488,
      3.7057186170930088,
      -14.534657223682672,
      -3.308788651948296,
      2.493026562935462,
      13.627563997170473
    ],
    "phi_y": [
      -8.55672222924422,
      3.6167186368645616,
      6.623616355412622,
      -3.6096084047525174,
      -0.5480914090824491,
      5.500641571786815
    ],
    "distances": [
      1.0,
      4.010557678247217,
      7.611581352444254,
      5.59162991631664,
      5.479514351339718,
      5.137866098221811,
      2.357391151575526
    ],
    "refractive_indices": [
      1.0,
      1.5,
      1.5,
      1.5,
      1.5,
      1.5,
      1.5,
      1.0
    ],
    "wedgenum": 6
  },
  "pattern": [
    [
      3.2760240315922613,
      3.2059527700793016
    ],
    [
      3.2824797636654455,
      3.3087453220577854
    ],
    [
      3.3350687841035236,
      3.25869039696095
    ],
    [
      3.231851875653818,
      3.37602798546152
    ],
    [
      3.293277564946991,
      3.368574858449387
    ],
    [
      3.305688443340659,
      3.4519037871853113
    ],
    [
      3.3970045679220546,
      3.463861445322169
    ],
    [
      3.3505470183118233,
      3.5115476871877025
    ],
    [
      3.355165923533545,
      3.395459378846648
    ],
    [
      3.4179899113585233,
      3.4870651538659727
    ],
    [
      3.4377683384376816,
      3.5735414201624534
    ],
    [
      3.3603138213045622,
      3.4728339702911866
    ],
    [
      3.462957442075976,
      3.393868747520652
    ],
    [
      3.3477776780443143,
      3.4313060565789493
    ],
    [
      3.346302399145637,
      3.420854535566809
    ],
    [
      3.2901077927663964,
      3.3997114088095115
    ],
    [
      3.2400863236921307,
      3.39351841718722
    ],
    [
      3.293185879739036,
      3.409573556696572
    ],
    [
      3.1671237339820992,
      3.3782068787979815
    ],
    [
      3.2339556845179667,
      3.3848289561866607
    ],
    [
      3.176315192272292,
      3.288338409390429
    ],
    [
      3.2044032961678406,
      3.239426729580044
    ],
    [
      3.168378172448341,
      3.2299833600964334
    ],
    [
      3.1108867066855432,
      3.2352664459053093
    ],
    [
      3.05456693461172,
      3.1198473497999024
    ],
    [
      2.9457443062711177,
      3.0325203972620707
    ],
    [
      2.9623075281008155,
      3.118308294630549
    ],
    [
      2.9130260528331338,
      3.1629200221022993
    ],
    [
      2.8193157925097085,
      2.991415372552554
    ],
    [
      2.873235208419251,
      2.9834400198636772
    ],
    [
      2.716526824231515,
      2.900876774091326
    ],
    [
      2.5917180579411507,
      2.874740125493815
    ],
    [
      2.5856452800198535,
      2.851036794936504
    ],
    [
      2.5625016304990327,
      2.8302007051915816
    ],
    [
      2.4940084284725956,
      2.692328342189878
    ],
    [
      2.4512682383033417,
      2.5921510425694936
    ],
    [
      2.326415015274753,
      2.572061743698996
    ],
    [
      2.2876410685352946,
      2.527042044687453
    ],
    [
      2.290313193110927,
      2.4488197688760267
    ],
    [
      2.1321533430493336,
      2.4136012346293394
    ],
    [
      2.1185165509647934,
      2.3636975904132242
    ],
    [
      2.1005083463720045,
      2.304788486892099
    ],
    [
      1.9526359602185608,
      2.2721909438043078
    ],
    [
      1.893948785903396,
      2.1553119012677575
    ],
    [
      1.9105711242030903,
      2.0883311233216095
    ],
    [
      1.8980116085064482,
      2.069697066716965
    ],
    [
      1.8617839705957937,
      1.8778945401392488
    ],
    [
      1.7101730984712198,
      1.9199251074838206
    ],
    [
      1.6446276437189626,
      1.8660817917223698
    ],
    [
      1.631303175033324,
      1.7712035096165015
    ],
    [
      1.5436753207946505,
      1.7669844289354464
    ],
    [
      1.5959836654167252,
      1.6691467065180605
    ],
    [
      1.5773829388425433,
      1.6650536819493602
    ],
    [
      1.4964164926108554,
      1.6949713939161932
    ],
    [
      1.3624873204624912,
      1.5492793239665656
    ],
    [
      1.365332752535214,
      1.5615658588220729
    ],
    [
      1.369894176209869,
      1.4811550261165292
    ],
    [
      1.302626372087142,
      1.4068712211371246
    ],
    [
      1.1644028649756537,
      1.370700661123755
    ],
    [
      1.250765747603484,
      1.5175518711381248
    ]
  ],
  "complexity": 0.3062246487135047
}