{
  "id": 2359,
  "wedge_count": 1,
  "parameters": {
    "rotation_speeds": [
      -2.7773630277733314
    ],
    "phi_x": [
      -0.8966865094074823
    ],
    "phi_y": [
      13.374154997747834
    ],
    "distances": [
      1.0,
      4.786234369365002
    ],
    "refractive_indices": [
      1.0,
      1.5,
      1.0
    ],
    "wedgenum": 1
  },
  "pattern": [
    [
      0.05567608390123839,
      0.05781858206575314
    ],
    [
      -0.01213931163253774,
      -0.00394357529254205
    ],
    [
      -0.07900455105926442,
      -0.05584053491138939
    ],
    [
      -0.14138236951062588,
      -0.11455021953479598
    ],
    [
      -0.20148872871367124,
      -0.1853682489923514
    ],
    [
      -0.26607391197628394,
      -0.23774770424565714
    ],
    [
      -0.3381054521002846,
      -0.3014667937177143
    ],
    [
      -0.3955261953144639,
      -0.355892615915716
    ],
    [
      -0.45504774676378346,
      -0.39838373417807726
    ],
    [
      -0.4985618508744214,
      -0.45743658928164005
    ],
    [
      -0.5617462225316417,
      -0.5153559594993391
    ],
    [
      -0.6094773919013865,
      -0.5539962305216851
    ],
    [
      -0.6616733698420357,
      -0.6011695571315748
    ],
    [
      -0.6943143227944685,
      -0.6367045849757563
    ],
    [
      -0.7337553113537385,
      -0.6921473488317941
    ],
    [
      -0.774099425345978,
      -0.7159495757860589
    ],
    [
      -0.7977218470332574,
      -0.7526274274910644
    ],
    [
      -0.8322609384558719,
      -0.7891865462494487
    ],
    [
      -0.8475632004056062,
      -0.8099644504758678
    ],
    [
      -0.8660848944064514,
      -0.8354767286598642
    ],
    [
      -0.8746217812315832,
      -0.8463698176581693
    ],
    [
      -0.883516376722124,
      -0.8672223093251815
    ],
    [
      -0.8851285286576753,
      -0.8673232785040668
    ],
    [
      -0.8796993233915684,
      -0.889169726421135
    ],
    [
      -0.877846305389954,
      -0.8870097313533677
    ],
    [
      -0.8672798201342358,
      -0.8815196410765608
    ],
    [
      -0.8353536706253814,
      -0.8783351173139767
    ],
    [
      -0.8132330565514454,
      -0.8664903749209009
    ],
    [
      -0.7928322093650098,
      -0.8552263809476176
    ],
    [
      -0.7550135708943307,
      -0.8339694348619275
    ],
    [
      -0.7255640481632061,
      -0.8145111830567848
    ],
    [
      -0.6922954503119926,
      -0.785374781382178
    ],
    [
      -0.645156580900717,
      -0.7646278999767523
    ],
    [
      -0.59805841961734,
      -0.7252239389698409
    ],
    [
      -0.5483321102723188,
      -0.6986226244343811
    ],
    [
      -0.49311234767757806,
      -0.6561310175114279
    ],
    [
      -0.44673348280717273,
      -0.6090087493825124
    ],
    [
      -0.36602688114291093,
      -0.5638159799901672
    ],
    [
      -0.31851231737854624,
      -0.5191870728617677
    ],
    [
      -0.2632449556750021,
      -0.4677467435465456
    ],
    [
      -0.19912896646524728,
      -0.41846634161900875
    ],
    [
      -0.1255459227493193,
      -0.3611658484455857
    ],
    [
      -0.06477204619291595,
      -0.30486593850983523
    ],
    [
      0.0010757952011639337,
      -0.25785770212537373
    ],
    [
      0.06705152278980418,
      -0.18993948700827137
    ],
    [
      0.13759063509629982,
      -0.14254209025515172
    ],
    [
      0.20146109414722385,
      -0.07371785512305151
    ],
    [
      0.25999878746446603,
      -0.019212187505202823
    ],
    [
      0.3176362654913233,
      0.03995532077561347
    ],
    [
      0.3772666557452563,
      0.08594729013799296
    ],
    [
      0.4277433107839479,
      0.1589943641776946
    ],
    [
      0.4896592185499193,
      0.225064631091226
    ],
    [
      0.5433723178252166,
      0.2750284367809842
    ],
    [
      0.596287937052709,
      0.3336198727205122
    ],
    [
      0.6446798031059258,
      0.3906079646589355
    ],
    [
      0.6814238130847681,
      0.44288529749651323
    ],
    [
      0.7274928109006301,
      0.4894287877828074
    ],
    [
      0.7580026248912339,
      0.5283931077981874
    ],
    [
      0.7838812500366676,
      0.5754413344274216
    ],
    [
      0.8104250506872934,
      0.6188074214678939
    ]
  ],
  "complexity": 0.20514294705862743
}