{
  "id": 2751,
  "wedge_count": 1,
  "parameters": {
    "rotation_speeds": [
      2.3527393217205868
    ],
    "phi_x": [
      8.73452836780011
    ],
    "phi_y": [
      5.447493449619621
    ],
    "distances": [
      1.0,
      6.626888477590127
    ],
    "refractive_indices": [
      1.0,
      1.5,
      1.0
    ],
    "wedgenum": 1
  },
  "pattern": [
    [
      0.5845756474253172,
      0.5758744860194671
    ],
    [
      0.5983569345530722,
      0.6005973920781311
    ],
    [
      0.6337653938855073,
      0.6243152232457869
    ],
    [
      0.6450942466188264,
      0.6527665279327073
    ],
    [
      0.6699542805398829,
      0.6685376014019032
    ],
    [
      0.6858833803691378,
      0.6739641167924453
    ],
    [
      0.698931389838552,
      0.6905461316345884
    ],
    [
      0.7064998705588906,
      0.6995642486978839
    ],
    [
      0.7039970784287083,
      0.6986359899541676
    ],
    [
      0.705164859145201,
      0.704688558999491
    ],
    [
      0.7072948539855555,
      0.7064726940257328
    ],
    [
      0.6914853865794991,
      0.7018208133464396
    ],
    [
      0.6877961262912617,
      0.6904523136683259
    ],
    [
      0.6717171336976436,
      0.6946695420159533
    ],
    [
      0.6477653062773241,
      0.6922961946950694
    ],
    [
      0.6384965467142335,
      0.6606518960480492
    ],
    [
      0.6095532120498163,
      0.6558195640530622
    ],
    [
      0.585855856674972,
      0.6264353038630238
    ],
    [
      0.552889064973331,
      0.6057813408219846
    ],
    [
      0.5226872990853305,
      0.5824088830231162
    ],
    [
      0.4768371568342307,
      0.5518068014675644
    ],
    [
      0.44682147021405594,
      0.5196272081369522
    ],
    [
      0.41004332275995403,
      0.4823727252644879
    ],
    [
      0.3663761032762985,
      0.45168161867459816
    ],
    [
      0.3214437102356589,
      0.42492158050850726
    ],
    [
      0.27415309206276317,
      0.38786532913560234
    ],
    [
      0.2342147647864732,
      0.3422117754245762
    ],
    [
      0.18254784937243063,
      0.30488073650800757
    ],
    [
      0.1342704857020225,
      0.2621999779757614
    ],
    [
      0.07699764714664431,
      0.2195733346426545
    ],
    [
      0.022821600698411448,
      0.18223611075016313
    ],
    [
      -0.017743997954933716,
      0.14163732636031906
    ],
    [
      -0.07345131180282415,
      0.0807894210352739
    ],
    [
      -0.1322197512930087,
      0.03401738609060354
    ],
    [
      -0.1893214693702853,
      -0.006737042785335131
    ],
    [
      -0.2419633700314738,
      -0.06068399073187455
    ],
    [
      -0.2823377480818535,
      -0.0979084990601928
    ],
    [
      -0.32400257744386046,
      -0.14923929735434066
    ],
    [
      -0.38960394907335316,
      -0.20487213400925194
    ],
    [
      -0.43248292822704004,
      -0.24561327087072687
    ],
    [
      -0.4645172874164317,
      -0.29381545285046917
    ],
    [
      -0.5133131246502372,
      -0.3350502627715323
    ],
    [
      -0.5516739863996715,
      -0.37197199859116115
    ],
    [
      -0.586997146348123,
      -0.43352925219560334
    ],
    [
      -0.6260442324997233,
      -0.46565746974946043
    ],
    [
      -0.6551668827933863,
      -0.5061045040890345
    ],
    [
      -0.688268380527878,
      -0.54737850547531
    ],
    [
      -0.7071354621775616,
      -0.5698044796141922
    ],
    [
      -0.7380474643995312,
      -0.604613563629115
    ],
    [
      -0.7456716523831884,
      -0.6412877602815359
    ],
    [
      -0.7622181441301672,
      -0.6708955753939309
    ],
    [
      -0.7750096282427159,
      -0.6934314366979891
    ],
    [
      -0.7966052476922748,
      -0.7227102427111692
    ],
    [
      -0.7855966235910457,
      -0.7426426915584432
    ],
    [
      -0.7866747200739239,
      -0.7655221710918386
    ],
    [
      -0.7875428919053059,
      -0.7684763145610077
    ],
    [
      -0.7806080862225575,
      -0.7762322798814474
    ],
    [
      -0.7590747252815739,
      -0.7833463652051951
    ],
    [
      -0.746067680776298,
      -0.78621296246943
    ],
    [
      -0.7257181003902449,
      -0.795872829777322
    ]
  ],
  "complexity": 0.24007124881810912
}