{
  "id": 2600,
  "wedge_count": 6,
  "parameters": {
    "rotation_speeds": [
      1.9144484620808768,
      0.839409141728463,
      1.471594771690139,
      -0.9906018665404743,
      0.8539421291119451,
      1.994198819149763
    ],
    "phi_x": [
      13.617079560766904,
      -3.973295779107252,
      2.792614708906374,
      -12.012070196585551,
      -4.836938447573743,
      -4.288529978908466
    ],
    "phi_y": [
      -10.956687558561743,
      3.9260441405095605,
      6.6952799713908675,
      12.834271313386388,
      -3.2126581914353274,
      1.9939075605376395
    ],
    "distances": [
      1.0,
      5.203354174327929,
      4.690235252016955,
      5.582633022498183,
      5.424929820672139,
      5.413345613647046,
      2.824859618938968
    ],
    "refractive_indices": [
      1.0,
      1.5,
      1.5,
      1.5,
      1.5,
      1.5,
      1.5,
      1.0
    ],
    "wedgenum": 6
  },
  "pattern": [
    [
      3.4380011527080208,
      3.3669512517245375
    ],
    [
      3.4311157135107715,
      3.492678769145597
    ],
    [
      3.54214714255022,
      3.381682095415995
    ],
    [
      3.581121779335979,
      3.524528306051781
    ],
    [
      3.500953805235582,
      3.5870185142207087
    ],
    [
      3.6100332309994956,
      3.577879591022802
    ],
    [
      3.56219853297356,
      3.576502628399936
    ],
    [
      3.626720292458448,
      3.56348966587625
    ],
    [
      3.5546471694885704,
      3.5977035275568805
    ],
    [
      3.528490122650429,
      3.5457818910767402
    ],
    [
      3.5109700023754726,
      3.5564194931370334
    ],
    [
      3.426070342981741,
      3.538249011948604
    ],
    [
      3.4168574769203275,
      3.499820704630073
    ],
    [
      3.268215926055512,
      3.4808408634750365
    ],
    [
      3.3175337548005652,
      3.4063342194848363
    ],
    [
      3.2088193230497852,
      3.367999071402027
    ],
    [
      3.1822094231290845,
      3.2600595787870317
    ],
    [
      3.0545481388638627,
      3.174964764569471
    ],
    [
      2.9083564185021396,
      3.0577684132624476
    ],
    [
      2.786353124654642,
      3.0405101098505414
    ],
    [
      2.7076878146113,
      2.9094085527926254
    ],
    [
      2.6276674212803712,
      2.799407204220085
    ],
    [
      2.488537897567092,
      2.8032180753243714
    ],
    [
      2.3688651005206376,
      2.625625697209984
    ],
    [
      2.1724265262572144,
      2.574073600352344
    ],
    [
      1.9887045263635792,
      2.298598123054571
    ],
    [
      1.8309940720514493,
      2.2265930805311127
    ],
    [
      1.6631232479511675,
      2.126703439943968
    ],
    [
      1.5530555028304442,
      1.9965213455874433
    ],
    [
      1.3428952634546296,
      1.7748877468952484
    ],
    [
      1.1096775901686775,
      1.721092981811879
    ],
    [
      1.0296794471962034,
      1.5354018531369313
    ],
    [
      0.8550425559005186,
      1.4259030224508793
    ],
    [
      0.6980351010984872,
      1.2812166677657948
    ],
    [
      0.47296306115516745,
      1.1061075793142698
    ],
    [
      0.3033894324682414,
      0.9050027481150994
    ],
    [
      0.08970474158741322,
      0.7670319794399065
    ],
    [
      -0.05387415983369315,
      0.48514756773948725
    ],
    [
      -0.19164143030583167,
      0.4588761035091333
    ],
    [
      -0.31554607697352055,
      0.23807285336640463
    ],
    [
      -0.5060500988994332,
      0.11456408330991168
    ],
    [
      -0.5911148921839932,
      0.0007395430755039734
    ],
    [
      -0.8858665600869876,
      -0.23332661363685045
    ],
    [
      -1.0438177363136594,
      -0.37603111135360584
    ],
    [
      -1.1239490807388217,
      -0.5556588310817862
    ],
    [
      -1.3699459682499988,
      -0.6193553900566435
    ],
    [
      -1.429762719217258,
      -0.8436210268314333
    ],
    [
      -1.4731800934685053,
      -0.9805391878861303
    ],
    [
      -1.6731224356740513,
      -1.1198688707592337
    ],
    [
      -1.8311019643964672,
      -1.2423839101775245
    ],
    [
      -2.0175064698381093,
      -1.3045029628804734
    ],
    [
      -1.99770951714581,
      -1.501281651333241
    ],
    [
      -2.158666378981449,
      -1.56381770869556
    ],
    [
      -2.263990220222897,
      -1.7136456656743113
    ],
    [
      -2.262839662820387,
      -1.757259979394465
    ],
    [
      -2.2989849037283507,
      -1.8978359373599247
    ],
    [
      -2.369563773684818,
      -2.1265607429383775
    ],
    [
      -2.5135893053603224,
      -2.0407576678627666
    ],
    [
      -2.4713369150214493,
      -2.192938471923533
    ],
    [
      -2.557695724591099,
      -2.3137879234509273
    ]
  ],
  "complexity": 0.3974478230539045
}