{
  "id": 705,
  "wedge_count": 1,
  "parameters": {
    "rotation_speeds": [
      0.40502199639480274
    ],
    "phi_x": [
      -8.708637082489208
    ],
    "phi_y": [
      10.951185141357321
    ],
    "distances": [
      1.0,
      2.9498024038585675
    ],
    "refractive_indices": [
      1.0,
      1.5,
      1.0
    ],
    "wedgenum": 1
  },
  "pattern": [
    [
      0.5909062921023354,
      0.5835892986232523
    ],
    [
      0.6208817110928527,
      0.6199127795427832
    ],
    [
      0.6689891904075688,
      0.6662823865834065
    ],
    [
      0.7046749684476395,
      0.6911787850392536
    ],
    [
      0.7437587148677873,
      0.7296535806431557
    ],
    [
      0.7690222295479999,
      0.7521074602940363
    ],
    [
      0.7975908224366752,
      0.7954954291126326
    ],
    [
      0.8461880346425931,
      0.8165592196237235
    ],
    [
      0.8670431033701234,
      0.8499881929916429
    ],
    [
      0.8851988088245217,
      0.877298389232272
    ],
    [
      0.8965044187288059,
      0.8882388192700649
    ],
    [
      0.9312991633545592,
      0.9118833655578698
    ],
    [
      0.9386375500946158,
      0.9229917046322136
    ],
    [
      0.9425555852674911,
      0.9549867717613677
    ],
    [
      0.960571619336024,
      0.9451511453145824
    ],
    [
      0.968762716736589,
      0.9570799146978474
    ],
    [
      0.972926095987602,
      0.9675731638184231
    ],
    [
      0.9779565279488589,
      0.9652809887108486
    ],
    [
      0.9605331134177081,
      0.9860633905392238
    ],
    [
      0.9630140129433694,
      0.9709474380371872
    ],
    [
      0.9530509446095389,
      0.9710158244454394
    ],
    [
      0.9294927639255856,
      0.9648660998142011
    ],
    [
      0.9089105687560443,
      0.9568314809324409
    ],
    [
      0.8991406399876798,
      0.938695611688968
    ],
    [
      0.869687913136769,
      0.9242524113082088
    ],
    [
      0.8371128356948833,
      0.9120298597640016
    ],
    [
      0.8171756556375819,
      0.8833618535065043
    ],
    [
      0.779349003037058,
      0.8569953294130047
    ],
    [
      0.7442191164301112,
      0.8355483791126553
    ],
    [
      0.7019557534166888,
      0.8031662279863547
    ],
    [
      0.649588036386117,
      0.7807808343452556
    ],
    [
      0.6132934152468026,
      0.7453190931991552
    ],
    [
      0.575310775257777,
      0.7107426908728669
    ],
    [
      0.5327244636184769,
      0.6764648223507397
    ],
    [
      0.4809502399758901,
      0.631437213033165
    ],
    [
      0.4230361684870906,
      0.5900084828254342
    ],
    [
      0.3602182005010973,
      0.5462296644350187
    ],
    [
      0.31756263913765415,
      0.503781511742943
    ],
    [
      0.266133156188279,
      0.45716616816185607
    ],
    [
      0.2026032496346612,
      0.40861120414915003
    ],
    [
      0.1372081900153592,
      0.3663168643875964
    ],
    [
      0.08262011404904182,
      0.30933165419787817
    ],
    [
      0.02572694325493541,
      0.2628529779011799
    ],
    [
      -0.03885581157646436,
      0.19530903300787317
    ],
    [
      -0.0984838999639627,
      0.15420882906486844
    ],
    [
      -0.1537448949223321,
      0.11147185175708266
    ],
    [
      -0.21000624897285164,
      0.045897629213917664
    ],
    [
      -0.27496057470735197,
      -0.012364553999184763
    ],
    [
      -0.3420712628115055,
      -0.0625986588724423
    ],
    [
      -0.39306206486504247,
      -0.1092610107358354
    ],
    [
      -0.46151489518328215,
      -0.16466127051798213
    ],
    [
      -0.5017676331842026,
      -0.22869291502397246
    ],
    [
      -0.5510344037714049,
      -0.281309018507727
    ],
    [
      -0.6098335111505331,
      -0.3390501258274111
    ],
    [
      -0.6647303780660327,
      -0.39094009533901763
    ],
    [
      -0.7046910281176157,
      -0.44448349730802866
    ],
    [
      -0.7608229616860873,
      -0.4867825887331293
    ],
    [
      -0.7944107683250146,
      -0.5413336359005962
    ],
    [
      -0.8423347427996063,
      -0.6026334302428689
    ],
    [
      -0.8809096914913926,
      -0.633116143210731
    ]
  ],
  "complexity": 0.22572900567654833
}