{
  "id": 4124,
  "wedge_count": 5,
  "parameters": {
    "rotation_speeds": [
      1.8683988782573486,
      1.452105737534139,
      0.37480593575151566,
      1.636652407991921,
      -2.855717702984644
    ],
    "phi_x": [
      -3.3410123353528185,
      -13.96973668931671,
      -11.230797475176507,
      -0.04493785935678396,
      -8.27970952610058
    ],
    "phi_y": [
      3.450913873904245,
      -0.668727000364699,
      5.381456325871923,
      -3.407060316567202,
      3.3403258293367735
    ],
    "distances": [
      1.0,
      5.926048897529769,
      4.991007226014121,
      2.119171284618094,
      2.7084317689246378,
      7.178552344751008
    ],
    "refractive_indices": [
      1.0,
      1.5,
      1.5,
      1.5,
      1.5,
      1.5,
      1.0
    ],
    "wedgenum": 5
  },
  "pattern": [
    [
      2.7119056775402326,
      2.7374128601529426
    ],
    [
      2.7232318286359813,
      2.605874718408239
    ],
    [
      2.7789901354388054,
      2.685485462837214
    ],
    [
      2.7292633894434464,
      2.8226587218462305
    ],
    [
      2.7369809914961403,
      2.8244597855234024
    ],
    [
      2.801679166491977,
      2.7946216484587945
    ],
    [
      2.817604160947328,
      2.7819068247832623
    ],
    [
      2.81465840089323,
      2.7901069154688702
    ],
    [
      2.719272204003592,
      2.7755043496608405
    ],
    [
      2.7992593734256213,
      2.7798696567890766
    ],
    [
      2.689025822168853,
      2.750504415141361
    ],
    [
      2.7052061232541744,
      2.7062987367358504
    ],
    [
      2.7151104807342628,
      2.71561148976714
    ],
    [
      2.7130514778784796,
      2.6400619251401145
    ],
    [
      2.805838614700753,
      2.6878902559382136
    ],
    [
      2.616460993509941,
      2.674266258606722
    ],
    [
      2.531867104781307,
      2.596033498227734
    ],
    [
      2.4808443080370677,
      2.598875015244852
    ],
    [
      2.4784845462201006,
      2.53894420685722
    ],
    [
      2.4284493810021037,
      2.5742353495498205
    ],
    [
      2.392630650993758,
      2.5101922348230468
    ],
    [
      2.3811586188052125,
      2.373819349666672
    ],
    [
      2.301932211872913,
      2.29369265328136
    ],
    [
      2.1954030045530475,
      2.2709697835625446
    ],
    [
      2.147506525628982,
      2.3298325344446025
    ],
    [
      2.028668086142746,
      2.2569030353945285
    ],
    [
      1.954519406563978,
      2.0941869371130917
    ],
    [
      1.826366508125573,
      2.0588933328617642
    ],
    [
      1.7525267265719888,
      1.901110822646171
    ],
    [
      1.7664924459659201,
      1.9604371337768285
    ],
    [
      1.626431328482765,
      1.8176972892049488
    ],
    [
      1.540108936541797,
      1.7176043233385943
    ],
    [
      1.4672755222125256,
      1.6618847963625574
    ],
    [
      1.3562637155504245,
      1.7230421228643242
    ],
    [
      1.3362125380735663,
      1.525003466814784
    ],
    [
      1.203043024336329,
      1.4855071978335226
    ],
    [
      1.0932567067962702,
      1.4379740522226758
    ],
    [
      1.0034725608407173,
      1.414240975539434
    ],
    [
      1.0109031356998772,
      1.188355203574292
    ],
    [
      0.9593348752906035,
      1.2394757812459538
    ],
    [
      0.7529905440593422,
      1.1865719332634144
    ],
    [
      0.6851617227336982,
      0.9937692800474188
    ],
    [
      0.6698941102582869,
      0.9937735072453384
    ],
    [
      0.5685488727730598,
      0.9592515719531102
    ],
    [
      0.543801936214021,
      0.9168210906331125
    ],
    [
      0.45737487214993794,
      0.7602663836445008
    ],
    [
      0.36863463395970103,
      0.6512939540802574
    ],
    [
      0.20581643071608796,
      0.7124363421042081
    ],
    [
      0.15776699137940425,
      0.5605800332607436
    ],
    [
      0.15245854938444992,
      0.47013940450496083
    ],
    [
      0.019734193484182184,
      0.37849243529047005
    ],
    [
      0.03326490667146692,
      0.368021790504761
    ],
    [
      -0.08142654519062428,
      0.27404402623397195
    ],
    [
      -0.17043889926512068,
      0.3224426635798957
    ],
    [
      -0.11421838548695767,
      0.14222017905210577
    ],
    [
      -0.21252724598231884,
      0.14110486616640733
    ],
    [
      -0.33369230526533844,
      0.02925369860263776
    ],
    [
      -0.28427521173660814,
      0.07170448437101463
    ],
    [
      -0.3373585889866433,
      -0.06183458647508764
    ],
    [
      -0.2760502805472425,
      -0.1409272658964323
    ]
  ],
  "complexity": 0.3120754563068854
}