{
  "id": 2725,
  "wedge_count": 1,
  "parameters": {
    "rotation_speeds": [
      2.099457132163608
    ],
    "phi_x": [
      6.895936773088103
    ],
    "phi_y": [
      5.218682980354323
    ],
    "distances": [
      1.0,
      6.034243241947707
    ],
    "refractive_indices": [
      1.0,
      1.5,
      1.0
    ],
    "wedgenum": 1
  },
  "pattern": [
    [
      0.45738683116532447,
      0.4594905888198164
    ],
    [
      0.4813711293514814,
      0.4871972679566607
    ],
    [
      0.5082500316098503,
      0.506945944517736
    ],
    [
      0.5351056867760545,
      0.523691862076081
    ],
    [
      0.5505777385282766,
      0.5317249288695794
    ],
    [
      0.5600331105158475,
      0.550450332005592
    ],
    [
      0.5805602258359277,
      0.5650822084934477
    ],
    [
      0.5860571418491953,
      0.575240479745001
    ],
    [
      0.5820637731265388,
      0.5870444263234575
    ],
    [
      0.5867383230835478,
      0.601675089677068
    ],
    [
      0.5993881722738991,
      0.5933998976638921
    ],
    [
      0.5884265265078735,
      0.5863992925972721
    ],
    [
      0.5891208738458147,
      0.5941415227072027
    ],
    [
      0.5769222140173207,
      0.5939389060521232
    ],
    [
      0.5712594852412924,
      0.5926203970898858
    ],
    [
      0.555299444215392,
      0.5757745611120616
    ],
    [
      0.5435730009445795,
      0.5620273669034956
    ],
    [
      0.5124864455900984,
      0.5596412229930326
    ],
    [
      0.4976598452891735,
      0.5335342821701076
    ],
    [
      0.47001291567819736,
      0.5166061191586276
    ],
    [
      0.44469972896977,
      0.4940886440588377
    ],
    [
      0.4073964511049636,
      0.4749000998014843
    ],
    [
      0.3843110301142028,
      0.4504376951296407
    ],
    [
      0.3478232375403769,
      0.42326395718903825
    ],
    [
      0.3125090333040862,
      0.3986836963989657
    ],
    [
      0.287731856858904,
      0.3646286251847713
    ],
    [
      0.2288376121595262,
      0.32784489992256366
    ],
    [
      0.1967118253131097,
      0.302806277333422
    ],
    [
      0.15303805001380863,
      0.2644079665212097
    ],
    [
      0.10864104363666156,
      0.22887457248312024
    ],
    [
      0.06232108128105546,
      0.18757781889701436
    ],
    [
      0.022455289565819225,
      0.15022184079343173
    ],
    [
      -0.016851445891172663,
      0.10776646827905922
    ],
    [
      -0.06291678104603446,
      0.07055296270766737
    ],
    [
      -0.12027106318566795,
      0.03764069108687783
    ],
    [
      -0.14661352318822427,
      0.0019567313854722823
    ],
    [
      -0.2026733713256748,
      -0.03921250826516047
    ],
    [
      -0.23653470115162123,
      -0.08713328745141476
    ],
    [
      -0.28356332334385576,
      -0.12904372952747561
    ],
    [
      -0.3162544065341647,
      -0.16576157634807645
    ],
    [
      -0.37263837014730083,
      -0.21947634219651924
    ],
    [
      -0.4013861787311829,
      -0.25226208026528557
    ],
    [
      -0.43441153944827116,
      -0.28903603394765326
    ],
    [
      -0.47327210425516253,
      -0.3145677239575614
    ],
    [
      -0.49969624046390765,
      -0.3627058282964821
    ],
    [
      -0.5265348394687365,
      -0.40083423209496216
    ],
    [
      -0.5598243164955782,
      -0.42290365775861233
    ],
    [
      -0.5827338899266089,
      -0.45717268942133327
    ],
    [
      -0.6004622661110005,
      -0.48307980661454264
    ],
    [
      -0.6221005128433319,
      -0.518332796772843
    ],
    [
      -0.6467185121279716,
      -0.5458067135520268
    ],
    [
      -0.6539843760002854,
      -0.5650418353255406
    ],
    [
      -0.6579530361878888,
      -0.5911330512222609
    ],
    [
      -0.6686836663948607,
      -0.616155824361409
    ],
    [
      -0.6713397222412493,
      -0.6252366827010272
    ],
    [
      -0.6667073156813905,
      -0.6411109167848088
    ],
    [
      -0.6658874492523895,
      -0.6639773263672312
    ],
    [
      -0.6524770449686162,
      -0.6642289841395805
    ],
    [
      -0.6441042046294736,
      -0.6658194912842208
    ],
    [
      -0.6287176335145243,
      -0.6643869472452862
    ]
  ],
  "complexity": 0.22418681844467336
}