{
  "id": 1395,
  "wedge_count": 3,
  "parameters": {
    "rotation_speeds": [
      -1.9556946760691822,
      -2.493403468445957,
      2.810705199173121
    ],
    "phi_x": [
      -6.544992591203336,
      -14.491789771206273,
      3.4173137780857346
    ],
    "phi_y": [
      3.9520554194107405,
      4.842830835635464,
      -11.430922601539557
    ],
    "distances": [
      1.0,
      2.399516247246158,
      7.354785658856221,
      3.3714603962495495
    ],
    "refractive_indices": [
      1.0,
      1.5,
      1.5,
      1.5,
      1.0
    ],
    "wedgenum": 3
  },
  "pattern": [
    [
      1.987235751808285,
      1.9491917415190687
    ],
    [
      1.9803701707639378,
      1.9517541738279502
    ],
    [
      2.0937583410125544,
      1.9964177200559259
    ],
    [
      2.0256630246386704,
      1.9426412326163516
    ],
    [
      1.9452092441563236,
      1.951435538544199
    ],
    [
      1.9779696735081138,
      2.0050268581359894
    ],
    [
      1.9824366677328855,
      1.9635944387330901
    ],
    [
      1.9279107492740577,
      1.9087551327267882
    ],
    [
      1.90131546322232,
      1.8881750869886083
    ],
    [
      1.8605924747016909,
      1.8874299045639173
    ],
    [
      1.7613844031947508,
      1.8222524421137039
    ],
    [
      1.8250766033342325,
      1.8647126076438172
    ],
    [
      1.719743028612095,
      1.7797201435097738
    ],
    [
      1.58172658245663,
      1.7608248057768898
    ],
    [
      1.5496764555920917,
      1.6238486901612712
    ],
    [
      1.3700348923476793,
      1.5077184578255112
    ],
    [
      1.3445374366899538,
      1.4604722436041777
    ],
    [
      1.2683198378243625,
      1.4015770857863952
    ],
    [
      1.179125253541954,
      1.3488672963959911
    ],
    [
      1.058655164375333,
      1.271338195756706
    ],
    [
      0.9581103981387054,
      1.1131685925918502
    ],
    [
      0.8237808416487133,
      1.0891721436401016
    ],
    [
      0.7011857498103804,
      0.985413355947091
    ],
    [
      0.5568359489683039,
      0.9170331790333583
    ],
    [
      0.43656872994395945,
      0.7027066624203433
    ],
    [
      0.23031140434350592,
      0.6212490665521486
    ],
    [
      0.15265994781932865,
      0.5403320942709955
    ],
    [
      -0.00865390809538922,
      0.3434202515875671
    ],
    [
      -0.08138243533647348,
      0.21967039658808976
    ],
    [
      -0.2767777809514525,
      0.07650152020904447
    ],
    [
      -0.38720097436425815,
      0.08175362708400075
    ],
    [
      -0.5423661522811793,
      -0.20432151108284852
    ],
    [
      -0.6142660574666913,
      -0.17640952695622977
    ],
    [
      -0.807348988580198,
      -0.3346284584753709
    ],
    [
      -0.9596570733744753,
      -0.5186450096776865
    ],
    [
      -1.009314944063592,
      -0.5552940246964818
    ],
    [
      -1.1992183357575728,
      -0.7541307031715123
    ],
    [
      -1.2792669248307043,
      -0.8491362015630272
    ],
    [
      -1.3927330682538073,
      -0.8901495098241794
    ],
    [
      -1.5778898185702408,
      -1.0615328020684363
    ],
    [
      -1.5954126667363104,
      -1.2426624527761672
    ],
    [
      -1.717667660183974,
      -1.1887380528186766
    ],
    [
      -1.8160526942732942,
      -1.2579162480052393
    ],
    [
      -1.8488173356662336,
      -1.3750084504831377
    ],
    [
      -1.9313904002959155,
      -1.5361351597661859
    ],
    [
      -2.051964173992384,
      -1.553165807791739
    ],
    [
      -2.020977771928673,
      -1.6538978833962747
    ],
    [
      -2.1245075406199514,
      -1.7539171926482728
    ],
    [
      -2.201595374168319,
      -1.9147293195202129
    ],
    [
      -2.110936539919526,
      -1.9401177301291717
    ],
    [
      -2.172445631050251,
      -1.9443592341360125
    ],
    [
      -2.2081708149410946,
      -1.947107520083622
    ],
    [
      -2.229049292097871,
      -2.177497566616607
    ],
    [
      -2.3006106107847737,
      -2.0528040309668922
    ],
    [
      -2.2109195682810885,
      -2.093499127742598
    ],
    [
      -2.161441290743208,
      -2.034497994340018
    ],
    [
      -2.208082700448699,
      -2.2216775021894306
    ],
    [
      -2.0922980947236955,
      -2.1875862433762547
    ],
    [
      -2.044737028471749,
      -2.1989937985694774
    ],
    [
      -1.9493088190722347,
      -2.2113157943016892
    ]
  ],
  "complexity": 0.3494553864420209
}