{
  "id": 3809,
  "wedge_count": 6,
  "parameters": {
    "rotation_speeds": [
      -0.3470045651928628,
      -1.537253353085193,
      -1.8651978309286918,
      -0.5064698220235857,
      -2.982531916640749,
      -0.04062315778187475
    ],
    "phi_x": [
      5.305388727522281,
      -0.4483301259182966,
      2.0599732028133566,
      -4.020173694379423,
      -12.971085398900694,
      -10.326293463001575
    ],
    "phi_y": [
      -11.995420480115078,
      12.728175256220005,
      -8.803793768937469,
      -0.5036939226367796,
      -2.4296191295503835,
      12.051216845465976
    ],
    "distances": [
      1.0,
      4.651531500099446,
      4.039862011160946,
      2.5275366060842144,
      2.6249463252214866,
      5.758576449030523,
      3.805016145267924
    ],
    "refractive_indices": [
      1.0,
      1.5,
      1.5,
      1.5,
      1.5,
      1.5,
      1.5,
      1.0
    ],
    "wedgenum": 6
  },
  "pattern": [
    [
      3.051928476733939,
      3.066488671769808
    ],
    [
      3.0246263058935576,
      3.1300491580689855
    ],
    [
      2.9559570817178025,
      2.9209815873680296
    ],
    [
      2.849173929510487,
      2.911074172902233
    ],
    [
      2.8525947716804723,
      2.9532197556092896
    ],
    [
      2.863962339077041,
      2.843117388612707
    ],
    [
      2.7142755809970147,
      2.74285569426277
    ],
    [
      2.705870729569657,
      2.6367969052015616
    ],
    [
      2.625626000737911,
      2.598068489770097
    ],
    [
      2.5509942945948954,
      2.6238395884727512
    ],
    [
      2.4706262626403017,
      2.481931508014015
    ],
    [
      2.3139376205373257,
      2.506871334234829
    ],
    [
      2.3470945178901133,
      2.3549818242871465
    ],
    [
      2.294589260212639,
      2.4260594197777943
    ],
    [
      2.1302238871606236,
      2.2786441889481472
    ],
    [
      2.05170567251613,
      2.2139282690963835
    ],
    [
      2.027030095969201,
      2.0677964122325188
    ],
    [
      1.9170354695423475,
      1.9871064407082764
    ],
    [
      1.7612615616219602,
      1.9394380023638762
    ],
    [
      1.755257795807221,
      1.7745161307707846
    ],
    [
      1.7238996923460845,
      1.7635099719978273
    ],
    [
      1.5031426524957712,
      1.6052104345204166
    ],
    [
      1.4934507301360387,
      1.6322813166583119
    ],
    [
      1.2773316493052271,
      1.4423134527635513
    ],
    [
      1.2055270870773813,
      1.4268758919155662
    ],
    [
      1.128526207236369,
      1.2365492783241014
    ],
    [
      1.0453874039987716,
      1.1908788435424986
    ],
    [
      0.8026076763515378,
      1.0449267313380242
    ],
    [
      0.7806243494830505,
      0.9848550803162889
    ],
    [
      0.6017988069004828,
      0.8625384000503485
    ],
    [
      0.6716462927282847,
      0.8231150756631153
    ],
    [
      0.4739937065730468,
      0.7148461768871572
    ],
    [
      0.3875643091760785,
      0.6506160350267872
    ],
    [
      0.3705516006160132,
      0.5147768722847185
    ],
    [
      0.0959052317241517,
      0.520733416624957
    ],
    [
      0.09997467628977652,
      0.4070796044992916
    ],
    [
      -0.05977349734958901,
      0.24327517255969414
    ],
    [
      -0.12858120668345704,
      0.16308273287390906
    ],
    [
      -0.21982894697686348,
      0.0858124675151806
    ],
    [
      -0.2874642057714463,
      0.018131420740445797
    ],
    [
      -0.4297604079169215,
      -0.08965240283380535
    ],
    [
      -0.3734652556043776,
      -0.16274459903002148
    ],
    [
      -0.5459373215213611,
      -0.2170817357911287
    ],
    [
      -0.6112381000582338,
      -0.30138375601583806
    ],
    [
      -0.5821490494225785,
      -0.4087258103795596
    ],
    [
      -0.6894162337641566,
      -0.4940968083747015
    ],
    [
      -0.7460148899826312,
      -0.45982148061733197
    ],
    [
      -0.77923906977331,
      -0.6106857818537883
    ],
    [
      -0.789259607110272,
      -0.617852790345345
    ],
    [
      -0.8015089876625046,
      -0.7092706126624962
    ],
    [
      -0.8911502586896952,
      -0.7720506187378426
    ],
    [
      -0.8312057685695814,
      -0.7796556331740996
    ],
    [
      -0.90761708239436,
      -0.7163492497285122
    ],
    [
      -0.93343729024273,
      -0.6787024889048586
    ],
    [
      -0.8934590763820339,
      -0.7937026619872217
    ],
    [
      -0.792263727055593,
      -0.8598869679815371
    ],
    [
      -0.8808916283352434,
      -0.8216552420092521
    ],
    [
      -0.8280587465474794,
      -0.8471002944049764
    ],
    [
      -0.8248980207412611,
      -0.858510950542154
    ],
    [
      -0.7579612483592845,
      -0.8766037310461139
    ]
  ],
  "complexity": 0.34412146360997625
}