{
  "id": 1735,
  "wedge_count": 4,
  "parameters": {
    "rotation_speeds": [
      0.8300241499033909,
      2.106853717824716,
      2.4190592401816007,
      0.4703389420554611
    ],
    "phi_x": [
      -5.498109414583208,
      -9.650026290455443,
      -10.959002311356615,
      13.536175309679042
    ],
    "phi_y": [
      0.06787514959960816,
      -3.248094188200728,
      13.357933336592438,
      9.845123198558984
    ],
    "distances": [
      1.0,
      5.979933295766196,
      2.9458521994493685,
      2.970660265294109,
      6.517726457869884
    ],
    "refractive_indices": [
      1.0,
      1.5,
      1.5,
      1.5,
      1.5,
      1.0
    ],
    "wedgenum": 4
  },
  "pattern": [
    [
      3.2153822780549413,
      3.1957343992790412
    ],
    [
      3.310326303786864,
      3.2100234270073877
    ],
    [
      3.3832795322301568,
      3.34014567832034
    ],
    [
      3.2642109484120296,
      3.3037149192620943
    ],
    [
      3.2758330238648856,
      3.410391520803808
    ],
    [
      3.3810635611721684,
      3.287869692450624
    ],
    [
      3.332033932750417,
      3.327903702788903
    ],
    [
      3.4136133000680444,
      3.4143267703455087
    ],
    [
      3.366182760865673,
      3.31331965331132
    ],
    [
      3.380595849751796,
      3.408856396124818
    ],
    [
      3.3561475353557806,
      3.4000228676997306
    ],
    [
      3.1956929953838897,
      3.340813943609789
    ],
    [
      3.143973885949742,
      3.2817994986951886
    ],
    [
      3.0898858875044892,
      3.2793278572132127
    ],
    [
      3.0176441193702765,
      3.231883217044197
    ],
    [
      2.958012805016396,
      3.174086879179174
    ],
    [
      2.9098912829531747,
      3.093531022114806
    ],
    [
      2.8583871875288356,
      3.0119228656861843
    ],
    [
      2.6515008100660955,
      2.922175695186041
    ],
    [
      2.6090469547517348,
      2.9167811262665615
    ],
    [
      2.406550653070274,
      2.823560911879563
    ],
    [
      2.3483595862983413,
      2.778496887001312
    ],
    [
      2.190789165938479,
      2.6123302892969087
    ],
    [
      2.10913825791354,
      2.410223426142077
    ],
    [
      1.9897286635136926,
      2.3914603419344815
    ],
    [
      1.7705610507700373,
      2.25975363146188
    ],
    [
      1.7025833580687615,
      2.1177599839516676
    ],
    [
      1.6791707482781673,
      2.03271789538006
    ],
    [
      1.3443768845547568,
      1.9622621089981445
    ],
    [
      1.2983261385354183,
      1.7690149419645094
    ],
    [
      1.0976349070165672,
      1.6048727792083317
    ],
    [
      0.9165232049652248,
      1.5612965114210728
    ],
    [
      0.8983526918165523,
      1.37579609831657
    ],
    [
      0.676971052147688,
      1.2354694764210965
    ],
    [
      0.5392592316313194,
      1.086420964864157
    ],
    [
      0.3445653548219173,
      0.9587479122686271
    ],
    [
      0.2733253392838873,
      0.8725226140210922
    ],
    [
      0.15868453488812018,
      0.6838807687255839
    ],
    [
      0.06446311659570089,
      0.5800590971192223
    ],
    [
      -0.09432527263519142,
      0.5337983117686905
    ],
    [
      -0.20724099279040298,
      0.28441618038997685
    ],
    [
      -0.2739581450940498,
      0.23497002484987656
    ],
    [
      -0.40483859561210556,
      0.07332836267660238
    ],
    [
      -0.5471598954572218,
      -0.032925992548999375
    ],
    [
      -0.5607563564002156,
      -0.16850111352863595
    ],
    [
      -0.6262389043431789,
      -0.15272211535018954
    ],
    [
      -0.8071754424716079,
      -0.34841359188337534
    ],
    [
      -0.8497787663575294,
      -0.5030852452215707
    ],
    [
      -0.9119914152052934,
      -0.5641115269965967
    ],
    [
      -0.957369435051351,
      -0.5612473109869758
    ],
    [
      -0.9173717614882492,
      -0.64880467767631
    ],
    [
      -1.1122341606249457,
      -0.7609930936315477
    ],
    [
      -1.0679952822771064,
      -0.833250317671515
    ],
    [
      -1.1050207357630035,
      -0.7767167417697657
    ],
    [
      -1.0158696019835514,
      -0.937568698993738
    ],
    [
      -1.0385445414788659,
      -0.9525087170905767
    ],
    [
      -0.990044009593851,
      -0.9733836177369842
    ],
    [
      -1.0083274220034857,
      -1.02135664893712
    ],
    [
      -0.9832806463810475,
      -1.0714247154224965
    ],
    [
      -0.9384978251551354,
      -1.0116279005712736
    ]
  ],
  "complexity": 0.37467514839902266
}