{
  "id": 390,
  "wedge_count": 6,
  "parameters": {
    "rotation_speeds": [
      2.387306470542981,
      -0.9878325731380588,
      1.268376408580858,
      -1.1741666437922926,
      -1.8676466598758312,
      -0.16986812512674554
    ],
    "phi_x": [
      9.504790273646478,
      13.184117626478525,
      -13.056447176656325,
      -4.194755929979886,
      13.311277591078671,
      -4.355444561371712
    ],
    "phi_y": [
      4.500667547216036,
      -4.986809345784792,
      11.879274048306598,
      7.583986756946295,
      -5.963613628653842,
      7.361464045025624
    ],
    "distances": [
      1.0,
      6.0361389338080205,
      4.808294189157697,
      7.110446207704376,
      3.625401693277949,
      2.5505779119200254,
      5.556085915986079
    ],
    "refractive_indices": [
      1.0,
      1.5,
      1.5,
      1.5,
      1.5,
      1.5,
      1.5,
      1.0
    ],
    "wedgenum": 6
  },
  "pattern": [
    [
      4.802534556833751,
      4.796870048522483
    ],
    [
      4.812874526238159,
      4.734937300956687
    ],
    [
      4.787221433130806,
      4.753524201313121
    ],
    [
      4.786195695615787,
      4.887512165314988
    ],
    [
      4.8928468619631,
      4.83665913437012
    ],
    [
      4.879521416717579,
      4.813535644287306
    ],
    [
      4.882302698509125,
      4.8598114524977145
    ],
    [
      4.844967487844427,
      4.873248578767515
    ],
    [
      4.774554178003832,
      4.69284060601653
    ],
    [
      4.704297367843302,
      4.788822208216797
    ],
    [
      4.628997228562724,
      4.741170495932941
    ],
    [
      4.759399367860447,
      4.734177358175171
    ],
    [
      4.676602060891331,
      4.631612864503347
    ],
    [
      4.497327868692669,
      4.662531709987959
    ],
    [
      4.431674167786543,
      4.4442605314592605
    ],
    [
      4.518634460336529,
      4.44118748793124
    ],
    [
      4.292567430444778,
      4.274982735614153
    ],
    [
      4.13653515470271,
      4.332138872474087
    ],
    [
      4.037908011083394,
      4.158496864473039
    ],
    [
      3.9073197324930256,
      4.099877933051795
    ],
    [
      3.831373926447582,
      3.956357409385165
    ],
    [
      3.6925881289162206,
      3.930821874852167
    ],
    [
      3.5344943435865064,
      3.797130991677081
    ],
    [
      3.3668130097838707,
      3.624249549032253
    ],
    [
      3.271758271559207,
      3.608482344282242
    ],
    [
      3.1487090205151267,
      3.39934155718127
    ],
    [
      2.985702647229807,
      3.292679019228147
    ],
    [
      2.7844671303491793,
      3.1074463494774203
    ],
    [
      2.563109626618601,
      3.0097268999285887
    ],
    [
      2.4165512833565694,
      2.8121554276058554
    ],
    [
      2.2911956722080227,
      2.746448426399726
    ],
    [
      2.075048118956276,
      2.5324607949428706
    ],
    [
      1.8574938607948506,
      2.4477971094740782
    ],
    [
      1.7443459988723902,
      2.2289338659158022
    ],
    [
      1.4533369901665192,
      2.031594201208451
    ],
    [
      1.3805832406163465,
      1.8606223354134723
    ],
    [
      1.1102799141336666,
      1.7077250272869648
    ],
    [
      1.0351945505869964,
      1.576433634439508
    ],
    [
      0.7784692049722809,
      1.4741207893592563
    ],
    [
      0.6348206079124342,
      1.2591049740834988
    ],
    [
      0.4702572073336177,
      1.0548861278877726
    ],
    [
      0.3580157650034883,
      0.8880936747176841
    ],
    [
      0.1398399941755229,
      0.7379032937327338
    ],
    [
      -0.07568440704833962,
      0.5776105542694098
    ],
    [
      -0.2348655039744543,
      0.34773600608698474
    ],
    [
      -0.4042519408799099,
      0.23300841735129552
    ],
    [
      -0.5934933497794126,
      0.13795001342610266
    ],
    [
      -0.6922946653597413,
      0.014952330333418348
    ],
    [
      -0.8141636734159932,
      -0.29889000034830354
    ],
    [
      -1.0502687088874412,
      -0.25652541221914293
    ],
    [
      -1.1318538773167057,
      -0.40077494023686305
    ],
    [
      -1.3020712215154082,
      -0.5933998004244542
    ],
    [
      -1.4044756927444777,
      -0.6838284912822036
    ],
    [
      -1.5339404027838401,
      -0.8687466549573869
    ],
    [
      -1.624672617074846,
      -1.037823938695547
    ],
    [
      -1.6342590592985722,
      -1.2060717182044796
    ],
    [
      -1.8331825780895314,
      -1.220117715814796
    ],
    [
      -1.7967001848315705,
      -1.3387783469694983
    ],
    [
      -2.146690832461225,
      -1.4546631436294577
    ],
    [
      -2.099229720044006,
      -1.5704393646774428
    ]
  ],
  "complexity": 0.43381604493637854
}