{
  "id": 2272,
  "wedge_count": 1,
  "parameters": {
    "rotation_speeds": [
      -0.8474414061402671
    ],
    "phi_x": [
      11.111746550864744
    ],
    "phi_y": [
      5.500722589899308
    ],
    "distances": [
      1.0,
      4.917399302048439
    ],
    "refractive_indices": [
      1.0,
      1.5,
      1.0
    ],
    "wedgenum": 1
  },
  "pattern": [
    [
      0.7386054573326374,
      0.7321143172640386
    ],
    [
      0.7096546264970058,
      0.709892214124673
    ],
    [
      0.677065903229849,
      0.6816371024603147
    ],
    [
      0.6494346245326348,
      0.6547368398028776
    ],
    [
      0.6035137407082648,
      0.6255992337350007
    ],
    [
      0.5578790628697653,
      0.5876632352362583
    ],
    [
      0.5201741132498595,
      0.5529898363730119
    ],
    [
      0.47113971466383725,
      0.5072171338336406
    ],
    [
      0.43216523053735983,
      0.466453065614988
    ],
    [
      0.37752540550336916,
      0.4263927645046602
    ],
    [
      0.32160606622631294,
      0.372492132824447
    ],
    [
      0.2748841937756403,
      0.33288320488109624
    ],
    [
      0.22267855054254482,
      0.27488456668351013
    ],
    [
      0.16548623425429765,
      0.23417656019004507
    ],
    [
      0.10819690752373108,
      0.18037619187290652
    ],
    [
      0.0668377738555404,
      0.14424916293437798
    ],
    [
      0.01690163211334339,
      0.0974355181568259
    ],
    [
      -0.05407805872926802,
      0.047636912408070206
    ],
    [
      -0.09839306577137652,
      -0.0004225749568626093
    ],
    [
      -0.15992859528498868,
      -0.050069921238123996
    ],
    [
      -0.20914628150275116,
      -0.10214166035821981
    ],
    [
      -0.2507814305506212,
      -0.15784414272854233
    ],
    [
      -0.2989658616290736,
      -0.19376110825836623
    ],
    [
      -0.3556742101099525,
      -0.22736452211498723
    ],
    [
      -0.39739814446811644,
      -0.2857181783693618
    ],
    [
      -0.44471205364771327,
      -0.33171148755873603
    ],
    [
      -0.48650854191994264,
      -0.36884541078584376
    ],
    [
      -0.5183139548575935,
      -0.40691729766621715
    ],
    [
      -0.5611816789003092,
      -0.4472295214464379
    ],
    [
      -0.574810685063706,
      -0.4930825285530164
    ],
    [
      -0.6175841356203071,
      -0.51557214310496
    ],
    [
      -0.6551827660254241,
      -0.5450053105689666
    ],
    [
      -0.6699240318711983,
      -0.5731643667352073
    ],
    [
      -0.6931185619138908,
      -0.6063733737101733
    ],
    [
      -0.7002400480935913,
      -0.6327660292758883
    ],
    [
      -0.7234160264788728,
      -0.6516339124158999
    ],
    [
      -0.7265797452421686,
      -0.668090949699673
    ],
    [
      -0.7453975061891619,
      -0.6857944693439301
    ],
    [
      -0.7358246239286867,
      -0.7074970710835955
    ],
    [
      -0.7373799776699838,
      -0.7049432573089685
    ],
    [
      -0.7316472325074349,
      -0.7205836533006739
    ],
    [
      -0.7229361441532496,
      -0.7293385153442805
    ],
    [
      -0.7104889127553906,
      -0.7305575549546732
    ],
    [
      -0.6951136503696562,
      -0.7262264066753413
    ],
    [
      -0.6777366534012766,
      -0.7284007790661278
    ],
    [
      -0.6615717419702364,
      -0.7134217972818211
    ],
    [
      -0.6419616517334645,
      -0.7053563817950352
    ],
    [
      -0.6183350195795035,
      -0.6965872374204902
    ],
    [
      -0.5843412642908649,
      -0.688651199689028
    ],
    [
      -0.5581888747318611,
      -0.670487215583908
    ],
    [
      -0.5119695481149393,
      -0.6469674653565565
    ],
    [
      -0.49018303517660183,
      -0.6263916981289621
    ],
    [
      -0.44518005106975855,
      -0.6027133546527571
    ],
    [
      -0.3915556590143727,
      -0.5751381625496648
    ],
    [
      -0.36438519892237775,
      -0.5447906374912113
    ],
    [
      -0.3156618724166584,
      -0.525081006695961
    ],
    [
      -0.2692932320847281,
      -0.48781821165658124
    ],
    [
      -0.21902167074755644,
      -0.4580428763942511
    ],
    [
      -0.1812745378024854,
      -0.42597922160994145
    ],
    [
      -0.13661938936904558,
      -0.37901321265717386
    ]
  ],
  "complexity": 0.20245722234105512
}