{
  "id": 4498,
  "wedge_count": 3,
  "parameters": {
    "rotation_speeds": [
      -0.0867193317085837,
      1.648392521909651,
      2.129304890773412
    ],
    "phi_x": [
      -1.9930618119030736,
      9.40867832281318,
      -3.179284995838225
    ],
    "phi_y": [
      14.29032866597197,
      4.158577661343408,
      -8.386954546677007
    ],
    "distances": [
      1.0,
      3.1331280986837795,
      5.636999403777899,
      6.534687934489209
    ],
    "refractive_indices": [
      1.0,
      1.5,
      1.5,
      1.5,
      1.0
    ],
    "wedgenum": 3
  },
  "pattern": [
    [
      1.2658535572422427,
      1.18702934034623
    ],
    [
      1.3254065020581942,
      1.2850625276201613
    ],
    [
      1.266499180364382,
      1.1965116965643872
    ],
    [
      1.3162785380038322,
      1.3956523212917433
    ],
    [
      1.3860268222779357,
      1.3454177133396352
    ],
    [
      1.2956939110461965,
      1.3603729978059929
    ],
    [
      1.3969801484902902,
      1.3920136876110853
    ],
    [
      1.3869348023784953,
      1.3764918405143058
    ],
    [
      1.2583322853996113,
      1.390355421981314
    ],
    [
      1.3758688226140858,
      1.38418427031242
    ],
    [
      1.443742715361764,
      1.394412554688824
    ],
    [
      1.3165212287133645,
      1.4055853350217618
    ],
    [
      1.3782474759209737,
      1.4537705464962738
    ],
    [
      1.3382227110614096,
      1.4409699800358904
    ],
    [
      1.269482818686938,
      1.3845859152020514
    ],
    [
      1.250764423909512,
      1.2815003006613734
    ],
    [
      1.2764606188803125,
      1.3469672244679884
    ],
    [
      1.2149460876566056,
      1.3897171207564638
    ],
    [
      1.0764976353040623,
      1.243499775778883
    ],
    [
      1.1195266165199151,
      1.2566618097677782
    ],
    [
      1.043409842759242,
      1.0906904277591245
    ],
    [
      0.9782242603315379,
      0.9702475027528721
    ],
    [
      0.9028726259651773,
      1.0075267840638487
    ],
    [
      0.8213156565113782,
      0.9534102269150782
    ],
    [
      0.7154993179396809,
      0.8950766839104793
    ],
    [
      0.6491895252073946,
      0.8702380274223471
    ],
    [
      0.5341658365780027,
      0.8944901271328813
    ],
    [
      0.5332296444095065,
      0.7794938852078761
    ],
    [
      0.5415063070609549,
      0.6463926955418595
    ],
    [
      0.3820850902100449,
      0.6005497875623462
    ],
    [
      0.2753908091879866,
      0.6056935304868112
    ],
    [
      0.2109422901256393,
      0.41979792812516814
    ],
    [
      0.05690504978023041,
      0.3944918123422769
    ],
    [
      -0.0307793125859872,
      0.27454849296316863
    ],
    [
      -0.08969143121607694,
      0.29079341919877716
    ],
    [
      -0.16574608585496006,
      0.16395715804354333
    ],
    [
      -0.27143071063346513,
      -0.05621686870759507
    ],
    [
      -0.38832001358099066,
      0.03331769388955239
    ],
    [
      -0.44526867206327936,
      -0.1448384398571279
    ],
    [
      -0.418486010264352,
      -0.17317600657595406
    ],
    [
      -0.5977249544011802,
      -0.24335361874111414
    ],
    [
      -0.823024767527103,
      -0.343582843617311
    ],
    [
      -0.7957956537542297,
      -0.45335654020995264
    ],
    [
      -0.7627991195205293,
      -0.45479942501169873
    ],
    [
      -0.988469997529283,
      -0.63668813481961
    ],
    [
      -0.9982979581619673,
      -0.6297045981220826
    ],
    [
      -0.9854612195783841,
      -0.7426750043555559
    ],
    [
      -1.149274449636873,
      -0.6802786923682608
    ],
    [
      -1.1925267214300912,
      -0.9142377904266963
    ],
    [
      -1.1918920752245303,
      -0.9152864592226881
    ],
    [
      -1.3138427325384778,
      -0.9991248026542691
    ],
    [
      -1.2167535830239153,
      -1.0238139473831924
    ],
    [
      -1.2626158496704867,
      -1.0912400808916876
    ],
    [
      -1.410560025747676,
      -1.2158276469436662
    ],
    [
      -1.33453170341431,
      -1.1768596783515228
    ],
    [
      -1.3615885454427414,
      -1.1982639889859636
    ],
    [
      -1.3869208736911485,
      -1.2899887249518962
    ],
    [
      -1.427474566341188,
      -1.124877263871865
    ],
    [
      -1.4452147571313585,
      -1.3730902446450683
    ],
    [
      -1.3870529828089988,
      -1.382084834933967
    ]
  ],
  "complexity": 0.2931512679290993
}