{
  "id": 1075,
  "wedge_count": 1,
  "parameters": {
    "rotation_speeds": [
      -2.9918119402594594
    ],
    "phi_x": [
      13.911926059315196
    ],
    "phi_y": [
      -2.449975925869831
    ],
    "distances": [
      1.0,
      2.18924929888259
    ],
    "refractive_indices": [
      1.0,
      1.5,
      1.0
    ],
    "wedgenum": 1
  },
  "pattern": [
    [
      0.926977665504161,
      0.9312460366195883
    ],
    [
      0.9113136035977226,
      0.9169260709194818
    ],
    [
      0.8950088229530014,
      0.8842405243494433
    ],
    [
      0.8658603834596238,
      0.8731013913296463
    ],
    [
      0.8431783015008383,
      0.8554126418052856
    ],
    [
      0.8085487033546721,
      0.8241425906607166
    ],
    [
      0.7810577436231919,
      0.7985566372483421
    ],
    [
      0.7450687169395047,
      0.7676969867156985
    ],
    [
      0.6968393695356401,
      0.7385646681973794
    ],
    [
      0.6571487251385383,
      0.6975040087515337
    ],
    [
      0.6098444022930708,
      0.6601402303358617
    ],
    [
      0.5595332972589485,
      0.6204222802748224
    ],
    [
      0.5039861855392199,
      0.5718765382045587
    ],
    [
      0.4518829304879671,
      0.5243179433813028
    ],
    [
      0.4006209753611974,
      0.47381862994997653
    ],
    [
      0.33742067385263685,
      0.4279699624086097
    ],
    [
      0.2845041703454073,
      0.37671416220215675
    ],
    [
      0.2287738572686388,
      0.3312925583442885
    ],
    [
      0.15970684663243429,
      0.2629195065078729
    ],
    [
      0.09434092730806234,
      0.21005575869806298
    ],
    [
      0.035402788741794596,
      0.15419873902803963
    ],
    [
      -0.022473015410158472,
      0.10419119189604593
    ],
    [
      -0.09208503485542281,
      0.04944475320120194
    ],
    [
      -0.14590832441891724,
      -0.011658881366133184
    ],
    [
      -0.20954425618641118,
      -0.06978873256326298
    ],
    [
      -0.2787050656455634,
      -0.1216591498150012
    ],
    [
      -0.3292976666927476,
      -0.17522519977679452
    ],
    [
      -0.38551600870260905,
      -0.23512899886922256
    ],
    [
      -0.43863317816230407,
      -0.2819422395338078
    ],
    [
      -0.4860275585699618,
      -0.33933109378272136
    ],
    [
      -0.543685128968337,
      -0.3804610372270025
    ],
    [
      -0.588934470428385,
      -0.44028994139410327
    ],
    [
      -0.6280278299452907,
      -0.4776847933454217
    ],
    [
      -0.6776409148113401,
      -0.5192338765498015
    ],
    [
      -0.7171274666980272,
      -0.565306592055237
    ],
    [
      -0.7433923038469198,
      -0.5994270987708791
    ],
    [
      -0.7763334549960745,
      -0.655653948671625
    ],
    [
      -0.8089195049815204,
      -0.6827861216403357
    ],
    [
      -0.8335640859215213,
      -0.7171558498462831
    ],
    [
      -0.8444452077097054,
      -0.7473208851671702
    ],
    [
      -0.8670038272396405,
      -0.7775134588238753
    ],
    [
      -0.8677314124745721,
      -0.7973241987638426
    ],
    [
      -0.8890332579498362,
      -0.8337378655119587
    ],
    [
      -0.8808149594162696,
      -0.8460243992078061
    ],
    [
      -0.8852087380758064,
      -0.8761614332568679
    ],
    [
      -0.8814318571891838,
      -0.8718551332754813
    ],
    [
      -0.8841784104887971,
      -0.8838784513516376
    ],
    [
      -0.8731858793840301,
      -0.8827075896621678
    ],
    [
      -0.8436020493034235,
      -0.8890889074973412
    ],
    [
      -0.8386551405602404,
      -0.8843511874889384
    ],
    [
      -0.8069918641765838,
      -0.8856014715293768
    ],
    [
      -0.7867543889700628,
      -0.8795186513312447
    ],
    [
      -0.7491964820319728,
      -0.8695309244394428
    ],
    [
      -0.7211380465056472,
      -0.8449760694697097
    ],
    [
      -0.682791963683406,
      -0.8371017744557654
    ],
    [
      -0.6256692927731327,
      -0.8104259785935989
    ],
    [
      -0.6000779992154347,
      -0.7840297222011676
    ],
    [
      -0.55236471479305,
      -0.7698536398501203
    ],
    [
      -0.502956637358471,
      -0.7280584262536821
    ],
    [
      -0.4478095506255538,
      -0.7062323018047849
    ]
  ],
  "complexity": 0.22323460707506979
}