{
  "id": 4040,
  "wedge_count": 2,
  "parameters": {
    "rotation_speeds": [
      2.4144326599793606,
      -1.5813063659220905
    ],
    "phi_x": [
      -10.398101846375148,
      2.5361732291060335
    ],
    "phi_y": [
      9.660550412374747,
      3.216634627318104
    ],
    "distances": [
      1.0,
      6.084642162197914,
      6.544719974753685
    ],
    "refractive_indices": [
      1.0,
      1.5,
      1.5,
      1.0
    ],
    "wedgenum": 2
  },
  "pattern": [
    [
      0.8680347528623078,
      0.9883391443096221
    ],
    [
      1.02834356059025,
      0.970892175738469
    ],
    [
      0.9164768285193455,
      0.9620445054331314
    ],
    [
      1.0699499404121173,
      0.9957367704445524
    ],
    [
      1.0349094610340468,
      1.004574255419471
    ],
    [
      1.0230830214180109,
      1.0118959062103074
    ],
    [
      1.1534685567867413,
      1.0730977425356267
    ],
    [
      1.0819886098505362,
      1.0451189921153403
    ],
    [
      1.0309457881209705,
      1.1133207388003634
    ],
    [
      1.2183688198777667,
      1.0878839263294413
    ],
    [
      1.0139945969874855,
      0.9984614145978441
    ],
    [
      1.0364239827752417,
      1.117230647860876
    ],
    [
      1.0616491797531327,
      1.0023129058180138
    ],
    [
      1.0238456141339705,
      1.0486950625409424
    ],
    [
      1.0907845762055572,
      1.0282722678337262
    ],
    [
      0.9584538649700699,
      1.1189982234073352
    ],
    [
      0.9460865260833212,
      1.019501297116982
    ],
    [
      0.8741366689170426,
      0.9514303710507301
    ],
    [
      0.8707288310673248,
      0.9631941952118266
    ],
    [
      0.8774600608869372,
      0.8877195056703137
    ],
    [
      0.841693139710386,
      0.9102389019085088
    ],
    [
      0.6951306155863926,
      0.7876458587455016
    ],
    [
      0.692861149163412,
      0.763804407522274
    ],
    [
      0.5362542326856621,
      0.735472945895594
    ],
    [
      0.5283833775558134,
      0.7059138215035643
    ],
    [
      0.4691406578477895,
      0.6286870495137361
    ],
    [
      0.41383774418192665,
      0.6227496708606746
    ],
    [
      0.2843143412683163,
      0.513754809389577
    ],
    [
      0.2401390185366339,
      0.45153462994140786
    ],
    [
      0.22506719407393394,
      0.37920378659638554
    ],
    [
      0.042088069522142,
      0.23760316972291864
    ],
    [
      -0.02367514514795252,
      0.15420102654300932
    ],
    [
      -0.005808593813434265,
      0.08588323206572465
    ],
    [
      -0.2669417022859308,
      0.17527350690777715
    ],
    [
      -0.22780430090765852,
      -0.03892316797342546
    ],
    [
      -0.22696004467265868,
      -0.03351085277401615
    ],
    [
      -0.4010787245787534,
      -0.19290426916504874
    ],
    [
      -0.46786155227039117,
      -0.22346257669674355
    ],
    [
      -0.509939178042744,
      -0.22226785285792022
    ],
    [
      -0.7185957817553945,
      -0.4246480789974577
    ],
    [
      -0.7592608033229988,
      -0.391821737085632
    ],
    [
      -0.7997416821192067,
      -0.5793946582091104
    ],
    [
      -0.9780551977211228,
      -0.5376657871084739
    ],
    [
      -0.9662749420532346,
      -0.6419282311552335
    ],
    [
      -1.0267925789749648,
      -0.7045457124011083
    ],
    [
      -1.0672491673987856,
      -0.6959832582743642
    ],
    [
      -1.1304268526408954,
      -0.8784018569855622
    ],
    [
      -1.191809168947051,
      -0.9058243296945959
    ],
    [
      -1.2142137399976927,
      -0.9499903210557418
    ],
    [
      -1.2464010224441338,
      -1.088352696722537
    ],
    [
      -1.2136098683669443,
      -1.0572890813052156
    ],
    [
      -1.2779858403737439,
      -1.1569216229488808
    ],
    [
      -1.2680892306550284,
      -1.119259600547792
    ],
    [
      -1.2808015294138924,
      -1.197146395443395
    ],
    [
      -1.2923049188432743,
      -1.2406478256090434
    ],
    [
      -1.3467130984860909,
      -1.3072849129503796
    ],
    [
      -1.4198216216187451,
      -1.2801731933211984
    ],
    [
      -1.3635893866718323,
      -1.2902776188917116
    ],
    [
      -1.2738736010783271,
      -1.3404235393032131
    ],
    [
      -1.3135119793737007,
      -1.372837618092676
    ]
  ],
  "complexity": 0.31790348852352895
}