{
  "id": 232,
  "wedge_count": 1,
  "parameters": {
    "rotation_speeds": [
      -1.1677695207124275
    ],
    "phi_x": [
      9.964423268586586
    ],
    "phi_y": [
      2.9606765040678447
    ],
    "distances": [
      1.0,
      2.4360551547281633
    ],
    "refractive_indices": [
      1.0,
      1.5,
      1.0
    ],
    "wedgenum": 1
  },
  "pattern": [
    [
      0.6610603484355152,
      0.6743101480680365
    ],
    [
      0.6467853249083932,
      0.6525444353590815
    ],
    [
      0.6342032430329474,
      0.6428507079241793
    ],
    [
      0.6071254486177833,
      0.6116263573469943
    ],
    [
      0.5799761698007356,
      0.5859585199134295
    ],
    [
      0.5515633831115664,
      0.5778745932856932
    ],
    [
      0.5230772253596787,
      0.5508045533452298
    ],
    [
      0.4898003652498786,
      0.5168004815975045
    ],
    [
      0.46491600420605833,
      0.4845808948363668
    ],
    [
      0.421712703564711,
      0.45107431898698214
    ],
    [
      0.3801521377921617,
      0.415755283978893
    ],
    [
      0.33996632465810395,
      0.3872728316201596
    ],
    [
      0.29596409161751597,
      0.350551522714985
    ],
    [
      0.2675120026565049,
      0.31100707483204365
    ],
    [
      0.21593805504814356,
      0.26514160089249256
    ],
    [
      0.1735597937619868,
      0.2425572620803565
    ],
    [
      0.12871420286686272,
      0.1949665209702
    ],
    [
      0.07675593792149313,
      0.16152669588008273
    ],
    [
      0.03387007252888052,
      0.13069806559725258
    ],
    [
      -0.00984102880348619,
      0.07962799872687577
    ],
    [
      -0.062387033872136434,
      0.041504389435341515
    ],
    [
      -0.10426443748070104,
      -0.007211211398392528
    ],
    [
      -0.14651845209386236,
      -0.051005759361528735
    ],
    [
      -0.18462503886386886,
      -0.0824774238368889
    ],
    [
      -0.22668439559221681,
      -0.13776295286359724
    ],
    [
      -0.26147776345358503,
      -0.16066592254850942
    ],
    [
      -0.3181759191943511,
      -0.20386091005612922
    ],
    [
      -0.34149183295387675,
      -0.24115428949748713
    ],
    [
      -0.3863689748272108,
      -0.2759133032402455
    ],
    [
      -0.4184138113121951,
      -0.31757369009159275
    ],
    [
      -0.45207498491113707,
      -0.3517809283554051
    ],
    [
      -0.48552496785941673,
      -0.3837884780379587
    ],
    [
      -0.5107734531890836,
      -0.4044617382211549
    ],
    [
      -0.5386981582195146,
      -0.44503516728620124
    ],
    [
      -0.5583251371060357,
      -0.4696067543883751
    ],
    [
      -0.5779526465241857,
      -0.4914724734796128
    ],
    [
      -0.5914115234260827,
      -0.5140027956646241
    ],
    [
      -0.5997567927503262,
      -0.5410646016854296
    ],
    [
      -0.6175152304983708,
      -0.5525068911856329
    ],
    [
      -0.6311036932688614,
      -0.5799703997363034
    ],
    [
      -0.6433311698603178,
      -0.5878270913139666
    ],
    [
      -0.635756704024897,
      -0.5949551965250012
    ],
    [
      -0.6382558931312206,
      -0.616367326809622
    ],
    [
      -0.638858329358473,
      -0.629538083398834
    ],
    [
      -0.6332009570796947,
      -0.6239155315023387
    ],
    [
      -0.6105832354941786,
      -0.6257409222550117
    ],
    [
      -0.6027002893685243,
      -0.6332779387172808
    ],
    [
      -0.5915305849002,
      -0.6388069915285584
    ],
    [
      -0.5834639211014739,
      -0.6276253235477539
    ],
    [
      -0.5579146346328074,
      -0.6188653054191742
    ],
    [
      -0.5312810764278285,
      -0.6148541337700797
    ],
    [
      -0.5215423882591954,
      -0.6006554950596998
    ],
    [
      -0.48255007219095136,
      -0.5908769082321653
    ],
    [
      -0.4510171886356684,
      -0.5792982739928402
    ],
    [
      -0.41893195144840156,
      -0.5538133388109161
    ],
    [
      -0.4019632435230967,
      -0.5442534273457523
    ],
    [
      -0.36339711868536495,
      -0.5225323768271052
    ],
    [
      -0.32823649897187684,
      -0.49680451152924815
    ],
    [
      -0.29013539820035217,
      -0.4677825491670029
    ],
    [
      -0.24043023853503476,
      -0.44563878850505567
    ]
  ],
  "complexity": 0.19981030355181603
}