{
  "id": 547,
  "wedge_count": 6,
  "parameters": {
    "rotation_speeds": [
      0.706849977516598,
      2.8805986563927153,
      -1.875465231245607,
      2.7022010928110394,
      2.722883816913096,
      2.0412626224824315
    ],
    "phi_x": [
      5.886405065014067,
      -5.942635539183351,
      0.9946572064641366,
      5.690272871614262,
      -4.0307188516624315,
      3.208438677548454
    ],
    "phi_y": [
      -3.556026567528452,
      6.8961692114707205,
      -3.550027853862826,
      -9.569345643088859,
      -1.0174607313903863,
      -0.49669947163906514
    ],
    "distances": [
      1.0,
      2.5436535181195774,
      5.227252457424497,
      5.569298434116734,
      3.2016112185005814,
      6.314309496230065,
      7.842296431378555
    ],
    "refractive_indices": [
      1.0,
      1.5,
      1.5,
      1.5,
      1.5,
      1.5,
      1.5,
      1.0
    ],
    "wedgenum": 6
  },
  "pattern": [
    [
      2.1295111742462227,
      2.1357783797278094
    ],
    [
      2.1619945490242376,
      2.066967683598479
    ],
    [
      2.2076644383188246,
      2.143967254531525
    ],
    [
      2.221273469416039,
      2.197664989284533
    ],
    [
      2.130219981065689,
      2.22734796731849
    ],
    [
      2.1810267367329037,
      2.2028414752303083
    ],
    [
      2.1663797866204004,
      2.249722479713471
    ],
    [
      2.0760583135207553,
      2.195540698983654
    ],
    [
      2.082867867866472,
      2.2056590079950436
    ],
    [
      2.0968162001644237,
      2.1058424769932107
    ],
    [
      1.9985219997366384,
      2.1766978745103644
    ],
    [
      1.9585932264775274,
      2.1277609835690887
    ],
    [
      1.8767389888278436,
      2.0363070522536884
    ],
    [
      1.7651619580672753,
      1.9207926254596726
    ],
    [
      1.7074358240762295,
      1.9777196881037928
    ],
    [
      1.6453182023118846,
      1.8835339064106051
    ],
    [
      1.5421721809184004,
      1.774003196601955
    ],
    [
      1.4906359257217057,
      1.767478197157986
    ],
    [
      1.3463148437072077,
      1.581253549822395
    ],
    [
      1.3605422439897465,
      1.5995104375829063
    ],
    [
      1.1031752247006246,
      1.5065279687174262
    ],
    [
      0.9952090091667136,
      1.3530296902672916
    ],
    [
      0.954426211495215,
      1.374643048631619
    ],
    [
      0.7826701791799158,
      1.1654682607437077
    ],
    [
      0.7024855960095064,
      1.093767237667116
    ],
    [
      0.5729037545931709,
      0.9807044925973009
    ],
    [
      0.43004931360775595,
      0.7583381644703928
    ],
    [
      0.24718925082553622,
      0.7621960627906158
    ],
    [
      0.1315322462353299,
      0.621564045416794
    ],
    [
      0.09300502216666948,
      0.4144395100753571
    ],
    [
      -0.032625254396098216,
      0.4064963589117867
    ],
    [
      -0.2543692015940828,
      0.2350487756876497
    ],
    [
      -0.3438380301646438,
      0.12886357734464676
    ],
    [
      -0.5141074478162297,
      0.05395001175798053
    ],
    [
      -0.6112606172815204,
      -0.14957043646961685
    ],
    [
      -0.7064983273418206,
      -0.16058449337011155
    ],
    [
      -0.946187575389676,
      -0.3484102353433757
    ],
    [
      -0.8973349323217986,
      -0.536993722661048
    ],
    [
      -1.0918613872315295,
      -0.44128536060966916
    ],
    [
      -1.1777140416324845,
      -0.6464852176066888
    ],
    [
      -1.2454640756930062,
      -0.7237389808803281
    ],
    [
      -1.3649631911062563,
      -0.9283475821325778
    ],
    [
      -1.4453938815174459,
      -1.020581682086215
    ],
    [
      -1.5703127221016449,
      -1.147004714362594
    ],
    [
      -1.5222395130964756,
      -1.234570650685155
    ],
    [
      -1.642443711862724,
      -1.3427963828318388
    ],
    [
      -1.637984345063903,
      -1.3609163274048033
    ],
    [
      -1.6599112006462962,
      -1.5397085486563693
    ],
    [
      -1.72931877280612,
      -1.5363762477940976
    ],
    [
      -1.6837961490371538,
      -1.6193878785292564
    ],
    [
      -1.8078104910937776,
      -1.6227181485764242
    ],
    [
      -1.7950202857661617,
      -1.6333738799002486
    ],
    [
      -1.9172511162723616,
      -1.721324136936422
    ],
    [
      -1.837086513524891,
      -1.6780097184535927
    ],
    [
      -1.7973155304224564,
      -1.8350963589667408
    ],
    [
      -1.705368962540189,
      -1.7772628511081117
    ],
    [
      -1.7284016815709433,
      -1.8624216280068169
    ],
    [
      -1.6602331643433346,
      -1.7148226395014508
    ],
    [
      -1.554455146254704,
      -1.7976257562855742
    ],
    [
      -1.4529347074092542,
      -1.776402610735025
    ]
  ],
  "complexity": 0.3454412520123873
}