{
  "id": 4640,
  "wedge_count": 4,
  "parameters": {
    "rotation_speeds": [
      0.875352948011237,
      2.589153403104836,
      -2.776745151114086,
      -1.8153279110107465
    ],
    "phi_x": [
      -1.161415704264794,
      10.81349444013739,
      -1.2576340755136854,
      -12.908502614550454
    ],
    "phi_y": [
      2.8095317416854364,
      -11.133968317705754,
      -14.916083315230154,
      -5.095842432521847
    ],
    "distances": [
      1.0,
      2.863649349355307,
      2.14486979436474,
      4.065456934436643,
      4.806643408929501
    ],
    "refractive_indices": [
      1.0,
      1.5,
      1.5,
      1.5,
      1.5,
      1.0
    ],
    "wedgenum": 4
  },
  "pattern": [
    [
      2.4634340244271886,
      2.390691447844582
    ],
    [
      2.340351379125888,
      2.3119765054823964
    ],
    [
      2.266196024410591,
      2.342576295381235
    ],
    [
      2.3753549684264135,
      2.2342823841620385
    ],
    [
      2.287173706769967,
      2.2355320730239265
    ],
    [
      2.201373802772201,
      2.140756611635834
    ],
    [
      2.2631853613876824,
      2.1978589722797746
    ],
    [
      2.029312821886621,
      2.1530918997347013
    ],
    [
      2.0140081261130134,
      2.0179575236774
    ],
    [
      1.8999043312506487,
      1.973045997921731
    ],
    [
      1.8462566853228424,
      1.9062655768130967
    ],
    [
      1.9120315346166399,
      1.786532476187815
    ],
    [
      1.7605820929184501,
      1.724932137807388
    ],
    [
      1.6104920715839528,
      1.6780967108235916
    ],
    [
      1.4326744275773675,
      1.6140543297494934
    ],
    [
      1.4596472451867024,
      1.5284335655285113
    ],
    [
      1.3057874066678095,
      1.416412096376918
    ],
    [
      1.2289107397456713,
      1.2949103312672974
    ],
    [
      1.1495454037476824,
      1.2517542294453738
    ],
    [
      1.0587052430055488,
      1.1003878905237345
    ],
    [
      0.8278388531169055,
      0.9570585682485947
    ],
    [
      0.7051709733468335,
      0.9336044603885311
    ],
    [
      0.639971837130424,
      0.7994335484079291
    ],
    [
      0.5736196934818028,
      0.826614690943155
    ],
    [
      0.39931462260306483,
      0.6410948389457862
    ],
    [
      0.2468243332890867,
      0.6027521913274266
    ],
    [
      0.16769790752499728,
      0.44219119781869193
    ],
    [
      0.00134756469036168,
      0.3300068983235007
    ],
    [
      -0.08171365597279476,
      0.19658433071928824
    ],
    [
      -0.1409760624623114,
      0.15420364452846036
    ],
    [
      -0.23676439691817702,
      0.06587806871629831
    ],
    [
      -0.2799715958510628,
      -0.008498390139677809
    ],
    [
      -0.44213246239090376,
      -0.10423956669052309
    ],
    [
      -0.5246778260373443,
      -0.2781968219628188
    ],
    [
      -0.6460225003709422,
      -0.2839069498568972
    ],
    [
      -0.6191460487401418,
      -0.3626900427746752
    ],
    [
      -0.6728298167392851,
      -0.44379769675494246
    ],
    [
      -0.791987503351983,
      -0.6081695307830459
    ],
    [
      -0.7524868035674984,
      -0.644376002639002
    ],
    [
      -0.8737096111623978,
      -0.6563793663896406
    ],
    [
      -1.009275507502719,
      -0.749054823526645
    ],
    [
      -0.9272142973241073,
      -0.7897375110211244
    ],
    [
      -0.9904989548746881,
      -0.8070881114661759
    ],
    [
      -1.075755825301528,
      -0.837505218104056
    ],
    [
      -1.130797357408369,
      -0.9528141309203986
    ],
    [
      -1.1269790022174926,
      -0.9467219804471474
    ],
    [
      -1.238600193591879,
      -1.059615094519983
    ],
    [
      -1.1778525624091987,
      -0.984184658365727
    ],
    [
      -1.1973735482688614,
      -1.07734929117292
    ],
    [
      -1.1621259977902367,
      -1.1734401616247223
    ],
    [
      -1.1937773545858468,
      -1.1633992414527548
    ],
    [
      -1.2585182356996252,
      -1.024576679033326
    ],
    [
      -1.171941499024813,
      -1.10258537751806
    ],
    [
      -1.1521482811434012,
      -1.2650414191999926
    ],
    [
      -1.163601358570599,
      -1.0781263474486893
    ],
    [
      -1.0707463706100184,
      -1.1853368996396974
    ],
    [
      -1.1060108195981768,
      -1.2022467390761438
    ],
    [
      -1.0074032278211011,
      -1.1411155687289116
    ],
    [
      -1.0292793161535727,
      -1.1381095025119774
    ],
    [
      -0.9787671319229264,
      -1.2056565244031303
    ]
  ],
  "complexity": 0.2926098881279361
}