{
  "id": 4584,
  "wedge_count": 1,
  "parameters": {
    "rotation_speeds": [
      -1.5597336022916959
    ],
    "phi_x": [
      4.756585668297561
    ],
    "phi_y": [
      -10.400461403881106
    ],
    "distances": [
      1.0,
      2.7967327294302846
    ],
    "refractive_indices": [
      1.0,
      1.5,
      1.0
    ],
    "wedgenum": 1
  },
  "pattern": [
    [
      0.32082391425647516,
      0.3217864524715108
    ],
    [
      0.26394276369737596,
      0.2664775664859363
    ],
    [
      0.210363643607124,
      0.22044940408267125
    ],
    [
      0.15975428762595298,
      0.16281255339350487
    ],
    [
      0.09528195235086273,
      0.12369609210907409
    ],
    [
      0.04367779599980055,
      0.08146675513578501
    ],
    [
      -0.00686722702135708,
      0.01883391245173893
    ],
    [
      -0.066211610419013,
      -0.025243199458126177
    ],
    [
      -0.11886446006614004,
      -0.07805380187946293
    ],
    [
      -0.17200625927439736,
      -0.12856476088597105
    ],
    [
      -0.22072956420870615,
      -0.1668233880115037
    ],
    [
      -0.2751529793141522,
      -0.2289788401461269
    ],
    [
      -0.3153732659634996,
      -0.27239479665428684
    ],
    [
      -0.36777325735287264,
      -0.3049840695642229
    ],
    [
      -0.41295345355529256,
      -0.3506828308297603
    ],
    [
      -0.4558559346765009,
      -0.3820616857766715
    ],
    [
      -0.49664890821555585,
      -0.43520329064500457
    ],
    [
      -0.5377167927041259,
      -0.4783021714889365
    ],
    [
      -0.56768256925498,
      -0.5087220310888037
    ],
    [
      -0.5917061554058195,
      -0.5363938483357793
    ],
    [
      -0.6236736036321139,
      -0.5696195003122342
    ],
    [
      -0.6406466234453077,
      -0.5994458601385085
    ],
    [
      -0.6658554886281028,
      -0.6147031570305592
    ],
    [
      -0.6828582019943834,
      -0.6365731297730914
    ],
    [
      -0.6866363739663176,
      -0.6569565954912846
    ],
    [
      -0.7023832692230422,
      -0.6607024436729304
    ],
    [
      -0.7132783394593543,
      -0.6757158816012573
    ],
    [
      -0.7118042741791252,
      -0.6942468218505905
    ],
    [
      -0.7049563805184264,
      -0.7045735338248399
    ],
    [
      -0.6989653514429435,
      -0.6975221691141077
    ],
    [
      -0.6930535509681218,
      -0.7106352917506803
    ],
    [
      -0.6777910279047336,
      -0.7022826823628606
    ],
    [
      -0.6511656336430898,
      -0.6871507835310413
    ],
    [
      -0.6270131928806363,
      -0.6924371193776414
    ],
    [
      -0.5987345036370763,
      -0.6666398612132555
    ],
    [
      -0.582148991711993,
      -0.651344954177109
    ],
    [
      -0.5490696010179195,
      -0.6372417170765332
    ],
    [
      -0.5217171766452726,
      -0.6129833114766938
    ],
    [
      -0.4775202955427942,
      -0.5875018527408867
    ],
    [
      -0.44304589392909727,
      -0.5500770861276607
    ],
    [
      -0.39541374083285524,
      -0.5350988594067626
    ],
    [
      -0.3606148159179781,
      -0.4921364694072694
    ],
    [
      -0.31542094962033745,
      -0.4554245868442359
    ],
    [
      -0.2658856365094501,
      -0.4364438752684456
    ],
    [
      -0.21995712043720853,
      -0.3951138311609309
    ],
    [
      -0.16080079593319627,
      -0.36172270346267793
    ],
    [
      -0.12052491528891947,
      -0.30538901829262277
    ],
    [
      -0.07430293663182269,
      -0.2708449745785295
    ],
    [
      -0.020634400010176294,
      -0.23556162482424384
    ],
    [
      0.039635223074541114,
      -0.18880653126155267
    ],
    [
      0.07139281439174136,
      -0.15010879952724185
    ],
    [
      0.1231806363615557,
      -0.0990180443941857
    ],
    [
      0.17736381868793702,
      -0.0527944483401324
    ],
    [
      0.2158637516740911,
      -0.01012927502264302
    ],
    [
      0.25818548351500764,
      0.03889652956441092
    ],
    [
      0.3021598854570163,
      0.07403929672695451
    ],
    [
      0.34123714622038576,
      0.11237356223711918
    ],
    [
      0.37569333409958905,
      0.16426224039650988
    ],
    [
      0.41612072507436226,
      0.19574101348181502
    ],
    [
      0.4507939926650331,
      0.25229145786970997
    ]
  ],
  "complexity": 0.1786199765260236
}