{
  "id": 4019,
  "wedge_count": 3,
  "parameters": {
    "rotation_speeds": [
      0.7384078189199434,
      -0.10760400065329678,
      2.9541307317421017
    ],
    "phi_x": [
      -5.631543961122409,
      3.942803307374554,
      0.035185315860106314
    ],
    "phi_y": [
      14.598855086310458,
      -4.773562319503615,
      4.492280427609458
    ],
    "distances": [
      1.0,
      6.994452326653686,
      2.360292018751834,
      7.474956288463165
    ],
    "refractive_indices": [
      1.0,
      1.5,
      1.5,
      1.5,
      1.0
    ],
    "wedgenum": 3
  },
  "pattern": [
    [
      0.8074380877243702,
      0.7680671864395081
    ],
    [
      0.8306767927786859,
      0.8888402062032373
    ],
    [
      0.9010761721084032,
      0.8572287281870612
    ],
    [
      0.9195133388271042,
      0.8924708373244453
    ],
    [
      0.9293953353102483,
      0.9876148971565595
    ],
    [
      0.997141247453345,
      0.946052971059729
    ],
    [
      1.0305188552034692,
      1.07658096275572
    ],
    [
      1.158410191440321,
      1.0810621416029476
    ],
    [
      1.1324505657576507,
      0.9899771355462599
    ],
    [
      1.1779579228855936,
      1.1692142657028388
    ],
    [
      1.1660875927810344,
      1.1558733013130735
    ],
    [
      1.185532613523611,
      1.1826848117941284
    ],
    [
      1.2421078547343627,
      1.1546893620393677
    ],
    [
      1.208056255515067,
      1.16962140157457
    ],
    [
      1.2128486989103189,
      1.1024223397368484
    ],
    [
      1.1954102374896978,
      1.1724270479653152
    ],
    [
      1.2664358234754962,
      1.2721292456757642
    ],
    [
      1.285844592705456,
      1.2950816278352761
    ],
    [
      1.3640567188295374,
      1.2817617861856283
    ],
    [
      1.2543101403560493,
      1.3209472501934636
    ],
    [
      1.2619507329518775,
      1.247635528852922
    ],
    [
      1.3326393862237307,
      1.2794674066450626
    ],
    [
      1.3556203203173518,
      1.2684933508410434
    ],
    [
      1.31675453619222,
      1.324901643043292
    ],
    [
      1.296060376150249,
      1.3191593502390795
    ],
    [
      1.3455955970391196,
      1.3076714292825418
    ],
    [
      1.3365493109851068,
      1.3046426518782734
    ],
    [
      1.3134882898096587,
      1.26276235658412
    ],
    [
      1.2284816996283916,
      1.2362757190398148
    ],
    [
      1.297036805653378,
      1.3590140866076328
    ],
    [
      1.3101601683161483,
      1.3164167287920414
    ],
    [
      1.308808749353217,
      1.193257199072028
    ],
    [
      1.2686385227574322,
      1.285182375866083
    ],
    [
      1.2974098446771127,
      1.2213096799979695
    ],
    [
      1.2181017539408578,
      1.3218848200588105
    ],
    [
      1.207605145988808,
      1.2657518973249304
    ],
    [
      1.2664396433351133,
      1.3066842403633363
    ],
    [
      1.2451352835647256,
      1.2770479711905756
    ],
    [
      1.09966415030193,
      1.2997435684695655
    ],
    [
      1.0823538833006812,
      1.172694905025466
    ],
    [
      1.1317969432347172,
      1.2115080492370385
    ],
    [
      1.1384888069747234,
      1.2545845924919896
    ],
    [
      1.0991208082727921,
      1.3049714346562329
    ],
    [
      1.1338727629699736,
      1.0988874444478147
    ],
    [
      1.120531427563685,
      1.1719199289247317
    ],
    [
      1.0970371895683402,
      1.1784504903087998
    ],
    [
      1.0644071971107532,
      1.0689552240458624
    ],
    [
      1.1700061924818426,
      1.0610214214704228
    ],
    [
      1.1082768118223667,
      1.1368574904227753
    ],
    [
      1.0255042873610911,
      1.1278091969026613
    ],
    [
      1.0824056381791465,
      1.142997222950556
    ],
    [
      1.0777236065149791,
      1.0042348071427285
    ],
    [
      1.0434737527888793,
      1.1709330769541442
    ],
    [
      1.0718302036062375,
      1.082336286187054
    ],
    [
      1.0997603748706801,
      1.0404670184377869
    ],
    [
      1.0025434697843751,
      1.0787782930332563
    ],
    [
      1.064469216791643,
      1.0399775400209692
    ],
    [
      1.0489650975896305,
      1.0970416436676331
    ],
    [
      1.039791503496369,
      1.0922066285099168
    ],
    [
      1.0698823170262004,
      1.097685951826104
    ]
  ],
  "complexity": 0.2280321004133814
}