{
  "id": 742,
  "wedge_count": 1,
  "parameters": {
    "rotation_speeds": [
      0.836279790210757
    ],
    "phi_x": [
      -7.969699247748855
    ],
    "phi_y": [
      9.566594785739248
    ],
    "distances": [
      1.0,
      7.1364632244502575
    ],
    "refractive_indices": [
      1.0,
      1.5,
      1.0
    ],
    "wedgenum": 1
  },
  "pattern": [
    [
      0.5311181451044833,
      0.5349352317736485
    ],
    [
      0.5826076241153396,
      0.5692668955236746
    ],
    [
      0.6198841679417262,
      0.6086186008211942
    ],
    [
      0.6570711637426934,
      0.6465316148061004
    ],
    [
      0.6948161771107623,
      0.6922448376617976
    ],
    [
      0.7278783428721667,
      0.7188469015876646
    ],
    [
      0.7737411883072034,
      0.7546977359012155
    ],
    [
      0.794865768668997,
      0.7675914631911063
    ],
    [
      0.8140942859466896,
      0.7930502348968965
    ],
    [
      0.8319655328426754,
      0.826251326493954
    ],
    [
      0.8488985588716969,
      0.8346643530431151
    ],
    [
      0.8573143942946928,
      0.8497109915563295
    ],
    [
      0.8665361040986485,
      0.8532194608790687
    ],
    [
      0.8673728642386249,
      0.8643048990055582
    ],
    [
      0.8554468257483185,
      0.8647447237322727
    ],
    [
      0.8561874526718105,
      0.8699059287335048
    ],
    [
      0.8420979778080682,
      0.8584939161193004
    ],
    [
      0.8228570282842728,
      0.8487126035599879
    ],
    [
      0.8005093077452031,
      0.8340498194838162
    ],
    [
      0.7808632467678585,
      0.834010934328357
    ],
    [
      0.7517756953711239,
      0.8069069087185249
    ],
    [
      0.7125219778563838,
      0.7831167656138022
    ],
    [
      0.6841889179685687,
      0.7564053752679465
    ],
    [
      0.6327703278356458,
      0.7289259834995887
    ],
    [
      0.5881866009485899,
      0.6957422686610396
    ],
    [
      0.5472200497797609,
      0.6601919829871459
    ],
    [
      0.48650899820147164,
      0.6150792193431759
    ],
    [
      0.44390263677394937,
      0.5766900645939628
    ],
    [
      0.3854103736527472,
      0.5341634538171467
    ],
    [
      0.3277917314612528,
      0.4772488083193466
    ],
    [
      0.2649405712929417,
      0.4243176776738916
    ],
    [
      0.1978385432492093,
      0.3842844125118669
    ],
    [
      0.14285369885715207,
      0.32843022141569245
    ],
    [
      0.07629829812847748,
      0.28097319662389175
    ],
    [
      0.00881424581790867,
      0.21788268739956146
    ],
    [
      -0.056122017667985975,
      0.1574991377326551
    ],
    [
      -0.11687420720198097,
      0.10357201700204746
    ],
    [
      -0.18950842757618505,
      0.04858241192829835
    ],
    [
      -0.25210470903307786,
      -0.0141799680366791
    ],
    [
      -0.32266636601824145,
      -0.07629110701392153
    ],
    [
      -0.38694326047876615,
      -0.1381297243498819
    ],
    [
      -0.4392721069421066,
      -0.19841121364896633
    ],
    [
      -0.5037669634535794,
      -0.2705371103662279
    ],
    [
      -0.5673808068071207,
      -0.32479561376606014
    ],
    [
      -0.6082999897886509,
      -0.3834907785199879
    ],
    [
      -0.6684968840614317,
      -0.4279476300637047
    ],
    [
      -0.7065050334986759,
      -0.502367861572793
    ],
    [
      -0.758573733255143,
      -0.5354989739197463
    ],
    [
      -0.7985065067474549,
      -0.5708795748903791
    ],
    [
      -0.8335097146084799,
      -0.6413097723069227
    ],
    [
      -0.8725055584774861,
      -0.6899881183908482
    ],
    [
      -0.8944940189267154,
      -0.7244785257925329
    ],
    [
      -0.9185057419673235,
      -0.7731558999326544
    ],
    [
      -0.9423451556088159,
      -0.8043458212135637
    ],
    [
      -0.9493663243642165,
      -0.8401681577709726
    ],
    [
      -0.9656562571424475,
      -0.8679338295461692
    ],
    [
      -0.9693702608140636,
      -0.9008487199755679
    ],
    [
      -0.965348161913935,
      -0.9189925056024896
    ],
    [
      -0.9716758634049866,
      -0.9487991484554993
    ],
    [
      -0.945324734571741,
      -0.9655223775393256
    ]
  ],
  "complexity": 0.23784854725248594
}