{
  "id": 1150,
  "wedge_count": 3,
  "parameters": {
    "rotation_speeds": [
      2.389085088626844,
      0.9307944864324789,
      -1.206757260986163
    ],
    "phi_x": [
      -14.953727983903304,
      7.917892083840833,
      -11.16672065326101
    ],
    "phi_y": [
      -1.9271045211290225,
      10.876271470003399,
      11.59259930345193
    ],
    "distances": [
      1.0,
      2.4434654342667743,
      7.368497568506088,
      6.479723194828799
    ],
    "refractive_indices": [
      1.0,
      1.5,
      1.5,
      1.5,
      1.0
    ],
    "wedgenum": 3
  },
  "pattern": [
    [
      2.689429612834315,
      2.6471972027528996
    ],
    [
      2.6326254802628486,
      2.658633496658234
    ],
    [
      2.6924228805145662,
      2.678169971714745
    ],
    [
      2.578442935087893,
      2.67200104134418
    ],
    [
      2.682630568210284,
      2.6729642353696783
    ],
    [
      2.714207874746004,
      2.6615304469477983
    ],
    [
      2.6317129085858064,
      2.7323907426761087
    ],
    [
      2.5631462667422924,
      2.6296408312948754
    ],
    [
      2.5133443095132404,
      2.6082000575993645
    ],
    [
      2.5497001146263694,
      2.5944402993960662
    ],
    [
      2.464923707008994,
      2.5175565864218026
    ],
    [
      2.4330788414106035,
      2.3619471320455814
    ],
    [
      2.3421420710901173,
      2.367897553059963
    ],
    [
      2.271957086083373,
      2.2819281949231773
    ],
    [
      2.2386389755537124,
      2.2384992088306497
    ],
    [
      2.200492253288967,
      2.1390814470553554
    ],
    [
      2.1115490906142367,
      2.1277380900482648
    ],
    [
      1.9994186563449476,
      2.0090392382241906
    ],
    [
      1.848801494479335,
      2.0648465243815153
    ],
    [
      1.8849753723846345,
      1.9621611753746373
    ],
    [
      1.6873622579591876,
      1.8065040421064278
    ],
    [
      1.5613015984412038,
      1.7745500172127855
    ],
    [
      1.5588478439258324,
      1.6833176039196849
    ],
    [
      1.4482049123098857,
      1.6721201834773998
    ],
    [
      1.315709232236676,
      1.4922432157946948
    ],
    [
      1.2388147699911476,
      1.4373577589576227
    ],
    [
      1.1698242791824744,
      1.3549081215525702
    ],
    [
      0.9619565340859009,
      1.218641592050621
    ],
    [
      0.8537743949556251,
      1.036038052786194
    ],
    [
      0.7754093390899592,
      1.1250908572200482
    ],
    [
      0.7018965625783253,
      0.9963192167790744
    ],
    [
      0.5864370401341962,
      0.8874912514953044
    ],
    [
      0.5203478561465844,
      0.8529750313184896
    ],
    [
      0.3578126311104851,
      0.6860228908444596
    ],
    [
      0.3281248353644051,
      0.6041822065391278
    ],
    [
      0.08767689167229704,
      0.5822943248051169
    ],
    [
      0.04343536266318549,
      0.36526642702202317
    ],
    [
      -0.09767171852944279,
      0.19321799550106653
    ],
    [
      -0.1623831741907299,
      0.20385721001982915
    ],
    [
      -0.2247836652954471,
      0.08241415653135807
    ],
    [
      -0.1944894176260143,
      0.064421212639306
    ],
    [
      -0.3726072518510361,
      0.04054668539545925
    ],
    [
      -0.4571506079719885,
      -0.10199293013124328
    ],
    [
      -0.48960013756490206,
      -0.18195485508015985
    ],
    [
      -0.5178788104215692,
      -0.2380172903739923
    ],
    [
      -0.5263012872253112,
      -0.4442178642356541
    ],
    [
      -0.7466588281824854,
      -0.44824170072824215
    ],
    [
      -0.7349433707409239,
      -0.42765212061106517
    ],
    [
      -0.7311001177776631,
      -0.5926991486056142
    ],
    [
      -0.8078450241363493,
      -0.6021077348374414
    ],
    [
      -0.8528184467137491,
      -0.5957832462511856
    ],
    [
      -0.8877812354180361,
      -0.6438521899161429
    ],
    [
      -1.065823250091904,
      -0.6820020615159695
    ],
    [
      -0.9645400350493502,
      -0.7859814789263114
    ],
    [
      -1.0004508449967096,
      -0.7496788432782416
    ],
    [
      -0.972602600004278,
      -0.9160134563263567
    ],
    [
      -0.9734356541474953,
      -0.9044040279537922
    ],
    [
      -1.0160883638918468,
      -0.8928484166429628
    ],
    [
      -0.9649068587528308,
      -0.9388769048093112
    ],
    [
      -1.0158667417145222,
      -1.0406624856735396
    ]
  ],
  "complexity": 0.33577572917315246
}