{
  "id": 3365,
  "wedge_count": 3,
  "parameters": {
    "rotation_speeds": [
      -1.8797607673446404,
      -2.787910218727087,
      1.4228393499629188
    ],
    "phi_x": [
      11.023595810026816,
      -4.5790011800269586,
      -14.715039939194153
    ],
    "phi_y": [
      -10.21191505193931,
      11.992702786259258,
      -14.776542851004859
    ],
    "distances": [
      1.0,
      3.5976728023611075,
      5.748951802245294,
      2.3170370181162
    ],
    "refractive_indices": [
      1.0,
      1.5,
      1.5,
      1.5,
      1.0
    ],
    "wedgenum": 3
  },
  "pattern": [
    [
      2.6256226016260453,
      2.509720722499188
    ],
    [
      2.5729251293837865,
      2.515732504921467
    ],
    [
      2.419675946223008,
      2.367255884237113
    ],
    [
      2.251250084614002,
      2.260000063199349
    ],
    [
      2.205621747869505,
      2.230260780566072
    ],
    [
      2.1544983034826832,
      2.169713871308076
    ],
    [
      2.0767402665860164,
      2.1227472571222816
    ],
    [
      1.9213935383399023,
      2.027403514677543
    ],
    [
      1.868235107080623,
      1.854780707451772
    ],
    [
      1.6934774910971866,
      1.8145887365423559
    ],
    [
      1.5936350440360614,
      1.7103812052945124
    ],
    [
      1.5570033533434617,
      1.616410377260625
    ],
    [
      1.4788956459994698,
      1.5626135088800928
    ],
    [
      1.366318894847163,
      1.4781466099887453
    ],
    [
      1.292064314150474,
      1.3523252231006455
    ],
    [
      1.0404608182628035,
      1.1854121615643907
    ],
    [
      1.0730792489516696,
      1.198917094810288
    ],
    [
      0.9172416987132811,
      1.1414578218493856
    ],
    [
      0.8399222510638024,
      1.0090574621093928
    ],
    [
      0.7319465006437793,
      0.9090702580838971
    ],
    [
      0.6011510055659656,
      0.7972868072002779
    ],
    [
      0.5705344878412885,
      0.6555971668243478
    ],
    [
      0.4348084996246719,
      0.5763586016327888
    ],
    [
      0.29822318531173975,
      0.5187448864282047
    ],
    [
      0.29907199957282615,
      0.4413817618248064
    ],
    [
      0.07571616617867766,
      0.37896540387914235
    ],
    [
      0.024040611382614777,
      0.32648828500489896
    ],
    [
      -0.02489436578383023,
      0.23480491261895653
    ],
    [
      -0.05098360883841959,
      0.16421270214485542
    ],
    [
      -0.1611498215026375,
      0.10091980822180195
    ],
    [
      -0.30400305968565655,
      -0.0026952485999128806
    ],
    [
      -0.2733481426708769,
      -0.07941956254950563
    ],
    [
      -0.43877860661124307,
      -0.05272175005848189
    ],
    [
      -0.43665101116632,
      -0.19171988828898276
    ],
    [
      -0.46165667013029565,
      -0.31446469935463534
    ],
    [
      -0.5037232010962452,
      -0.2859863428163235
    ],
    [
      -0.5039702119320204,
      -0.3399737226029877
    ],
    [
      -0.5385356671276554,
      -0.3152447306827096
    ],
    [
      -0.6430907957831822,
      -0.31343221673270383
    ],
    [
      -0.5563343864646306,
      -0.42802266982112386
    ],
    [
      -0.6292876919525707,
      -0.5419621380257658
    ],
    [
      -0.7078784090928927,
      -0.39153964111573164
    ],
    [
      -0.6629987175180395,
      -0.4362324272278469
    ],
    [
      -0.7972204828730579,
      -0.5168423370129148
    ],
    [
      -0.66700361163498,
      -0.6298215912981093
    ],
    [
      -0.6501666456916536,
      -0.5361508618955027
    ],
    [
      -0.6832718972783695,
      -0.5462962806259556
    ],
    [
      -0.7264949783170624,
      -0.6125083138850134
    ],
    [
      -0.7319335620110623,
      -0.586303366262337
    ],
    [
      -0.6643934581338317,
      -0.5562218670136113
    ],
    [
      -0.7134320411291062,
      -0.6643302208186982
    ],
    [
      -0.7539679822080009,
      -0.5634738888083044
    ],
    [
      -0.7508468429084566,
      -0.5964408297624494
    ],
    [
      -0.6554812378077963,
      -0.6313116023133754
    ],
    [
      -0.7330862893484429,
      -0.5930517605143578
    ],
    [
      -0.6594418750340254,
      -0.7023178850485842
    ],
    [
      -0.7005727592367422,
      -0.572178808191938
    ],
    [
      -0.6465541808317282,
      -0.5862384494291961
    ],
    [
      -0.6656934996561892,
      -0.6741821757666846
    ],
    [
      -0.623922116529732,
      -0.6015782219982456
    ]
  ],
  "complexity": 0.28860800478590287
}