{
  "id": 4349,
  "wedge_count": 4,
  "parameters": {
    "rotation_speeds": [
      2.1306729276693277,
      1.34785907215148,
      2.78107592480164,
      0.008226541792320408
    ],
    "phi_x": [
      -14.689621411342674,
      -14.317527419229233,
      11.96197248579778,
      -0.10218437512717138
    ],
    "phi_y": [
      -8.360902067248414,
      2.6655360025962196,
      -6.411522765616045,
      -3.6277776686425423
    ],
    "distances": [
      1.0,
      4.886949669703827,
      2.067382007113617,
      4.927513666689351,
      7.857751794224232
    ],
    "refractive_indices": [
      1.0,
      1.5,
      1.5,
      1.5,
      1.5,
      1.0
    ],
    "wedgenum": 4
  },
  "pattern": [
    [
      3.039871900498419,
      3.0409122649853715
    ],
    [
      3.002946668150503,
      3.06314171403061
    ],
    [
      3.1166513041206043,
      3.087780967260793
    ],
    [
      3.139417589709485,
      3.0654649194613257
    ],
    [
      3.085519070539359,
      3.1184631916104695
    ],
    [
      3.048332032365517,
      3.1462213383366144
    ],
    [
      2.9967931898256954,
      3.1466052402961195
    ],
    [
      3.1451946603284036,
      3.168688454457724
    ],
    [
      3.064088309217989,
      3.1195078110385355
    ],
    [
      3.041399458692876,
      3.0429204778935404
    ],
    [
      2.923934517353362,
      3.051768821329967
    ],
    [
      2.9865754555780333,
      2.973215889256879
    ],
    [
      2.947423566052551,
      3.0110928973620164
    ],
    [
      2.7175635931444253,
      2.8700035599447475
    ],
    [
      2.757742175799988,
      2.87177910826949
    ],
    [
      2.6600600573654916,
      2.832791878268197
    ],
    [
      2.676231863920568,
      2.7433442279427322
    ],
    [
      2.4763747565095025,
      2.688532050361227
    ],
    [
      2.3447354208082305,
      2.5157470402621054
    ],
    [
      2.2886541598730648,
      2.51135647182137
    ],
    [
      2.211988149131249,
      2.3964405870472567
    ],
    [
      2.0591462864979224,
      2.27668068456324
    ],
    [
      1.8986054270958017,
      2.2389269936088714
    ],
    [
      1.8689338247685257,
      2.1625737498551576
    ],
    [
      1.679983399376373,
      2.024309898011339
    ],
    [
      1.4988197680420996,
      1.901491741850842
    ],
    [
      1.395034562289444,
      1.8870642779699558
    ],
    [
      1.2633612318265064,
      1.7169452914601475
    ],
    [
      1.0983472519300965,
      1.5608255075742337
    ],
    [
      0.8923374806651005,
      1.4739417120659974
    ],
    [
      0.7485430841380889,
      1.3194582888986732
    ],
    [
      0.7223691448364541,
      1.2151049564131973
    ],
    [
      0.5731450836487724,
      1.013853162599959
    ],
    [
      0.4469872471105144,
      0.9168741484277101
    ],
    [
      0.2115306592258967,
      0.749900348912874
    ],
    [
      0.003102762856099686,
      0.5588959625118654
    ],
    [
      0.02136686980466504,
      0.4519485475631684
    ],
    [
      -0.1911014701201565,
      0.3660904279727987
    ],
    [
      -0.42021213665335694,
      0.22232551462554606
    ],
    [
      -0.4271385253203754,
      0.0687395261024501
    ],
    [
      -0.633849866663733,
      -0.005026147080179906
    ],
    [
      -0.6624952010779972,
      -0.14468632955609323
    ],
    [
      -0.7433182069247115,
      -0.26433445645157344
    ],
    [
      -0.9356921562396233,
      -0.4095406504645783
    ],
    [
      -1.1324638975037835,
      -0.5297943388707108
    ],
    [
      -1.1787946025491611,
      -0.6820177980649492
    ],
    [
      -1.3436441531891175,
      -0.7139634034004531
    ],
    [
      -1.403451680158902,
      -0.9662812501780137
    ],
    [
      -1.507474001222124,
      -0.9850999653725446
    ],
    [
      -1.621897205959627,
      -1.1296890616074835
    ],
    [
      -1.5739910402758555,
      -1.250859071164949
    ],
    [
      -1.741572269358174,
      -1.3022505549957524
    ],
    [
      -1.7778823307946774,
      -1.3646135837958868
    ],
    [
      -1.7849853854330355,
      -1.4996961177453387
    ],
    [
      -1.8227305260457887,
      -1.5928749462470166
    ],
    [
      -1.9557151517225575,
      -1.613405941302053
    ],
    [
      -1.9124626485030096,
      -1.6641994221571685
    ],
    [
      -1.932546615737024,
      -1.71827112905288
    ],
    [
      -1.9934609832712495,
      -1.8858379522827622
    ],
    [
      -2.0017646387474364,
      -1.7905619116039964
    ]
  ],
  "complexity": 0.3729986522536168
}