{
  "id": 2686,
  "wedge_count": 5,
  "parameters": {
    "rotation_speeds": [
      -2.3349481546784068,
      -2.049988006096343,
      -1.6257305816305554,
      1.813787763127344,
      2.5113746511127335
    ],
    "phi_x": [
      -13.538799802537234,
      7.000374751973958,
      2.319421017046192,
      2.1952615607572525,
      -1.8279209851598281
    ],
    "phi_y": [
      3.576361080279959,
      -2.386688391547123,
      -7.901712836710985,
      -2.4157263585217397,
      -6.532556922698054
    ],
    "distances": [
      1.0,
      5.869295420699485,
      4.241191513322453,
      4.553434833236919,
      6.513535576824646,
      7.00076582543835
    ],
    "refractive_indices": [
      1.0,
      1.5,
      1.5,
      1.5,
      1.5,
      1.5,
      1.0
    ],
    "wedgenum": 5
  },
  "pattern": [
    [
      2.3985134939786126,
      2.4217879920587704
    ],
    [
      2.3910745514077267,
      2.34562096432157
    ],
    [
      2.3654728354888452,
      2.2680044403671444
    ],
    [
      2.234990051465011,
      2.2941018851352015
    ],
    [
      2.2103625745603788,
      2.281192419564328
    ],
    [
      2.2785558321883017,
      2.166597362344331
    ],
    [
      2.1512378946314628,
      2.1445924452447556
    ],
    [
      2.032409378976173,
      2.0687615383886233
    ],
    [
      1.9652076677959303,
      1.962936913878776
    ],
    [
      1.9570180147239902,
      1.9146695425747406
    ],
    [
      1.8224516203728645,
      1.8579062302037719
    ],
    [
      1.7031794750745266,
      1.6580408609571267
    ],
    [
      1.4921761817043746,
      1.6436824017191702
    ],
    [
      1.3396111867616276,
      1.5444602966865373
    ],
    [
      1.411838261996591,
      1.4051393730527089
    ],
    [
      1.1239314524067172,
      1.4249606389873433
    ],
    [
      0.9914776489746205,
      1.2147204582066813
    ],
    [
      0.8828840543769436,
      1.1887785625801874
    ],
    [
      0.7853077236396211,
      1.1046655677307953
    ],
    [
      0.6348710721383025,
      0.9258806033433501
    ],
    [
      0.5342473186500573,
      0.8092029711084443
    ],
    [
      0.2918151923708442,
      0.6334352217151149
    ],
    [
      0.15104907170901033,
      0.5024191501560406
    ],
    [
      0.120257804668489,
      0.3606765076561714
    ],
    [
      -0.24524980729036427,
      0.2688166490164012
    ],
    [
      -0.26543499213211563,
      0.09039344392107453
    ],
    [
      -0.5393908163250979,
      -0.12779444850178065
    ],
    [
      -0.5511903724193805,
      -0.3112442446761905
    ],
    [
      -0.6775670863242322,
      -0.23051207875275012
    ],
    [
      -0.8814469152322884,
      -0.36735022904752024
    ],
    [
      -1.0205292784045552,
      -0.6076365290041044
    ],
    [
      -1.0614152201713387,
      -0.7412040906281805
    ],
    [
      -1.1996729611964418,
      -0.9081617025127318
    ],
    [
      -1.3199553252823655,
      -1.0323695013895695
    ],
    [
      -1.567209197921171,
      -1.0733923039723976
    ],
    [
      -1.5837781437463327,
      -1.2118945844196016
    ],
    [
      -1.6873427674487036,
      -1.2705932600445589
    ],
    [
      -1.834082901662376,
      -1.3826565494749028
    ],
    [
      -1.9793562974267505,
      -1.5448367383935842
    ],
    [
      -1.9710714743618913,
      -1.6305161594493829
    ],
    [
      -2.068277719132392,
      -1.6429692066672097
    ],
    [
      -2.1499408504439743,
      -1.8181823077983552
    ],
    [
      -2.287889330525,
      -1.8545673593354457
    ],
    [
      -2.3466824863677638,
      -1.8794916709908374
    ],
    [
      -2.3606880489331323,
      -2.017403440971935
    ],
    [
      -2.422966081273813,
      -2.068006598180211
    ],
    [
      -2.4610784810792308,
      -2.156766715617873
    ],
    [
      -2.458699700485786,
      -2.2781422618201783
    ],
    [
      -2.521492663532023,
      -2.223186944322807
    ],
    [
      -2.5004724209692037,
      -2.3389147770218206
    ],
    [
      -2.4379755289854574,
      -2.3933763024011125
    ],
    [
      -2.316075621130346,
      -2.4383159499919134
    ],
    [
      -2.466771612123005,
      -2.44138543965761
    ],
    [
      -2.3992131465854873,
      -2.405176379008848
    ],
    [
      -2.3752629618200363,
      -2.4993339954964844
    ],
    [
      -2.2229005854149513,
      -2.435494164981412
    ],
    [
      -2.1877415595810605,
      -2.4399106909551302
    ],
    [
      -2.2150196075223794,
      -2.418230821140642
    ],
    [
      -2.1068543208518964,
      -2.353509782459279
    ],
    [
      -2.062845995831607,
      -2.4271216604286874
    ]
  ],
  "complexity": 0.3647956286484562
}