{
  "id": 893,
  "wedge_count": 6,
  "parameters": {
    "rotation_speeds": [
      0.9738153598010539,
      1.928178744556872,
      -1.2881392304633685,
      0.9841540049432655,
      -0.7735909007592294,
      -2.2607116357339834
    ],
    "phi_x": [
      -0.7205079254130027,
      5.281399241359949,
      7.238827879017851,
      -0.2837060489389991,
      4.031414460364502,
      -9.802223855672368
    ],
    "phi_y": [
      -11.46197219746886,
      -8.46329658732571,
      7.432541518532506,
      7.844757410951026,
      -12.85122066096549,
      3.824848401550792
    ],
    "distances": [
      1.0,
      2.44530856950318,
      6.846429319012843,
      3.4424413064426895,
      5.266503146911099,
      2.5231741262909573,
      3.6600028581294515
    ],
    "refractive_indices": [
      1.0,
      1.5,
      1.5,
      1.5,
      1.5,
      1.5,
      1.5,
      1.0
    ],
    "wedgenum": 6
  },
  "pattern": [
    [
      2.9114007697696267,
      2.934391824305791
    ],
    [
      3.0253760722245717,
      2.866934768269016
    ],
    [
      3.1639773491437433,
      2.9427947527123135
    ],
    [
      3.170809340707916,
      3.0695686600551824
    ],
    [
      3.1942812560887424,
      3.170041363379447
    ],
    [
      3.214567523189744,
      3.152305803432857
    ],
    [
      3.317461148313067,
      3.1956353219622495
    ],
    [
      3.410506276661911,
      3.1387618457158433
    ],
    [
      3.3290661034965234,
      3.225357481619428
    ],
    [
      3.334431881921565,
      3.2046715815637645
    ],
    [
      3.273035147811288,
      3.2871601405731594
    ],
    [
      3.364219521000263,
      3.1218717111462397
    ],
    [
      3.4238717969819428,
      3.1563603588890046
    ],
    [
      3.3878419796929506,
      3.206133506312301
    ],
    [
      3.2707514943852596,
      3.230903070905841
    ],
    [
      3.251416944346863,
      3.0537696218285033
    ],
    [
      3.1747512159244224,
      3.1892424975709237
    ],
    [
      3.172395621264787,
      3.071150919499135
    ],
    [
      3.1038200484744998,
      3.0536736621051492
    ],
    [
      3.0241658233361446,
      3.129584437751849
    ],
    [
      2.974577584483459,
      2.9963723776615567
    ],
    [
      2.8611425047296524,
      2.914223250764172
    ],
    [
      2.7974105984225295,
      2.89198743160497
    ],
    [
      2.7708912127464536,
      2.7560566510854443
    ],
    [
      2.6559077576335497,
      2.811173162903404
    ],
    [
      2.4733400418841747,
      2.634186820738764
    ],
    [
      2.4602320604196817,
      2.510273673722947
    ],
    [
      2.2988819810007954,
      2.3644646440301784
    ],
    [
      2.298532319244358,
      2.4126488578830494
    ],
    [
      2.0679175075823193,
      2.2327737000257244
    ],
    [
      1.9536501435513511,
      2.150961582296305
    ],
    [
      1.8419511195871048,
      2.0391793654439376
    ],
    [
      1.7263365496763103,
      2.0132184032839184
    ],
    [
      1.6213473911867387,
      1.866134258395747
    ],
    [
      1.5144891011342565,
      1.7278954738328804
    ],
    [
      1.356727613337398,
      1.746332491672973
    ],
    [
      1.15245500335275,
      1.4710720380064952
    ],
    [
      1.0985185655073177,
      1.3914725066712144
    ],
    [
      0.9765742382563298,
      1.3303233480661039
    ],
    [
      0.7083895096401241,
      1.168850140589666
    ],
    [
      0.647529174184648,
      0.998226475349001
    ],
    [
      0.5994747174935344,
      0.9105855204339228
    ],
    [
      0.5330403685712184,
      0.7516631158076633
    ],
    [
      0.3862558017605677,
      0.6146778010370674
    ],
    [
      0.19136109434094675,
      0.6227349117741133
    ],
    [
      -0.03964655393043767,
      0.5093112905535594
    ],
    [
      -0.07332907131317486,
      0.34368324946708956
    ],
    [
      -0.1783849278140539,
      0.223458927117647
    ],
    [
      -0.2676910564686974,
      0.19890870343941575
    ],
    [
      -0.43843533248871525,
      0.04792065187631269
    ],
    [
      -0.4817136876278297,
      -0.033585099140698696
    ],
    [
      -0.5131007028308899,
      -0.1131907027535077
    ],
    [
      -0.6758898947582609,
      -0.29338920226225496
    ],
    [
      -0.8965933878266809,
      -0.39295471984139385
    ],
    [
      -0.95414203376576,
      -0.5073762816941277
    ],
    [
      -0.9316247341502598,
      -0.6249254252680938
    ],
    [
      -1.0839139877063195,
      -0.5789427647204519
    ],
    [
      -1.0888894840090826,
      -0.7147762854504295
    ],
    [
      -1.1942176485028906,
      -0.6746560279107388
    ],
    [
      -1.1833778213429207,
      -0.8615535895987868
    ]
  ],
  "complexity": 0.34512975084922476
}