{
  "id": 4601,
  "wedge_count": 5,
  "parameters": {
    "rotation_speeds": [
      2.493410068092288,
      0.19593958745989948,
      0.6786862417401811,
      -0.966439683743503,
      1.4457114222552985
    ],
    "phi_x": [
      -1.0077091488459047,
      11.634360196945217,
      -14.98891108522608,
      0.7506553803154148,
      -8.442482853410741
    ],
    "phi_y": [
      -3.184509260725788,
      -1.2239557811470991,
      8.901747443544917,
      -7.138012973993673,
      -8.324625553701415
    ],
    "distances": [
      1.0,
      7.370592371284826,
      2.5692358427301993,
      2.9682232951724945,
      6.045492940907091,
      4.730826576594388
    ],
    "refractive_indices": [
      1.0,
      1.5,
      1.5,
      1.5,
      1.5,
      1.5,
      1.0
    ],
    "wedgenum": 5
  },
  "pattern": [
    [
      3.2039850861852157,
      3.1248004836285856
    ],
    [
      3.2153792895361857,
      3.1918348293361243
    ],
    [
      3.1854416858201375,
      3.1727397755956925
    ],
    [
      3.1403911854047366,
      3.1147245757474833
    ],
    [
      3.2464872633419324,
      3.170119032953546
    ],
    [
      3.1435833795371684,
      3.2501935428753583
    ],
    [
      3.1237294506028523,
      3.155301366356071
    ],
    [
      3.158082881123475,
      3.135565976747545
    ],
    [
      3.1581900291033818,
      3.0955553541178755
    ],
    [
      3.1826286556705394,
      3.1710098717855497
    ],
    [
      3.1378217208853916,
      3.1771612753856058
    ],
    [
      3.0519224193281187,
      3.214024816103175
    ],
    [
      3.1157227536666183,
      3.163351777621392
    ],
    [
      3.0812977430733324,
      3.059740286098769
    ],
    [
      3.0285850289554097,
      3.045644398184787
    ],
    [
      3.001889804072486,
      3.005448322673916
    ],
    [
      2.935268461637584,
      3.0313850298237024
    ],
    [
      2.9038994462990795,
      3.0107689512742875
    ],
    [
      2.9196425651399474,
      3.0616213245910635
    ],
    [
      2.945982463349319,
      2.9260679950872968
    ],
    [
      2.724863722392679,
      2.9417039279251838
    ],
    [
      2.6050442161965313,
      2.81947551545396
    ],
    [
      2.681909046826803,
      2.851213652459852
    ],
    [
      2.605568404787414,
      2.8384606106200776
    ],
    [
      2.5666242598700024,
      2.6993496636095413
    ],
    [
      2.429267957433983,
      2.7489927614670857
    ],
    [
      2.5261605745249724,
      2.643775979691764
    ],
    [
      2.4278488186934624,
      2.5987676408939135
    ],
    [
      2.2901823487332313,
      2.5712286656769163
    ],
    [
      2.3134019701532407,
      2.5210612670499137
    ],
    [
      2.183024434810611,
      2.4512518983703973
    ],
    [
      2.0597567802978523,
      2.3295416494437213
    ],
    [
      2.1517836451140018,
      2.3325707987896904
    ],
    [
      1.960607929382657,
      2.163942346290837
    ],
    [
      1.8716741917640534,
      2.165216803721718
    ],
    [
      1.8373208524922084,
      2.174602082021584
    ],
    [
      1.740852547867518,
      2.0777772320226657
    ],
    [
      1.6844309100956842,
      2.017666734096934
    ],
    [
      1.5886507317908667,
      1.952187516234878
    ],
    [
      1.3985469292523693,
      1.807102681411812
    ],
    [
      1.40940977274426,
      1.784730539520217
    ],
    [
      1.3397857801423159,
      1.764074568796946
    ],
    [
      1.2080877274578077,
      1.6169773483554335
    ],
    [
      1.0983998078689319,
      1.6003818189600498
    ],
    [
      1.057978495945929,
      1.5528261830700478
    ],
    [
      0.9001937373272956,
      1.379995926568013
    ],
    [
      0.8327341612677829,
      1.3673002035445354
    ],
    [
      0.797850110792196,
      1.2690370564785782
    ],
    [
      0.7929739844749705,
      1.1849412514387483
    ],
    [
      0.6462668271489616,
      1.1490939816980512
    ],
    [
      0.6482159454209918,
      1.052010315516821
    ],
    [
      0.55649294319757,
      1.0182736271635964
    ],
    [
      0.46920804939292804,
      0.8769941064677967
    ],
    [
      0.3465913543631972,
      0.7873386805130004
    ],
    [
      0.3473287735457138,
      0.7480040018547082
    ],
    [
      0.28374600114239007,
      0.6908486204582508
    ],
    [
      0.19903679817228867,
      0.6281433657693489
    ],
    [
      0.1332873003644306,
      0.5154000222683925
    ],
    [
      0.142008131269612,
      0.5436973657481503
    ],
    [
      0.0700137524832721,
      0.5013902778586251
    ]
  ],
  "complexity": 0.32768290256207383
}