{
  "id": 3387,
  "wedge_count": 6,
  "parameters": {
    "rotation_speeds": [
      -1.1661505713710463,
      -0.9832148453864873,
      -2.916479292353058,
      -0.8466602751138654,
      -1.8919743441273065,
      1.9173480173338824
    ],
    "phi_x": [
      -13.471548967055012,
      11.541717213686233,
      2.034392243143646,
      -14.2686464996498,
      -1.0349550720987075,
      -10.228744422159957
    ],
    "phi_y": [
      -5.665773906657087,
      -8.08695193909621,
      -11.186758334978673,
      0.5694746169486358,
      11.57356787222545,
      3.8344754456230703
    ],
    "distances": [
      1.0,
      5.436957823750147,
      5.406874203931759,
      6.780269669736434,
      3.7553019776056185,
      3.6919589193828375,
      3.3005692648029923
    ],
    "refractive_indices": [
      1.0,
      1.5,
      1.5,
      1.5,
      1.5,
      1.5,
      1.5,
      1.0
    ],
    "wedgenum": 6
  },
  "pattern": [
    [
      4.310795908126287,
      4.2613465208492105
    ],
    [
      4.11941749645183,
      4.166699973417856
    ],
    [
      4.059246035946382,
      4.130764547710535
    ],
    [
      4.068412877688412,
      4.00720251277086
    ],
    [
      3.8538430520882754,
      3.8234817448403042
    ],
    [
      3.712724012749571,
      3.69657959953341
    ],
    [
      3.6265043124214893,
      3.5466215051639365
    ],
    [
      3.441356537298659,
      3.590473898889995
    ],
    [
      3.3110847075042167,
      3.3060711626342525
    ],
    [
      3.16522699432892,
      3.229574716197315
    ],
    [
      3.08767254606894,
      3.0282523858894046
    ],
    [
      2.8945608961790725,
      2.9512838271328468
    ],
    [
      2.7543560430136362,
      2.9004698985295603
    ],
    [
      2.620142522436803,
      2.73408683936709
    ],
    [
      2.3885671000369215,
      2.619328134669234
    ],
    [
      2.331798475922422,
      2.4155923010297156
    ],
    [
      2.06781966932685,
      2.304646978456084
    ],
    [
      2.0162444583917543,
      2.0850455188550874
    ],
    [
      1.7488582136968556,
      2.0194839326505174
    ],
    [
      1.621098810272639,
      1.945605603304833
    ],
    [
      1.5454518320878736,
      1.746536971261913
    ],
    [
      1.289145945713678,
      1.5707287766434348
    ],
    [
      1.2800917535176675,
      1.501179488668583
    ],
    [
      1.1373801413488618,
      1.4443487494416103
    ],
    [
      0.92913882022998,
      1.2676036982476524
    ],
    [
      0.8163964565221598,
      1.1265608200835495
    ],
    [
      0.7519948794568968,
      1.0757612198203466
    ],
    [
      0.5748754049537085,
      0.8988915556293963
    ],
    [
      0.45162695802281244,
      0.6939581581026018
    ],
    [
      0.3237888031209407,
      0.6254110744929489
    ],
    [
      0.3170675332977071,
      0.5126458546616643
    ],
    [
      0.10910307450995485,
      0.4171441066101953
    ],
    [
      0.04401964869533793,
      0.36078839087884723
    ],
    [
      -0.10580352424503206,
      0.367028511526352
    ],
    [
      -0.16101620621594254,
      0.18400311920182086
    ],
    [
      -0.3001649722052055,
      0.11684409257640059
    ],
    [
      -0.28242256045845693,
      -0.011520304152129571
    ],
    [
      -0.3670984114671411,
      -0.10058595047626573
    ],
    [
      -0.48257234353110556,
      -0.2502433517489375
    ],
    [
      -0.6506405688169403,
      -0.29819106398770867
    ],
    [
      -0.6192064357457079,
      -0.37536651493912543
    ],
    [
      -0.6121250203268523,
      -0.35276881968865514
    ],
    [
      -0.6611195037403201,
      -0.46311148326412993
    ],
    [
      -0.6921376901868407,
      -0.547275326857501
    ],
    [
      -0.6813410223565833,
      -0.5642788031873551
    ],
    [
      -0.8340120995198126,
      -0.5114374481387189
    ],
    [
      -0.8084126103701363,
      -0.6435397193928052
    ],
    [
      -0.8585315912635418,
      -0.7056086871830562
    ],
    [
      -0.8653361416992812,
      -0.655492068675935
    ],
    [
      -0.8972021795242883,
      -0.6858867141535199
    ],
    [
      -0.9776788691840537,
      -0.755945180934783
    ],
    [
      -0.8386396494037734,
      -0.7878783369942445
    ],
    [
      -0.9352118217805031,
      -0.8392651516996988
    ],
    [
      -0.9414547193447657,
      -0.8775410925508143
    ],
    [
      -0.9194580180307887,
      -0.9075084166874088
    ],
    [
      -0.9202178443761179,
      -0.899817084610293
    ],
    [
      -0.8978135624188249,
      -0.912158414190058
    ],
    [
      -0.8127474206809798,
      -0.8202618775578899
    ],
    [
      -0.9296930580795643,
      -0.9267231653597174
    ],
    [
      -0.9339918816990623,
      -0.9288917665296438
    ]
  ],
  "complexity": 0.39165516224547825
}