{
  "id": 4094,
  "wedge_count": 2,
  "parameters": {
    "rotation_speeds": [
      2.8764384375779963,
      -2.3654717038880064
    ],
    "phi_x": [
      12.384155530989254,
      -8.031172213369402
    ],
    "phi_y": [
      -1.6435487778219002,
      14.431689929245739
    ],
    "distances": [
      1.0,
      6.47125144784832,
      7.549149555973522
    ],
    "refractive_indices": [
      1.0,
      1.5,
      1.5,
      1.0
    ],
    "wedgenum": 2
  },
  "pattern": [
    [
      1.617202867561663,
      1.4796144440082113
    ],
    [
      1.5202152753374547,
      1.541846109929744
    ],
    [
      1.406379890296466,
      1.4575496625110966
    ],
    [
      1.3737799239196287,
      1.3882677142290196
    ],
    [
      1.2821266570920593,
      1.3919667075370652
    ],
    [
      1.2825165860159382,
      1.304268708707204
    ],
    [
      1.1349066812406303,
      1.1902456883828356
    ],
    [
      0.9417349002211913,
      1.1960453551279981
    ],
    [
      1.0985394654530962,
      1.1396536952631882
    ],
    [
      0.9261205093048418,
      1.0128436020081046
    ],
    [
      0.8019656313253141,
      0.9197869423132035
    ],
    [
      0.7287493542344182,
      0.8840059107441978
    ],
    [
      0.7123871676874196,
      0.6522183923906861
    ],
    [
      0.5267212783869647,
      0.6586840470910965
    ],
    [
      0.4361933341265244,
      0.5725239259882928
    ],
    [
      0.3707968389683841,
      0.42187442379555995
    ],
    [
      0.09823988437703593,
      0.3252435705709482
    ],
    [
      0.11396796096472764,
      0.20945474339231002
    ],
    [
      -0.0021445339792780967,
      0.18732587722382443
    ],
    [
      -0.12881913908507356,
      0.12981896383604988
    ],
    [
      -0.18119695172592665,
      -0.03880302285155418
    ],
    [
      -0.35384761609475335,
      -0.17448441876955162
    ],
    [
      -0.5100712832299911,
      -0.17278472310235354
    ],
    [
      -0.5585757940458336,
      -0.4545268815478265
    ],
    [
      -0.6182069975478539,
      -0.4176986699388907
    ],
    [
      -0.6836924611876125,
      -0.42954735398025123
    ],
    [
      -0.8528294688790262,
      -0.6373807741465074
    ],
    [
      -0.8946866313372662,
      -0.6294861157826845
    ],
    [
      -1.032611629091933,
      -0.7628100939521114
    ],
    [
      -1.0842367960804342,
      -0.8615747336044286
    ],
    [
      -1.2191086109211953,
      -0.9740380678350865
    ],
    [
      -1.3432761172065086,
      -1.0539377181098624
    ],
    [
      -1.3987404309279798,
      -1.0719709441416536
    ],
    [
      -1.4330309343000571,
      -1.1606084786360054
    ],
    [
      -1.4467482859941683,
      -1.3669827310446951
    ],
    [
      -1.4482509698564099,
      -1.3256039139572595
    ],
    [
      -1.646774552012447,
      -1.3363143294876683
    ],
    [
      -1.650506753097847,
      -1.4782431343788458
    ],
    [
      -1.6140718161921397,
      -1.4343913864924698
    ],
    [
      -1.6243309929641625,
      -1.4874176567438815
    ],
    [
      -1.6731305081681502,
      -1.49398749268641
    ],
    [
      -1.693276982588774,
      -1.69484473559452
    ],
    [
      -1.7936044695285274,
      -1.635443763438438
    ],
    [
      -1.8447689153830698,
      -1.7069305837556645
    ],
    [
      -1.8022479761585297,
      -1.6818028866368824
    ],
    [
      -1.8176657557043379,
      -1.6973837162830272
    ],
    [
      -1.7901096776181067,
      -1.730231409551008
    ],
    [
      -1.7338041345167337,
      -1.7813136820851085
    ],
    [
      -1.6788402497831159,
      -1.6750342445150905
    ],
    [
      -1.5390102663858394,
      -1.7452905961356153
    ],
    [
      -1.5927595395283989,
      -1.6344817678638481
    ],
    [
      -1.526826912753106,
      -1.6913822015143307
    ],
    [
      -1.5495957396110145,
      -1.7002302792991042
    ],
    [
      -1.4455104109597143,
      -1.6869081163748474
    ],
    [
      -1.3091862639198122,
      -1.6935197066048167
    ],
    [
      -1.261910356279082,
      -1.5984329813291427
    ],
    [
      -1.2450434999475692,
      -1.6064809178913333
    ],
    [
      -1.1688510410226063,
      -1.565455568974122
    ],
    [
      -0.9639737473343586,
      -1.4146666478134946
    ],
    [
      -0.8378471756702409,
      -1.3084062333088602
    ]
  ],
  "complexity": 0.3131910544063004
}