{
  "id": 752,
  "wedge_count": 4,
  "parameters": {
    "rotation_speeds": [
      0.5051196243504683,
      2.0387511843866832,
      -0.08361740903717063,
      -1.0110799547287344
    ],
    "phi_x": [
      2.566207104342894,
      8.162678570933398,
      -1.8777105517096047,
      -10.998887014166794
    ],
    "phi_y": [
      -6.635102007851854,
      -0.2889186459063069,
      -3.7768307244194244,
      -4.0446874086891285
    ],
    "distances": [
      1.0,
      4.660998559167202,
      4.822551627593944,
      6.395433943095705,
      3.068342091280874
    ],
    "refractive_indices": [
      1.0,
      1.5,
      1.5,
      1.5,
      1.5,
      1.0
    ],
    "wedgenum": 4
  },
  "pattern": [
    [
      1.5993301796790094,
      1.6913427756905537
    ],
    [
      1.6467700514661021,
      1.6474732283529454
    ],
    [
      1.598319638726035,
      1.7562747907378435
    ],
    [
      1.732851669356687,
      1.7147491695514536
    ],
    [
      1.7286313847932584,
      1.6941749472523073
    ],
    [
      1.653672755612461,
      1.725280706426152
    ],
    [
      1.6778805606441414,
      1.7570424616521605
    ],
    [
      1.6462164073329322,
      1.69837598918413
    ],
    [
      1.7384454332164214,
      1.6431347024768685
    ],
    [
      1.618941188234287,
      1.576662290242197
    ],
    [
      1.6437664690517757,
      1.5674082586901519
    ],
    [
      1.552363880279671,
      1.5718695269436354
    ],
    [
      1.5761061735124453,
      1.5957417711259385
    ],
    [
      1.5308558675284847,
      1.559928917156466
    ],
    [
      1.536365401151941,
      1.4651622931545072
    ],
    [
      1.4088090540406755,
      1.4765937200988237
    ],
    [
      1.4815316630861315,
      1.4856519626763054
    ],
    [
      1.3375891136449125,
      1.467105716128429
    ],
    [
      1.3742348116613539,
      1.441860882650012
    ],
    [
      1.3039918982555574,
      1.436826966203499
    ],
    [
      1.2985441903627117,
      1.4187414909644203
    ],
    [
      1.2265948620997154,
      1.3359930389233639
    ],
    [
      1.1568105320212765,
      1.237720840111547
    ],
    [
      1.1628801200373924,
      1.131503283670959
    ],
    [
      1.1246156801412632,
      1.163981713598718
    ],
    [
      1.0938908302800054,
      1.1508805509408688
    ],
    [
      1.0593316165604072,
      1.231727285356132
    ],
    [
      0.8886119355875055,
      1.1650705774458248
    ],
    [
      0.8575693212233023,
      0.9858597375235023
    ],
    [
      0.9212194315718385,
      0.9001377983423814
    ],
    [
      0.7372963829709082,
      0.8614056175381714
    ],
    [
      0.7132374993546083,
      0.8649879365108537
    ],
    [
      0.7874092049917278,
      0.8285695741614819
    ],
    [
      0.7214151256006358,
      0.7698718317721288
    ],
    [
      0.6231126942567539,
      0.8109450414633972
    ],
    [
      0.625893321775989,
      0.6962231318190046
    ],
    [
      0.5951108151993979,
      0.6408175734548633
    ],
    [
      0.5179584006221185,
      0.6331448081987604
    ],
    [
      0.4722475283765568,
      0.5745391664549894
    ],
    [
      0.5173783402969114,
      0.5645575232351483
    ],
    [
      0.47648235560853214,
      0.45368522303553926
    ],
    [
      0.450233632466212,
      0.5282076701704613
    ],
    [
      0.4159943350854098,
      0.43902045217556124
    ],
    [
      0.38474354098190466,
      0.4232043711848552
    ],
    [
      0.2698136896729808,
      0.35239952003201963
    ],
    [
      0.3552827689314426,
      0.34370562668430477
    ],
    [
      0.36912566179103945,
      0.31611059102903855
    ],
    [
      0.20703764237886063,
      0.25864467207476505
    ],
    [
      0.30086433213873554,
      0.2828478775322195
    ],
    [
      0.25518632182818335,
      0.3739968320721401
    ],
    [
      0.13623140970335798,
      0.33221360742730344
    ],
    [
      0.24648971466143374,
      0.2608406759255133
    ],
    [
      0.1735267961061159,
      0.3112921093830162
    ],
    [
      0.1985944471700217,
      0.19726086179909666
    ],
    [
      0.2679287567874634,
      0.24187423056128476
    ],
    [
      0.2195938406588157,
      0.23575711438078417
    ],
    [
      0.31679103178563073,
      0.15787412782837307
    ],
    [
      0.22306402437353168,
      0.2042605322440063
    ],
    [
      0.3221536378863318,
      0.14909292714656758
    ],
    [
      0.21225192547194793,
      0.16117570336804868
    ]
  ],
  "complexity": 0.2297378912603936
}