{
  "id": 2829,
  "wedge_count": 2,
  "parameters": {
    "rotation_speeds": [
      0.3730208159741273,
      -2.3833769783482976
    ],
    "phi_x": [
      7.998194488218058,
      7.769330923296497
    ],
    "phi_y": [
      -5.3081382317773205,
      -9.475780079103746
    ],
    "distances": [
      1.0,
      4.989733654877634,
      5.013954453687864
    ],
    "refractive_indices": [
      1.0,
      1.5,
      1.5,
      1.0
    ],
    "wedgenum": 2
  },
  "pattern": [
    [
      1.1670434331789463,
      1.1937088337384734
    ],
    [
      1.153536759992248,
      1.157830024466508
    ],
    [
      1.0991509131829191,
      1.1255406575950933
    ],
    [
      1.108917998646746,
      1.079161982156145
    ],
    [
      0.9814961678407883,
      1.0154019776086995
    ],
    [
      0.9856638485853244,
      0.8847301481983361
    ],
    [
      0.885793217610661,
      0.9776300738702552
    ],
    [
      0.8943437651588126,
      0.8590648030256898
    ],
    [
      0.8260764311004447,
      0.8832212043748637
    ],
    [
      0.7845451361441588,
      0.8115184151673702
    ],
    [
      0.6467268909670475,
      0.7498114560300949
    ],
    [
      0.6524750220428824,
      0.6342903370419112
    ],
    [
      0.5803857025371079,
      0.6444546541135171
    ],
    [
      0.5417582342270555,
      0.5957670386559183
    ],
    [
      0.45557434725897217,
      0.5660299339626073
    ],
    [
      0.4218218296550626,
      0.5277024668102515
    ],
    [
      0.42478148356600115,
      0.4775779356904749
    ],
    [
      0.3600025672952806,
      0.39668180413167936
    ],
    [
      0.24893075701194842,
      0.3853190638156542
    ],
    [
      0.22088179423558676,
      0.30727826798617675
    ],
    [
      0.19187924527986241,
      0.19907958243117502
    ],
    [
      0.14306886151457152,
      0.2384767408660987
    ],
    [
      0.10081057684251117,
      0.20883898283864677
    ],
    [
      0.126412997688837,
      0.15460768164369737
    ],
    [
      0.044665639892817285,
      0.14303839327813317
    ],
    [
      0.02951548115491687,
      0.11570872359733413
    ],
    [
      0.022772913201077914,
      0.05650295698753484
    ],
    [
      -0.0012421190251034851,
      -0.004605408236174405
    ],
    [
      -0.07437950547565095,
      0.010269654228926521
    ],
    [
      -0.058036237371024486,
      -8.43275719536931e-05
    ],
    [
      -0.081988598385112,
      -0.032786401643876084
    ],
    [
      -0.07224431184307362,
      -0.03522921940866504
    ],
    [
      -0.09372650726774223,
      -0.050611346177297685
    ],
    [
      -0.07553743313867657,
      -0.061841354486657965
    ],
    [
      -0.09286606393630151,
      -0.0624195783786964
    ],
    [
      -0.07185056365801486,
      -0.07636799529178977
    ],
    [
      -0.06563199371798373,
      -0.0695361543675468
    ],
    [
      -0.061999778513136906,
      -0.09269516534882398
    ],
    [
      -0.0602081999400516,
      -0.07750910729197445
    ],
    [
      0.003504745731197953,
      -0.11088971693161556
    ],
    [
      0.04010408436762338,
      -0.0261313219206485
    ],
    [
      0.05377006920609872,
      -0.06717494736674967
    ],
    [
      0.03575346873009753,
      -0.07074579441590202
    ],
    [
      0.06910149619143377,
      -0.03498119042308419
    ],
    [
      0.12395834842971845,
      0.030034948916809363
    ],
    [
      0.1739420813588453,
      0.02250857944092876
    ],
    [
      0.2008511632089233,
      0.028836543677695285
    ],
    [
      0.20737393896970147,
      0.1105581627944556
    ],
    [
      0.21350872038819366,
      0.08816326411253106
    ],
    [
      0.2770007221486902,
      0.16157888529335104
    ],
    [
      0.40572941398127643,
      0.19361994543205932
    ],
    [
      0.41531432474559704,
      0.18272755437097843
    ],
    [
      0.4836830755073077,
      0.28283828150602974
    ],
    [
      0.4786547420065589,
      0.3201380420735273
    ],
    [
      0.5638448392643863,
      0.29339135713317266
    ],
    [
      0.6280607584659759,
      0.38241633416688475
    ],
    [
      0.6460172311309329,
      0.4344880073191745
    ],
    [
      0.7192296390570646,
      0.506336800091749
    ],
    [
      0.8008304482611023,
      0.5399905315854949
    ],
    [
      0.7322218110025132,
      0.5768054491619181
    ]
  ],
  "complexity": 0.23953091532310786
}