{
  "id": 867,
  "wedge_count": 2,
  "parameters": {
    "rotation_speeds": [
      2.3811372492597416,
      1.9787828154808524
    ],
    "phi_x": [
      -2.2505922361572477,
      10.608166994868903
    ],
    "phi_y": [
      7.31671140027272,
      9.105826188740224
    ],
    "distances": [
      1.0,
      7.5302944711894195,
      6.242441170900971
    ],
    "refractive_indices": [
      1.0,
      1.5,
      1.5,
      1.0
    ],
    "wedgenum": 2
  },
  "pattern": [
    [
      0.9742486135709026,
      0.9927862858113901
    ],
    [
      1.0316706946021637,
      0.9936456989427415
    ],
    [
      1.1304479819698123,
      1.0664682493159094
    ],
    [
      1.152490230453448,
      1.1351710678380775
    ],
    [
      1.159700670133914,
      1.1946231246455554
    ],
    [
      1.2505343872750774,
      1.199241370885451
    ],
    [
      1.262970024740839,
      1.32033828241951
    ],
    [
      1.3224558930395287,
      1.2796649614801596
    ],
    [
      1.3644336368430316,
      1.3408365595392562
    ],
    [
      1.3549664541533166,
      1.4442326622070503
    ],
    [
      1.39913881513929,
      1.3510914539988788
    ],
    [
      1.3845445358611566,
      1.3818121415590054
    ],
    [
      1.4014826308555195,
      1.3669346351194411
    ],
    [
      1.4410177551815133,
      1.4259619082117936
    ],
    [
      1.3724985540440968,
      1.404953368350447
    ],
    [
      1.3903687607918869,
      1.3980674771818573
    ],
    [
      1.3621641481996727,
      1.467228906566327
    ],
    [
      1.4017243800692907,
      1.4046941336009922
    ],
    [
      1.4143593969156372,
      1.4426635266152192
    ],
    [
      1.3774420800039238,
      1.3694454630844253
    ],
    [
      1.2866138048877294,
      1.3595562036810347
    ],
    [
      1.2846350435142904,
      1.3320618786319844
    ],
    [
      1.1710832266562525,
      1.3006474634222802
    ],
    [
      1.116920276942844,
      1.2455062029439994
    ],
    [
      1.1157756016795644,
      1.2387633399427624
    ],
    [
      1.0224362769972766,
      1.1831029530941277
    ],
    [
      0.9468916887048807,
      1.1848178871471053
    ],
    [
      0.8669437902806116,
      1.1042509443381126
    ],
    [
      0.7681336639465468,
      1.0091240052280515
    ],
    [
      0.7396918049679468,
      0.9563392606543454
    ],
    [
      0.5958917697449857,
      0.9101461368677792
    ],
    [
      0.5169384310297586,
      0.8933012735367792
    ],
    [
      0.42061734944516316,
      0.722190432436019
    ],
    [
      0.342983937388633,
      0.7159579218460824
    ],
    [
      0.27401537654507435,
      0.5635248066401737
    ],
    [
      0.14839496661005724,
      0.5028905386120154
    ],
    [
      0.07112210480997211,
      0.39210078126030734
    ],
    [
      -0.024447165274114262,
      0.3123658637569026
    ],
    [
      -0.11253329257600163,
      0.21796818691734077
    ],
    [
      -0.19742239745414464,
      0.132795605783183
    ],
    [
      -0.33795614307404714,
      0.036191587956570175
    ],
    [
      -0.479343869309617,
      -0.053464376801404895
    ],
    [
      -0.5171537809920045,
      -0.08864527075141738
    ],
    [
      -0.6310245901404524,
      -0.2567046281652626
    ],
    [
      -0.7102921050059853,
      -0.32466837085381556
    ],
    [
      -0.8563142142494646,
      -0.40340147380670754
    ],
    [
      -0.9177200393776352,
      -0.4596837191910538
    ],
    [
      -0.9689264431347512,
      -0.574713008206715
    ],
    [
      -1.1403994304450187,
      -0.6418382483560914
    ],
    [
      -1.217269440586328,
      -0.8040673866683746
    ],
    [
      -1.2072363850523369,
      -0.810965313286887
    ],
    [
      -1.3130020718123145,
      -0.9741485534923938
    ],
    [
      -1.3658136173042283,
      -0.9950935420610666
    ],
    [
      -1.3910297517438717,
      -1.0795274388054392
    ],
    [
      -1.4828172470667396,
      -1.1466136417743746
    ],
    [
      -1.5101771459598494,
      -1.1842279148713089
    ],
    [
      -1.5345754737056876,
      -1.2513208297290965
    ],
    [
      -1.6309813709361431,
      -1.381593063003791
    ],
    [
      -1.6219701854469806,
      -1.3356600139150308
    ],
    [
      -1.6001455627982804,
      -1.4242814622502455
    ]
  ],
  "complexity": 0.28897660597921637
}