{
  "id": 4977,
  "wedge_count": 6,
  "parameters": {
    "rotation_speeds": [
      -2.585911942783861,
      0.6807160585018597,
      2.8162260133729955,
      -1.5399002233998882,
      2.7613776917032284,
      -2.5108794865165205
    ],
    "phi_x": [
      7.538996557676363,
      6.1522878121183595,
      7.184317299152376,
      -0.9567720482254618,
      4.310490600443863,
      -3.4643358093986496
    ],
    "phi_y": [
      5.766337581949983,
      -14.313152305951704,
      2.555751668584204,
      3.3158847923143,
      14.687584977373938,
      -5.1932136256625245
    ],
    "distances": [
      1.0,
      4.52343454014985,
      7.663679997400736,
      2.496577635170696,
      2.994263806254661,
      3.315859539586306,
      6.8045948284105515
    ],
    "refractive_indices": [
      1.0,
      1.5,
      1.5,
      1.5,
      1.5,
      1.5,
      1.5,
      1.0
    ],
    "wedgenum": 6
  },
  "pattern": [
    [
      3.1864303757804677,
      3.1668756754753433
    ],
    [
      3.2034252344228102,
      3.162192902864197
    ],
    [
      3.1686377328420523,
      3.205195652140827
    ],
    [
      3.232996779049228,
      3.1928037826223297
    ],
    [
      3.1486107985338676,
      3.1248962524655757
    ],
    [
      3.1897203514200276,
      3.1420689767217342
    ],
    [
      3.150040449846359,
      3.1209091119310943
    ],
    [
      3.0053184361358265,
      3.026126444506108
    ],
    [
      2.89406439302506,
      2.939068244073915
    ],
    [
      2.889035859868975,
      2.9452805947348635
    ],
    [
      2.786710622326239,
      2.863375711764816
    ],
    [
      2.7310070946822904,
      2.7613766077462754
    ],
    [
      2.614788321611862,
      2.686142655920736
    ],
    [
      2.4999119503668155,
      2.547935803838001
    ],
    [
      2.314822303852806,
      2.5377327087475594
    ],
    [
      2.209350490888529,
      2.4008848857555747
    ],
    [
      2.083760603867183,
      2.2890275026998292
    ],
    [
      1.920171890251806,
      2.1405482483459464
    ],
    [
      1.8535879279358136,
      2.152719009186574
    ],
    [
      1.6227882019886208,
      1.9502592546813782
    ],
    [
      1.4790336455665043,
      1.7609339132303437
    ],
    [
      1.3352889847388645,
      1.710911218933823
    ],
    [
      1.120750483242706,
      1.4992293786993716
    ],
    [
      0.9823757784869374,
      1.3299765777684929
    ],
    [
      0.7780770147079383,
      1.1881878437659863
    ],
    [
      0.5285021739420268,
      1.0024300325367683
    ],
    [
      0.43116666498823975,
      0.904002669553056
    ],
    [
      0.20912486470777686,
      0.8058621167417479
    ],
    [
      0.20477886483732038,
      0.6557713434801489
    ],
    [
      -0.053600277273751426,
      0.45453161239612794
    ],
    [
      -0.10388329441345122,
      0.31995841051416535
    ],
    [
      -0.47579491361642695,
      0.14723304181740796
    ],
    [
      -0.5231309436732012,
      0.04455444853499607
    ],
    [
      -0.5969933379938605,
      -0.16587035383477572
    ],
    [
      -0.678838340898187,
      -0.2822462731240444
    ],
    [
      -0.9619511836134421,
      -0.3752503724087126
    ],
    [
      -0.9400486363306703,
      -0.4487799222166372
    ],
    [
      -1.1889014754667258,
      -0.6654124414011215
    ],
    [
      -1.3052384684989886,
      -0.7705763903109136
    ],
    [
      -1.2504556244545075,
      -0.8754846599976611
    ],
    [
      -1.3855975434137926,
      -1.028543545468875
    ],
    [
      -1.5215498077430143,
      -1.0647613395000242
    ],
    [
      -1.4213884009964424,
      -1.1940032535007234
    ],
    [
      -1.6597051666633513,
      -1.234524567780491
    ],
    [
      -1.6334182517873619,
      -1.398395553852624
    ],
    [
      -1.4572392745055285,
      -1.4363288131816903
    ],
    [
      -1.6315983653936088,
      -1.4006671083765212
    ],
    [
      -1.5966291024702666,
      -1.516146727979902
    ],
    [
      -1.6264797657984518,
      -1.4900006251148212
    ],
    [
      -1.6027868431416228,
      -1.5492051547694976
    ],
    [
      -1.5548253814766924,
      -1.614765280780665
    ],
    [
      -1.5474282017485308,
      -1.5766065189611895
    ],
    [
      -1.4564787231998144,
      -1.6597262652223013
    ],
    [
      -1.3400333453417106,
      -1.5848658069326784
    ],
    [
      -1.331199342596004,
      -1.5909158742240106
    ],
    [
      -1.1246305029052497,
      -1.5607532327931612
    ],
    [
      -1.1269596733608302,
      -1.524263197767035
    ],
    [
      -0.9937181605200506,
      -1.472406045737008
    ],
    [
      -0.9121334806764815,
      -1.4938799315903282
    ],
    [
      -0.7548159619654276,
      -1.3597661754735095
    ]
  ],
  "complexity": 0.39173739291192566
}