{
  "id": 4284,
  "wedge_count": 2,
  "parameters": {
    "rotation_speeds": [
      -1.1389756407217106,
      -0.48805241460692006
    ],
    "phi_x": [
      11.513458163675416,
      -7.445413832422067
    ],
    "phi_y": [
      13.007613660642342,
      -3.6196252953240595
    ],
    "distances": [
      1.0,
      6.350835715997526,
      4.9503807239636535
    ],
    "refractive_indices": [
      1.0,
      1.5,
      1.5,
      1.0
    ],
    "wedgenum": 2
  },
  "pattern": [
    [
      1.2681842366009208,
      1.2643855410922449
    ],
    [
      1.2914273969280508,
      1.2329371121814898
    ],
    [
      1.16768062281705,
      1.130252807994901
    ],
    [
      0.9716506227537897,
      1.1586697387931608
    ],
    [
      0.9373462236912491,
      1.0448439667712184
    ],
    [
      0.9575876808280087,
      0.9787890217804589
    ],
    [
      0.9059526231993168,
      0.9272264998411226
    ],
    [
      0.7842268525901038,
      0.7343905855937078
    ],
    [
      0.7750475131561811,
      0.7166075663823552
    ],
    [
      0.6227642145820902,
      0.6310646942976659
    ],
    [
      0.5278896263265382,
      0.5190380801230946
    ],
    [
      0.39800334720068054,
      0.49315969495312184
    ],
    [
      0.3184578591094156,
      0.3314232532878837
    ],
    [
      0.18559374607106174,
      0.28399628434012597
    ],
    [
      0.18538810286927054,
      0.26776248897164145
    ],
    [
      0.04040527664748864,
      0.16125500238644042
    ],
    [
      0.00938504719497918,
      0.07787943187695948
    ],
    [
      -0.09740230068441923,
      -0.020037943802847725
    ],
    [
      -0.23859015733843164,
      -0.07731577987450419
    ],
    [
      -0.24417899201598006,
      -0.18204891346489743
    ],
    [
      -0.34465076202209377,
      -0.12155992097804633
    ],
    [
      -0.4150791245351202,
      -0.29005157582358254
    ],
    [
      -0.4612269050991927,
      -0.35845136382942316
    ],
    [
      -0.5413339246278033,
      -0.4050773199762943
    ],
    [
      -0.6133463445432217,
      -0.43977651758964265
    ],
    [
      -0.6031022646950542,
      -0.47756813911251716
    ],
    [
      -0.6518563808704906,
      -0.6270890103830143
    ],
    [
      -0.7951135961869868,
      -0.666278555756928
    ],
    [
      -0.7048899721278483,
      -0.6841527438422954
    ],
    [
      -0.7855027404890703,
      -0.6492127583914289
    ],
    [
      -0.7332420194057967,
      -0.798258809274642
    ],
    [
      -0.7421267664134858,
      -0.8443241252188441
    ],
    [
      -0.8168880238099531,
      -0.7708612175603452
    ],
    [
      -0.796158166715436,
      -0.7085975232334994
    ],
    [
      -0.820791275789505,
      -0.938154012354443
    ],
    [
      -0.8287507152352964,
      -0.8138950362079888
    ],
    [
      -0.8704837343363675,
      -0.7980647975962404
    ],
    [
      -0.7826378692648553,
      -0.8252780020243625
    ],
    [
      -0.7861083076468791,
      -0.828896241204909
    ],
    [
      -0.7801576143800495,
      -0.7876504910966082
    ],
    [
      -0.76160238346404,
      -0.7698255021591809
    ],
    [
      -0.8000166568271476,
      -0.7708093957613591
    ],
    [
      -0.6776485485176487,
      -0.7257356175595371
    ],
    [
      -0.7265231104417487,
      -0.7537440525060404
    ],
    [
      -0.6158496126330706,
      -0.71076001642624
    ],
    [
      -0.5581373725173948,
      -0.7964854272448543
    ],
    [
      -0.590061221901351,
      -0.7525952691318231
    ],
    [
      -0.49201898620041606,
      -0.6136084153151385
    ],
    [
      -0.41335313474310814,
      -0.7505717461354586
    ],
    [
      -0.3944392767757631,
      -0.6163383233540402
    ],
    [
      -0.40557218681352897,
      -0.5026512185993712
    ],
    [
      -0.2946823321776215,
      -0.46974759674740524
    ],
    [
      -0.13175107677273634,
      -0.4960015342034413
    ],
    [
      -0.19755972947216888,
      -0.4883348402540004
    ],
    [
      -0.22940247987080592,
      -0.3751841857974583
    ],
    [
      0.004802526042643265,
      -0.3368902597557646
    ],
    [
      0.015458462418801833,
      -0.30595031932603756
    ],
    [
      0.01568761771212465,
      -0.3238417884458219
    ],
    [
      0.0674207149857755,
      -0.20792282235663842
    ],
    [
      0.10730005245051126,
      -0.23684641425353062
    ]
  ],
  "complexity": 0.2642004419992228
}