{
  "id": 2012,
  "wedge_count": 6,
  "parameters": {
    "rotation_speeds": [
      2.4307158770102735,
      -1.0937929906044568,
      -0.11643366780567588,
      0.17320191451505673,
      -2.9922518210769358,
      -0.2436676883961666
    ],
    "phi_x": [
      13.70451681987771,
      -1.03376486211112,
      -14.686547680201837,
      4.541734723999372,
      7.759255988944293,
      9.11246476249202
    ],
    "phi_y": [
      1.7673479969030907,
      -7.597170798660847,
      -11.222768299288632,
      -2.3693092156161075,
      -8.589399506198909,
      -0.3220731019419407
    ],
    "distances": [
      1.0,
      7.660346290263487,
      4.541316620337686,
      6.46332205060863,
      6.461719760860047,
      3.7145967840584877,
      3.472399086744227
    ],
    "refractive_indices": [
      1.0,
      1.5,
      1.5,
      1.5,
      1.5,
      1.5,
      1.5,
      1.0
    ],
    "wedgenum": 6
  },
  "pattern": [
    [
      3.8431477058079335,
      3.838882473063553
    ],
    [
      3.7966236908283646,
      3.8613504932089127
    ],
    [
      3.856602617246135,
      3.8556290676867078
    ],
    [
      3.734746035401054,
      3.810777954223106
    ],
    [
      3.7567714933253393,
      3.861944670412248
    ],
    [
      3.745872064732329,
      3.7629847449827243
    ],
    [
      3.592781873008144,
      3.6684502979512685
    ],
    [
      3.5802911693050756,
      3.659526238240101
    ],
    [
      3.5111428303394154,
      3.6652516556483365
    ],
    [
      3.5589535641889403,
      3.4965581991058987
    ],
    [
      3.4162705602280354,
      3.4286685792248655
    ],
    [
      3.3820465653825806,
      3.3901840422110014
    ],
    [
      3.3211675119676745,
      3.298335833112316
    ],
    [
      3.0764651639627334,
      3.178645225793075
    ],
    [
      3.0754701408868446,
      3.1386417158424105
    ],
    [
      3.0082270178243546,
      2.9068303546326786
    ],
    [
      2.9390475643527303,
      3.003742314729916
    ],
    [
      2.7291802652081056,
      2.8288592605603773
    ],
    [
      2.6597170431761556,
      2.839665398057782
    ],
    [
      2.551550145104139,
      2.7886110139371145
    ],
    [
      2.503839074275619,
      2.6613667812364046
    ],
    [
      2.3067097648540225,
      2.592917011924395
    ],
    [
      2.208388273576155,
      2.4068081745537633
    ],
    [
      2.1906727844195686,
      2.3254187690612933
    ],
    [
      2.0725870088628646,
      2.2523752521287252
    ],
    [
      1.9467241656681606,
      2.1492638943678473
    ],
    [
      1.7842322393776295,
      2.08876919674171
    ],
    [
      1.6083296278925754,
      1.9129125338853648
    ],
    [
      1.5955430364397654,
      1.8836443240256684
    ],
    [
      1.5544120139720567,
      1.7271921414381235
    ],
    [
      1.4541541124819901,
      1.6103805247155363
    ],
    [
      1.3345446175332731,
      1.5697646265657175
    ],
    [
      1.085205284305583,
      1.405191150865845
    ],
    [
      1.0662987395112076,
      1.3712633146450848
    ],
    [
      0.9351572081670491,
      1.2877381064733304
    ],
    [
      0.9211935797534448,
      1.180900097557749
    ],
    [
      0.7672042441829093,
      1.0629236005932623
    ],
    [
      0.7011975591425964,
      0.9692776976482269
    ],
    [
      0.6646178833239911,
      0.8862524144042372
    ],
    [
      0.5292615244479973,
      0.8472814910298879
    ],
    [
      0.4213578180859133,
      0.837802197452248
    ],
    [
      0.42972629295791787,
      0.7611213251791131
    ],
    [
      0.3931264565410593,
      0.661054598574712
    ],
    [
      0.2961334581143991,
      0.42222119180186235
    ],
    [
      0.31927721611947835,
      0.5503216175088916
    ],
    [
      0.18278919957561526,
      0.4449786910015932
    ],
    [
      0.15449435596915387,
      0.5060884869206962
    ],
    [
      0.24436212305657667,
      0.3704063479847709
    ],
    [
      0.17006538008641198,
      0.3236155708946369
    ],
    [
      0.18659472589120946,
      0.2855409176498467
    ],
    [
      0.08797226953652994,
      0.22366611973265157
    ],
    [
      0.047796769080574265,
      0.18352710392878455
    ],
    [
      0.09228382887049023,
      0.22370045228628344
    ],
    [
      0.08499162331022253,
      0.18091229012867366
    ],
    [
      0.09337013926968936,
      0.20820757846459673
    ],
    [
      0.08672245378411997,
      0.1829616144299892
    ],
    [
      0.08822202436579227,
      0.0940452346280049
    ],
    [
      0.16893405271158146,
      0.16966000892784347
    ],
    [
      0.1140945113498758,
      0.2682737149196065
    ],
    [
      0.3188319624974819,
      0.11280362756073353
    ]
  ],
  "complexity": 0.3650418875712187
}