{
  "id": 882,
  "wedge_count": 4,
  "parameters": {
    "rotation_speeds": [
      1.372563251878237,
      -0.6022853988950612,
      -2.4176231007669893,
      -0.3168880995115071
    ],
    "phi_x": [
      4.339171664125793,
      -5.32371433591088,
      -6.850572987613591,
      0.9190384668391953
    ],
    "phi_y": [
      5.334485227319295,
      14.37037163568273,
      -1.9021052639684086,
      -7.982322732889297
    ],
    "distances": [
      1.0,
      4.2499101267162285,
      4.93811742437591,
      6.353235962578783,
      7.660900443912431
    ],
    "refractive_indices": [
      1.0,
      1.5,
      1.5,
      1.5,
      1.5,
      1.0
    ],
    "wedgenum": 4
  },
  "pattern": [
    [
      1.6936323362336085,
      1.646215544264641
    ],
    [
      1.6511725391601777,
      1.6665851269770557
    ],
    [
      1.6671548420662345,
      1.6338852791036966
    ],
    [
      1.6933256352663795,
      1.6623900196701817
    ],
    [
      1.5413859723096963,
      1.6626064990367184
    ],
    [
      1.7731776891659814,
      1.6370187213169536
    ],
    [
      1.583162161284157,
      1.621497259204274
    ],
    [
      1.6083375602917014,
      1.6121124191742837
    ],
    [
      1.5474023207733223,
      1.5563431437686652
    ],
    [
      1.4953754551970786,
      1.5743351056116932
    ],
    [
      1.4780519664700265,
      1.5032345708089687
    ],
    [
      1.4988289661485323,
      1.4680844367345827
    ],
    [
      1.426069077431975,
      1.4394935239675966
    ],
    [
      1.4346469715867802,
      1.411994338412398
    ],
    [
      1.3857641456353647,
      1.322241660089714
    ],
    [
      1.2678447682716834,
      1.4376306050423975
    ],
    [
      1.3457349491389705,
      1.2025496091061092
    ],
    [
      1.3328822073565243,
      1.3180784889955128
    ],
    [
      1.2547007657806823,
      1.2866666904610624
    ],
    [
      1.194795238547203,
      1.2518464658123047
    ],
    [
      1.1776767443569933,
      1.0982088291421817
    ],
    [
      1.0338980272148586,
      1.0680851837373062
    ],
    [
      0.9915812509233242,
      1.1109407018728563
    ],
    [
      1.000806108023094,
      1.0582740038878784
    ],
    [
      0.9976658072381783,
      0.9999402067811476
    ],
    [
      0.9053130564420621,
      0.922997480516379
    ],
    [
      0.7402588682996676,
      0.9594406185799665
    ],
    [
      0.7360648234713684,
      0.8021454026926091
    ],
    [
      0.7360833122908264,
      0.7851775141326388
    ],
    [
      0.5955234235329383,
      0.7235987789935923
    ],
    [
      0.6615126593866829,
      0.6545516075698321
    ],
    [
      0.5106248423681793,
      0.5921095725609345
    ],
    [
      0.4539741396167463,
      0.579236383183281
    ],
    [
      0.39758634308573115,
      0.5406461051635635
    ],
    [
      0.3952821183631724,
      0.49298457509784605
    ],
    [
      0.3271555863120402,
      0.4232976915290635
    ],
    [
      0.25393804007562637,
      0.3244116978588483
    ],
    [
      0.15550998033561023,
      0.3012051376622709
    ],
    [
      0.08848405067199806,
      0.3068807944388462
    ],
    [
      0.007550335548528922,
      0.27918779200354926
    ],
    [
      -0.011944710938426008,
      0.13016295883489307
    ],
    [
      -0.06604528825413869,
      0.09868344551843986
    ],
    [
      -0.027387598273951624,
      0.14041785920379457
    ],
    [
      -0.11880506360710731,
      -0.05346263529154978
    ],
    [
      -0.09450365993693173,
      0.01069231623290881
    ],
    [
      -0.214041904667605,
      -0.022653186211117872
    ],
    [
      -0.35520080947634847,
      -0.08490161011289682
    ],
    [
      -0.3186375397012188,
      -0.17628000112330333
    ],
    [
      -0.31049860479784847,
      -0.24837224884788384
    ],
    [
      -0.40119570446598984,
      -0.26720870407761366
    ],
    [
      -0.44373657071172307,
      -0.4260290326033571
    ],
    [
      -0.3813385921500762,
      -0.27584470878897943
    ],
    [
      -0.41251383007599846,
      -0.26397280983866794
    ],
    [
      -0.521637053284939,
      -0.41025242175924564
    ],
    [
      -0.5623495479193701,
      -0.3427404240675226
    ],
    [
      -0.636148211959769,
      -0.42975023220437997
    ],
    [
      -0.6376261269295682,
      -0.5166839309714164
    ],
    [
      -0.6463715502922794,
      -0.5057524161836993
    ],
    [
      -0.5638210654620401,
      -0.4521291503913808
    ],
    [
      -0.6772069139704656,
      -0.5222167103002944
    ]
  ],
  "complexity": 0.2777594399732323
}