{
  "id": 3502,
  "wedge_count": 4,
  "parameters": {
    "rotation_speeds": [
      1.0933506935736332,
      1.492060489371374,
      0.4113745572888572,
      1.9102951176815717
    ],
    "phi_x": [
      5.638333813594997,
      -5.224034935631222,
      -0.2560154736996729,
      -11.960093799555722
    ],
    "phi_y": [
      -5.273679819769747,
      1.5807447968886272,
      12.16803318674281,
      3.6800894108456284
    ],
    "distances": [
      1.0,
      4.870513258268801,
      2.3883546812992593,
      6.901784351028934,
      2.4268143663185207
    ],
    "refractive_indices": [
      1.0,
      1.5,
      1.5,
      1.5,
      1.5,
      1.0
    ],
    "wedgenum": 4
  },
  "pattern": [
    [
      1.9502491269663285,
      1.8411939884208275
    ],
    [
      1.8511041579858805,
      1.8881579427828439
    ],
    [
      1.8277573794958328,
      1.9614297311471653
    ],
    [
      1.9310155896412378,
      1.869490793809214
    ],
    [
      1.8107458574660535,
      1.8982983409246763
    ],
    [
      1.914823149145476,
      1.9243441373689085
    ],
    [
      1.8936363486831043,
      1.8491994179090472
    ],
    [
      1.8878552044066936,
      1.8771267975874446
    ],
    [
      1.8309142090883912,
      1.7836283558817956
    ],
    [
      1.8306938342226686,
      1.9339378256898698
    ],
    [
      1.813207802204241,
      1.8179408082206483
    ],
    [
      1.6300217980480622,
      1.7200655847316764
    ],
    [
      1.6939904204471807,
      1.77567573068185
    ],
    [
      1.6023884607209862,
      1.7694492030970268
    ],
    [
      1.6061436199104318,
      1.6646219072173174
    ],
    [
      1.5521888659764804,
      1.6622338034110677
    ],
    [
      1.4526941503917947,
      1.5875689413950027
    ],
    [
      1.469353244808073,
      1.5766479092107393
    ],
    [
      1.2481465726873433,
      1.4744753983879912
    ],
    [
      1.255937458561294,
      1.4125541705828673
    ],
    [
      1.200030499013053,
      1.3695693162473435
    ],
    [
      1.1253964671441181,
      1.3209950921864446
    ],
    [
      1.066490426519051,
      1.2947881721907133
    ],
    [
      1.013438631216313,
      1.1623141831400403
    ],
    [
      0.9628516376661129,
      1.1954779773344886
    ],
    [
      0.9049025652853235,
      1.0950529172245356
    ],
    [
      0.8743116015496964,
      1.0503793123344043
    ],
    [
      0.7457444836257174,
      0.9348022390799052
    ],
    [
      0.6337091105227405,
      0.855342728620243
    ],
    [
      0.5784121867051715,
      0.7805926623388575
    ],
    [
      0.5136386527092026,
      0.7584178847360142
    ],
    [
      0.5220082551518693,
      0.6192455865406796
    ],
    [
      0.41840339823516404,
      0.6856012115777756
    ],
    [
      0.3885354271280924,
      0.49408897172143645
    ],
    [
      0.33386573394245456,
      0.5426850898139992
    ],
    [
      0.17950078404870326,
      0.40546588918212356
    ],
    [
      0.20544687607844306,
      0.4345704835904302
    ],
    [
      0.03717614744935241,
      0.39003291850031674
    ],
    [
      0.006061475843372355,
      0.38178431537112395
    ],
    [
      0.10328925805707279,
      0.25987809660640326
    ],
    [
      -0.031467399298781215,
      0.1895616366812698
    ],
    [
      -0.007063904816870196,
      0.17202270616734622
    ],
    [
      -0.034002931771351025,
      0.13122595722855585
    ],
    [
      -0.0508088635516833,
      0.13416752771765508
    ],
    [
      -0.11369730243895954,
      0.01700408588268744
    ],
    [
      -0.15642141448511682,
      -0.08450312758062908
    ],
    [
      -0.055005240606542605,
      -0.08881454737632316
    ],
    [
      -0.15986174170921214,
      -0.1843595890817444
    ],
    [
      -0.1737103614514201,
      -0.142360302828191
    ],
    [
      -0.17589186278351487,
      -0.16953526248326378
    ],
    [
      -0.13441820268279875,
      -0.18861302232598626
    ],
    [
      -0.14246822231948433,
      -0.22244761707115085
    ],
    [
      -0.1925505450535388,
      -0.3023759657865049
    ],
    [
      -0.13747900250482337,
      -0.20675138607074384
    ],
    [
      -0.09639482332277215,
      -0.2436055723589476
    ],
    [
      -0.056105610383801664,
      -0.18711297043760006
    ],
    [
      -0.057750720165712525,
      -0.2512389506971236
    ],
    [
      -0.08439687174346,
      -0.19731813713935228
    ],
    [
      0.04260239004936816,
      -0.09560673439420499
    ],
    [
      0.1194676005621016,
      -0.15294846376003615
    ]
  ],
  "complexity": 0.2720256374585272
}