{
  "id": 3987,
  "wedge_count": 5,
  "parameters": {
    "rotation_speeds": [
      0.8762312360103799,
      -0.6456616110458597,
      -2.980814338628483,
      2.537953204224663,
      1.6999168377938334
    ],
    "phi_x": [
      -0.2677413896889256,
      -13.077533279853288,
      6.342907614921948,
      14.281570380373164,
      11.950547451561704
    ],
    "phi_y": [
      11.238884091033896,
      -4.547686846317916,
      -14.441976498529526,
      2.7997239778367806,
      -3.2879792738006977
    ],
    "distances": [
      1.0,
      2.115159159678748,
      5.518960158749431,
      7.801533244530254,
      2.4928616228989173,
      5.198808513141922
    ],
    "refractive_indices": [
      1.0,
      1.5,
      1.5,
      1.5,
      1.5,
      1.5,
      1.0
    ],
    "wedgenum": 5
  },
  "pattern": [
    [
      3.431625380135664,
      3.391064628236179
    ],
    [
      3.2190276703290346,
      3.265124311455073
    ],
    [
      3.29979975401889,
      3.170869586015941
    ],
    [
      3.147225545939658,
      3.1660491031872464
    ],
    [
      2.984634094431077,
      3.103106939521864
    ],
    [
      2.9141308512556026,
      2.901845968268189
    ],
    [
      2.6847298911129176,
      2.8093476100458483
    ],
    [
      2.720489758707399,
      2.710287363392694
    ],
    [
      2.5106342624617417,
      2.677810101673849
    ],
    [
      2.4050823929700993,
      2.582036924475228
    ],
    [
      2.2998090892968706,
      2.5197434120951696
    ],
    [
      2.1700049577618925,
      2.349997780289342
    ],
    [
      1.9933588244585658,
      2.187090164429023
    ],
    [
      1.8175864656619034,
      2.0077128047166672
    ],
    [
      1.634348639969467,
      1.886922806879433
    ],
    [
      1.5664166183414383,
      1.8947833772745881
    ],
    [
      1.3806558634441328,
      1.7774075221440766
    ],
    [
      1.1722549140124414,
      1.4850849706204898
    ],
    [
      1.071264227285747,
      1.4377657389243834
    ],
    [
      0.8858463272257918,
      1.2239663552517697
    ],
    [
      0.7749952894970851,
      1.0761414444252742
    ],
    [
      0.6975262970147292,
      1.021723333000081
    ],
    [
      0.46855267478631624,
      0.8385579642603271
    ],
    [
      0.3927296994256362,
      0.8365436937349351
    ],
    [
      0.28548773483714823,
      0.6967274511286884
    ],
    [
      0.17415332332797331,
      0.5590230229934232
    ],
    [
      -0.058200327927985504,
      0.43871152424592263
    ],
    [
      -0.10488965034676236,
      0.36445898340169713
    ],
    [
      -0.13162628738321408,
      0.17518418001442887
    ],
    [
      -0.3767302965098932,
      0.0741284370050732
    ],
    [
      -0.38359238859885314,
      0.06879623631745978
    ],
    [
      -0.510241182286702,
      -0.12963700228243946
    ],
    [
      -0.5700759536757012,
      -0.09822395325311671
    ],
    [
      -0.5875500894573236,
      -0.27916978359614025
    ],
    [
      -0.7585982287945265,
      -0.3749562490152797
    ],
    [
      -0.7581153218393877,
      -0.4033659989328458
    ],
    [
      -0.7364719866223481,
      -0.5188241033841272
    ],
    [
      -0.8495861871516959,
      -0.5147580114472371
    ],
    [
      -0.8868589566476685,
      -0.6241721926471947
    ],
    [
      -0.9597965212929532,
      -0.5790315550223529
    ],
    [
      -0.8956886687095483,
      -0.7246338928735745
    ],
    [
      -1.0403410909023045,
      -0.7399836113761887
    ],
    [
      -0.9637802045220614,
      -0.7507877866679595
    ],
    [
      -0.8882302760838945,
      -0.6786325445908181
    ],
    [
      -0.9012643146203616,
      -0.7677856319567088
    ],
    [
      -1.0046815440566432,
      -0.8875103791371458
    ],
    [
      -0.8619234462979829,
      -0.8503511863957096
    ],
    [
      -0.8653941371333109,
      -0.8110022607640232
    ],
    [
      -0.8589598465257813,
      -0.8738492494970725
    ],
    [
      -0.818715770517027,
      -0.8429334920474413
    ],
    [
      -0.7791425754986238,
      -0.7271638125516923
    ],
    [
      -0.7218845030255321,
      -0.7798961424791063
    ],
    [
      -0.6655915962973177,
      -0.837971396972595
    ],
    [
      -0.46780816502373646,
      -0.6694293642971366
    ],
    [
      -0.450546752566082,
      -0.7510835307843096
    ],
    [
      -0.3462433541173527,
      -0.7283641270567524
    ],
    [
      -0.3697934739557187,
      -0.6216964614579256
    ],
    [
      -0.2536471693157891,
      -0.5857701067922509
    ],
    [
      -0.28474225559667693,
      -0.5998977651069535
    ],
    [
      -0.015168166618621526,
      -0.5133304446512666
    ]
  ],
  "complexity": 0.3498484275816167
}