{
  "id": 3769,
  "wedge_count": 5,
  "parameters": {
    "rotation_speeds": [
      0.8532572274231827,
      -0.7992884111057097,
      1.2761547408234115,
      -2.6383049099276383,
      -1.421564288142165
    ],
    "phi_x": [
      14.295247504043054,
      8.582983821015727,
      13.485152967279607,
      -8.313798725803458,
      11.577233873244158
    ],
    "phi_y": [
      -14.994275101267514,
      7.318748630506935,
      -0.6543025220362768,
      -13.073032890625388,
      3.9195994204496323
    ],
    "distances": [
      1.0,
      5.336735153787945,
      2.1184007163886966,
      4.7740040443780485,
      4.829245420053439,
      4.175095937914541
    ],
    "refractive_indices": [
      1.0,
      1.5,
      1.5,
      1.5,
      1.5,
      1.5,
      1.0
    ],
    "wedgenum": 5
  },
  "pattern": [
    [
      4.223595288089248,
      4.223903964408082
    ],
    [
      4.178676278323442,
      4.2153199775818475
    ],
    [
      4.199935403300544,
      4.162000077657969
    ],
    [
      4.219670376753665,
      4.215172298877577
    ],
    [
      4.1641390140912105,
      4.104760892476072
    ],
    [
      3.9807354620185498,
      4.046626075536977
    ],
    [
      3.9996774287929098,
      4.094878612513451
    ],
    [
      3.9625618603557027,
      3.9225440142458914
    ],
    [
      3.8909281037056296,
      3.8915631359516802
    ],
    [
      3.8434316492548937,
      3.8035791214114676
    ],
    [
      3.732996076923839,
      3.803599227910486
    ],
    [
      3.6978844244876043,
      3.7369318214817917
    ],
    [
      3.739207512852645,
      3.6327997112972086
    ],
    [
      3.4233970060467604,
      3.531609349625068
    ],
    [
      3.3831850956569323,
      3.4273799282251436
    ],
    [
      3.344704972941441,
      3.34715458738106
    ],
    [
      3.2684033203651803,
      3.2704287023363
    ],
    [
      3.125313475824262,
      3.300518008883348
    ],
    [
      2.9882206583541038,
      3.0981791905804315
    ],
    [
      2.8219948033111684,
      3.143080291333767
    ],
    [
      2.827191640946618,
      2.981687265120092
    ],
    [
      2.665707212024055,
      2.8421610874197896
    ],
    [
      2.667419234072293,
      2.797228514256199
    ],
    [
      2.4497509112081737,
      2.728892128177464
    ],
    [
      2.401359771519491,
      2.5966683260650094
    ],
    [
      2.300967709820839,
      2.434477280084895
    ],
    [
      2.1257490797090233,
      2.3962917740821434
    ],
    [
      2.1377031793758343,
      2.2719311370118436
    ],
    [
      1.9910253079188458,
      2.2670261140938615
    ],
    [
      1.896659072787076,
      2.0760026676215326
    ],
    [
      1.7883865851370557,
      2.061346884012859
    ],
    [
      1.6985561137857261,
      1.9952839296662068
    ],
    [
      1.642297523142618,
      1.8693390964998209
    ],
    [
      1.5264241738357758,
      1.770378041373976
    ],
    [
      1.4528899082038778,
      1.7589355554036246
    ],
    [
      1.314187799799731,
      1.587871929253698
    ],
    [
      1.32761342815052,
      1.5160192181428416
    ],
    [
      1.2606960662291327,
      1.4826533942625018
    ],
    [
      1.0399023097989777,
      1.4143870988793266
    ],
    [
      1.1721177050037148,
      1.260808887051124
    ],
    [
      0.9976394458630737,
      1.1806476653052096
    ],
    [
      0.8782762637505273,
      1.2450876974917588
    ],
    [
      0.8768202605554555,
      1.144111069506515
    ],
    [
      0.8714268482717182,
      1.1238489750183063
    ],
    [
      0.8286536979757615,
      1.0064732998774992
    ],
    [
      0.7842944340067549,
      0.9569472700489964
    ],
    [
      0.6413952175508177,
      0.8960223301558315
    ],
    [
      0.6389287229063642,
      0.9055865050071834
    ],
    [
      0.6510111804646437,
      0.8176716096808921
    ],
    [
      0.626684001990835,
      0.7975245150882231
    ],
    [
      0.5550791844343456,
      0.8332595092949369
    ],
    [
      0.571166193803483,
      0.7557150219780375
    ],
    [
      0.6384308791159703,
      0.7895204281883652
    ],
    [
      0.488411290221046,
      0.6822975950299489
    ],
    [
      0.4888332008720427,
      0.6804170064229812
    ],
    [
      0.5178543329847655,
      0.6769757134724145
    ],
    [
      0.39653548784279463,
      0.6524242964009883
    ],
    [
      0.26611874627670223,
      0.5736854368305677
    ],
    [
      0.41943718964300486,
      0.5449179964769142
    ],
    [
      0.2793183414796341,
      0.5571524174665761
    ]
  ],
  "complexity": 0.3615302266392581
}