{
  "id": 672,
  "wedge_count": 4,
  "parameters": {
    "rotation_speeds": [
      2.8274598705356055,
      1.4960509343650958,
      -0.9873602723359021,
      2.068651924786008
    ],
    "phi_x": [
      14.619035378988151,
      -13.331337942824424,
      10.996140422722107,
      -7.254017333750782
    ],
    "phi_y": [
      12.083626854254288,
      -8.186846599179232,
      13.767658168995453,
      4.2942747194004305
    ],
    "distances": [
      1.0,
      2.658015324446339,
      4.307512027507602,
      5.903447279717442,
      4.643430446739625
    ],
    "refractive_indices": [
      1.0,
      1.5,
      1.5,
      1.5,
      1.5,
      1.0
    ],
    "wedgenum": 4
  },
  "pattern": [
    [
      3.595381902121087,
      3.6025542455234896
    ],
    [
      3.6697647253949235,
      3.760785927815906
    ],
    [
      3.6351990163576007,
      3.635828353361636
    ],
    [
      3.671704934679723,
      3.715536790227098
    ],
    [
      3.679230535456898,
      3.754234184758564
    ],
    [
      3.8214457370763517,
      3.7627520868375206
    ],
    [
      3.738681718242197,
      3.7941586330904435
    ],
    [
      3.8726129457025067,
      3.778690594419542
    ],
    [
      3.7902289104031754,
      3.774313936208133
    ],
    [
      3.829678675653316,
      3.7584059678928807
    ],
    [
      3.70996008851759,
      3.7330435599148055
    ],
    [
      3.767885283121684,
      3.798880083130061
    ],
    [
      3.5403729257595127,
      3.6630372919037786
    ],
    [
      3.5537621116606517,
      3.5651886272145834
    ],
    [
      3.547612915668607,
      3.6068672736551433
    ],
    [
      3.3615601740472365,
      3.4032162563118966
    ],
    [
      3.389381274158834,
      3.4954898936005736
    ],
    [
      3.3015038685054807,
      3.4747637054829212
    ],
    [
      3.193245061616217,
      3.300518425387188
    ],
    [
      3.037872442473658,
      3.2817849011325695
    ],
    [
      3.007772921565474,
      3.0747295299321915
    ],
    [
      2.834528175066857,
      3.0455268688701436
    ],
    [
      2.758592803915255,
      2.9801382576672832
    ],
    [
      2.507104950305493,
      2.8015667224529817
    ],
    [
      2.3837845823683694,
      2.643599853372394
    ],
    [
      2.288213576052701,
      2.5159415138039884
    ],
    [
      2.0060759269555524,
      2.425251189176377
    ],
    [
      1.8523464785011525,
      2.321781647115634
    ],
    [
      1.6409414929493973,
      2.1189977296271936
    ],
    [
      1.5236467618808724,
      2.0333534323452382
    ],
    [
      1.3834573867586115,
      1.8681377652131
    ],
    [
      1.1687607309630277,
      1.752972748257727
    ],
    [
      0.9824401171046013,
      1.4768030801497147
    ],
    [
      0.747840231375458,
      1.4288582557285692
    ],
    [
      0.6041712451813827,
      1.3021684873905313
    ],
    [
      0.41900437836564414,
      1.025830039004721
    ],
    [
      0.2009317166222947,
      0.9592918438668725
    ],
    [
      -0.008829570748933771,
      0.6996838067943177
    ],
    [
      -0.17604247484912056,
      0.6101887702420921
    ],
    [
      -0.26544944227359796,
      0.37385405381218484
    ],
    [
      -0.5694544841619315,
      0.24334960279400955
    ],
    [
      -0.7771321419696331,
      0.04129462693231434
    ],
    [
      -0.8156556825557137,
      -0.1433448842623491
    ],
    [
      -1.1152132699997308,
      -0.30036234823696084
    ],
    [
      -1.1443394150436919,
      -0.44866133881455666
    ],
    [
      -1.3193573890384689,
      -0.6697926365753001
    ],
    [
      -1.4905787537939834,
      -0.725063954494645
    ],
    [
      -1.6707525187897985,
      -0.8713941234699825
    ],
    [
      -1.7885804392244842,
      -0.9957838519217527
    ],
    [
      -1.8917237207476738,
      -1.2868472083610314
    ],
    [
      -2.017184980843508,
      -1.3284970893711499
    ],
    [
      -2.1863749388669396,
      -1.550071797586741
    ],
    [
      -2.2609942463161943,
      -1.6409756783469864
    ],
    [
      -2.392772982743125,
      -1.7674513009660677
    ],
    [
      -2.4695502401391263,
      -2.059123130060518
    ],
    [
      -2.4760679520559488,
      -2.0455646271743424
    ],
    [
      -2.619955057650922,
      -2.114932187193014
    ],
    [
      -2.6936555779723172,
      -2.294466650177112
    ],
    [
      -2.676825062886865,
      -2.3518503169670466
    ],
    [
      -2.7760772648578698,
      -2.4394192862174657
    ]
  ],
  "complexity": 0.42540513822151205
}