{
  "id": 1555,
  "wedge_count": 2,
  "parameters": {
    "rotation_speeds": [
      -0.47993814847004845,
      -2.0556498784814705
    ],
    "phi_x": [
      4.593588057192317,
      -7.536222538180379
    ],
    "phi_y": [
      6.516814460331787,
      -9.459899314192135
    ],
    "distances": [
      1.0,
      7.717448984617279,
      4.104627144334138
    ],
    "refractive_indices": [
      1.0,
      1.5,
      1.5,
      1.0
    ],
    "wedgenum": 2
  },
  "pattern": [
    [
      0.8854163397000122,
      0.9714864238729944
    ],
    [
      0.883209831168808,
      0.7828701949678539
    ],
    [
      0.8033869387347906,
      0.755855917318946
    ],
    [
      0.8208991761577515,
      0.7429528442973421
    ],
    [
      0.6735536279736891,
      0.6941401893267127
    ],
    [
      0.6859172976610873,
      0.7284252954300486
    ],
    [
      0.5926244043029748,
      0.6226978346100543
    ],
    [
      0.556608605196194,
      0.6558471248766007
    ],
    [
      0.41122507046094203,
      0.5223373996986285
    ],
    [
      0.4670442668168588,
      0.47204792581947463
    ],
    [
      0.31205860380004935,
      0.41715316499909755
    ],
    [
      0.23260642445466367,
      0.4126057399093046
    ],
    [
      0.257506948347662,
      0.2631749271671151
    ],
    [
      0.07266643632800633,
      0.2837366935729033
    ],
    [
      0.24301424631080853,
      0.09212637902801094
    ],
    [
      0.059416406068526134,
      0.08085651961781247
    ],
    [
      -0.00990200792130166,
      0.07040050351701853
    ],
    [
      -0.09637696435057402,
      0.012939593641419396
    ],
    [
      -0.12602673650392865,
      0.07379699260866832
    ],
    [
      -0.14849514767295538,
      -0.07783539619534013
    ],
    [
      -0.2957957607327327,
      -0.21819041701612904
    ],
    [
      -0.22122286422997212,
      -0.28705035908052
    ],
    [
      -0.4195417689188608,
      -0.16691503490464468
    ],
    [
      -0.3270372618939033,
      -0.2869571305963029
    ],
    [
      -0.38077320334191334,
      -0.43530217679898536
    ],
    [
      -0.5497993627980671,
      -0.3720498559122637
    ],
    [
      -0.506620021119944,
      -0.35432270354575796
    ],
    [
      -0.6174202666627573,
      -0.5463612899694839
    ],
    [
      -0.6162682827585477,
      -0.4975192519245314
    ],
    [
      -0.6008338988724305,
      -0.5885208877810685
    ],
    [
      -0.6888809916296486,
      -0.5477094936267025
    ],
    [
      -0.6460815172307149,
      -0.6608839840712256
    ],
    [
      -0.7142577866029594,
      -0.6582806468425623
    ],
    [
      -0.6954567062661146,
      -0.5994653353354418
    ],
    [
      -0.6910245816213617,
      -0.6452953577170393
    ],
    [
      -0.7382753398070103,
      -0.6744990599327649
    ],
    [
      -0.7261018786854823,
      -0.6222386256779409
    ],
    [
      -0.7288471567227535,
      -0.6307208217800241
    ],
    [
      -0.7097159569298909,
      -0.6941293995539727
    ],
    [
      -0.7513568392168888,
      -0.736469422056188
    ],
    [
      -0.6188514539288671,
      -0.75931756101035
    ],
    [
      -0.6292157876952529,
      -0.5995626818047043
    ],
    [
      -0.6187750688640231,
      -0.7041525739415329
    ],
    [
      -0.6090617931820251,
      -0.5897560882133126
    ],
    [
      -0.5747353355250255,
      -0.6911675795607601
    ],
    [
      -0.5760910903533052,
      -0.7200054473969022
    ],
    [
      -0.5882290465377581,
      -0.6882152597489838
    ],
    [
      -0.5512435767034873,
      -0.5784163177543142
    ],
    [
      -0.4645909875730144,
      -0.5294223456253844
    ],
    [
      -0.3818480025100604,
      -0.6382642325509724
    ],
    [
      -0.3867427267427625,
      -0.5837225955564518
    ],
    [
      -0.3454005916585887,
      -0.5857616693542347
    ],
    [
      -0.2851497157596955,
      -0.5364871547652563
    ],
    [
      -0.25737712146227876,
      -0.4823412080662869
    ],
    [
      -0.3150750501813836,
      -0.3625674804779118
    ],
    [
      -0.22435909613102106,
      -0.4113762465722529
    ],
    [
      -0.1769279056166601,
      -0.34952387725345907
    ],
    [
      -0.11796024172307873,
      -0.27650831450158014
    ],
    [
      -0.04406019380374952,
      -0.26824451563285556
    ],
    [
      -0.019268379576094154,
      -0.20595259439573183
    ]
  ],
  "complexity": 0.24793332294762382
}