{
  "id": 3682,
  "wedge_count": 3,
  "parameters": {
    "rotation_speeds": [
      -2.883578744913227,
      1.7268567860850963,
      0.03185577092747227
    ],
    "phi_x": [
      -4.933616832956879,
      -0.3932387610410579,
      -10.733972505052824
    ],
    "phi_y": [
      -8.549524631804594,
      2.7428407689099608,
      -2.824471799162124
    ],
    "distances": [
      1.0,
      5.996396754906966,
      2.1814966213703997,
      7.531507155785952
    ],
    "refractive_indices": [
      1.0,
      1.5,
      1.5,
      1.5,
      1.0
    ],
    "wedgenum": 3
  },
  "pattern": [
    [
      1.041584445134935,
      1.1490208808021305
    ],
    [
      1.0387578044875996,
      1.0937067224257544
    ],
    [
      1.0700979859256026,
      1.0908579261085238
    ],
    [
      0.9381438429145124,
      0.9649123001981983
    ],
    [
      0.9922774764834988,
      1.018053163649333
    ],
    [
      0.9044608514336576,
      0.9036579871171422
    ],
    [
      0.9592847317875915,
      0.9333154277702422
    ],
    [
      0.8888006230030835,
      0.9170919937913252
    ],
    [
      0.8132361260823393,
      0.8547781381378895
    ],
    [
      0.7327367254291356,
      0.7494298234994657
    ],
    [
      0.7558753984014133,
      0.7627660840012837
    ],
    [
      0.7167818112016517,
      0.8186814287317405
    ],
    [
      0.6348305707922703,
      0.6954560883120239
    ],
    [
      0.5809796985451612,
      0.7490604456377087
    ],
    [
      0.4947047355961871,
      0.6769985325076979
    ],
    [
      0.5959981370208666,
      0.6726626043764653
    ],
    [
      0.5087314540075077,
      0.5465789632864021
    ],
    [
      0.5007766831919653,
      0.552314168082286
    ],
    [
      0.5038074352559256,
      0.484237450540648
    ],
    [
      0.36815452852679287,
      0.4149835366305923
    ],
    [
      0.44077025551623233,
      0.5228593824502014
    ],
    [
      0.3848334172972561,
      0.4000351360866645
    ],
    [
      0.3933893036431517,
      0.376806141704104
    ],
    [
      0.3728351495628567,
      0.4580822203421002
    ],
    [
      0.3512846486424242,
      0.3265203754177842
    ],
    [
      0.29954746336594684,
      0.3419003966617708
    ],
    [
      0.31409326729344,
      0.30383713965904935
    ],
    [
      0.32907113221855144,
      0.41012578912824105
    ],
    [
      0.39211326679190894,
      0.3664930513435051
    ],
    [
      0.24738682506806162,
      0.3472680336089576
    ],
    [
      0.31397433947862413,
      0.3679020328614486
    ],
    [
      0.2541757804142286,
      0.2922544498081413
    ],
    [
      0.34502805946775145,
      0.3417098521246118
    ],
    [
      0.38299328158007767,
      0.38849816858085484
    ],
    [
      0.3291703387482313,
      0.3723101405296448
    ],
    [
      0.47936064727648414,
      0.3933703936569247
    ],
    [
      0.4155316277366617,
      0.3239655355633304
    ],
    [
      0.5014793029777469,
      0.39097412809577275
    ],
    [
      0.4419454693956697,
      0.29088683377778857
    ],
    [
      0.4634820667886391,
      0.48976295865728925
    ],
    [
      0.4348597129858201,
      0.4481470463434837
    ],
    [
      0.5255724964652159,
      0.46388866740248547
    ],
    [
      0.5540439325460372,
      0.4176461589517676
    ],
    [
      0.577775778205369,
      0.5126070874714435
    ],
    [
      0.6033727239560236,
      0.5459895346251135
    ],
    [
      0.6849000440468384,
      0.5676765072994777
    ],
    [
      0.6972630069013078,
      0.591823494243739
    ],
    [
      0.6698480932303206,
      0.5890244296761891
    ],
    [
      0.8194956206582483,
      0.5769166295577965
    ],
    [
      0.7874758569496071,
      0.6444557514570052
    ],
    [
      0.7440214848070785,
      0.6419894249576509
    ],
    [
      0.7929683656829443,
      0.6561540018809997
    ],
    [
      0.8835738837091879,
      0.8178878033099205
    ],
    [
      0.9084440521427153,
      0.8307660253530487
    ],
    [
      0.9697519171248712,
      0.7878502507683423
    ],
    [
      0.967692001052548,
      0.7864721361431449
    ],
    [
      0.9668410490222715,
      0.8272591031440168
    ],
    [
      0.926229405237704,
      0.8287151730266
    ],
    [
      1.0894401131089275,
      0.9380439929018944
    ],
    [
      1.197611730783534,
      0.9222591799708972
    ]
  ],
  "complexity": 0.2282496275911142
}