{
  "id": 3388,
  "wedge_count": 1,
  "parameters": {
    "rotation_speeds": [
      -1.3843076304791286
    ],
    "phi_x": [
      -8.295687150560234
    ],
    "phi_y": [
      14.33918117096012
    ],
    "distances": [
      1.0,
      4.159173066742874
    ],
    "refractive_indices": [
      1.0,
      1.5,
      1.0
    ],
    "wedgenum": 1
  },
  "pattern": [
    [
      0.5562571850445562,
      0.5603214794206768
    ],
    [
      0.47933893035795766,
      0.48516093228057333
    ],
    [
      0.40960020867962393,
      0.42612077735540643
    ],
    [
      0.33471421320591266,
      0.3476166772185037
    ],
    [
      0.25483618107845096,
      0.27807594482980996
    ],
    [
      0.17620441337965187,
      0.20754536469121607
    ],
    [
      0.09579387554234554,
      0.13821910426667702
    ],
    [
      0.014994813235396896,
      0.06506917552787467
    ],
    [
      -0.06169087009992842,
      -0.012762520727526185
    ],
    [
      -0.14122813375229232,
      -0.08092529132339786
    ],
    [
      -0.2149138883214235,
      -0.15509551256346538
    ],
    [
      -0.2936553797912597,
      -0.21906656017915876
    ],
    [
      -0.367079216224611,
      -0.28775015913144725
    ],
    [
      -0.4309636653441285,
      -0.34765355564031875
    ],
    [
      -0.5103115986743484,
      -0.4234393816770078
    ],
    [
      -0.5676574809885018,
      -0.4791105661265662
    ],
    [
      -0.6309111182062325,
      -0.5441571698557961
    ],
    [
      -0.6901044481729794,
      -0.5840751842946061
    ],
    [
      -0.7399422079376551,
      -0.6484315417258432
    ],
    [
      -0.7869483694660264,
      -0.6960269628795278
    ],
    [
      -0.8324999748149609,
      -0.7539007200418986
    ],
    [
      -0.8749542051962903,
      -0.7836273933003931
    ],
    [
      -0.9054810525412958,
      -0.8111039552800197
    ],
    [
      -0.9369702078514253,
      -0.859774733689991
    ],
    [
      -0.9669230286077996,
      -0.9037452011176528
    ],
    [
      -0.9876887160492611,
      -0.9209868089542776
    ],
    [
      -1.0001530559704976,
      -0.9462462424073101
    ],
    [
      -1.0073508031973823,
      -0.9704398682874362
    ],
    [
      -1.0113172619073842,
      -0.9832174764123771
    ],
    [
      -1.0052430336043716,
      -0.9899127569966668
    ],
    [
      -1.0017535950259575,
      -0.995011143224995
    ],
    [
      -0.9900878633676046,
      -1.004295933015426
    ],
    [
      -0.9659038798321983,
      -0.9965729656293573
    ],
    [
      -0.9473283357896384,
      -0.9930852615976805
    ],
    [
      -0.9110170657518005,
      -0.9675745399392056
    ],
    [
      -0.8824081250657253,
      -0.9523433729642896
    ],
    [
      -0.8498346092693103,
      -0.9427411915849396
    ],
    [
      -0.8053233748422206,
      -0.9177620005336099
    ],
    [
      -0.7548011453950895,
      -0.8817146228888001
    ],
    [
      -0.706317172369932,
      -0.8539255683273521
    ],
    [
      -0.6471205680291919,
      -0.8181714291704443
    ],
    [
      -0.5921574719927823,
      -0.7778116930183722
    ],
    [
      -0.5354472486550713,
      -0.7385252423530311
    ],
    [
      -0.48044646447959044,
      -0.6954288466291737
    ],
    [
      -0.4098504029746446,
      -0.6595944856118112
    ],
    [
      -0.3459968088584857,
      -0.6048742187620153
    ],
    [
      -0.27210313246945556,
      -0.5378907375956612
    ],
    [
      -0.21231844959980928,
      -0.4834354206910137
    ],
    [
      -0.14638632818275857,
      -0.4282591306942406
    ],
    [
      -0.08682970170001289,
      -0.37630706992904245
    ],
    [
      -0.013108492308428567,
      -0.309305416671754
    ],
    [
      0.06772927964726566,
      -0.2614150492215466
    ],
    [
      0.11896132587417459,
      -0.1922016487100683
    ],
    [
      0.20377491797635386,
      -0.13280816603477294
    ],
    [
      0.268530519911127,
      -0.07291729786297835
    ],
    [
      0.3212420865697831,
      -0.013224105026034442
    ],
    [
      0.37927638143584685,
      0.05405867238200134
    ],
    [
      0.4388702741336005,
      0.10895088050077884
    ],
    [
      0.49448341363668624,
      0.16566699902872303
    ],
    [
      0.5518209705406821,
      0.23030886251721702
    ]
  ],
  "complexity": 0.20627409366454652
}