{
  "id": 4083,
  "wedge_count": 4,
  "parameters": {
    "rotation_speeds": [
      1.9109040953251126,
      -2.5991325019866283,
      1.4174338974674043,
      2.3049109836827615
    ],
    "phi_x": [
      2.9454100920844013,
      -14.286383927888743,
      -5.626923384735553,
      0.9157914304649104
    ],
    "phi_y": [
      -4.5764897990316395,
      5.956591848901287,
      -5.452447829239551,
      -11.193829967310549
    ],
    "distances": [
      1.0,
      2.702712043323014,
      2.2077506276892853,
      6.021897733721948,
      4.029530226990509
    ],
    "refractive_indices": [
      1.0,
      1.5,
      1.5,
      1.5,
      1.5,
      1.0
    ],
    "wedgenum": 4
  },
  "pattern": [
    [
      2.239653865169593,
      2.213345966578702
    ],
    [
      2.279554423286706,
      2.2342929661095594
    ],
    [
      2.265781916871165,
      2.2508968771450517
    ],
    [
      2.284426484967458,
      2.2788605304303298
    ],
    [
      2.3398437344960605,
      2.2361803343062485
    ],
    [
      2.4060724570967693,
      2.3555119492759715
    ],
    [
      2.443540106826806,
      2.385542156145987
    ],
    [
      2.3454681111740716,
      2.2707192050504377
    ],
    [
      2.2680177674694306,
      2.2895040094520156
    ],
    [
      2.248878413231243,
      2.185878606617282
    ],
    [
      2.2331758693950774,
      2.3039211674805555
    ],
    [
      2.186680189069137,
      2.28337805809338
    ],
    [
      2.2058440787173974,
      2.2770735390857126
    ],
    [
      2.1270725588022477,
      2.1099073196757376
    ],
    [
      2.0803308909923883,
      2.1489167251045194
    ],
    [
      1.922230239867261,
      1.9967772187134014
    ],
    [
      1.9327193255480015,
      2.0501237200664533
    ],
    [
      1.861741733859863,
      1.972058940617298
    ],
    [
      1.7443204786405446,
      1.8367621102174547
    ],
    [
      1.6541853180369057,
      1.918775251990391
    ],
    [
      1.507541415226492,
      1.719467228140695
    ],
    [
      1.4867239349557382,
      1.666221198083029
    ],
    [
      1.3194161099629071,
      1.5036300185932874
    ],
    [
      1.2119862440248816,
      1.5561898702487902
    ],
    [
      1.0535529821943999,
      1.4368517893586419
    ],
    [
      1.0035909758038835,
      1.3570550959551282
    ],
    [
      0.9031038403860655,
      1.26067952872799
    ],
    [
      0.8341737463394904,
      1.119947708558776
    ],
    [
      0.6468753266771671,
      1.0628751931111595
    ],
    [
      0.557342382255478,
      0.9891685872628824
    ],
    [
      0.3389516547800306,
      0.8925243259167941
    ],
    [
      0.34352739120226905,
      0.6542852049649044
    ],
    [
      0.2979371764898456,
      0.5648623956771073
    ],
    [
      0.13512703774913154,
      0.5143895760210392
    ],
    [
      -0.08692562062842644,
      0.36612289198810166
    ],
    [
      -0.18162591176099022,
      0.2782558784765732
    ],
    [
      -0.31228716599737694,
      0.10070169544626806
    ],
    [
      -0.3689486670015458,
      0.09194603598375206
    ],
    [
      -0.4962579657428188,
      -0.12156362371169221
    ],
    [
      -0.5735252914988089,
      -0.14921101832922443
    ],
    [
      -0.6995048922126564,
      -0.16423325147792506
    ],
    [
      -0.9215939479710249,
      -0.4591979443933867
    ],
    [
      -0.8794182327031006,
      -0.43755993183357983
    ],
    [
      -1.0571864858146767,
      -0.5025544856533127
    ],
    [
      -1.0161926447039495,
      -0.5552521213341358
    ],
    [
      -1.150493245394244,
      -0.7785680083129632
    ],
    [
      -1.2051793795164485,
      -0.7929548071421237
    ],
    [
      -1.343489164048048,
      -0.852825800702904
    ],
    [
      -1.4186599876816692,
      -0.9963954053191891
    ],
    [
      -1.3124549116470101,
      -1.0155083044800135
    ],
    [
      -1.4280454084761656,
      -1.1295277556287155
    ],
    [
      -1.475695604201094,
      -1.239612862543529
    ],
    [
      -1.556816537913266,
      -1.2893293762060625
    ],
    [
      -1.5963987621610005,
      -1.2980756023835016
    ],
    [
      -1.5910418740636372,
      -1.36987220111365
    ],
    [
      -1.7015102455345332,
      -1.3839783559645773
    ],
    [
      -1.5640155723356226,
      -1.4805758524130177
    ],
    [
      -1.6369052347824442,
      -1.5512376764887614
    ],
    [
      -1.6050159614135475,
      -1.4911791244118038
    ],
    [
      -1.5727259183939604,
      -1.5933643923344822
    ]
  ],
  "complexity": 0.35665349443725214
}