{
  "id": 4344,
  "wedge_count": 5,
  "parameters": {
    "rotation_speeds": [
      1.1537312063639202,
      2.3348376339738195,
      -0.5635339429055568,
      2.1304533708664977,
      2.0158532046822932
    ],
    "phi_x": [
      5.988769062327375,
      4.756189644285968,
      -9.191007535993442,
      4.259197142181009,
      8.640268162754193
    ],
    "phi_y": [
      -8.808382424006554,
      9.830680578479448,
      -1.4368851965115486,
      -4.083907238680661,
      -5.184412972846088
    ],
    "distances": [
      1.0,
      5.847434509331134,
      3.1121145656077385,
      7.285771806030044,
      5.146267224650297,
      5.753279375473111
    ],
    "refractive_indices": [
      1.0,
      1.5,
      1.5,
      1.5,
      1.5,
      1.5,
      1.0
    ],
    "wedgenum": 5
  },
  "pattern": [
    [
      2.516897686889969,
      2.4994650979967603
    ],
    [
      2.535470848097356,
      2.5728992295655257
    ],
    [
      2.664073768381612,
      2.570483461312616
    ],
    [
      2.6407386513843094,
      2.603827588991396
    ],
    [
      2.699749471188554,
      2.6940936618718982
    ],
    [
      2.754620870686299,
      2.734492440232274
    ],
    [
      2.691868432701842,
      2.8242421925625725
    ],
    [
      2.7824481259995224,
      2.8476181270489254
    ],
    [
      2.6910377156372585,
      2.8700133074983536
    ],
    [
      2.7921492594631196,
      2.79424444142347
    ],
    [
      2.7027661735310526,
      2.9048323981147894
    ],
    [
      2.7056389832529657,
      2.870132269652352
    ],
    [
      2.662975575711098,
      2.8196649138048033
    ],
    [
      2.5837013756642895,
      2.7821499685971482
    ],
    [
      2.5881527020947153,
      2.7942596204983365
    ],
    [
      2.5558931678739336,
      2.657569935060743
    ],
    [
      2.519025083589679,
      2.6271425459757523
    ],
    [
      2.397766085190009,
      2.6159623707854136
    ],
    [
      2.4530914934561965,
      2.544505605334567
    ],
    [
      2.297159636378036,
      2.586912529638721
    ],
    [
      2.2284363263234868,
      2.46122989735937
    ],
    [
      2.0658451850273547,
      2.378641377466105
    ],
    [
      1.9082637285447133,
      2.2868855474002197
    ],
    [
      1.8341884523715588,
      2.2290137698096735
    ],
    [
      1.8764602533838226,
      2.104979528954107
    ],
    [
      1.7332096858284354,
      2.0973003485261734
    ],
    [
      1.639755575303344,
      1.8885479504691816
    ],
    [
      1.4540281902886396,
      1.8616533135261208
    ],
    [
      1.3740668748971052,
      1.770461804629138
    ],
    [
      1.1942309806613454,
      1.6838971000098473
    ],
    [
      1.0884568469586988,
      1.5472061474989551
    ],
    [
      0.9767030197140582,
      1.4700251008669425
    ],
    [
      0.9110106724760965,
      1.283862000214828
    ],
    [
      0.7196502897096829,
      1.2215493821679702
    ],
    [
      0.5936667258635927,
      1.067456060179633
    ],
    [
      0.43080443379927225,
      1.056664558994023
    ],
    [
      0.3174867149871135,
      0.8803804112665318
    ],
    [
      0.1726561306627665,
      0.7132287252139563
    ],
    [
      0.08343333358904205,
      0.5890247198041108
    ],
    [
      -0.10510000284139501,
      0.4589831232232273
    ],
    [
      -0.09456640153441537,
      0.41027760005158
    ],
    [
      -0.2642753181825616,
      0.21783029934599724
    ],
    [
      -0.34223326231844253,
      0.17136118693373337
    ],
    [
      -0.44780673111886243,
      0.037739411021214114
    ],
    [
      -0.5989771226666131,
      -0.06475956906944147
    ],
    [
      -0.5848186601519403,
      -0.22333651851818123
    ],
    [
      -0.6847366760143191,
      -0.35499021990649215
    ],
    [
      -0.8004913691075599,
      -0.347091680451094
    ],
    [
      -0.7721636439038888,
      -0.4802753480851897
    ],
    [
      -0.9143127235162647,
      -0.5397633929894505
    ],
    [
      -0.9819808968623174,
      -0.6474244452476737
    ],
    [
      -0.945788696829929,
      -0.6644613436907376
    ],
    [
      -0.9958919316322433,
      -0.7874492458049394
    ],
    [
      -1.060004522552367,
      -0.775876472313304
    ],
    [
      -1.137228247524296,
      -0.8972977334749149
    ],
    [
      -1.1432728599829682,
      -0.9659005101606515
    ],
    [
      -1.0128978763317196,
      -0.9663398077424994
    ],
    [
      -0.9688686586989178,
      -1.000336782145334
    ],
    [
      -1.046219477713531,
      -1.1122387345666942
    ],
    [
      -0.9778786034090554,
      -1.086193518563452
    ]
  ],
  "complexity": 0.31528899921740483
}