{
  "id": 2303,
  "wedge_count": 3,
  "parameters": {
    "rotation_speeds": [
      -1.4628655957533891,
      1.076636040054039,
      -1.465602371496038
    ],
    "phi_x": [
      4.349469842415164,
      12.351536856705742,
      -8.849736622862686
    ],
    "phi_y": [
      -13.845629671727886,
      5.370424739719731,
      -3.675376610985886
    ],
    "distances": [
      1.0,
      2.2530303179312154,
      5.936712898727263,
      2.0856394476613955
    ],
    "refractive_indices": [
      1.0,
      1.5,
      1.5,
      1.5,
      1.0
    ],
    "wedgenum": 3
  },
  "pattern": [
    [
      1.7597883257061266,
      1.8695801567258574
    ],
    [
      1.754448393703229,
      1.7015073831982805
    ],
    [
      1.720904637378388,
      1.7419645883280654
    ],
    [
      1.5804629128500405,
      1.5903996040667725
    ],
    [
      1.5730561777629908,
      1.6296486861127124
    ],
    [
      1.4346462419202533,
      1.4867636299090923
    ],
    [
      1.425488503035992,
      1.2909926888315453
    ],
    [
      1.2871994528616049,
      1.3666681705963835
    ],
    [
      1.1217929005470395,
      1.2763949332576456
    ],
    [
      1.1140685197194047,
      1.182540261582223
    ],
    [
      1.0269204923352604,
      1.0801666018797489
    ],
    [
      0.9664675270121282,
      0.9840425018332217
    ],
    [
      0.6456458292492964,
      0.8973988981878321
    ],
    [
      0.5263791203691968,
      0.7288160758537383
    ],
    [
      0.5592002522280588,
      0.6691053902120639
    ],
    [
      0.4373232966505739,
      0.6270825508950386
    ],
    [
      0.3861513411715093,
      0.4423283371942185
    ],
    [
      0.20298601472425254,
      0.4274700017348651
    ],
    [
      0.14542924841856025,
      0.2799301946528901
    ],
    [
      -0.016403845251744417,
      0.2362402622979133
    ],
    [
      -0.03401655047190549,
      0.10071775995539835
    ],
    [
      -0.0952513685654402,
      -0.007274653699350472
    ],
    [
      -0.3179551365654813,
      -0.05925494031634984
    ],
    [
      -0.3908369558740502,
      -0.1436035597280725
    ],
    [
      -0.5124512014421402,
      -0.23771953053880773
    ],
    [
      -0.5394900254563555,
      -0.3365986819007389
    ],
    [
      -0.6129641854941313,
      -0.4953016700272534
    ],
    [
      -0.6831326008175792,
      -0.4805331487680609
    ],
    [
      -0.8615158941227525,
      -0.4992792743363364
    ],
    [
      -0.8339577162978377,
      -0.5601023808560893
    ],
    [
      -0.821321247442476,
      -0.7314671352582716
    ],
    [
      -0.9044259168075608,
      -0.7849173726297365
    ],
    [
      -1.0047003054179895,
      -0.8649836106177289
    ],
    [
      -0.9850139242725935,
      -0.8988888607620705
    ],
    [
      -1.1090541692758578,
      -0.914551791753906
    ],
    [
      -1.196179859215727,
      -1.0534975331284417
    ],
    [
      -1.1306610553327985,
      -0.9187345037163102
    ],
    [
      -1.2069816282787007,
      -1.038959994896129
    ],
    [
      -1.2322472638567128,
      -1.1572479258710207
    ],
    [
      -1.1939352557341631,
      -1.125299093554833
    ],
    [
      -1.259184055652664,
      -1.202938231296469
    ],
    [
      -1.22778298504092,
      -1.1923507452694138
    ],
    [
      -1.2160289251917058,
      -1.1623742759200921
    ],
    [
      -1.162799517532359,
      -1.1248072171624384
    ],
    [
      -1.115118722682827,
      -1.1103520141290144
    ],
    [
      -1.1633434647387901,
      -1.1369911956314
    ],
    [
      -1.080472896068229,
      -1.0799269832488185
    ],
    [
      -1.153687205988333,
      -1.2046519222701424
    ],
    [
      -1.081186187393251,
      -1.2016859149320136
    ],
    [
      -1.0049853919166498,
      -1.2374877147397931
    ],
    [
      -1.0234036524779029,
      -1.1298750013394658
    ],
    [
      -1.0210347928796815,
      -1.0928807425877656
    ],
    [
      -0.9332942726482943,
      -1.0070058864948317
    ],
    [
      -0.9141737975425548,
      -1.0155519229105394
    ],
    [
      -0.8161881376077159,
      -1.0750035903305295
    ],
    [
      -0.7958115546267642,
      -0.9246199021484766
    ],
    [
      -0.661556763363669,
      -0.9406306050530747
    ],
    [
      -0.7848517968816677,
      -0.9426725901421915
    ],
    [
      -0.5814843114949383,
      -0.7835935011690935
    ],
    [
      -0.5426656646034775,
      -0.7662523368981876
    ]
  ],
  "complexity": 0.28899621974282425
}