{
  "id": 2692,
  "wedge_count": 2,
  "parameters": {
    "rotation_speeds": [
      0.4096601698801061,
      2.0017660540226077
    ],
    "phi_x": [
      -6.130647897427496,
      -13.03353920422868
    ],
    "phi_y": [
      -7.276614660173697,
      -1.6384593084302121
    ],
    "distances": [
      1.0,
      5.568783465287906,
      4.947406227378135
    ],
    "refractive_indices": [
      1.0,
      1.5,
      1.5,
      1.0
    ],
    "wedgenum": 2
  },
  "pattern": [
    [
      1.2322071127275616,
      1.2465578244841302
    ],
    [
      1.286914072190309,
      1.3236363452490252
    ],
    [
      1.3459155631513855,
      1.243724966743289
    ],
    [
      1.2926948607449094,
      1.272749781348546
    ],
    [
      1.2656171646240586,
      1.2617959590122796
    ],
    [
      1.2250991525686337,
      1.2340560026466443
    ],
    [
      1.2617434716903577,
      1.3034437397828935
    ],
    [
      1.161977607619786,
      1.2263690401336516
    ],
    [
      1.188287382371202,
      1.1941657334525204
    ],
    [
      1.1377299914369319,
      1.13642449629552
    ],
    [
      1.1226807062317958,
      1.1019831362185861
    ],
    [
      1.126795166896649,
      1.1138433961236105
    ],
    [
      1.0226894522590229,
      1.10896658958525
    ],
    [
      1.0138608034785728,
      1.1490156994552168
    ],
    [
      1.0189029356142731,
      1.027110929971512
    ],
    [
      0.8980534614857023,
      0.9622614173621922
    ],
    [
      0.8594333469303483,
      0.9522983993549163
    ],
    [
      0.7660236953372349,
      0.9187357293038491
    ],
    [
      0.7658583617953224,
      0.9114658954798831
    ],
    [
      0.6843226618931462,
      0.8307195943364561
    ],
    [
      0.6614333396908868,
      0.7904210286992387
    ],
    [
      0.6201910184386483,
      0.6480933605536197
    ],
    [
      0.543006817357129,
      0.6304296358068338
    ],
    [
      0.4860127603527117,
      0.6805949245407279
    ],
    [
      0.4768173516579497,
      0.5686001927954756
    ],
    [
      0.3618400049899081,
      0.5232680010922423
    ],
    [
      0.3479720643196688,
      0.47802830585658995
    ],
    [
      0.34027015243639586,
      0.5561933556383455
    ],
    [
      0.24204771550295223,
      0.33698707170773856
    ],
    [
      0.17961871177212924,
      0.32570233978517366
    ],
    [
      0.13874913491932597,
      0.32958517250702346
    ],
    [
      0.11686207569207027,
      0.21438282335377817
    ],
    [
      0.009437093224819684,
      0.2644820405165972
    ],
    [
      -0.026907194605887048,
      0.14441750261462769
    ],
    [
      -0.10854406496207109,
      0.08838323999033926
    ],
    [
      -0.12231233578999728,
      0.08741167972874521
    ],
    [
      -0.08863375267213644,
      0.11532850217302647
    ],
    [
      -0.12440696748507489,
      0.026546511128938008
    ],
    [
      -0.21411363348494125,
      -0.02107380025046531
    ],
    [
      -0.24474276225056885,
      -0.06474480492965021
    ],
    [
      -0.2367859363083796,
      -0.033463065820017054
    ],
    [
      -0.21907017157035605,
      -0.22523155606372722
    ],
    [
      -0.18537318396787847,
      -0.16269534415938733
    ],
    [
      -0.26301856564986104,
      -0.2664515551157152
    ],
    [
      -0.2920361990831812,
      -0.24758534377856203
    ],
    [
      -0.3009435033462796,
      -0.265086855760295
    ],
    [
      -0.27251841831033324,
      -0.26740752953046776
    ],
    [
      -0.23996349369193748,
      -0.2418370936521464
    ],
    [
      -0.2720868986690659,
      -0.24100964240389258
    ],
    [
      -0.14952413813886872,
      -0.29172611671071874
    ],
    [
      -0.20353945065227358,
      -0.2850466430980522
    ],
    [
      -0.21608924234100862,
      -0.2836009685201326
    ],
    [
      -0.18563496155336048,
      -0.22035670265992496
    ],
    [
      -0.1800822310221148,
      -0.2927902160002659
    ],
    [
      -0.08141118413145954,
      -0.24076685061517578
    ],
    [
      -0.02203518467271936,
      -0.1579455686670962
    ],
    [
      -0.0017232765494716307,
      -0.18395515060512077
    ],
    [
      0.04176555276134088,
      -0.205794089668973
    ],
    [
      0.047688731141832516,
      -0.1610535322157396
    ],
    [
      0.1106855174165342,
      -0.21057423539915326
    ]
  ],
  "complexity": 0.26786269883677205
}