{
  "id": 3069,
  "wedge_count": 4,
  "parameters": {
    "rotation_speeds": [
      -2.783763344518513,
      -2.6897542055712,
      -0.9224579942193101,
      -0.08538661421575888
    ],
    "phi_x": [
      -10.822635573108894,
      -6.546393133889438,
      13.952699952027501,
      7.920283502738361
    ],
    "phi_y": [
      -11.099106145934389,
      6.571281134005847,
      8.240571477355552,
      2.9957888787467972
    ],
    "distances": [
      1.0,
      6.010608888850429,
      2.3726921233824827,
      7.009462586632067,
      7.645979047860244
    ],
    "refractive_indices": [
      1.0,
      1.5,
      1.5,
      1.5,
      1.5,
      1.0
    ],
    "wedgenum": 4
  },
  "pattern": [
    [
      3.0226937435096226,
      2.884926435532103
    ],
    [
      2.7916456522856405,
      2.8931289653448036
    ],
    [
      2.666147221569831,
      2.6953418359168833
    ],
    [
      2.5783530351307014,
      2.6903181282312616
    ],
    [
      2.5206157593071583,
      2.5027590517399787
    ],
    [
      2.3338192160811877,
      2.522238564290237
    ],
    [
      2.366814794590796,
      2.3372996475888437
    ],
    [
      2.236928653521464,
      2.300688515799528
    ],
    [
      1.9987012214612425,
      2.1235461929321375
    ],
    [
      2.0252949807798806,
      1.9610158745442547
    ],
    [
      1.8065087532857649,
      1.8683199601742977
    ],
    [
      1.6565530971795892,
      1.7441954323455708
    ],
    [
      1.6307865987274819,
      1.7187616757290576
    ],
    [
      1.4522850400120968,
      1.5488749703315217
    ],
    [
      1.3230992018531063,
      1.3744461387729752
    ],
    [
      1.1893884149957459,
      1.3111661454385124
    ],
    [
      1.1272754017943738,
      1.231296734721064
    ],
    [
      0.969475431652433,
      1.177254402812583
    ],
    [
      0.8262889207298584,
      1.013802424965937
    ],
    [
      0.8551484084194231,
      0.9237978683626076
    ],
    [
      0.627023900279098,
      0.8737671128711522
    ],
    [
      0.558793467730595,
      0.6836717419017229
    ],
    [
      0.46205404537211264,
      0.623846027921198
    ],
    [
      0.3252689158542287,
      0.5955784872681672
    ],
    [
      0.2993906318444036,
      0.36415652892171974
    ],
    [
      0.1860271463263367,
      0.39569217194351897
    ],
    [
      0.021224194216696718,
      0.2640608591349075
    ],
    [
      0.065071605124626,
      0.16520011011967983
    ],
    [
      -0.053234121622117825,
      0.17948409810632615
    ],
    [
      -0.02811950159809987,
      0.058173393199101114
    ],
    [
      -0.0993303598087179,
      0.10237028550645834
    ],
    [
      -0.20227742219440437,
      0.012741474977698581
    ],
    [
      -0.13233317144702234,
      -0.18956983015808254
    ],
    [
      -0.28637789879918846,
      -0.08728489457244662
    ],
    [
      -0.18636873360402095,
      -0.02257576875713309
    ],
    [
      -0.2834034334524868,
      -0.19890018685514366
    ],
    [
      -0.18421495175210018,
      -0.16017264609826434
    ],
    [
      -0.2087550269558671,
      -0.19950544043678725
    ],
    [
      -0.32841595747133656,
      -0.2816547900079091
    ],
    [
      -0.1897024121016707,
      -0.1614298541194864
    ],
    [
      -0.18329964142116845,
      -0.14408174368015675
    ],
    [
      -0.136521136597019,
      -0.29371855203068503
    ],
    [
      -0.1463044216522563,
      -0.21908790421758648
    ],
    [
      -0.11942059160062107,
      -0.30789681971212773
    ],
    [
      -0.12215294471256322,
      -0.2625013769163848
    ],
    [
      -0.03847440879981394,
      -0.16147825806877228
    ],
    [
      -0.027907956183548882,
      -0.18345982296769928
    ],
    [
      0.07594295081683375,
      -0.051347086969813716
    ],
    [
      0.03816579091394898,
      -0.16179768592607283
    ],
    [
      0.19456108478015163,
      -0.03367584391618379
    ],
    [
      0.19036173153712874,
      -0.08752153129222974
    ],
    [
      0.31682880014923526,
      0.09422332845202185
    ],
    [
      0.395985665549047,
      -0.06939046066203655
    ],
    [
      0.46814218337437985,
      0.11473900133618038
    ],
    [
      0.4890557414002307,
      0.14106850005099197
    ],
    [
      0.623344644100537,
      0.1651314643320421
    ],
    [
      0.6629181732946146,
      0.3678870404219465
    ],
    [
      0.7206457793300189,
      0.2841900024806696
    ],
    [
      0.7212106888927662,
      0.384629049885718
    ],
    [
      0.8945641452052033,
      0.45668628104655223
    ]
  ],
  "complexity": 0.2787643885611994
}