{
  "id": 4692,
  "wedge_count": 4,
  "parameters": {
    "rotation_speeds": [
      2.129803912745823,
      -0.25780634455456664,
      2.608070609099289,
      2.8502652557535573
    ],
    "phi_x": [
      12.691112764146279,
      11.852550897971586,
      3.2475174881401934,
      -8.224845803388018
    ],
    "phi_y": [
      -13.907707817370277,
      -14.642779874317604,
      -14.54342974952097,
      6.506207336291105
    ],
    "distances": [
      1.0,
      7.167396127402224,
      7.303559278051923,
      2.6268448093450756,
      3.211136095346199
    ],
    "refractive_indices": [
      1.0,
      1.5,
      1.5,
      1.5,
      1.5,
      1.0
    ],
    "wedgenum": 4
  },
  "pattern": [
    [
      3.18921960328394,
      3.058558708654957
    ],
    [
      3.290653769423494,
      3.163218298643434
    ],
    [
      3.4136970503097745,
      3.320399274533408
    ],
    [
      3.4638576285162532,
      3.4065521099476013
    ],
    [
      3.5571990077142854,
      3.476386845307487
    ],
    [
      3.48876083489058,
      3.490606964397386
    ],
    [
      3.596778316346189,
      3.620845163773172
    ],
    [
      3.5776938519199133,
      3.659559320436295
    ],
    [
      3.6067364777845383,
      3.696561308892233
    ],
    [
      3.6650608923707093,
      3.7466850998886287
    ],
    [
      3.6862876175394437,
      3.7329776249348314
    ],
    [
      3.7500849417528985,
      3.7328305972714673
    ],
    [
      3.696823783508938,
      3.6824330307110356
    ],
    [
      3.754633043566194,
      3.788264046867497
    ],
    [
      3.554847159438529,
      3.6242042962304897
    ],
    [
      3.613902791315929,
      3.773129251350053
    ],
    [
      3.572665311136203,
      3.600121045786587
    ],
    [
      3.5538906678370745,
      3.6544846347860385
    ],
    [
      3.3874239483426893,
      3.586960937685934
    ],
    [
      3.306985573668777,
      3.5320341205154007
    ],
    [
      3.219027542330655,
      3.488953762394537
    ],
    [
      3.17888799345447,
      3.4785008906996833
    ],
    [
      2.9917099425537406,
      3.2470577422055813
    ],
    [
      2.821397032563209,
      3.184974088498838
    ],
    [
      2.775186735545507,
      3.0967587138224095
    ],
    [
      2.6766028220891176,
      3.0103845648078815
    ],
    [
      2.5066736935732514,
      2.9163329909870943
    ],
    [
      2.2986837183547495,
      2.7883893137600118
    ],
    [
      2.080798180646976,
      2.609213444206562
    ],
    [
      2.0421026055554146,
      2.5070512822395745
    ],
    [
      1.8285163367586463,
      2.4450119726710677
    ],
    [
      1.6712019490048031,
      2.2494410137987373
    ],
    [
      1.5330210971183778,
      1.983932900757607
    ],
    [
      1.273990180729331,
      1.873241187950179
    ],
    [
      1.2379455238281036,
      1.6835740026574952
    ],
    [
      1.0141520246191682,
      1.6015179324183493
    ],
    [
      0.7026178578557102,
      1.4473159463512915
    ],
    [
      0.6015340811887315,
      1.359264896688371
    ],
    [
      0.511364694772076,
      1.2060913293484314
    ],
    [
      0.24359178055475675,
      0.9531863052812106
    ],
    [
      0.12447890741968283,
      0.8211427193486098
    ],
    [
      -0.031302531144703244,
      0.5977526637029889
    ],
    [
      -0.29697337224222925,
      0.4427983130516856
    ],
    [
      -0.38606353037982516,
      0.13789584718649145
    ],
    [
      -0.583173962310755,
      0.11282073175207336
    ],
    [
      -0.5616305127512743,
      0.032595656115659385
    ],
    [
      -0.8044495283042776,
      -0.06407499090901904
    ],
    [
      -1.0057812654989522,
      -0.23129173154464008
    ],
    [
      -1.0955779855477785,
      -0.42687706138714765
    ],
    [
      -1.136379632177588,
      -0.6089256362849383
    ],
    [
      -1.3321507838384334,
      -0.7267136735031953
    ],
    [
      -1.4838842649501869,
      -0.9220669714131535
    ],
    [
      -1.5030487261537469,
      -1.0142028241229013
    ],
    [
      -1.6116291450285158,
      -1.1433624124013948
    ],
    [
      -1.696269557291006,
      -1.1967651913799986
    ],
    [
      -1.6961223906623295,
      -1.329036838087969
    ],
    [
      -1.7634566217225074,
      -1.3971553203502796
    ],
    [
      -1.8070998787671653,
      -1.489515879373908
    ],
    [
      -1.8811305121141457,
      -1.5597401733988
    ],
    [
      -1.770754952172929,
      -1.5470576686619226
    ]
  ],
  "complexity": 0.40811876738769737
}