{
  "id": 1353,
  "wedge_count": 2,
  "parameters": {
    "rotation_speeds": [
      -0.4189262869596879,
      -2.9102929976979652
    ],
    "phi_x": [
      13.853541786561816,
      -4.2230919325631575
    ],
    "phi_y": [
      -3.2356966042285933,
      -5.920780074829382
    ],
    "distances": [
      1.0,
      3.8755346717322574,
      6.074598916603714
    ],
    "refractive_indices": [
      1.0,
      1.5,
      1.5,
      1.0
    ],
    "wedgenum": 2
  },
  "pattern": [
    [
      1.2884424034725042,
      1.3490590667649252
    ],
    [
      1.313270797526898,
      1.2736522340378291
    ],
    [
      1.2307646072744942,
      1.2450607549876227
    ],
    [
      1.2932763579731623,
      1.114082384869338
    ],
    [
      1.2039224942493647,
      1.044744986509551
    ],
    [
      1.163085687353811,
      1.21967238381711
    ],
    [
      1.1443618788010728,
      1.1858107664044608
    ],
    [
      1.1100109738096042,
      1.0935004038478486
    ],
    [
      1.0098613510433194,
      1.0163834987191966
    ],
    [
      0.9421392892618116,
      1.0192178619763885
    ],
    [
      0.8823237286201749,
      0.9264914929262223
    ],
    [
      0.8525547366809344,
      1.0249532504465972
    ],
    [
      0.8446905015361168,
      0.9634632042777689
    ],
    [
      0.7679665979222184,
      0.8904745219514588
    ],
    [
      0.7714839609426154,
      0.7553172869306224
    ],
    [
      0.7997261283073013,
      0.9226103131044667
    ],
    [
      0.782688322885765,
      0.7605953446282233
    ],
    [
      0.7185577082068839,
      0.7989005570989451
    ],
    [
      0.5950733330965051,
      0.773950859285252
    ],
    [
      0.671812577612428,
      0.69219776606722
    ],
    [
      0.5774427609493799,
      0.7122683088961105
    ],
    [
      0.5244099010417063,
      0.6476343280218393
    ],
    [
      0.5512319744652832,
      0.58012285734268
    ],
    [
      0.3737451349921104,
      0.57031846348719
    ],
    [
      0.5628574384211616,
      0.5124388051825132
    ],
    [
      0.4733600844309869,
      0.5044992296403167
    ],
    [
      0.4447368779124104,
      0.531600390086954
    ],
    [
      0.3558350656464833,
      0.5400095548495327
    ],
    [
      0.4134338237313754,
      0.43116859815486647
    ],
    [
      0.4002167633433088,
      0.3964667938086048
    ],
    [
      0.4639139422941749,
      0.40567791707587453
    ],
    [
      0.350681495072784,
      0.40366845160297277
    ],
    [
      0.3062800880616342,
      0.485323219775823
    ],
    [
      0.4102875528901,
      0.3767521684713076
    ],
    [
      0.34129928817068333,
      0.36588130099881455
    ],
    [
      0.31756182949330497,
      0.347791908570119
    ],
    [
      0.4439568019057049,
      0.40332298062512995
    ],
    [
      0.3514728555031234,
      0.40597230280874597
    ],
    [
      0.3683395783414892,
      0.45027065580943315
    ],
    [
      0.3364655860809449,
      0.2897449896212603
    ],
    [
      0.40605393824702307,
      0.3330576401420964
    ],
    [
      0.5256376537491216,
      0.47976229576840207
    ],
    [
      0.35741884443500027,
      0.4559455209289395
    ],
    [
      0.36714443262413854,
      0.3808844373626598
    ],
    [
      0.3917033228299506,
      0.39923275493217725
    ],
    [
      0.5095164056159734,
      0.3496198212120866
    ],
    [
      0.5434307548377775,
      0.4078015812450691
    ],
    [
      0.5856852008181267,
      0.3684579353291527
    ],
    [
      0.5610929839419123,
      0.4496719834247255
    ],
    [
      0.5378193159662797,
      0.5583744220879109
    ],
    [
      0.5373515401439911,
      0.5890671301124326
    ],
    [
      0.5782987558373452,
      0.5977413194558934
    ],
    [
      0.5848399164663686,
      0.5236672098657034
    ],
    [
      0.6246041481931803,
      0.4981005344925653
    ],
    [
      0.5850287493979159,
      0.5192836812478959
    ],
    [
      0.7294953680289856,
      0.6641992067478576
    ],
    [
      0.7506918229500628,
      0.60585700572542
    ],
    [
      0.7550240606338506,
      0.6054051875414304
    ],
    [
      0.6757972111073388,
      0.6556176353239238
    ],
    [
      0.8082831924744881,
      0.7201383051109301
    ]
  ],
  "complexity": 0.2118249005540105
}