{
  "id": 3003,
  "wedge_count": 3,
  "parameters": {
    "rotation_speeds": [
      1.2858291868611946,
      -0.5795688533799259,
      1.4394657803696562
    ],
    "phi_x": [
      -13.545104908228442,
      0.6747919831995279,
      -11.104834522076413
    ],
    "phi_y": [
      12.039465004404242,
      0.28463687591464826,
      7.464887509027218
    ],
    "distances": [
      1.0,
      4.7895316347091565,
      2.197662464166255,
      3.761282666995152
    ],
    "refractive_indices": [
      1.0,
      1.5,
      1.5,
      1.5,
      1.0
    ],
    "wedgenum": 3
  },
  "pattern": [
    [
      1.8651059337396294,
      1.9088278018208458
    ],
    [
      1.9230792312046487,
      1.938400837815869
    ],
    [
      2.032054286601907,
      1.9608021549545724
    ],
    [
      2.051351497690611,
      2.020024255149856
    ],
    [
      1.9969791501273295,
      2.024960098960158
    ],
    [
      2.1404264322383164,
      2.1568026879269517
    ],
    [
      2.0704788169379946,
      2.145749700261665
    ],
    [
      2.120007035843163,
      2.076501373952706
    ],
    [
      2.088934581203918,
      2.0976783879901513
    ],
    [
      2.1284938983752335,
      2.19998538579941
    ],
    [
      2.075631444540592,
      2.078980257750082
    ],
    [
      2.021673453673767,
      2.0533674652981877
    ],
    [
      2.02295187894162,
      2.1627860910060193
    ],
    [
      2.054247016677361,
      2.058557587082588
    ],
    [
      1.9210398018386943,
      2.0023502683424494
    ],
    [
      1.8406275913873738,
      1.9623189935277394
    ],
    [
      1.8162220275732983,
      1.8435484397912458
    ],
    [
      1.7430344693081476,
      1.9109527465971927
    ],
    [
      1.638497194517902,
      1.9319640717183015
    ],
    [
      1.5590719870359644,
      1.800363905706459
    ],
    [
      1.412642687970216,
      1.6560344231260269
    ],
    [
      1.3253243005658935,
      1.5790604860320911
    ],
    [
      1.1662401267125535,
      1.5366073943809826
    ],
    [
      1.0981793442899348,
      1.4605713468013561
    ],
    [
      1.0690272013871565,
      1.2998020931974161
    ],
    [
      0.8374621391475703,
      1.291111708142163
    ],
    [
      0.8341418162623205,
      1.1680934208255083
    ],
    [
      0.6232319943843737,
      0.982774168093315
    ],
    [
      0.5175224780285309,
      0.8837741132267531
    ],
    [
      0.4509269349689545,
      0.633596197317312
    ],
    [
      0.25353551988614076,
      0.588620841087298
    ],
    [
      0.09308668606823683,
      0.4612516539512085
    ],
    [
      -0.07307803296130988,
      0.30804230826322876
    ],
    [
      -0.17176000016563386,
      0.1976229519728067
    ],
    [
      -0.3395406602952065,
      0.08113012247532225
    ],
    [
      -0.588490262529349,
      -0.02332578510085849
    ],
    [
      -0.6786904680421159,
      -0.10025941570835481
    ],
    [
      -0.8205064833621474,
      -0.31497583095230464
    ],
    [
      -0.9477783784120452,
      -0.37471034587688234
    ],
    [
      -1.0986192029325543,
      -0.4775007592556353
    ],
    [
      -1.2228467626638244,
      -0.6537557561250397
    ],
    [
      -1.2845892527380915,
      -0.8487577004497359
    ],
    [
      -1.351655416078526,
      -0.8734755335922763
    ],
    [
      -1.4381077517750565,
      -1.0216817578585993
    ],
    [
      -1.6228797529955168,
      -1.1366846637235182
    ],
    [
      -1.7742317578480244,
      -1.2215586869643098
    ],
    [
      -1.8403436296971012,
      -1.3900837790859044
    ],
    [
      -1.8806641576803533,
      -1.4343355583413218
    ],
    [
      -1.8940419022654449,
      -1.5479437139760515
    ],
    [
      -1.9999961065346545,
      -1.6747958547239576
    ],
    [
      -2.1167195282111355,
      -1.7366256844298054
    ],
    [
      -2.1371507992460734,
      -1.8338708767183827
    ],
    [
      -2.187378671805753,
      -1.9191733533500137
    ],
    [
      -2.156482329095521,
      -1.8400522061783313
    ],
    [
      -2.21124395489963,
      -2.047354008224012
    ],
    [
      -2.216401148128285,
      -2.0753294243927245
    ],
    [
      -2.1392496204923894,
      -2.017672435825169
    ],
    [
      -2.1080226656930323,
      -2.151487405219078
    ],
    [
      -2.147367533834363,
      -2.266569470246112
    ],
    [
      -2.170196591173858,
      -2.2059500180673615
    ]
  ],
  "complexity": 0.32873647720420446
}