{
  "id": 4122,
  "wedge_count": 3,
  "parameters": {
    "rotation_speeds": [
      1.8036591382563687,
      -0.3926368941978029,
      -0.9723761436661364
    ],
    "phi_x": [
      -1.8861868170226774,
      -12.440123744119044,
      -8.39768130967967
    ],
    "phi_y": [
      9.750911830050804,
      14.78919204052999,
      2.233792160093934
    ],
    "distances": [
      1.0,
      6.153200996080879,
      4.941248720573045,
      6.797148572500018
    ],
    "refractive_indices": [
      1.0,
      1.5,
      1.5,
      1.5,
      1.0
    ],
    "wedgenum": 3
  },
  "pattern": [
    [
      1.7168153085862539,
      1.8271374222034455
    ],
    [
      1.81764137369028,
      1.7859019895136048
    ],
    [
      1.7972411721504513,
      1.6516774540726524
    ],
    [
      1.7621991685649023,
      1.790667103139717
    ],
    [
      1.8906155753273837,
      1.8233799005384455
    ],
    [
      1.9489240527803566,
      1.9732138722168315
    ],
    [
      1.8620105780470548,
      1.8684231067418942
    ],
    [
      1.937615645727437,
      1.9779516689969028
    ],
    [
      1.9668027675851107,
      1.963228162733583
    ],
    [
      1.9675252489800301,
      1.9639467349396373
    ],
    [
      2.07348814853025,
      1.9479736973186061
    ],
    [
      1.9635804671034776,
      1.9441569053947314
    ],
    [
      1.95214681512134,
      1.9602477979770805
    ],
    [
      1.9165599723297293,
      2.0035795856710146
    ],
    [
      2.01398609865323,
      1.9194389807860412
    ],
    [
      2.0741171139723376,
      2.0094988440447477
    ],
    [
      1.9863959960023823,
      1.9382845324088944
    ],
    [
      1.868981855761651,
      1.9621075723045205
    ],
    [
      1.8712729254156228,
      1.9921274936013096
    ],
    [
      1.8140092921627344,
      1.8448103381259966
    ],
    [
      1.859971839011163,
      1.8896758989399318
    ],
    [
      1.8270560950484966,
      1.8201478762714676
    ],
    [
      1.8480473614434323,
      1.8489911226771243
    ],
    [
      1.765428645257203,
      1.8082034290794282
    ],
    [
      1.6741369952993477,
      1.7328447702915448
    ],
    [
      1.6735176200476587,
      1.713835465060356
    ],
    [
      1.5740661535521798,
      1.7687896005757169
    ],
    [
      1.4480852406973121,
      1.5428714202552516
    ],
    [
      1.3718310101981015,
      1.5536275470480945
    ],
    [
      1.4030974842901398,
      1.5330520559807757
    ],
    [
      1.2356203882721548,
      1.4727010125979418
    ],
    [
      1.1850971413295588,
      1.478441241708878
    ],
    [
      1.2380025382919542,
      1.3933285626335858
    ],
    [
      1.1659780760954737,
      1.281870703201517
    ],
    [
      0.9786954932398203,
      1.1629188268301982
    ],
    [
      1.023456717657918,
      1.094285424694066
    ],
    [
      0.8571507723145986,
      1.1033085051153741
    ],
    [
      0.6844064575527299,
      0.9038022175447828
    ],
    [
      0.6968512292589375,
      0.7903688129047115
    ],
    [
      0.5462983883240146,
      0.8575571306942615
    ],
    [
      0.5242978151351099,
      0.7834519805143347
    ],
    [
      0.46190721693616654,
      0.7445098431342934
    ],
    [
      0.21928202828732624,
      0.6502402973446395
    ],
    [
      0.2612620905906154,
      0.5927935522218586
    ],
    [
      0.1071887150780879,
      0.5160022421478578
    ],
    [
      0.06345279321872807,
      0.396654767896041
    ],
    [
      -0.09357500563142529,
      0.2863348127059319
    ],
    [
      -0.17302796872367138,
      0.1817243087187932
    ],
    [
      -0.31475040127736587,
      0.12887912857562003
    ],
    [
      -0.32432566398807455,
      0.01712461834978413
    ],
    [
      -0.4439158035770403,
      -0.024391920731792485
    ],
    [
      -0.4816656232112244,
      -0.11361053846504007
    ],
    [
      -0.5227005683097434,
      -0.2291256857215534
    ],
    [
      -0.6174088379467195,
      -0.349858187672701
    ],
    [
      -0.7392755804458047,
      -0.33337624196441656
    ],
    [
      -0.7325696833990173,
      -0.3665514292080796
    ],
    [
      -0.6832210133312101,
      -0.4646886713596507
    ],
    [
      -0.7989805854005366,
      -0.5615880846984463
    ],
    [
      -0.9442939735961857,
      -0.5599505683594103
    ],
    [
      -0.9392789864612578,
      -0.6321327023947655
    ]
  ],
  "complexity": 0.291674641319102
}