{
  "id": 1359,
  "wedge_count": 1,
  "parameters": {
    "rotation_speeds": [
      2.8697355276430514
    ],
    "phi_x": [
      12.676449768705456
    ],
    "phi_y": [
      0.2052790448730395
    ],
    "distances": [
      1.0,
      7.307512915670355
    ],
    "refractive_indices": [
      1.0,
      1.5,
      1.0
    ],
    "wedgenum": 1
  },
  "pattern": [
    [
      0.8513921617351663,
      0.8408973750764677
    ],
    [
      0.8339708419416387,
      0.8394829231795268
    ],
    [
      0.8365157439814513,
      0.8411692441147982
    ],
    [
      0.8277175077578929,
      0.8315659798948298
    ],
    [
      0.8249784483489779,
      0.8170747374121755
    ],
    [
      0.799220401318352,
      0.81218231667426
    ],
    [
      0.7867034303467789,
      0.7865322307605154
    ],
    [
      0.7629426883408246,
      0.7749882929932131
    ],
    [
      0.7342276826675763,
      0.7517122987366174
    ],
    [
      0.6964481182241359,
      0.7301088645912185
    ],
    [
      0.6604899626118481,
      0.7090883950842867
    ],
    [
      0.6288124345332667,
      0.6705765146271253
    ],
    [
      0.5846051269040611,
      0.6280605316658299
    ],
    [
      0.5533262881533543,
      0.6076231592720306
    ],
    [
      0.5022726957563719,
      0.5684371035620981
    ],
    [
      0.45669243209631816,
      0.5216821528929525
    ],
    [
      0.4037305677565583,
      0.4879770270263226
    ],
    [
      0.3587703742823371,
      0.4394511901028803
    ],
    [
      0.310498595744611,
      0.3907760381775298
    ],
    [
      0.25136184999856953,
      0.35309182011276324
    ],
    [
      0.19899946121962775,
      0.30071930480784814
    ],
    [
      0.13978114163989983,
      0.24785755116143032
    ],
    [
      0.08578389660733686,
      0.20008858766148596
    ],
    [
      0.012078480933524692,
      0.14918604972496693
    ],
    [
      -0.038494481211290635,
      0.1010649037826002
    ],
    [
      -0.08323665566370106,
      0.04314298832382461
    ],
    [
      -0.15213773782952755,
      -0.0027754122473401853
    ],
    [
      -0.2013689061260626,
      -0.055747747247623
    ],
    [
      -0.2620347660470874,
      -0.09967868692575392
    ],
    [
      -0.31820735875166983,
      -0.15879837564036708
    ],
    [
      -0.3665689325217472,
      -0.19428318670092015
    ],
    [
      -0.4143297092836587,
      -0.2504772033196637
    ],
    [
      -0.46865365768719724,
      -0.29827391499736466
    ],
    [
      -0.519119336440723,
      -0.3526174342628186
    ],
    [
      -0.5691397521221978,
      -0.40404996354881273
    ],
    [
      -0.6089313509796698,
      -0.448997920589009
    ],
    [
      -0.6377668534663475,
      -0.48184393373979256
    ],
    [
      -0.6785842786961903,
      -0.5310626630158608
    ],
    [
      -0.7096181023050276,
      -0.5702051417905197
    ],
    [
      -0.7362515545798508,
      -0.6135349821415528
    ],
    [
      -0.7639430788662723,
      -0.6444493211032947
    ],
    [
      -0.7927486355493484,
      -0.6815402441594944
    ],
    [
      -0.8127218915529834,
      -0.7001278511190505
    ],
    [
      -0.8216689928623198,
      -0.7255322994899553
    ],
    [
      -0.8390138383144413,
      -0.761244074364416
    ],
    [
      -0.8375070735255067,
      -0.7848016747327059
    ],
    [
      -0.8417192791339461,
      -0.7955372690737051
    ],
    [
      -0.8442445944007754,
      -0.8090786659211061
    ],
    [
      -0.8476295240245227,
      -0.8337955254295178
    ],
    [
      -0.8452427965374486,
      -0.833104951236449
    ],
    [
      -0.8278770068590121,
      -0.8385186272970029
    ],
    [
      -0.8086643424071787,
      -0.8553238794492455
    ],
    [
      -0.7910372404690686,
      -0.8536885376195098
    ],
    [
      -0.7742718004639331,
      -0.8392517800867464
    ],
    [
      -0.7467912438874499,
      -0.8379540789200167
    ],
    [
      -0.7145569665001662,
      -0.8355881115933109
    ],
    [
      -0.6835841944196778,
      -0.8258398212815118
    ],
    [
      -0.6423229636530975,
      -0.8030053034745247
    ],
    [
      -0.5993590773166919,
      -0.7979151247484669
    ],
    [
      -0.568681420165535,
      -0.7642684387740822
    ]
  ],
  "complexity": 0.2353582106143501
}