{
  "id": 3538,
  "wedge_count": 3,
  "parameters": {
    "rotation_speeds": [
      -2.3540079113149517,
      -0.7957879788316542,
      -2.3976506200050234
    ],
    "phi_x": [
      0.1609318678127778,
      10.336859417860818,
      -5.102785630744588
    ],
    "phi_y": [
      14.056150569843979,
      1.9877590523363509,
      1.1200862765788493
    ],
    "distances": [
      1.0,
      7.287060120414949,
      3.983726040545889,
      6.168486249151547
    ],
    "refractive_indices": [
      1.0,
      1.5,
      1.5,
      1.5,
      1.0
    ],
    "wedgenum": 3
  },
  "pattern": [
    [
      1.0972363686339144,
      1.071852147462991
    ],
    [
      1.025693797595246,
      0.9527531008566854
    ],
    [
      0.9666287248120261,
      0.9872617061973682
    ],
    [
      0.801469606698044,
      0.9435199251261898
    ],
    [
      0.7882973437047909,
      0.8152437250385485
    ],
    [
      0.7983946872652365,
      0.8003209702978987
    ],
    [
      0.6321125971536139,
      0.6851059550639498
    ],
    [
      0.4931916222049805,
      0.6218548784709064
    ],
    [
      0.5247056773214975,
      0.5008652136919607
    ],
    [
      0.4505162202738848,
      0.49719682969637474
    ],
    [
      0.34654271958362665,
      0.49198110241462073
    ],
    [
      0.3174055614604961,
      0.3319626544463651
    ],
    [
      0.28498197002600745,
      0.3296180295074424
    ],
    [
      0.14812152411691984,
      0.2851007008507163
    ],
    [
      0.05096769968029631,
      0.22718349871923765
    ],
    [
      0.178277506439116,
      0.16138221322560417
    ],
    [
      0.11808656194252218,
      0.09956376402715753
    ],
    [
      -0.035308740719034844,
      -0.005409266841215649
    ],
    [
      -0.12780050145372665,
      -0.03578704460605629
    ],
    [
      -0.1627393106537985,
      -0.010394290059864114
    ],
    [
      -0.05475158922298841,
      -0.2231706913451963
    ],
    [
      -0.231228329959892,
      -0.12653369250386545
    ],
    [
      -0.29844269233037835,
      -0.024352388068809155
    ],
    [
      -0.24616098884107834,
      -0.2991651084567275
    ],
    [
      -0.33660395330168524,
      -0.26401095849497236
    ],
    [
      -0.25438510234911266,
      -0.3154060169048
    ],
    [
      -0.26186379889155964,
      -0.28660871095890755
    ],
    [
      -0.2543128952188946,
      -0.256802793254556
    ],
    [
      -0.2974426064724748,
      -0.385094083785655
    ],
    [
      -0.26985407384214855,
      -0.3148653236079604
    ],
    [
      -0.37297668692438835,
      -0.35141199308213544
    ],
    [
      -0.3600105356600763,
      -0.3954991419163957
    ],
    [
      -0.3646358120056983,
      -0.3236055671939774
    ],
    [
      -0.265842649864416,
      -0.3197891763484257
    ],
    [
      -0.2063143793639467,
      -0.21913149179224836
    ],
    [
      -0.14729130766534407,
      -0.28268895856693055
    ],
    [
      -0.2923036235460108,
      -0.23035016993468266
    ],
    [
      -0.07958075756718608,
      -0.2878396767420374
    ],
    [
      -0.19211550889054682,
      -0.2427742578806417
    ],
    [
      -0.04080521586801711,
      -0.29429987802759316
    ],
    [
      -0.015750737279263592,
      -0.25227177451198307
    ],
    [
      0.0608371094473582,
      -0.17649405531267515
    ],
    [
      0.0496975957904113,
      -0.08619637893255302
    ],
    [
      0.12564076422641657,
      -0.09395552822935559
    ],
    [
      0.09097900123780718,
      -0.07846194350148833
    ],
    [
      0.13100912338359882,
      0.0117056855795383
    ],
    [
      0.2140928400897577,
      0.006189631370424706
    ],
    [
      0.35183858243453753,
      0.19841936336823648
    ],
    [
      0.4575508850532686,
      0.1560942459813933
    ],
    [
      0.42303307414933206,
      0.11410040095806717
    ],
    [
      0.3732829244545781,
      0.2772692610681856
    ],
    [
      0.3949556251841317,
      0.13411527813588114
    ],
    [
      0.5107285038359559,
      0.31562580431139553
    ],
    [
      0.5508896651332338,
      0.3387620171444606
    ],
    [
      0.6208932629818468,
      0.3758876786963062
    ],
    [
      0.6698177321390331,
      0.4577633643059886
    ],
    [
      0.6441443409846033,
      0.44749091015103515
    ],
    [
      0.703242164221074,
      0.5708746438590526
    ],
    [
      0.7443339395354801,
      0.5667865561275774
    ],
    [
      0.7456525077422373,
      0.47044607202138894
    ]
  ],
  "complexity": 0.2322531663492899
}