{
  "id": 1802,
  "wedge_count": 4,
  "parameters": {
    "rotation_speeds": [
      1.996483791139033,
      2.5121247609671027,
      -0.6440709989832123,
      -0.5226221601764713
    ],
    "phi_x": [
      2.1292778842426223,
      9.68844472122554,
      -9.39515855735433,
      12.03722530916119
    ],
    "phi_y": [
      3.04587492331202,
      14.814393259013567,
      -2.324145452105867,
      -3.13713236944764
    ],
    "distances": [
      1.0,
      7.160974456458471,
      5.986655012941855,
      4.094843431727746,
      6.37546313767026
    ],
    "refractive_indices": [
      1.0,
      1.5,
      1.5,
      1.5,
      1.5,
      1.0
    ],
    "wedgenum": 4
  },
  "pattern": [
    [
      2.438828366165381,
      2.4536424587624404
    ],
    [
      2.448572894270563,
      2.6093324472784714
    ],
    [
      2.5833352865843167,
      2.5613131493138273
    ],
    [
      2.577316652768469,
      2.550360829747422
    ],
    [
      2.6715113505020613,
      2.7389812514170924
    ],
    [
      2.753811131981834,
      2.7852931456086827
    ],
    [
      2.7706044974597654,
      2.7457600388322314
    ],
    [
      2.8974473691048432,
      2.9230976063463454
    ],
    [
      2.8683713673485887,
      2.7986606370289238
    ],
    [
      2.975642851264021,
      2.887257443780861
    ],
    [
      3.0002216328744913,
      2.9173592546403517
    ],
    [
      2.939770900265678,
      2.9414767028794784
    ],
    [
      3.020760306743419,
      2.81929855685646
    ],
    [
      2.9494992972224665,
      2.9450965258808877
    ],
    [
      2.985372116972627,
      2.9543223178402265
    ],
    [
      2.91038765599622,
      2.97651196450503
    ],
    [
      2.9554161777163372,
      2.896412620563223
    ],
    [
      2.7699525189896974,
      2.8961282058253945
    ],
    [
      2.8104633197448097,
      2.890989810939977
    ],
    [
      2.8102661496837835,
      2.876861180086278
    ],
    [
      2.67111346496054,
      2.811638369529536
    ],
    [
      2.629443769276318,
      2.7656437782118823
    ],
    [
      2.660554331471201,
      2.813006394226524
    ],
    [
      2.482183748667399,
      2.732390754122197
    ],
    [
      2.4837166028620685,
      2.604485547691736
    ],
    [
      2.316179050072572,
      2.6106014779562967
    ],
    [
      2.267351082564484,
      2.461995816573131
    ],
    [
      2.2094374772813246,
      2.4561238506311347
    ],
    [
      2.0583899834298975,
      2.331679812877827
    ],
    [
      1.941754313565358,
      2.2347319487041486
    ],
    [
      1.9032436147047627,
      2.218640282407203
    ],
    [
      1.7284375459737733,
      1.9986952096244297
    ],
    [
      1.602019887842682,
      1.893149891859959
    ],
    [
      1.5730661776347659,
      1.8552820869815452
    ],
    [
      1.4479615094533127,
      1.6951241483242967
    ],
    [
      1.1943797391462392,
      1.662273712867293
    ],
    [
      1.2183288045881613,
      1.5497708851881924
    ],
    [
      1.1620662925377572,
      1.4936222013335685
    ],
    [
      1.037840430341457,
      1.3458959418056315
    ],
    [
      0.9320928439092844,
      1.221382986982331
    ],
    [
      0.7412874414785189,
      1.1934952890837744
    ],
    [
      0.5930621306112335,
      0.979557847987966
    ],
    [
      0.4245581538478341,
      1.032357204306726
    ],
    [
      0.3756636248302371,
      0.8131299060100533
    ],
    [
      0.3603302349086727,
      0.7328728480580374
    ],
    [
      0.3241640777280014,
      0.5703850604311651
    ],
    [
      0.1281629281712858,
      0.5500580968677924
    ],
    [
      0.13070249762951397,
      0.4534220603844353
    ],
    [
      -0.018114557948091532,
      0.44220367345877687
    ],
    [
      -0.08124438265661757,
      0.21817449379570103
    ],
    [
      -0.06823731301070336,
      0.14569414466935748
    ],
    [
      -0.2122121232121663,
      0.10323289916338663
    ],
    [
      -0.1924236895246193,
      0.11622144456382669
    ],
    [
      -0.2844641329708909,
      -0.09729478696394518
    ],
    [
      -0.3044289630808576,
      -0.04810453147882084
    ],
    [
      -0.3836855807473234,
      -0.1773899609324413
    ],
    [
      -0.292803389565847,
      -0.24444291092827575
    ],
    [
      -0.3499100265422592,
      -0.2763612632151802
    ],
    [
      -0.3880807414400183,
      -0.30718915702103616
    ],
    [
      -0.4092092632109933,
      -0.3613613657485667
    ]
  ],
  "complexity": 0.34028266169524574
}