{
  "id": 3272,
  "wedge_count": 3,
  "parameters": {
    "rotation_speeds": [
      0.1286292088498806,
      -0.10005955423379476,
      2.902136822944895
    ],
    "phi_x": [
      11.796307335104714,
      -9.814897876319456,
      0.8852972889188049
    ],
    "phi_y": [
      13.25555730811038,
      -9.620109737905981,
      7.821425644846059
    ],
    "distances": [
      1.0,
      7.023690293727738,
      4.56339037409541,
      5.223643412196459
    ],
    "refractive_indices": [
      1.0,
      1.5,
      1.5,
      1.5,
      1.0
    ],
    "wedgenum": 3
  },
  "pattern": [
    [
      1.864308963848768,
      1.8106819416234894
    ],
    [
      1.9540093424899145,
      1.84326332484462
    ],
    [
      1.987819332567435,
      1.8678862400106881
    ],
    [
      1.9732661005507253,
      2.0151021033003946
    ],
    [
      1.9990188304360248,
      1.8671018927396432
    ],
    [
      1.9566542283552466,
      2.042476664703108
    ],
    [
      1.9911840500681688,
      1.9142337466223136
    ],
    [
      2.129536830066726,
      2.0354250170131705
    ],
    [
      2.1058168728979942,
      2.010073787420141
    ],
    [
      2.016687170520973,
      2.055662503721808
    ],
    [
      2.0700958317518428,
      2.022238201560554
    ],
    [
      2.229643597892918,
      2.0532142411828116
    ],
    [
      2.171686647274684,
      2.034694499476074
    ],
    [
      2.1047557967958563,
      2.0851680232353624
    ],
    [
      2.133740888011114,
      2.022363974829685
    ],
    [
      2.1418854089063237,
      2.1721688977068525
    ],
    [
      2.1619079794292975,
      2.1675521875171864
    ],
    [
      2.0587180399186855,
      2.1184077528022778
    ],
    [
      2.053531493084056,
      2.1265325736099396
    ],
    [
      2.075533869035542,
      2.130902466907173
    ],
    [
      2.093423602246758,
      2.1712654844237127
    ],
    [
      2.017893393939167,
      2.065003175161814
    ],
    [
      2.0522936163008336,
      2.0728325748237846
    ],
    [
      1.9653276739965426,
      1.9951430277406939
    ],
    [
      2.0581968989848898,
      2.0138493795373447
    ],
    [
      2.11002672510255,
      1.978684400140345
    ],
    [
      1.9596064583181192,
      1.9327760913545884
    ],
    [
      1.9610030641631067,
      1.9949833482110382
    ],
    [
      1.8438115024656567,
      1.9672895439147864
    ],
    [
      1.8083423070518367,
      1.8591786884942556
    ],
    [
      1.7961646197473717,
      1.89441835323345
    ],
    [
      1.7356622795932348,
      1.8495810831758441
    ],
    [
      1.7586264641584226,
      1.84640579366606
    ],
    [
      1.6926687250130557,
      1.7422350389181847
    ],
    [
      1.59554806553348,
      1.7953989066046294
    ],
    [
      1.6731575481543903,
      1.7496649788403382
    ],
    [
      1.521805309073447,
      1.6867194316736853
    ],
    [
      1.4885548692281831,
      1.6858896428106231
    ],
    [
      1.5503870532790363,
      1.5789868079240308
    ],
    [
      1.47967986262456,
      1.5372406023623826
    ],
    [
      1.4291190292846903,
      1.5886171701115845
    ],
    [
      1.366989624938174,
      1.44729352930878
    ],
    [
      1.4019358278778913,
      1.4822411450222703
    ],
    [
      1.351495942509829,
      1.5415234224294059
    ],
    [
      1.316154321851658,
      1.4184734095863603
    ],
    [
      1.2506509563261614,
      1.398795920999185
    ],
    [
      1.2885286911153144,
      1.3853647405464518
    ],
    [
      1.1040628457035546,
      1.3130840671278419
    ],
    [
      1.2759069510360128,
      1.24862508072176
    ],
    [
      1.1906552389299596,
      1.3164069333373951
    ],
    [
      1.1520881534452183,
      1.2358453401852199
    ],
    [
      1.145931515227478,
      1.1973845688950187
    ],
    [
      1.146483166901484,
      1.234724289909125
    ],
    [
      1.0395115683873226,
      1.2614142891239806
    ],
    [
      1.1551009303996689,
      1.0589636197943717
    ],
    [
      1.0455713230623738,
      1.16019940639608
    ],
    [
      1.082175722883791,
      1.2616465778548103
    ],
    [
      1.099412416259043,
      1.0973986535855889
    ],
    [
      1.0979243631730378,
      1.1444437264442104
    ],
    [
      1.1120917557724632,
      1.2202839836111217
    ]
  ],
  "complexity": 0.25923909084366525
}