{
  "id": 2668,
  "wedge_count": 1,
  "parameters": {
    "rotation_speeds": [
      1.0238321456700614
    ],
    "phi_x": [
      14.763243575733952
    ],
    "phi_y": [
      5.856189237012266
    ],
    "distances": [
      1.0,
      2.3812806022360773
    ],
    "refractive_indices": [
      1.0,
      1.5,
      1.0
    ],
    "wedgenum": 1
  },
  "pattern": [
    [
      0.9902180338012225,
      0.9825027163676738
    ],
    [
      1.0036138363337082,
      1.0027147683211317
    ],
    [
      1.0216783722414544,
      1.0282604502087358
    ],
    [
      1.0617831438437733,
      1.0437825561129113
    ],
    [
      1.0589442507476152,
      1.0593650072667102
    ],
    [
      1.0704564890970958,
      1.083506442833659
    ],
    [
      1.0848275023910876,
      1.0709648896055368
    ],
    [
      1.0704561613271377,
      1.077040376518079
    ],
    [
      1.0536795640014835,
      1.0731838833902907
    ],
    [
      1.0479631496203399,
      1.069464298164895
    ],
    [
      1.027013952940105,
      1.0512324550279128
    ],
    [
      1.0032984979252355,
      1.0315981280210156
    ],
    [
      0.9838505854699657,
      1.0146189563744363
    ],
    [
      0.9484787591437834,
      0.991080743541853
    ],
    [
      0.9129038314531893,
      0.9696240665789679
    ],
    [
      0.8738491655465415,
      0.9320787468477164
    ],
    [
      0.8282050512054446,
      0.8946594075182183
    ],
    [
      0.7723976035798499,
      0.850797883783746
    ],
    [
      0.7185665132134729,
      0.8085338595998597
    ],
    [
      0.658496224352517,
      0.7685916991396659
    ],
    [
      0.5993827895952721,
      0.7231280074962695
    ],
    [
      0.530344252989204,
      0.6620042078340338
    ],
    [
      0.4688246735199857,
      0.6073517530077793
    ],
    [
      0.3982956690905384,
      0.5512588485804653
    ],
    [
      0.3262875153215811,
      0.4902399632728053
    ],
    [
      0.2593072780237778,
      0.4339707288651593
    ],
    [
      0.18842480197005546,
      0.3714101439952193
    ],
    [
      0.10780303319121358,
      0.30866549393856424
    ],
    [
      0.022983185009135137,
      0.2311827395923937
    ],
    [
      -0.04167221260011677,
      0.1654936156587849
    ],
    [
      -0.1241957926136891,
      0.0858534203547326
    ],
    [
      -0.21971256243966572,
      0.02991674900379029
    ],
    [
      -0.2838350299353956,
      -0.04062619825075397
    ],
    [
      -0.36912897889171986,
      -0.10679350479323496
    ],
    [
      -0.43897542945317647,
      -0.1923619194093057
    ],
    [
      -0.5085920501195188,
      -0.26181900885120085
    ],
    [
      -0.5811846317684051,
      -0.33103849599080576
    ],
    [
      -0.6399806645997187,
      -0.39868747634212937
    ],
    [
      -0.7094971499151093,
      -0.46210696064439993
    ],
    [
      -0.7759768905095712,
      -0.5236177949939574
    ],
    [
      -0.8376390241717927,
      -0.5934057832750703
    ],
    [
      -0.8902998854457627,
      -0.6495821519155652
    ],
    [
      -0.9371335186484231,
      -0.7086592444847765
    ],
    [
      -0.9830002222682802,
      -0.7693290460821163
    ],
    [
      -1.0287642667108259,
      -0.8195193874351013
    ],
    [
      -1.056013348007432,
      -0.8726436757555271
    ],
    [
      -1.0953608929846361,
      -0.9258321198509901
    ],
    [
      -1.126299541700207,
      -0.9682851878604877
    ],
    [
      -1.1396911189905332,
      -1.0023778562356405
    ],
    [
      -1.1602211806496765,
      -1.0484502747994038
    ],
    [
      -1.1718712259473465,
      -1.07545940592443
    ],
    [
      -1.175326608966092,
      -1.1089243681479855
    ],
    [
      -1.1704092426801964,
      -1.1247963672064147
    ],
    [
      -1.1658394181885112,
      -1.1478612767561729
    ],
    [
      -1.1598014511957788,
      -1.1604162833207752
    ],
    [
      -1.1374908595894957,
      -1.1791797213777988
    ],
    [
      -1.109538761168706,
      -1.1986476859366115
    ],
    [
      -1.099756217300331,
      -1.196617985922472
    ],
    [
      -1.0461354437038892,
      -1.1859504245740897
    ],
    [
      -1.008778460078581,
      -1.1812263120982072
    ]
  ],
  "complexity": 0.2729986645446273
}