{
  "id": 3695,
  "wedge_count": 4,
  "parameters": {
    "rotation_speeds": [
      -0.6898979016964155,
      1.4434667395266079,
      -0.8783543230156265,
      2.952582878856729
    ],
    "phi_x": [
      -6.849807899582245,
      -6.752504833484116,
      -5.2771448286565725,
      -6.532358224757344
    ],
    "phi_y": [
      -9.536117034404826,
      7.796453162945401,
      -9.714176682311967,
      -12.333831490976236
    ],
    "distances": [
      1.0,
      2.4494317177575122,
      6.370003017717926,
      5.317539679474891,
      3.662639520182002
    ],
    "refractive_indices": [
      1.0,
      1.5,
      1.5,
      1.5,
      1.5,
      1.0
    ],
    "wedgenum": 4
  },
  "pattern": [
    [
      2.521674357498152,
      2.4004017162525777
    ],
    [
      2.576743047035256,
      2.4539208918552418
    ],
    [
      2.4782689476099926,
      2.493440915811457
    ],
    [
      2.496060892023448,
      2.508835459881813
    ],
    [
      2.433280787575837,
      2.5082882785983487
    ],
    [
      2.606933557927858,
      2.453952627757779
    ],
    [
      2.46006274748191,
      2.5773973231994862
    ],
    [
      2.5553426567102453,
      2.5305812014221996
    ],
    [
      2.559768988642593,
      2.494124380247127
    ],
    [
      2.4540364713502285,
      2.448998426641852
    ],
    [
      2.4350912739664285,
      2.43158649620891
    ],
    [
      2.461971078493278,
      2.320562510077544
    ],
    [
      2.483162863339368,
      2.4313718188699878
    ],
    [
      2.3551966828069757,
      2.3388617889897523
    ],
    [
      2.241721830678992,
      2.3730676422430044
    ],
    [
      2.247643813444025,
      2.207582178120854
    ],
    [
      2.067427520555333,
      2.2775879280908535
    ],
    [
      2.022222958562366,
      2.185570197572587
    ],
    [
      1.931625274644369,
      2.0557308319210206
    ],
    [
      1.8787490107905853,
      2.0582675165340567
    ],
    [
      1.8013853466552217,
      2.0300511077737298
    ],
    [
      1.727154290566655,
      1.8752236227702472
    ],
    [
      1.5760992656935118,
      1.8342446477235381
    ],
    [
      1.5491749438626732,
      1.730822629078815
    ],
    [
      1.3876300525588083,
      1.69886392446523
    ],
    [
      1.3272763285394633,
      1.559566611797283
    ],
    [
      1.2946228777362299,
      1.4592740846522954
    ],
    [
      1.0829095077936566,
      1.4708611195586505
    ],
    [
      1.0119491482939376,
      1.2857320623590578
    ],
    [
      0.8994094997035954,
      1.2211010309835724
    ],
    [
      0.8155892089696086,
      1.0519377207269123
    ],
    [
      0.7350863452449399,
      1.0965695893460374
    ],
    [
      0.544540557071673,
      0.9180662484964907
    ],
    [
      0.4226533937748246,
      0.8218721454714971
    ],
    [
      0.32539016331279935,
      0.7263371759662655
    ],
    [
      0.2493263476731057,
      0.5811758869051203
    ],
    [
      0.16799416108081067,
      0.49999579066736993
    ],
    [
      0.05346100049898378,
      0.4684127943133211
    ],
    [
      -0.08337284481251284,
      0.3934055085975646
    ],
    [
      -0.16086134769610866,
      0.18903450509581574
    ],
    [
      -0.3754766506295678,
      0.2056543517195059
    ],
    [
      -0.4303508950528774,
      0.04502143670505968
    ],
    [
      -0.3986263625751982,
      -0.08365295769716366
    ],
    [
      -0.6557771669665263,
      -0.15018559404864862
    ],
    [
      -0.6306050596339716,
      -0.18819577633959053
    ],
    [
      -0.696901992231712,
      -0.3301162635969055
    ],
    [
      -0.7630808253484428,
      -0.3973318951268131
    ],
    [
      -0.8054489168012389,
      -0.4923256754443788
    ],
    [
      -0.8637862447895311,
      -0.5763558848884355
    ],
    [
      -1.030290344140967,
      -0.6589134167250298
    ],
    [
      -1.0919655513528563,
      -0.689188402745281
    ],
    [
      -1.0474221965509236,
      -0.7873433674464725
    ],
    [
      -1.0481757940861895,
      -0.8333589188997307
    ],
    [
      -1.1906257682994883,
      -0.937623018594886
    ],
    [
      -1.084651964102665,
      -0.9678417294760183
    ],
    [
      -1.2168269324815166,
      -1.064450720203699
    ],
    [
      -1.2049848263526821,
      -1.1491744982066845
    ],
    [
      -1.2444926348208902,
      -1.108276195173661
    ],
    [
      -1.212532077275359,
      -1.1485763580852377
    ],
    [
      -1.3204565356409521,
      -1.2259312598592913
    ]
  ],
  "complexity": 0.3068426677073121
}