{
  "id": 3988,
  "wedge_count": 5,
  "parameters": {
    "rotation_speeds": [
      -1.3342645453144002,
      2.1975611926004994,
      -0.8105615550205694,
      2.3858530876218493,
      -0.5477518906958765
    ],
    "phi_x": [
      -5.293213535601177,
      -0.16291140007667693,
      -12.637467320771716,
      7.224898427807773,
      2.509114056259211
    ],
    "phi_y": [
      -10.78151341773404,
      -2.098457395029726,
      1.8097182453380967,
      10.359185041763073,
      14.181391788975699
    ],
    "distances": [
      1.0,
      6.407918619008523,
      2.338670149686048,
      3.585723405569232,
      3.679791111425777,
      6.890657130853725
    ],
    "refractive_indices": [
      1.0,
      1.5,
      1.5,
      1.5,
      1.5,
      1.5,
      1.0
    ],
    "wedgenum": 5
  },
  "pattern": [
    [
      2.8108407608133628,
      2.847840047083288
    ],
    [
      2.8909852899328525,
      2.8496298685960113
    ],
    [
      2.819627707653368,
      2.906192041430855
    ],
    [
      2.7997903644340116,
      2.831961595655587
    ],
    [
      2.847566647635013,
      2.820545318215185
    ],
    [
      2.7331738277136264,
      2.815868045632719
    ],
    [
      2.738301869029262,
      2.8486946739774113
    ],
    [
      2.7271023553593716,
      2.7702213154866637
    ],
    [
      2.7440769904226556,
      2.740118614931887
    ],
    [
      2.5714632885237108,
      2.7243288087027504
    ],
    [
      2.6737070115494346,
      2.647270954194274
    ],
    [
      2.364454898061332,
      2.5340120502444776
    ],
    [
      2.3922491257025187,
      2.4845559619993725
    ],
    [
      2.303069943379079,
      2.4716170072795682
    ],
    [
      2.170627798805524,
      2.337072870860067
    ],
    [
      2.120430993511666,
      2.2710433594695263
    ],
    [
      2.0864266328162335,
      2.2906800810506063
    ],
    [
      2.008857907248726,
      2.1860473587835725
    ],
    [
      1.9093331683410566,
      2.1182165884994966
    ],
    [
      1.7121382823382052,
      1.9282579019190993
    ],
    [
      1.7814671725803692,
      1.7758839516600147
    ],
    [
      1.5828133865243652,
      1.9001676148398345
    ],
    [
      1.4825805441011146,
      1.6926790353822478
    ],
    [
      1.502804836549462,
      1.71500837546758
    ],
    [
      1.3004799759892627,
      1.565540098985001
    ],
    [
      1.2409857034457803,
      1.3441108260098733
    ],
    [
      1.109335802586411,
      1.4068344831479505
    ],
    [
      0.9610440828530686,
      1.226558879292806
    ],
    [
      0.8216585364589053,
      1.1206786063011138
    ],
    [
      0.7900213908639064,
      1.0888109578749081
    ],
    [
      0.617506385664756,
      0.8078109504775939
    ],
    [
      0.4960875912798748,
      0.7450824880992767
    ],
    [
      0.31774727808044717,
      0.6726208732948021
    ],
    [
      0.20292521551102596,
      0.5980763290438923
    ],
    [
      0.13953597789120767,
      0.5542307480630865
    ],
    [
      0.015469706362933287,
      0.315870289484296
    ],
    [
      -0.05728553356205563,
      0.2700671763679249
    ],
    [
      -0.19430560307368058,
      0.13045749626272896
    ],
    [
      -0.2904544620060333,
      0.08119241112270054
    ],
    [
      -0.33809857110977193,
      0.028259663849726183
    ],
    [
      -0.4466565436893773,
      -0.17574889828678744
    ],
    [
      -0.5987265064437244,
      -0.22566743435895684
    ],
    [
      -0.6384969349924375,
      -0.39644790788410333
    ],
    [
      -0.7557037339680427,
      -0.449649717482382
    ],
    [
      -0.8531880045083329,
      -0.48071360820101455
    ],
    [
      -0.8153946766586156,
      -0.5799422397045186
    ],
    [
      -0.9152231556908731,
      -0.7061869282353401
    ],
    [
      -0.9568038444473359,
      -0.7374103925663643
    ],
    [
      -0.997004595149304,
      -0.7310458513364898
    ],
    [
      -1.0344090068902334,
      -0.9364390592724179
    ],
    [
      -1.1011696937656565,
      -1.0762194183485077
    ],
    [
      -1.1175648627624197,
      -1.0912322761338946
    ],
    [
      -1.054449352909348,
      -1.0311753347256054
    ],
    [
      -1.1919757790136032,
      -1.1660126631775707
    ],
    [
      -1.1260046537270185,
      -1.2269664162151397
    ],
    [
      -1.1214533334623735,
      -1.1805155834708558
    ],
    [
      -1.1845559076828613,
      -1.1838314656673212
    ],
    [
      -1.1211078562517078,
      -1.2502670844347392
    ],
    [
      -1.1405668678447125,
      -1.205724844311667
    ],
    [
      -1.0985645800414028,
      -1.3913900278015392
    ]
  ],
  "complexity": 0.3687274076945229
}