{
  "id": 738,
  "wedge_count": 1,
  "parameters": {
    "rotation_speeds": [
      2.2462655744603364
    ],
    "phi_x": [
      4.221125759915424
    ],
    "phi_y": [
      12.18727062015601
    ],
    "distances": [
      1.0,
      3.500779464505152
    ],
    "refractive_indices": [
      1.0,
      1.5,
      1.0
    ],
    "wedgenum": 1
  },
  "pattern": [
    [
      0.2760710697915266,
      0.29082745467733384
    ],
    [
      0.34664778229843196,
      0.3404240834047473
    ],
    [
      0.3998237392571888,
      0.38542455917971497
    ],
    [
      0.4551224251083906,
      0.4364971982483877
    ],
    [
      0.5060961095292861,
      0.4873401559283634
    ],
    [
      0.5641644371761445,
      0.5342475659073642
    ],
    [
      0.604953295524852,
      0.5819359499036281
    ],
    [
      0.6542542829380861,
      0.6226874558795545
    ],
    [
      0.6958306947681334,
      0.6629902844524418
    ],
    [
      0.7375831376979358,
      0.7101476925404363
    ],
    [
      0.7700386017815956,
      0.7369081897627991
    ],
    [
      0.8081172157804526,
      0.774372562596635
    ],
    [
      0.8230065803587002,
      0.8079451434560507
    ],
    [
      0.8574397928021125,
      0.8207909706081408
    ],
    [
      0.8731849293634383,
      0.8469610685242407
    ],
    [
      0.8707665723132297,
      0.8663714404865657
    ],
    [
      0.8828088415773373,
      0.8804946279572472
    ],
    [
      0.8927231742751508,
      0.8819076192469958
    ],
    [
      0.8780951291410983,
      0.8902373778265689
    ],
    [
      0.8851884458155513,
      0.883132103491813
    ],
    [
      0.8706011155503591,
      0.8953180505591096
    ],
    [
      0.8572185872964877,
      0.8925245760128309
    ],
    [
      0.829258722278855,
      0.8767652542308506
    ],
    [
      0.799152421233136,
      0.8634891571693012
    ],
    [
      0.7786875259744425,
      0.8490481894775218
    ],
    [
      0.7551416811261511,
      0.8160966648127085
    ],
    [
      0.7014144509319994,
      0.7945510945073677
    ],
    [
      0.6609392282794656,
      0.762954014370301
    ],
    [
      0.6217652863713621,
      0.7312602524861895
    ],
    [
      0.5680345059470524,
      0.6969502691309972
    ],
    [
      0.5240756366289399,
      0.6572281546089169
    ],
    [
      0.45830550041526,
      0.6095522258670122
    ],
    [
      0.39873446778924887,
      0.5717597361383215
    ],
    [
      0.33870211811566364,
      0.5206624069810469
    ],
    [
      0.27017251531219866,
      0.47250291384731136
    ],
    [
      0.218344131785715,
      0.41686890801491533
    ],
    [
      0.14661164256824916,
      0.3598338124391215
    ],
    [
      0.07439336202743749,
      0.2972701268689912
    ],
    [
      0.003811903974952892,
      0.23884505605075307
    ],
    [
      -0.06796453098977796,
      0.18202835352745866
    ],
    [
      -0.12894005693544752,
      0.1211893368149442
    ],
    [
      -0.18335377588339416,
      0.06315917930210721
    ],
    [
      -0.2688036426353056,
      -0.004966117044377493
    ],
    [
      -0.32565589418288754,
      -0.0662748171106556
    ],
    [
      -0.38756067685142354,
      -0.12621356820394483
    ],
    [
      -0.4541385382073376,
      -0.1906039703272203
    ],
    [
      -0.5103747111928445,
      -0.24520803947982608
    ],
    [
      -0.5726559581539309,
      -0.31107982630997516
    ],
    [
      -0.612356720694774,
      -0.37676246948848413
    ],
    [
      -0.6833851697914678,
      -0.42852128349073376
    ],
    [
      -0.7236198815189394,
      -0.4787675193321236
    ],
    [
      -0.7658280655116798,
      -0.5330638675811262
    ],
    [
      -0.8076018616451034,
      -0.5916556615581066
    ],
    [
      -0.8403118051562226,
      -0.6354410991551994
    ],
    [
      -0.8776587349070218,
      -0.6814350176694658
    ],
    [
      -0.8957969477637698,
      -0.7218000783652148
    ],
    [
      -0.9212979353014212,
      -0.7623221887757113
    ],
    [
      -0.9330494584987581,
      -0.8047613610347215
    ],
    [
      -0.9520557089831776,
      -0.8425546289652851
    ],
    [
      -0.9560349802953524,
      -0.8699936371054211
    ]
  ],
  "complexity": 0.21660984119842064
}