{
  "id": 4902,
  "wedge_count": 2,
  "parameters": {
    "rotation_speeds": [
      -0.48060456560694087,
      -1.9609115452527577
    ],
    "phi_x": [
      12.574055003137428,
      -5.224032545122185
    ],
    "phi_y": [
      2.0353778659582566,
      11.922406936986619
    ],
    "distances": [
      1.0,
      3.733460087362292,
      6.6173048380744985
    ],
    "refractive_indices": [
      1.0,
      1.5,
      1.5,
      1.0
    ],
    "wedgenum": 2
  },
  "pattern": [
    [
      1.3285780106456384,
      1.375901966380209
    ],
    [
      1.2906651655590635,
      1.2314139587399329
    ],
    [
      1.1958700855268944,
      1.2279428039512357
    ],
    [
      1.1267157063492215,
      1.1908613861453654
    ],
    [
      1.110230227893817,
      1.0452698594400835
    ],
    [
      0.9668411711233216,
      1.0600749414687547
    ],
    [
      0.9480288584701239,
      1.014402657085057
    ],
    [
      0.9093065112263782,
      0.9494453045595781
    ],
    [
      0.9616836719581531,
      0.7956364026274806
    ],
    [
      0.7365876342028859,
      0.7530360788610689
    ],
    [
      0.7978631255661262,
      0.7207474259827591
    ],
    [
      0.6745489764814557,
      0.7463819905175335
    ],
    [
      0.5986687035812283,
      0.708100658853557
    ],
    [
      0.6498718565364183,
      0.5531412878122576
    ],
    [
      0.5340343041768746,
      0.5225160314283833
    ],
    [
      0.377324710863775,
      0.544009493351243
    ],
    [
      0.37752489710395776,
      0.3680953511192503
    ],
    [
      0.27919413435961493,
      0.310915242401773
    ],
    [
      0.26277508102451824,
      0.30955857993597335
    ],
    [
      0.13064903971864505,
      0.24703515784400287
    ],
    [
      0.16727065182262044,
      0.26091669582109506
    ],
    [
      0.06850866142548713,
      0.0861112688461091
    ],
    [
      0.10188822172719106,
      0.13807347309994553
    ],
    [
      -0.041119133239225496,
      0.10090813656235689
    ],
    [
      -0.05081446983923267,
      0.027732008136126123
    ],
    [
      -0.022670160070229907,
      -0.06867728967084734
    ],
    [
      -0.11436247504128254,
      -0.04678240375686071
    ],
    [
      -0.16229200383237818,
      -0.0795466940322173
    ],
    [
      -0.1102710338501593,
      -0.06397412660278487
    ],
    [
      -0.23126836876646073,
      -0.11394789602711275
    ],
    [
      -0.14809587834548807,
      -0.09939348822326446
    ],
    [
      -0.1088608445233156,
      -0.07421047084841337
    ],
    [
      -0.16475795111121447,
      -0.13979605844133675
    ],
    [
      -0.09946968925762179,
      -0.15991083684707766
    ],
    [
      -0.06755437762697658,
      -0.12352448009120476
    ],
    [
      -0.08417367367100329,
      -0.20528029314764745
    ],
    [
      -0.026374842999321302,
      -0.13830138548525667
    ],
    [
      -0.07062111002408321,
      -0.06162313041124568
    ],
    [
      -0.1117187257746885,
      -0.20412509435501253
    ],
    [
      0.003509932784317632,
      -0.0878374690211686
    ],
    [
      0.09021062769636151,
      0.018189125219396085
    ],
    [
      0.11662919333516947,
      0.0037754368965416257
    ],
    [
      0.11072034877592593,
      0.025094914825362413
    ],
    [
      0.0505246400942087,
      0.011221019770032994
    ],
    [
      0.11494043545235304,
      -0.09632692799997156
    ],
    [
      0.1853300589060833,
      0.08530276661043182
    ],
    [
      0.21547727097188374,
      0.03908628314718976
    ],
    [
      0.2715690223603221,
      -0.017444477377460715
    ],
    [
      0.2907954325953739,
      0.168952887732492
    ],
    [
      0.2672011900730488,
      0.18218417317630828
    ],
    [
      0.5122638301182388,
      0.19867496456525696
    ],
    [
      0.44085330323768823,
      0.2691757666866765
    ],
    [
      0.45171290731353736,
      0.2675055978756724
    ],
    [
      0.5383560259334186,
      0.3966794116859412
    ],
    [
      0.5802952351856482,
      0.36249485029156975
    ],
    [
      0.6400937525025476,
      0.4197315179803978
    ],
    [
      0.642705749684121,
      0.3602992108462906
    ],
    [
      0.7083328171048462,
      0.5255578514258327
    ],
    [
      0.6852773908575434,
      0.5565244856772348
    ],
    [
      0.8189034928701044,
      0.5923204036895398
    ]
  ],
  "complexity": 0.2404511230223343
}