{
  "id": 536,
  "wedge_count": 1,
  "parameters": {
    "rotation_speeds": [
      -1.7258405455797348
    ],
    "phi_x": [
      -12.05724879372357
    ],
    "phi_y": [
      11.982335016556455
    ],
    "distances": [
      1.0,
      5.751305551705005
    ],
    "refractive_indices": [
      1.0,
      1.5,
      1.0
    ],
    "wedgenum": 1
  },
  "pattern": [
    [
      0.803349975959226,
      0.8032062016263766
    ],
    [
      0.7457388020549796,
      0.7485786641790126
    ],
    [
      0.6680054631089534,
      0.6841681035001428
    ],
    [
      0.610037069446594,
      0.6204999245836041
    ],
    [
      0.5341458947496147,
      0.5727877104007447
    ],
    [
      0.46121071857344437,
      0.5034431664069899
    ],
    [
      0.38672503976388084,
      0.4284068400671185
    ],
    [
      0.31595507496991215,
      0.36404713036758063
    ],
    [
      0.23658004013143485,
      0.2967077055135127
    ],
    [
      0.1518265229259537,
      0.23434456295310635
    ],
    [
      0.08131213263617876,
      0.14887227684833812
    ],
    [
      0.010518199008496144,
      0.08446148069813639
    ],
    [
      -0.0656406518051786,
      0.017392230516463967
    ],
    [
      -0.14691729932955006,
      -0.05374385280630666
    ],
    [
      -0.21901122613259513,
      -0.12632760864300613
    ],
    [
      -0.28918265726844633,
      -0.1899345856949593
    ],
    [
      -0.3563932359259521,
      -0.2555543322109826
    ],
    [
      -0.4353978651541113,
      -0.3195723855170285
    ],
    [
      -0.4999313032264107,
      -0.3925986694313989
    ],
    [
      -0.5656246961746126,
      -0.4445041576238564
    ],
    [
      -0.62367792830317,
      -0.5050241665983743
    ],
    [
      -0.6789419546370844,
      -0.5612069321239869
    ],
    [
      -0.7335776559575051,
      -0.6072096449794905
    ],
    [
      -0.783611453196476,
      -0.6600224935832014
    ],
    [
      -0.817261856054712,
      -0.7158416855625556
    ],
    [
      -0.8621531187559847,
      -0.7575112190672493
    ],
    [
      -0.9008136126380228,
      -0.7945296076958543
    ],
    [
      -0.9334215075123553,
      -0.8321775121710351
    ],
    [
      -0.9545483859725096,
      -0.871064039980554
    ],
    [
      -0.9665221643911657,
      -0.9033727623593625
    ],
    [
      -0.9802316551344761,
      -0.9207513739142202
    ],
    [
      -0.9922216739809251,
      -0.9421495620420653
    ],
    [
      -0.9985768459060481,
      -0.9717454634206445
    ],
    [
      -1.0082327972518819,
      -0.9719345405625549
    ],
    [
      -1.0030197209817233,
      -0.9801788135326843
    ],
    [
      -0.9832714561043969,
      -0.9766264346142223
    ],
    [
      -0.9623767891742286,
      -0.9856942098534611
    ],
    [
      -0.9506624713158263,
      -0.9792284448686536
    ],
    [
      -0.917418342560049,
      -0.9768986020211404
    ],
    [
      -0.8944619660883862,
      -0.9661797726168968
    ],
    [
      -0.8590901233512384,
      -0.9471236966503846
    ],
    [
      -0.8241065619955789,
      -0.9196902525111735
    ],
    [
      -0.7812558932798285,
      -0.9053852720368768
    ],
    [
      -0.7268465444545209,
      -0.8714043815061122
    ],
    [
      -0.6899913777553666,
      -0.8567577968496407
    ],
    [
      -0.6313572762691747,
      -0.8106120577367291
    ],
    [
      -0.580045114341197,
      -0.775622448798625
    ],
    [
      -0.5145840722954812,
      -0.7378766411308234
    ],
    [
      -0.4570759106619314,
      -0.7069318316312004
    ],
    [
      -0.3905165180846932,
      -0.6519412865377044
    ],
    [
      -0.3436141383079551,
      -0.5958732967442737
    ],
    [
      -0.2673647831473322,
      -0.5475510562641182
    ],
    [
      -0.20828132061981033,
      -0.5066534151770207
    ],
    [
      -0.1354237797629224,
      -0.4357230133259327
    ],
    [
      -0.07543486642319296,
      -0.39828429732829024
    ],
    [
      -0.012201322558507071,
      -0.3383079573679788
    ],
    [
      0.04937244427316561,
      -0.28585167961757435
    ],
    [
      0.10341191085584783,
      -0.23606162858986973
    ],
    [
      0.17466949524934927,
      -0.16825187898192287
    ],
    [
      0.23163351813436092,
      -0.1119735068993374
    ]
  ],
  "complexity": 0.21450640173919633
}