{
  "id": 410,
  "wedge_count": 5,
  "parameters": {
    "rotation_speeds": [
      0.8164718377697113,
      -0.4881081688652458,
      0.06289492883303982,
      2.9075435184650242,
      -0.3106074646471013
    ],
    "phi_x": [
      11.861018691747283,
      -13.295534487375889,
      -5.995555447008936,
      9.2514707368274,
      4.78702742323809
    ],
    "phi_y": [
      -2.675810618980119,
      -8.722607218122459,
      1.2574711898965063,
      7.303464562755806,
      -9.2242816896713
    ],
    "distances": [
      1.0,
      5.528757565493442,
      4.415938940292119,
      5.648916483661904,
      7.7995887174547525,
      3.515100969104445
    ],
    "refractive_indices": [
      1.0,
      1.5,
      1.5,
      1.5,
      1.5,
      1.5,
      1.0
    ],
    "wedgenum": 5
  },
  "pattern": [
    [
      3.6603073905239416,
      3.7679085980530242
    ],
    [
      3.750378999407112,
      3.624346842856268
    ],
    [
      3.7154811175610587,
      3.7510175204805343
    ],
    [
      3.8219531583141433,
      3.7239579415064465
    ],
    [
      3.5862894079800784,
      3.652559024840454
    ],
    [
      3.667041455731519,
      3.5777857409644196
    ],
    [
      3.6273627696260218,
      3.6323639524109046
    ],
    [
      3.6670831069396166,
      3.513548110658582
    ],
    [
      3.596162404812095,
      3.7000859023391253
    ],
    [
      3.581865906405938,
      3.6385160256703797
    ],
    [
      3.4853627759712067,
      3.4888540141416224
    ],
    [
      3.4493705047218874,
      3.6462227752561454
    ],
    [
      3.369327141665229,
      3.4469765412373863
    ],
    [
      3.386885964907771,
      3.411332962306362
    ],
    [
      3.2320560159450786,
      3.3837095304300355
    ],
    [
      3.307479440647647,
      3.3547634226276988
    ],
    [
      3.1241970766543634,
      3.263664960153632
    ],
    [
      3.10758281379128,
      3.246941596704463
    ],
    [
      2.9335527833579027,
      3.2070967421959438
    ],
    [
      2.9423781296268725,
      3.149008948788573
    ],
    [
      2.856777483452501,
      3.159349123639955
    ],
    [
      2.8144266341927517,
      3.0679852011989377
    ],
    [
      2.8207691125578482,
      2.9571488212210726
    ],
    [
      2.6186935921899894,
      2.885426311658187
    ],
    [
      2.5720316645934163,
      2.7804300951981777
    ],
    [
      2.5375368803713254,
      2.747007705394614
    ],
    [
      2.442595333712357,
      2.7553004747184477
    ],
    [
      2.4042182788585045,
      2.6342007244135264
    ],
    [
      2.314414469680412,
      2.5350193561955425
    ],
    [
      2.219159320034171,
      2.4848922574510914
    ],
    [
      2.160766531324587,
      2.402366991455588
    ],
    [
      2.0894834579517805,
      2.2847951534232775
    ],
    [
      1.986117462733014,
      2.1237051762815855
    ],
    [
      1.8943183127728542,
      2.159683842766043
    ],
    [
      1.8089575350779972,
      2.2111015717477294
    ],
    [
      1.8807808632674672,
      2.008685697395613
    ],
    [
      1.771357542702238,
      1.993611283678724
    ],
    [
      1.667282930927611,
      1.862418340948646
    ],
    [
      1.6298647834747735,
      1.853469781466855
    ],
    [
      1.548048078002982,
      1.8416353827307135
    ],
    [
      1.612539145598807,
      1.7174944762579991
    ],
    [
      1.5729587521495403,
      1.7301190118344378
    ],
    [
      1.4837051732913278,
      1.62075124713912
    ],
    [
      1.435253445856835,
      1.600561274939128
    ],
    [
      1.45121463078951,
      1.5542367500050558
    ],
    [
      1.398977440207697,
      1.4738812205451133
    ],
    [
      1.4388919919030043,
      1.4873825361610913
    ],
    [
      1.3743042193612152,
      1.4019994257374997
    ],
    [
      1.3183277382252243,
      1.4287966931104183
    ],
    [
      1.3238092411663767,
      1.2888889077858408
    ],
    [
      1.252925071493013,
      1.4258523231970905
    ],
    [
      1.3000585723498326,
      1.3599739241720865
    ],
    [
      1.2613436019928126,
      1.2060044899282358
    ],
    [
      1.3421699135943357,
      1.2253095581443396
    ],
    [
      1.3762499750403328,
      1.2685324233496882
    ],
    [
      1.3314192122109736,
      1.2138111073571207
    ],
    [
      1.3495415424408275,
      1.1559472596068459
    ],
    [
      1.2293248715225935,
      1.264192599161974
    ],
    [
      1.3587441834286407,
      1.2485716236977904
    ],
    [
      1.4384899876466275,
      1.1880693079751121
    ]
  ],
  "complexity": 0.3019999546115269
}