{
  "id": 330,
  "wedge_count": 5,
  "parameters": {
    "rotation_speeds": [
      -1.2165780102862287,
      -0.9852527046647173,
      -2.8978018473104488,
      2.246461168558822,
      -1.5489092222608116
    ],
    "phi_x": [
      -6.608630323399559,
      14.336413634535212,
      -8.332169183890299,
      8.436884028916626,
      11.849160258462355
    ],
    "phi_y": [
      -7.227791563433817,
      14.40359934316147,
      -11.239896998538255,
      -11.266629014857852,
      3.95266432170731
    ],
    "distances": [
      1.0,
      6.393235262420761,
      4.8904344477019706,
      4.610462344429534,
      3.247476153506872,
      3.7367834726441753
    ],
    "refractive_indices": [
      1.0,
      1.5,
      1.5,
      1.5,
      1.5,
      1.5,
      1.0
    ],
    "wedgenum": 5
  },
  "pattern": [
    [
      4.098644759545832,
      4.0360441169249945
    ],
    [
      3.989086383541368,
      4.082439307901521
    ],
    [
      3.9628366177192795,
      3.9369553988503556
    ],
    [
      3.9718483428543987,
      3.9646548354125
    ],
    [
      3.7725935871521847,
      3.8486393293551173
    ],
    [
      3.868699703658752,
      3.8229669551086065
    ],
    [
      3.7519282325020007,
      3.7364255449798813
    ],
    [
      3.5834439723794507,
      3.717493727916895
    ],
    [
      3.503798100945892,
      3.568625678869065
    ],
    [
      3.3860536611569723,
      3.417035683806286
    ],
    [
      3.325846904985676,
      3.4583014426011855
    ],
    [
      3.2454268536723605,
      3.2672904397626583
    ],
    [
      3.0164481949072117,
      3.196752997189256
    ],
    [
      2.9948013792041017,
      3.0333543702056667
    ],
    [
      2.7378377653885804,
      2.9709303957385083
    ],
    [
      2.5931209426828716,
      2.82288518544806
    ],
    [
      2.5152352693647,
      2.6796260913239074
    ],
    [
      2.232331387969736,
      2.5182013719292087
    ],
    [
      2.1716037394291736,
      2.4803906251322982
    ],
    [
      2.0719895788012948,
      2.3571469935443865
    ],
    [
      1.9395600946720297,
      2.17311567048907
    ],
    [
      1.7546646083904223,
      1.98078122712462
    ],
    [
      1.523764133250681,
      1.8706458306977036
    ],
    [
      1.392332379336651,
      1.761411289668948
    ],
    [
      1.2329836596128076,
      1.5899943286661837
    ],
    [
      1.1198291511878582,
      1.4924366945075165
    ],
    [
      0.8968350081386347,
      1.3248146465177952
    ],
    [
      0.7914185108753972,
      1.163629925062466
    ],
    [
      0.6822509990046063,
      1.024207763742465
    ],
    [
      0.41724814545351685,
      0.9787903505758475
    ],
    [
      0.307005927635539,
      0.7532357477755809
    ],
    [
      0.1410438845370919,
      0.6420208511038316
    ],
    [
      0.15136761279630584,
      0.4038816678918902
    ],
    [
      -0.09832569112354295,
      0.2734568150864057
    ],
    [
      -0.2658250718612908,
      0.09753276300961569
    ],
    [
      -0.3857533949354549,
      0.1538124920185374
    ],
    [
      -0.4709535852854246,
      -0.03950009042156448
    ],
    [
      -0.6301824764385852,
      -0.14453002628086026
    ],
    [
      -0.7656503161839298,
      -0.2745963467241172
    ],
    [
      -0.7814365208818198,
      -0.3233127241844308
    ],
    [
      -0.9941433630105679,
      -0.5475925412407026
    ],
    [
      -1.0954661379176156,
      -0.6907315625844681
    ],
    [
      -1.121144429099944,
      -0.6559044944045549
    ],
    [
      -1.2948907211693932,
      -0.8736909583150407
    ],
    [
      -1.3828976329276914,
      -0.9686638590965254
    ],
    [
      -1.4953684342459603,
      -1.0428756453559442
    ],
    [
      -1.515388243368566,
      -1.1576295472139286
    ],
    [
      -1.7123514500221153,
      -1.2286984180412543
    ],
    [
      -1.680213015508166,
      -1.324590801358418
    ],
    [
      -1.7637802108407972,
      -1.3858691803196583
    ],
    [
      -1.8107256033746115,
      -1.4836247752612435
    ],
    [
      -1.9074043982374445,
      -1.4702765820049435
    ],
    [
      -1.9094741404535072,
      -1.5427823355876769
    ],
    [
      -2.0152692739935825,
      -1.7529862635535733
    ],
    [
      -2.0830990592597995,
      -1.8395981434806972
    ],
    [
      -2.0720421490423773,
      -1.7496541191823787
    ],
    [
      -2.0974347010453673,
      -1.782599193875688
    ],
    [
      -2.053076134040813,
      -1.8623387957452489
    ],
    [
      -2.1291214252908772,
      -1.9382645868444526
    ],
    [
      -2.1200372362590674,
      -1.9737332295834538
    ]
  ],
  "complexity": 0.39939932881661705
}