{
  "id": 2540,
  "wedge_count": 1,
  "parameters": {
    "rotation_speeds": [
      -2.8673154771855023
    ],
    "phi_x": [
      -12.28998148969835
    ],
    "phi_y": [
      1.8780139458716576
    ],
    "distances": [
      1.0,
      5.6384716978865015
    ],
    "refractive_indices": [
      1.0,
      1.5,
      1.0
    ],
    "wedgenum": 1
  },
  "pattern": [
    [
      0.8271721123155501,
      0.8220830778938719
    ],
    [
      0.8049849358652339,
      0.8010556458670924
    ],
    [
      0.8037693138909678,
      0.7976081344174797
    ],
    [
      0.7767995823942452,
      0.7850445509087466
    ],
    [
      0.7525032273277572,
      0.7595893625974605
    ],
    [
      0.7248130507994415,
      0.7503900202797755
    ],
    [
      0.7063939904223115,
      0.7096407324062819
    ],
    [
      0.6678808961152968,
      0.682144679929813
    ],
    [
      0.6321753518859765,
      0.6614657139322687
    ],
    [
      0.5931521432001134,
      0.6266494568580203
    ],
    [
      0.5494136286914564,
      0.5908589453034613
    ],
    [
      0.521458420738984,
      0.5524818455666123
    ],
    [
      0.4635565997924159,
      0.521657015880289
    ],
    [
      0.4217259707138261,
      0.4828743836716962
    ],
    [
      0.3729848309501861,
      0.433637233633349
    ],
    [
      0.3173740846205518,
      0.38598713074370167
    ],
    [
      0.2663092010311573,
      0.346121930156307
    ],
    [
      0.2037610682416455,
      0.30232968243797714
    ],
    [
      0.15521569038110006,
      0.25713058588001225
    ],
    [
      0.09917413619311766,
      0.21409983244177475
    ],
    [
      0.05240086768724232,
      0.15774271654045005
    ],
    [
      0.00011758342303537245,
      0.11491754037443065
    ],
    [
      -0.06791681905112887,
      0.06284108814943878
    ],
    [
      -0.10760675296770325,
      0.012385773775750153
    ],
    [
      -0.16457521223719584,
      -0.03400213373600704
    ],
    [
      -0.22431399167858201,
      -0.08175997442263269
    ],
    [
      -0.26468583414375924,
      -0.13872634336072803
    ],
    [
      -0.323236646207647,
      -0.18517078113497062
    ],
    [
      -0.375571382474636,
      -0.2291234712881857
    ],
    [
      -0.4216367596979407,
      -0.2719453689902058
    ],
    [
      -0.4666084150208384,
      -0.3125392011913912
    ],
    [
      -0.5052525591346826,
      -0.3676119113515431
    ],
    [
      -0.5453525146652054,
      -0.4015771255448833
    ],
    [
      -0.5916472796297917,
      -0.4537793882793409
    ],
    [
      -0.6237825452027906,
      -0.4837482800110558
    ],
    [
      -0.6553686802438966,
      -0.5209631951557122
    ],
    [
      -0.6778120889342263,
      -0.5551925615052977
    ],
    [
      -0.7102111744849379,
      -0.5946386355142179
    ],
    [
      -0.739449711226283,
      -0.6311379191828964
    ],
    [
      -0.7454343805319202,
      -0.6526155797170335
    ],
    [
      -0.7556511967876097,
      -0.6787491832951116
    ],
    [
      -0.7803322973840369,
      -0.7027662658872477
    ],
    [
      -0.7844899882935749,
      -0.7238510843679808
    ],
    [
      -0.7851824621803027,
      -0.7406622677182815
    ],
    [
      -0.7924055422796843,
      -0.7526415049900342
    ],
    [
      -0.8003032099129126,
      -0.7632436621643668
    ],
    [
      -0.7818258341367602,
      -0.779580888556999
    ],
    [
      -0.7767500127431449,
      -0.7781973428445688
    ],
    [
      -0.7568309374988068,
      -0.7844522075864968
    ],
    [
      -0.7452969189156127,
      -0.7893416249072025
    ],
    [
      -0.7240352197815852,
      -0.7875838331375354
    ],
    [
      -0.6989143801550122,
      -0.7768860935883779
    ],
    [
      -0.6821589354697032,
      -0.7809262151967119
    ],
    [
      -0.6398157633765748,
      -0.7614667725616664
    ],
    [
      -0.614745486926843,
      -0.7483857577489694
    ],
    [
      -0.5835918123229135,
      -0.7278942582907121
    ],
    [
      -0.535449305458602,
      -0.7128062534315831
    ],
    [
      -0.49708662232710243,
      -0.6947555619947938
    ],
    [
      -0.4559580701530206,
      -0.6658650634336257
    ],
    [
      -0.41345487818645704,
      -0.6485953036575213
    ]
  ],
  "complexity": 0.21764259534116862
}