{
  "id": 3085,
  "wedge_count": 6,
  "parameters": {
    "rotation_speeds": [
      1.7147932270043746,
      2.9945947583757473,
      2.042767017517205,
      2.6760314377464347,
      -2.557932100933905,
      -2.618640377281732
    ],
    "phi_x": [
      -4.267082153641249,
      -14.610951613397186,
      -13.543435201252873,
      -3.654159442680143,
      -10.719610802759117,
      -10.914029653737659
    ],
    "phi_y": [
      -2.763180143065151,
      0.005180887615022556,
      6.151020042728344,
      5.6440932068657546,
      -10.482118190603089,
      4.546601871046629
    ],
    "distances": [
      1.0,
      5.9680357047549615,
      2.9014732551658184,
      3.026594660737319,
      7.0895604432769,
      3.9001307786464725,
      2.652784698367321
    ],
    "refractive_indices": [
      1.0,
      1.5,
      1.5,
      1.5,
      1.5,
      1.5,
      1.5,
      1.0
    ],
    "wedgenum": 6
  },
  "pattern": [
    [
      4.3000798836012315,
      4.32421221402617
    ],
    [
      4.471635682333444,
      4.354624226598089
    ],
    [
      4.405909009779828,
      4.426315353416786
    ],
    [
      4.400055286918948,
      4.437011837759046
    ],
    [
      4.4398586594154645,
      4.442325579665664
    ],
    [
      4.347225073275061,
      4.369125247603192
    ],
    [
      4.3576885643027445,
      4.241081822605803
    ],
    [
      4.258118811547199,
      4.352504346549076
    ],
    [
      4.130919883923775,
      4.282064684342322
    ],
    [
      4.048018497919603,
      4.192761994965129
    ],
    [
      3.9942844654745833,
      4.072032987950942
    ],
    [
      3.898192653142969,
      4.082022920951578
    ],
    [
      3.793275688213862,
      3.8254891194204466
    ],
    [
      3.718128513821291,
      3.761219719411283
    ],
    [
      3.4685611041326845,
      3.6540255570417797
    ],
    [
      3.265328706959985,
      3.4482624994591102
    ],
    [
      3.0672665523081957,
      3.309958770913567
    ],
    [
      2.962123938936553,
      3.225044448768468
    ],
    [
      2.782009277959835,
      2.976476152601148
    ],
    [
      2.5360511238248757,
      2.846393283665316
    ],
    [
      2.2395854436466642,
      2.6855518469352266
    ],
    [
      2.1410970412681594,
      2.4357862351603266
    ],
    [
      1.8702145464817406,
      2.3301503159462604
    ],
    [
      1.651725436216179,
      2.074840610575785
    ],
    [
      1.386982003808964,
      1.9306930997088785
    ],
    [
      1.1325545425409111,
      1.6544739625012297
    ],
    [
      0.9019392319961309,
      1.4602494887024962
    ],
    [
      0.7042620637646688,
      1.1219454344690916
    ],
    [
      0.47266245544105534,
      1.1432691567468511
    ],
    [
      0.13983308744209885,
      0.9056972426121784
    ],
    [
      -0.11897436341121659,
      0.6895701973553053
    ],
    [
      -0.20467091396037654,
      0.37946444089238457
    ],
    [
      -0.4991023340669986,
      0.22628354678745866
    ],
    [
      -0.7697347418995741,
      0.034143406422437815
    ],
    [
      -1.0772205810096254,
      -0.26405628939272086
    ],
    [
      -1.1346861891109123,
      -0.4198024217319381
    ],
    [
      -1.3897424203902256,
      -0.6264424391903425
    ],
    [
      -1.5676924808221646,
      -0.9281239158877873
    ],
    [
      -1.8729368324096547,
      -1.0291308134058421
    ],
    [
      -2.011053853927914,
      -1.2466140672691224
    ],
    [
      -2.2475153656599325,
      -1.4704879226210796
    ],
    [
      -2.2810658392552643,
      -1.6823359824520412
    ],
    [
      -2.550876871154842,
      -1.8507352620403972
    ],
    [
      -2.6668528352707175,
      -1.9807990095568089
    ],
    [
      -2.869672960080713,
      -2.1412835366206364
    ],
    [
      -3.014148646562371,
      -2.3856082405576218
    ],
    [
      -3.0389165989573934,
      -2.4358934247954007
    ],
    [
      -3.275970362986055,
      -2.752082944439798
    ],
    [
      -3.3669464933638107,
      -2.793629848907469
    ],
    [
      -3.414864620495373,
      -2.919454579217591
    ],
    [
      -3.443006520702442,
      -3.0171879916001734
    ],
    [
      -3.5096579068365483,
      -3.1571297665282714
    ],
    [
      -3.596861550765436,
      -3.3436562026972374
    ],
    [
      -3.5805818717513933,
      -3.333735901260777
    ],
    [
      -3.7128460407647816,
      -3.42380915969512
    ],
    [
      -3.7454128116285283,
      -3.4933315283813173
    ],
    [
      -3.72535503301015,
      -3.637082226159774
    ],
    [
      -3.7051124156333883,
      -3.624559921802761
    ],
    [
      -3.6181435745928088,
      -3.4724135483187673
    ],
    [
      -3.4542432585631997,
      -3.649790216613653
    ]
  ],
  "complexity": 0.5019029437692976
}