{
  "id": 3242,
  "wedge_count": 3,
  "parameters": {
    "rotation_speeds": [
      -2.039928115529009,
      2.8677674000437037,
      2.864316326105274
    ],
    "phi_x": [
      -12.340094602164639,
      -6.526450199553144,
      2.2126127167370093
    ],
    "phi_y": [
      5.747361438587703,
      -0.3995811831932734,
      -2.542493849936198
    ],
    "distances": [
      1.0,
      2.832099877620654,
      4.160269589005529,
      3.100923301877547
    ],
    "refractive_indices": [
      1.0,
      1.5,
      1.5,
      1.5,
      1.0
    ],
    "wedgenum": 3
  },
  "pattern": [
    [
      1.3877417833569978,
      1.4774146448806347
    ],
    [
      1.3274809607468976,
      1.4983538973141168
    ],
    [
      1.3328451791762497,
      1.3799854131251037
    ],
    [
      1.4045995927381505,
      1.471708824840798
    ],
    [
      1.3517164538958892,
      1.3642035712011282
    ],
    [
      1.3203566517200838,
      1.3045550363838891
    ],
    [
      1.2321284685110545,
      1.3131015535331516
    ],
    [
      1.2538792455929877,
      1.2730167039683757
    ],
    [
      1.1208870820384327,
      1.1797010761158053
    ],
    [
      1.1174331827474728,
      1.2495453505530085
    ],
    [
      1.0311030683653448,
      1.2215616290438849
    ],
    [
      0.9505207423822246,
      1.1078100101210586
    ],
    [
      0.9030907169723948,
      1.018855085804244
    ],
    [
      0.957275944907489,
      0.9579297341298636
    ],
    [
      0.7158768316119279,
      0.8316503954887223
    ],
    [
      0.7469559915403281,
      0.8963305871637873
    ],
    [
      0.6369015478689604,
      0.8434685166763376
    ],
    [
      0.5721476330428931,
      0.6522478687060709
    ],
    [
      0.4332677507573286,
      0.6509277141400891
    ],
    [
      0.34697425039930435,
      0.6067632321316534
    ],
    [
      0.2605395698416806,
      0.5864616714244777
    ],
    [
      0.20463269767118863,
      0.31137509015079456
    ],
    [
      0.06534595465792867,
      0.26608686471897564
    ],
    [
      0.009232335549254695,
      0.1790194182741463
    ],
    [
      -0.034559293531543134,
      0.17094210348493508
    ],
    [
      -0.1191314129963448,
      0.06684764051759945
    ],
    [
      -0.2459789547290547,
      -0.03203876503703072
    ],
    [
      -0.35753722359585105,
      -0.08571865389506653
    ],
    [
      -0.39987040608326974,
      -0.12450683621280487
    ],
    [
      -0.5152813349268841,
      -0.21377214039906722
    ],
    [
      -0.6101125594382198,
      -0.2939225393008901
    ],
    [
      -0.6189890236194036,
      -0.3213035860518212
    ],
    [
      -0.6974252166294279,
      -0.5528482268913726
    ],
    [
      -0.8188106012048296,
      -0.4949118858338288
    ],
    [
      -0.8250340400363388,
      -0.5532405930283116
    ],
    [
      -0.8923427714490886,
      -0.6933929205629018
    ],
    [
      -0.949057184105432,
      -0.7591447047345666
    ],
    [
      -1.0808898145907575,
      -0.7920575920166646
    ],
    [
      -1.069703638004182,
      -0.9150205953488182
    ],
    [
      -1.1919486168276832,
      -0.9055727640319895
    ],
    [
      -1.1214352143387842,
      -0.9370931176934076
    ],
    [
      -1.3719173697053193,
      -1.084593200309075
    ],
    [
      -1.370945293934064,
      -1.1043127905992445
    ],
    [
      -1.296080640026261,
      -1.1198584138071
    ],
    [
      -1.3452362594804308,
      -1.1523515347736792
    ],
    [
      -1.4521396851823296,
      -1.305025248078783
    ],
    [
      -1.473020013889307,
      -1.4064090828322757
    ],
    [
      -1.4250692431664236,
      -1.359652802555687
    ],
    [
      -1.508856956944627,
      -1.324335614474229
    ],
    [
      -1.532618506697478,
      -1.321744781970448
    ],
    [
      -1.5179052367260406,
      -1.424908225252165
    ],
    [
      -1.4104599277700605,
      -1.405444561365997
    ],
    [
      -1.4301686553876385,
      -1.5027277907673173
    ],
    [
      -1.4308212799639735,
      -1.4449806713976348
    ],
    [
      -1.4428658580601057,
      -1.399221402585172
    ],
    [
      -1.3753962750308586,
      -1.4994057221970372
    ],
    [
      -1.3460249594090061,
      -1.4270433455201117
    ],
    [
      -1.3891208232796262,
      -1.401254637036689
    ],
    [
      -1.3104361857735725,
      -1.412713493101313
    ],
    [
      -1.1867466724853335,
      -1.3960183152595538
    ]
  ],
  "complexity": 0.2978975642576454
}