{
  "id": 836,
  "wedge_count": 3,
  "parameters": {
    "rotation_speeds": [
      -2.597358202818041,
      1.7454709587078883,
      2.3079813422176017
    ],
    "phi_x": [
      12.740791366623707,
      7.94996536620425,
      13.935052510130113
    ],
    "phi_y": [
      5.8464623164183465,
      11.911640576731145,
      -0.42340423303677
    ],
    "distances": [
      1.0,
      4.504462463185442,
      4.4334049644166855,
      4.202291116554029
    ],
    "refractive_indices": [
      1.0,
      1.5,
      1.5,
      1.5,
      1.0
    ],
    "wedgenum": 3
  },
  "pattern": [
    [
      2.460882795367776,
      2.5190946821447113
    ],
    [
      2.3575484552615156,
      2.3930442580640077
    ],
    [
      2.3246951153956834,
      2.285385570892792
    ],
    [
      2.3279588237850453,
      2.407160318463566
    ],
    [
      2.391850491157682,
      2.2628441071983714
    ],
    [
      2.293353598368381,
      2.248227579913746
    ],
    [
      2.1483606818340313,
      2.182753371495883
    ],
    [
      2.018102988890209,
      2.217936218186708
    ],
    [
      1.9762692948027447,
      2.0876418848473723
    ],
    [
      1.9105377679081417,
      2.0261752735366185
    ],
    [
      1.831840354699076,
      1.9584515184362543
    ],
    [
      1.9053760808376432,
      1.9209800040341996
    ],
    [
      1.7261388650206806,
      1.734589124247715
    ],
    [
      1.550785528352877,
      1.788706630114882
    ],
    [
      1.484720639521583,
      1.6965293136503894
    ],
    [
      1.4261620391933536,
      1.6630610519256606
    ],
    [
      1.2115665841141166,
      1.5730901131393908
    ],
    [
      1.1226303420079555,
      1.4336914870521813
    ],
    [
      1.0022959527876514,
      1.2015611135440796
    ],
    [
      0.8823371207507822,
      1.1113856975457705
    ],
    [
      0.7492465597549833,
      1.0509337698961838
    ],
    [
      0.7130713739153907,
      0.906913739450072
    ],
    [
      0.5817859471962901,
      0.8138896743060597
    ],
    [
      0.40636046178377816,
      0.8177770409000578
    ],
    [
      0.21506860339873457,
      0.6144131289887921
    ],
    [
      0.24110408773854025,
      0.4621969409664856
    ],
    [
      -0.006872041412533975,
      0.48855374842437327
    ],
    [
      -0.053670549877509154,
      0.18718256630582525
    ],
    [
      -0.25065662212104267,
      0.20651051277801358
    ],
    [
      -0.27610998074200066,
      -0.013292149451562485
    ],
    [
      -0.4261850435721612,
      -0.005879496861399228
    ],
    [
      -0.6136898437838881,
      -0.10217228354267037
    ],
    [
      -0.6646502675234846,
      -0.2423716479110565
    ],
    [
      -0.7594645827661554,
      -0.4270191279066599
    ],
    [
      -0.779482669982743,
      -0.5059551868454116
    ],
    [
      -0.8956315815185744,
      -0.61464653695497
    ],
    [
      -1.0142894851321826,
      -0.7089357810876861
    ],
    [
      -1.0796776259706866,
      -0.7691143901872289
    ],
    [
      -1.1981855482450081,
      -0.8069363080033789
    ],
    [
      -1.2143659320307878,
      -0.8843847770830426
    ],
    [
      -1.3688205360803756,
      -0.9688951286445003
    ],
    [
      -1.3032262702093167,
      -1.046811213217946
    ],
    [
      -1.5027180146337384,
      -1.0682311059301905
    ],
    [
      -1.441519202812711,
      -1.2255675529509353
    ],
    [
      -1.5357686122943452,
      -1.2988504581657592
    ],
    [
      -1.5074338437323431,
      -1.223741736364386
    ],
    [
      -1.5734179564876805,
      -1.4967504289583522
    ],
    [
      -1.6183546490816862,
      -1.393120783278382
    ],
    [
      -1.6353974527494826,
      -1.4573685834207917
    ],
    [
      -1.6617200993769086,
      -1.4815375215989046
    ],
    [
      -1.6985607379173981,
      -1.5235354224606619
    ],
    [
      -1.643666416106567,
      -1.5500512361395522
    ],
    [
      -1.5701853701292705,
      -1.6148529150129896
    ],
    [
      -1.6337372583981047,
      -1.5758534644933704
    ],
    [
      -1.5395263507696129,
      -1.5967416198245714
    ],
    [
      -1.5546573535670856,
      -1.5121685515299015
    ],
    [
      -1.4976065854485545,
      -1.5792625770976085
    ],
    [
      -1.5390032450378206,
      -1.601193001932453
    ],
    [
      -1.426520111289165,
      -1.6424425485584393
    ],
    [
      -1.3872176380803583,
      -1.5581540065026873
    ]
  ],
  "complexity": 0.3180273219669752
}