{
  "id": 2774,
  "wedge_count": 3,
  "parameters": {
    "rotation_speeds": [
      -1.2755654230625761,
      0.3234450941682665,
      0.2795258128367193
    ],
    "phi_x": [
      1.472838552579944,
      9.117184626454932,
      -5.406899195750114
    ],
    "phi_y": [
      8.760017471961618,
      5.814919036394532,
      13.987677640118395
    ],
    "distances": [
      1.0,
      4.727816431697813,
      6.681257053863448,
      7.121126564090046
    ],
    "refractive_indices": [
      1.0,
      1.5,
      1.5,
      1.5,
      1.0
    ],
    "wedgenum": 3
  },
  "pattern": [
    [
      1.5253277385063289,
      1.4742088824630475
    ],
    [
      1.521873051286608,
      1.4431618563198911
    ],
    [
      1.4868499410974956,
      1.3433835557031855
    ],
    [
      1.4438862308707012,
      1.3680490220536314
    ],
    [
      1.4545193433235366,
      1.3987001694492105
    ],
    [
      1.3759145328941909,
      1.3547695170437246
    ],
    [
      1.3298710330446404,
      1.3532379713061988
    ],
    [
      1.3211711889329516,
      1.2875961132343279
    ],
    [
      1.2554244137387356,
      1.2710261457100294
    ],
    [
      1.2686474463229764,
      1.269606250034134
    ],
    [
      1.2654907136158284,
      1.269819016426406
    ],
    [
      1.1881858727825885,
      1.2580025146429414
    ],
    [
      1.1698882749793942,
      1.209021605178485
    ],
    [
      1.1534047891938772,
      1.1361909099908247
    ],
    [
      1.1869878267130716,
      1.1933777375239563
    ],
    [
      1.0883040046302879,
      1.1684047776325739
    ],
    [
      1.161325471337021,
      1.1267539469138217
    ],
    [
      1.089866240288122,
      1.0298058915242656
    ],
    [
      1.091989786617895,
      1.0589162035812099
    ],
    [
      1.2289916515464605,
      1.1084643062099142
    ],
    [
      1.073252142941563,
      1.1282063227726336
    ],
    [
      1.0410882365319358,
      1.0767964616168242
    ],
    [
      1.1237806735116262,
      1.0166727003804203
    ],
    [
      1.0313979216466442,
      1.0735175350982404
    ],
    [
      1.0884654988595894,
      1.0623257394851573
    ],
    [
      1.1027509569048286,
      1.0585550263092132
    ],
    [
      1.2350592698525262,
      1.0517276729896978
    ],
    [
      1.0720031232147889,
      1.2009080719376273
    ],
    [
      1.1920301714119788,
      1.1952039831762382
    ],
    [
      1.2162462958600864,
      1.2210217232987206
    ],
    [
      1.1142348947421672,
      1.1757356749700185
    ],
    [
      1.2312535606760755,
      1.1744091665341012
    ],
    [
      1.2510534753598637,
      1.1506693471618443
    ],
    [
      1.2763926301510897,
      1.2084066865539036
    ],
    [
      1.331610996513167,
      1.1466708558744565
    ],
    [
      1.3432871468742265,
      1.2085137379775706
    ],
    [
      1.4156202921645251,
      1.2426536238207655
    ],
    [
      1.3904144570512578,
      1.3852106417372254
    ],
    [
      1.3897882836990865,
      1.3212732914228766
    ],
    [
      1.4575291366758074,
      1.432007472490608
    ],
    [
      1.4973621513360094,
      1.4549090232582094
    ],
    [
      1.6511175206947224,
      1.4466418773505665
    ],
    [
      1.6882817512631527,
      1.5481681385223651
    ],
    [
      1.634585925023543,
      1.5172738712161582
    ],
    [
      1.7510895911230646,
      1.6460455631809567
    ],
    [
      1.7333056726138298,
      1.5117104479097356
    ],
    [
      1.821282962066168,
      1.6504497846728585
    ],
    [
      1.7914079024868372,
      1.58282693810521
    ],
    [
      1.7918674099031116,
      1.6455452834550792
    ],
    [
      1.8759139117711636,
      1.6872469219393458
    ],
    [
      1.9771001162005002,
      1.816884077151551
    ],
    [
      1.90889512771322,
      1.7758585095455
    ],
    [
      1.952991005062742,
      1.9192297097944484
    ],
    [
      2.0251481367314805,
      1.7960317661054384
    ],
    [
      2.0772284780422274,
      1.8947042930464633
    ],
    [
      2.02667753842332,
      1.9850579352961788
    ],
    [
      2.0226499033052003,
      1.989027593535857
    ],
    [
      2.0706642182572033,
      2.0648832662892245
    ],
    [
      2.026107649336055,
      1.9817978631590176
    ],
    [
      2.165505883447834,
      2.1052819777072855
    ]
  ],
  "complexity": 0.24876531340281427
}