{
  "id": 2295,
  "wedge_count": 4,
  "parameters": {
    "rotation_speeds": [
      -1.440431019844126,
      1.1033319652302396,
      -0.30320764272729495,
      0.3225929229815425
    ],
    "phi_x": [
      11.683866148493987,
      -7.515443798420302,
      6.616637097572831,
      -6.5995452278973765
    ],
    "phi_y": [
      7.664493847158269,
      3.326005105452733,
      -9.390531292774163,
      13.069847655892126
    ],
    "distances": [
      1.0,
      5.011867906749677,
      4.020635398158005,
      5.747255243871184,
      3.8847143087978813
    ],
    "refractive_indices": [
      1.0,
      1.5,
      1.5,
      1.5,
      1.5,
      1.0
    ],
    "wedgenum": 4
  },
  "pattern": [
    [
      2.8565619690655177,
      2.866874238167524
    ],
    [
      2.8801668217743326,
      2.8203854001696693
    ],
    [
      2.826037102757033,
      2.8983260734061864
    ],
    [
      2.834723658835943,
      2.768413654100062
    ],
    [
      2.7057275471969953,
      2.7811980082027095
    ],
    [
      2.677433279185881,
      2.6876129141982013
    ],
    [
      2.6804127826476027,
      2.613506010408788
    ],
    [
      2.6139973214986156,
      2.5398523138978963
    ],
    [
      2.486087625393539,
      2.5433477124908137
    ],
    [
      2.382908043468882,
      2.4251395246134844
    ],
    [
      2.3461763278315737,
      2.371004491695041
    ],
    [
      2.2439785061822075,
      2.4225536934047502
    ],
    [
      2.2162338404363116,
      2.263845184764911
    ],
    [
      2.181268277816748,
      2.1836165766394138
    ],
    [
      2.0504282334974353,
      2.1546999280311616
    ],
    [
      2.0101308875729282,
      2.1671183371263227
    ],
    [
      1.7643867912017812,
      1.9602916396144734
    ],
    [
      1.9743433586996033,
      1.9990542530582993
    ],
    [
      1.7609402389345727,
      1.8297839150081088
    ],
    [
      1.6540791219198403,
      1.784693458679451
    ],
    [
      1.5684314398168582,
      1.6709200222633898
    ],
    [
      1.5146002392339333,
      1.5262388454102815
    ],
    [
      1.4422485311940123,
      1.5322402885091226
    ],
    [
      1.4121432699571108,
      1.4000045645585202
    ],
    [
      1.2581879528814512,
      1.4281421741649918
    ],
    [
      1.231445642930007,
      1.2402848843931864
    ],
    [
      1.1420381237445294,
      1.251350638986311
    ],
    [
      1.0739648021390404,
      1.1905261848099955
    ],
    [
      0.8679955288243281,
      1.1170478432579751
    ],
    [
      0.8496186878127797,
      1.1831718229444717
    ],
    [
      0.7905670440558319,
      0.9688159519332142
    ],
    [
      0.6936221366144175,
      0.9809728561057163
    ],
    [
      0.6553846561944764,
      0.8572885007940784
    ],
    [
      0.6053582712745958,
      0.8311889454164164
    ],
    [
      0.6499750528029514,
      0.7487363902878895
    ],
    [
      0.49532121045857613,
      0.7102394851420202
    ],
    [
      0.47078457433530785,
      0.6721276389256321
    ],
    [
      0.4339911044637525,
      0.510534477427962
    ],
    [
      0.2717126399717976,
      0.5268957080987983
    ],
    [
      0.4132401192036479,
      0.5415862138811077
    ],
    [
      0.2613828478818456,
      0.5105388445983555
    ],
    [
      0.29116910969131105,
      0.43567086975184527
    ],
    [
      0.2738546713400407,
      0.5241201580366072
    ],
    [
      0.21172238340342356,
      0.3975595634603978
    ],
    [
      0.26788139406267764,
      0.37165248243044996
    ],
    [
      0.22983528716092252,
      0.30733671706560034
    ],
    [
      0.2940175384065825,
      0.2457240793034947
    ],
    [
      0.14664263757508994,
      0.3606659763681006
    ],
    [
      0.2517503039095353,
      0.17905848205450692
    ],
    [
      0.26381328427264905,
      0.3266962869886673
    ],
    [
      0.13776489208907605,
      0.20635301590887964
    ],
    [
      0.27751618031339015,
      0.2445543610671849
    ],
    [
      0.25825502772425135,
      0.18944414356851663
    ],
    [
      0.2927428634795832,
      0.15878234470594743
    ],
    [
      0.26548460728440626,
      0.2719860970938107
    ],
    [
      0.4022714706325592,
      0.1789994865386751
    ],
    [
      0.34083086119267125,
      0.24241882705538673
    ],
    [
      0.3561651457936715,
      0.28242048770727946
    ],
    [
      0.3302397416628427,
      0.33340951923916945
    ],
    [
      0.32106437627984774,
      0.29906250608031
    ]
  ],
  "complexity": 0.2858586646151207
}