{
  "id": 4676,
  "wedge_count": 4,
  "parameters": {
    "rotation_speeds": [
      2.7073181473621277,
      0.6811649969898257,
      0.24564988000127652,
      -1.3524103557869822
    ],
    "phi_x": [
      -1.753475853368176,
      -14.334892035268767,
      -4.084436845831824,
      -8.951333761508375
    ],
    "phi_y": [
      13.609248161411113,
      -6.935633178100623,
      12.140333289096027,
      -10.825164571534938
    ],
    "distances": [
      1.0,
      3.686235978333017,
      3.8175981470914264,
      4.52886124697677,
      7.325770457197297
    ],
    "refractive_indices": [
      1.0,
      1.5,
      1.5,
      1.5,
      1.5,
      1.0
    ],
    "wedgenum": 4
  },
  "pattern": [
    [
      2.6782579315224315,
      2.616650691246254
    ],
    [
      2.7674696731658304,
      2.662970190121334
    ],
    [
      2.72685889469748,
      2.7033232539097085
    ],
    [
      2.8233343465632816,
      2.8321127404068895
    ],
    [
      2.93364009726393,
      2.808364210859287
    ],
    [
      3.0927052343554706,
      2.94911570368086
    ],
    [
      3.0753500053928926,
      2.906627730672864
    ],
    [
      3.099991659346724,
      2.9222581464912247
    ],
    [
      3.2353776736571156,
      2.97377846781337
    ],
    [
      3.2489021344974005,
      3.0619365579208004
    ],
    [
      3.147860800778647,
      3.0722682410466975
    ],
    [
      3.264786101467639,
      3.1689744611372967
    ],
    [
      3.2594076714411795,
      3.1754021100156127
    ],
    [
      3.232256874540763,
      3.1397791215913755
    ],
    [
      3.372367747623311,
      3.252600364805943
    ],
    [
      3.2921366424351928,
      3.2402926335660727
    ],
    [
      3.1728081822266176,
      3.189977983598016
    ],
    [
      3.2157655532389855,
      3.2222919840812554
    ],
    [
      3.274014735367482,
      3.279317734222257
    ],
    [
      3.2987388963105224,
      3.2627678727440244
    ],
    [
      3.1295130774211484,
      3.2569329892302137
    ],
    [
      3.1569462127305146,
      3.090506591763039
    ],
    [
      3.14252014640933,
      3.0733826711417196
    ],
    [
      3.0732116528417053,
      3.183445249342969
    ],
    [
      3.029159787699622,
      3.0262702576730285
    ],
    [
      3.0402059353011683,
      3.069173496733744
    ],
    [
      2.875537135465744,
      3.042131424245425
    ],
    [
      2.943718308995944,
      2.9249612616787912
    ],
    [
      2.7918474577394843,
      2.924682256186416
    ],
    [
      2.772496274038177,
      2.931574900261702
    ],
    [
      2.7115595843820044,
      2.718850107848546
    ],
    [
      2.511195041587387,
      2.795613815574722
    ],
    [
      2.457582527135845,
      2.6446556819953106
    ],
    [
      2.3910131579336142,
      2.6559788551548857
    ],
    [
      2.2594217627902853,
      2.5051689333738327
    ],
    [
      2.283720184227437,
      2.5178625407673865
    ],
    [
      2.0712181025166436,
      2.2718088996644044
    ],
    [
      1.9846140871865232,
      2.2636962078071603
    ],
    [
      1.8020632163166876,
      2.200981793076795
    ],
    [
      1.7636743534733195,
      2.0205874958394343
    ],
    [
      1.7451405144969152,
      1.9687071128156715
    ],
    [
      1.6328990761549744,
      1.9310895824211631
    ],
    [
      1.56140640077225,
      1.8303833757801966
    ],
    [
      1.383025704969081,
      1.7180893971747715
    ],
    [
      1.274976379212811,
      1.5846555425023279
    ],
    [
      1.1289513012358328,
      1.6122288374068963
    ],
    [
      1.050347087201982,
      1.5390318475369016
    ],
    [
      0.9165483063168666,
      1.3226307519185212
    ],
    [
      0.8086708471406558,
      1.2642873861999249
    ],
    [
      0.8306288384938076,
      1.1506909869058146
    ],
    [
      0.713884435085981,
      1.1055652447101567
    ],
    [
      0.6063976915151028,
      0.9485222915692607
    ],
    [
      0.5021020933890925,
      0.8756850138698493
    ],
    [
      0.31108926279152993,
      0.7415687664250667
    ],
    [
      0.3314551579002505,
      0.751745007107882
    ],
    [
      0.1731432187725227,
      0.574537954089338
    ],
    [
      0.14379218773622993,
      0.5620609079883082
    ],
    [
      0.17737440812175184,
      0.50425395190938
    ],
    [
      0.06727828098495038,
      0.4497511223519758
    ],
    [
      0.019544741077337502,
      0.3297774547494971
    ]
  ],
  "complexity": 0.348134249578367
}