{
  "id": 4145,
  "wedge_count": 2,
  "parameters": {
    "rotation_speeds": [
      1.7793552956901202,
      1.7172746167012427
    ],
    "phi_x": [
      0.6510278451477785,
      -2.469741024503943
    ],
    "phi_y": [
      0.36993917553873423,
      -13.271364470754492
    ],
    "distances": [
      1.0,
      7.230033221510691,
      3.9486825326987223
    ],
    "refractive_indices": [
      1.0,
      1.5,
      1.5,
      1.0
    ],
    "wedgenum": 2
  },
  "pattern": [
    [
      0.40722597591746557,
      0.34524258504504934
    ],
    [
      0.4736027574828246,
      0.4378980650387634
    ],
    [
      0.5211272121675875,
      0.46703166987397926
    ],
    [
      0.5610372040213294,
      0.49891514948821936
    ],
    [
      0.5970175638399653,
      0.6269139293238486
    ],
    [
      0.6741103250150253,
      0.6779901961421999
    ],
    [
      0.6841035118146319,
      0.6667019375667024
    ],
    [
      0.7583662989052372,
      0.708805728636078
    ],
    [
      0.8198189475984953,
      0.7582686618141085
    ],
    [
      0.819758627417231,
      0.7657832531651994
    ],
    [
      0.9333102664442529,
      0.8528888536520739
    ],
    [
      0.9034830051845353,
      0.8601239727631352
    ],
    [
      0.884711528779133,
      0.8754974475227809
    ],
    [
      0.8848260757690133,
      0.8485597000811287
    ],
    [
      0.9513384353377615,
      0.8904084751042808
    ],
    [
      0.957779922935488,
      0.9666979277015633
    ],
    [
      0.9761728779602553,
      0.9328701496266452
    ],
    [
      0.964622639068636,
      0.9296273412758644
    ],
    [
      0.89817168932475,
      0.9949968904920948
    ],
    [
      0.9591115284351696,
      0.961562903741229
    ],
    [
      0.9391631026540632,
      0.9395444905384813
    ],
    [
      0.884445406021438,
      0.9155503897821645
    ],
    [
      0.877417065220816,
      0.9217941393398853
    ],
    [
      0.8696059507169911,
      0.9297549927650826
    ],
    [
      0.8630853180945974,
      0.8893389065565559
    ],
    [
      0.7990149702721305,
      0.8749643122914322
    ],
    [
      0.6896295574374667,
      0.8348467189106019
    ],
    [
      0.7148285893607191,
      0.7894515363479913
    ],
    [
      0.6494885563858012,
      0.7494420446412604
    ],
    [
      0.5454798172007129,
      0.7240497621709259
    ],
    [
      0.553863052111673,
      0.6494623774399818
    ],
    [
      0.42196237375121765,
      0.6407028515794148
    ],
    [
      0.3411536602938337,
      0.6195500881250392
    ],
    [
      0.4047836623285867,
      0.531337577457222
    ],
    [
      0.22427587426083026,
      0.475667905351265
    ],
    [
      0.14279328292063315,
      0.46583837141621576
    ],
    [
      0.17230440361488158,
      0.31822143332288655
    ],
    [
      0.05916324853790182,
      0.3386253559372715
    ],
    [
      -0.002198184412688896,
      0.2288815730044927
    ],
    [
      -0.09543499643240891,
      0.16872202608409465
    ],
    [
      -0.15666078640629572,
      0.14633076889800833
    ],
    [
      -0.22093725768405933,
      0.015113809119680632
    ],
    [
      -0.3210561646150198,
      0.03960390071686184
    ],
    [
      -0.4035420314809965,
      -0.0747766190412142
    ],
    [
      -0.432485490934261,
      -0.18340634215354254
    ],
    [
      -0.5507437336522595,
      -0.20203349288383024
    ],
    [
      -0.6254993257931784,
      -0.21763261658840571
    ],
    [
      -0.5628442679783557,
      -0.40965616560262597
    ],
    [
      -0.6699862648372245,
      -0.44711159020188135
    ],
    [
      -0.6744741297959367,
      -0.4634761295629484
    ],
    [
      -0.7171104982665031,
      -0.5269543406493982
    ],
    [
      -0.8136629171515297,
      -0.5761018213501048
    ],
    [
      -0.9267086069469207,
      -0.578341444917728
    ],
    [
      -0.875483989885965,
      -0.6476518749741459
    ],
    [
      -0.9491817816013823,
      -0.7257443219429467
    ],
    [
      -0.9571422628794384,
      -0.6937531325084585
    ],
    [
      -0.9516456192062868,
      -0.768613133220545
    ],
    [
      -0.949465382930185,
      -0.8060304709954432
    ],
    [
      -1.0261300073050637,
      -0.8348442207038824
    ],
    [
      -1.030147496178401,
      -0.862803199510727
    ]
  ],
  "complexity": 0.2621611440960195
}