{
  "id": 4761,
  "wedge_count": 6,
  "parameters": {
    "rotation_speeds": [
      -1.112720411936699,
      1.3595265765360294,
      2.4713931647906824,
      1.2329418984434506,
      2.8272723187338027,
      1.2657155480566242
    ],
    "phi_x": [
      1.7058778663841103,
      -0.20080106926724106,
      -12.28544965595107,
      1.4761488903267654,
      1.4536377026831282,
      0.6301811139648468
    ],
    "phi_y": [
      -4.747416894236869,
      7.845366889245916,
      -11.643513443750777,
      3.690759658015761,
      -6.460019117119762,
      14.19842857423837
    ],
    "distances": [
      1.0,
      4.628984904366126,
      4.851515721151089,
      7.869458208760857,
      6.949523414149262,
      6.026518619670081,
      5.011691884986082
    ],
    "refractive_indices": [
      1.0,
      1.5,
      1.5,
      1.5,
      1.5,
      1.5,
      1.5,
      1.0
    ],
    "wedgenum": 6
  },
  "pattern": [
    [
      2.7467486775787044,
      2.6391721309552154
    ],
    [
      2.9473096189455106,
      2.772205321204202
    ],
    [
      2.9771659744445698,
      2.9671137491313337
    ],
    [
      3.0097396172280555,
      2.8865213170836412
    ],
    [
      3.046805502917892,
      2.920824803424767
    ],
    [
      3.094386436206508,
      2.948445610057808
    ],
    [
      3.1267168099702825,
      2.987171865222082
    ],
    [
      3.1744624128557155,
      3.0163185832316373
    ],
    [
      3.2028015300086308,
      3.112867110942944
    ],
    [
      3.0328673824883894,
      3.0761451857447444
    ],
    [
      3.0903399994302108,
      3.1553540278107657
    ],
    [
      3.0973079046051377,
      3.1072536863010827
    ],
    [
      2.968011852903054,
      3.118616125465179
    ],
    [
      2.9936763121109666,
      3.1193010415614313
    ],
    [
      2.9660016114267607,
      3.1309571709918864
    ],
    [
      2.9040809301086616,
      2.876771563947255
    ],
    [
      2.8640883109728885,
      3.00375510101101
    ],
    [
      2.8490389294268246,
      2.877086165341338
    ],
    [
      2.7749098370098104,
      2.85074395167551
    ],
    [
      2.6904812635705926,
      2.8328129061353935
    ],
    [
      2.5322219466771854,
      2.766243338916488
    ],
    [
      2.4982933948538353,
      2.751240339819871
    ],
    [
      2.369313900685182,
      2.7488758336703114
    ],
    [
      2.2421387952820617,
      2.5314491927269134
    ],
    [
      2.199370845898939,
      2.570598381972755
    ],
    [
      2.0231631158620456,
      2.3900704300218836
    ],
    [
      1.9109261156351924,
      2.3277644160712936
    ],
    [
      1.7943352037845801,
      2.2534607924664147
    ],
    [
      1.6158236876186498,
      2.0628074035688893
    ],
    [
      1.4845982714242918,
      2.0092052702305145
    ],
    [
      1.3044277783851164,
      1.898672467449646
    ],
    [
      1.3424510140111672,
      1.8102990366721146
    ],
    [
      1.1707279547115665,
      1.5967656289181007
    ],
    [
      0.9806849992352588,
      1.5238495698766124
    ],
    [
      0.920250434985844,
      1.4215981499044763
    ],
    [
      0.6888510277941008,
      1.2747519515661492
    ],
    [
      0.5520562840903293,
      1.1168979542427693
    ],
    [
      0.4009110372404004,
      1.0337761483347596
    ],
    [
      0.2027015861198435,
      0.8729955864920215
    ],
    [
      0.19382460002178556,
      0.7713023815243014
    ],
    [
      0.038753772631251085,
      0.606514573158622
    ],
    [
      -0.21121808949362322,
      0.5144325857213836
    ],
    [
      -0.20022421076348956,
      0.41969966597679337
    ],
    [
      -0.4067076582087498,
      0.29002513024141335
    ],
    [
      -0.5481213495621491,
      0.24368018175408168
    ],
    [
      -0.6262403885446536,
      0.056733362930813894
    ],
    [
      -0.6409972063232223,
      0.005078689428561926
    ],
    [
      -0.7367109885531714,
      -0.2434968787619931
    ],
    [
      -0.9396002994960032,
      -0.262680652163172
    ],
    [
      -0.9846774379365457,
      -0.37632074106449737
    ],
    [
      -1.0755650123331355,
      -0.5291339489768246
    ],
    [
      -1.1798008602785641,
      -0.5648623879405101
    ],
    [
      -1.2487352619321863,
      -0.694810608999857
    ],
    [
      -1.2448890944170807,
      -0.7388658582418355
    ],
    [
      -1.3786630381439327,
      -0.8343805332123483
    ],
    [
      -1.3709897928209482,
      -0.8978797986340921
    ],
    [
      -1.4605012509135764,
      -1.1146986969516692
    ],
    [
      -1.4210507597572837,
      -1.0617839783635294
    ],
    [
      -1.5019147211311563,
      -1.126132770227683
    ],
    [
      -1.4732956257742653,
      -1.2921788454420968
    ]
  ],
  "complexity": 0.37097428444660635
}