{
  "id": 3447,
  "wedge_count": 2,
  "parameters": {
    "rotation_speeds": [
      1.5509609272368596,
      1.7922555022620639
    ],
    "phi_x": [
      6.89527500840957,
      -4.269492712245956
    ],
    "phi_y": [
      -4.11089646380754,
      -8.250546403025206
    ],
    "distances": [
      1.0,
      3.727730339316226,
      5.048952051769425
    ],
    "refractive_indices": [
      1.0,
      1.5,
      1.5,
      1.0
    ],
    "wedgenum": 2
  },
  "pattern": [
    [
      0.8513477189794992,
      0.8616894817022861
    ],
    [
      0.881400848127066,
      0.8849635927260178
    ],
    [
      0.9619314324393266,
      0.9573785923043132
    ],
    [
      1.0323947009657983,
      0.9940678538278211
    ],
    [
      1.0759820465022798,
      0.9921247724508346
    ],
    [
      1.041392292005567,
      1.0494411623123925
    ],
    [
      1.1111030634899588,
      1.0459614102306591
    ],
    [
      1.1506478375639295,
      1.144647950696511
    ],
    [
      1.1030041029395834,
      1.1916928666633917
    ],
    [
      1.1322583816194007,
      1.142868980942729
    ],
    [
      1.193752944024347,
      1.1935392532542595
    ],
    [
      1.1973680627224321,
      1.146903067371314
    ],
    [
      1.2046559177451752,
      1.19767025082996
    ],
    [
      1.2088574796135583,
      1.176589329189287
    ],
    [
      1.2532724726029594,
      1.2132866372437432
    ],
    [
      1.1186725660313994,
      1.1555531374855141
    ],
    [
      1.1145832761347054,
      1.196166470446702
    ],
    [
      1.0436783274111048,
      1.1338014664963552
    ],
    [
      1.0616002365717363,
      1.1480468582665164
    ],
    [
      0.9446205816111062,
      1.1250770724023893
    ],
    [
      1.0078321847164202,
      1.0742374557017214
    ],
    [
      1.0008868460503146,
      1.0375078675703613
    ],
    [
      0.9313418932733311,
      1.0034573535564626
    ],
    [
      0.7775327660028102,
      0.9266306514692874
    ],
    [
      0.8018501163246772,
      0.9663634963055385
    ],
    [
      0.6695033481141239,
      0.8860996668919296
    ],
    [
      0.6101772830806194,
      0.8125564121328206
    ],
    [
      0.5792510638585352,
      0.7610452665944473
    ],
    [
      0.4987766085564083,
      0.6745961686445352
    ],
    [
      0.43172976878257674,
      0.6407473444247723
    ],
    [
      0.3601963585693567,
      0.6149103083841818
    ],
    [
      0.31179241041573674,
      0.5017677640105505
    ],
    [
      0.12003919612073735,
      0.43533588217699737
    ],
    [
      0.10125903551678404,
      0.32419127135338427
    ],
    [
      0.047343843432360984,
      0.35640000575398983
    ],
    [
      -0.044989358331850575,
      0.22545556922310594
    ],
    [
      -0.11531722101356809,
      0.12907990226876936
    ],
    [
      -0.23211430303891917,
      0.06149064343543169
    ],
    [
      -0.32055024980263497,
      0.05423303208345796
    ],
    [
      -0.4193312742052394,
      -0.0877418982803459
    ],
    [
      -0.46883690371919445,
      -0.17122642633387997
    ],
    [
      -0.5946015939780597,
      -0.2520582377948858
    ],
    [
      -0.6327328416066423,
      -0.2503033354835166
    ],
    [
      -0.7373840297169647,
      -0.38254052456444015
    ],
    [
      -0.7512345736197479,
      -0.45987371869336524
    ],
    [
      -0.821058582174483,
      -0.5473078460144654
    ],
    [
      -0.8837005440163483,
      -0.6195559472564112
    ],
    [
      -0.9588761026389467,
      -0.684652296630972
    ],
    [
      -1.0493766409728207,
      -0.7330681297452633
    ],
    [
      -1.0457562488094088,
      -0.810794185370546
    ],
    [
      -1.1192595096404543,
      -0.8664320379491967
    ],
    [
      -1.181967238188764,
      -0.9195039393777202
    ],
    [
      -1.1679618039432815,
      -0.9124573424357715
    ],
    [
      -1.2517919492573033,
      -1.0237026145157684
    ],
    [
      -1.2989446730803202,
      -1.0650164679228633
    ],
    [
      -1.2754403470888727,
      -1.1214103965653852
    ],
    [
      -1.2663768934202624,
      -1.1317107736738012
    ],
    [
      -1.3542494822453854,
      -1.2147498058443678
    ],
    [
      -1.2832153896610639,
      -1.2382132320233392
    ],
    [
      -1.3535009875795956,
      -1.2454459876069812
    ]
  ],
  "complexity": 0.264203077606734
}