{
  "id": 1742,
  "wedge_count": 2,
  "parameters": {
    "rotation_speeds": [
      0.9527534067821191,
      -0.6191791403609068
    ],
    "phi_x": [
      -8.54013815368911,
      -3.0405108548459605
    ],
    "phi_y": [
      -7.816925298483382,
      -7.505183570874418
    ],
    "distances": [
      1.0,
      7.1733376534971995,
      3.4303123410728737
    ],
    "refractive_indices": [
      1.0,
      1.5,
      1.5,
      1.0
    ],
    "wedgenum": 2
  },
  "pattern": [
    [
      0.8883987586652672,
      0.8809477050729048
    ],
    [
      0.8944643027270887,
      0.8769407124026548
    ],
    [
      0.8907756690422554,
      0.8780963413043075
    ],
    [
      0.898780099274757,
      0.9124016130720228
    ],
    [
      0.90401786997823,
      0.921835209198521
    ],
    [
      0.9200916441002942,
      0.8774291941315915
    ],
    [
      0.9255076382700458,
      0.8951703426757058
    ],
    [
      0.9064973135559019,
      0.9110761379711092
    ],
    [
      0.9490283724155285,
      0.8651877837191977
    ],
    [
      0.9086364146185377,
      0.8676837054939427
    ],
    [
      0.8686650637569913,
      0.8540008790970978
    ],
    [
      0.845486087553553,
      0.8418256482799784
    ],
    [
      0.823454283438247,
      0.8615466388608101
    ],
    [
      0.7873893832239495,
      0.820964682092395
    ],
    [
      0.69886162290069,
      0.736329834221848
    ],
    [
      0.6802085863692631,
      0.7291775123971684
    ],
    [
      0.665821402681286,
      0.7196795647217904
    ],
    [
      0.6298262277391592,
      0.6675280405393419
    ],
    [
      0.5558265048242775,
      0.6452770316995035
    ],
    [
      0.47954230769566253,
      0.5921782160836443
    ],
    [
      0.4730392851669119,
      0.5516056634624927
    ],
    [
      0.3962213482521603,
      0.5033649010707183
    ],
    [
      0.3099082575470658,
      0.4351808799430467
    ],
    [
      0.24383871328605866,
      0.4317169461131385
    ],
    [
      0.2382164487089587,
      0.3566859660338009
    ],
    [
      0.1611303073510912,
      0.2509692193174461
    ],
    [
      0.05925628636721354,
      0.1906649682320644
    ],
    [
      0.011701111531000924,
      0.1856554032827377
    ],
    [
      -0.08193284405329782,
      0.15953515464327567
    ],
    [
      -0.15048194493245554,
      0.04597240784488951
    ],
    [
      -0.21218042074370455,
      -0.043134394183532036
    ],
    [
      -0.3167432125244799,
      -0.1285814279485741
    ],
    [
      -0.4002630838050245,
      -0.14350926757748836
    ],
    [
      -0.46572557645304175,
      -0.23816231333783214
    ],
    [
      -0.5211224685543205,
      -0.31065936165633684
    ],
    [
      -0.569942701491568,
      -0.36052935025454863
    ],
    [
      -0.6953007353930011,
      -0.44406411346112784
    ],
    [
      -0.7357486136277376,
      -0.5191676790130412
    ],
    [
      -0.8207303492867581,
      -0.5819467052094509
    ],
    [
      -0.8256635805435982,
      -0.5939857358417227
    ],
    [
      -0.9179319352808963,
      -0.7044326621375966
    ],
    [
      -1.022164460256109,
      -0.7593335471535256
    ],
    [
      -1.0226419461816019,
      -0.8092802363082634
    ],
    [
      -1.154222640304547,
      -0.8569404839965309
    ],
    [
      -1.150157541536718,
      -0.9046537531312908
    ],
    [
      -1.1983700964319324,
      -0.9734765904030067
    ],
    [
      -1.2191698992702324,
      -0.9858278967191385
    ],
    [
      -1.2667094530270917,
      -1.0445488513683412
    ],
    [
      -1.2871401568433758,
      -1.1140125661787532
    ],
    [
      -1.2689059860549605,
      -1.1323502907171252
    ],
    [
      -1.2898798002588268,
      -1.2263785393386497
    ],
    [
      -1.3575726775280719,
      -1.2040622231082954
    ],
    [
      -1.3447573233832197,
      -1.2560514474759614
    ],
    [
      -1.3352680305372062,
      -1.2763321142952002
    ],
    [
      -1.3439363455442772,
      -1.2939368828345401
    ],
    [
      -1.3205561702835593,
      -1.301068422967041
    ],
    [
      -1.3337704750182868,
      -1.3348970226421095
    ],
    [
      -1.2954552884452932,
      -1.3485262984702873
    ],
    [
      -1.2902179986179314,
      -1.35257354642329
    ],
    [
      -1.2584327822303758,
      -1.3562408315472474
    ]
  ],
  "complexity": 0.3036465484587689
}