{
  "id": 563,
  "wedge_count": 4,
  "parameters": {
    "rotation_speeds": [
      0.41357919092142126,
      1.4533606652698836,
      -2.622119624768623,
      -1.1471978101168874
    ],
    "phi_x": [
      -2.533071213632386,
      -14.676755528839557,
      12.241821924583501,
      3.504432619368167
    ],
    "phi_y": [
      -0.15666234957946656,
      9.133824184667994,
      7.004683958799951,
      4.887898968623524
    ],
    "distances": [
      1.0,
      2.236598821386916,
      7.950922389834519,
      3.812571230559099,
      4.964670817709707
    ],
    "refractive_indices": [
      1.0,
      1.5,
      1.5,
      1.5,
      1.5,
      1.0
    ],
    "wedgenum": 4
  },
  "pattern": [
    [
      2.688691323379683,
      2.6170730260401314
    ],
    [
      2.664407200983791,
      2.6640207069402617
    ],
    [
      2.675076982136781,
      2.5883425138760905
    ],
    [
      2.5291069078786155,
      2.5996136024193515
    ],
    [
      2.5644342574060133,
      2.5608415907152757
    ],
    [
      2.484764157269893,
      2.550948325752495
    ],
    [
      2.465922240207137,
      2.5196686040361986
    ],
    [
      2.494044274479282,
      2.463881696486853
    ],
    [
      2.474500347756859,
      2.42531917929474
    ],
    [
      2.360350439510364,
      2.418382887612114
    ],
    [
      2.34435426836139,
      2.3392600156958725
    ],
    [
      2.343744160565363,
      2.286685769549196
    ],
    [
      2.242442233377947,
      2.148845007851828
    ],
    [
      2.1046675003517965,
      2.1281419913372748
    ],
    [
      2.0663723412295596,
      2.135519601713289
    ],
    [
      2.0761170580311585,
      2.0780273830447626
    ],
    [
      1.9157128921486852,
      1.9240091418516738
    ],
    [
      1.810936577691715,
      1.8665744566048763
    ],
    [
      1.7400171838672225,
      1.8970071581066288
    ],
    [
      1.5681985116193244,
      1.6871554062119913
    ],
    [
      1.509019705679123,
      1.7019827500559175
    ],
    [
      1.414616383577652,
      1.6139886015775908
    ],
    [
      1.4143616785004436,
      1.5176719101560756
    ],
    [
      1.3679531713706181,
      1.4444965393253968
    ],
    [
      1.1731076367666071,
      1.3895148202492746
    ],
    [
      1.0875749487863822,
      1.3458681217844637
    ],
    [
      1.0685570731320284,
      1.1902757825889476
    ],
    [
      0.9063058502479353,
      1.0673843010737467
    ],
    [
      0.7479190872466186,
      1.0767576654862914
    ],
    [
      0.7471199611918897,
      0.9264621285069051
    ],
    [
      0.6351085685020195,
      0.8760508852253525
    ],
    [
      0.468366275337944,
      0.8353999568823536
    ],
    [
      0.48161585211916175,
      0.6586002613041945
    ],
    [
      0.33194509180190446,
      0.6458593497928058
    ],
    [
      0.27826903577735773,
      0.5748344926328192
    ],
    [
      0.1924998235437753,
      0.3715703205593515
    ],
    [
      0.10492375391299094,
      0.3446880409362975
    ],
    [
      0.027851103202769567,
      0.3256842161870491
    ],
    [
      -0.018182654983330458,
      0.2757677414992548
    ],
    [
      -0.07162088541716699,
      0.08103600229492573
    ],
    [
      -0.22395673279305356,
      -0.0008446172724859841
    ],
    [
      -0.29929597146835196,
      0.056520787650295036
    ],
    [
      -0.3616955656926638,
      -0.09000548070530928
    ],
    [
      -0.40583563617056356,
      -0.10851150738760956
    ],
    [
      -0.4742867309073869,
      -0.13789935369937156
    ],
    [
      -0.5475842037516735,
      -0.19748524731762862
    ],
    [
      -0.5476626361141346,
      -0.3310195420278552
    ],
    [
      -0.5643130408742827,
      -0.3274769331165485
    ],
    [
      -0.6495102780670832,
      -0.46614855470456684
    ],
    [
      -0.6981609411149218,
      -0.4710636689268364
    ],
    [
      -0.6889494445871991,
      -0.4999969
    ],
    [
      -0.7667415744776039,
      -0.47901496043786745
    ],
    [
      -0.7643449485843643,
      -0.5487860772400186
    ],
    [
      -0.9223780235774253,
      -0.6893723943701482
    ],
    [
      -0.8251098451732782,
      -0.6258379321976194
    ],
    [
      -0.9204189194979742,
      -0.6041822250175714
    ],
    [
      -1.0236501383204561,
      -0.7175079309858916
    ],
    [
      -0.9137503624310529,
      -0.7138701393082634
    ],
    [
      -0.8871527664763069,
      -0.7551463551350363
    ],
    [
      -0.9159238263298157,
      -0.7661815519648506
    ]
  ],
  "complexity": 0.3254977322143443
}