{
  "id": 1872,
  "wedge_count": 4,
  "parameters": {
    "rotation_speeds": [
      -1.724675306816849,
      0.02201323293361046,
      2.4963519869441413,
      -1.6835474795316168
    ],
    "phi_x": [
      14.295078211342954,
      -5.792777391765036,
      4.495252273209388,
      -5.4931914120236325
    ],
    "phi_y": [
      11.571370892751887,
      -8.792443606661376,
      -13.078605466371501,
      13.720477541050816
    ],
    "distances": [
      1.0,
      3.019781276057555,
      2.917696800769479,
      7.555007953099775,
      2.4647399182515777
    ],
    "refractive_indices": [
      1.0,
      1.5,
      1.5,
      1.5,
      1.5,
      1.0
    ],
    "wedgenum": 4
  },
  "pattern": [
    [
      2.9163902023500996,
      2.8726510106261256
    ],
    [
      2.929570031548424,
      2.9325385316165136
    ],
    [
      2.8549551667292383,
      2.940134983176976
    ],
    [
      2.8958806264275863,
      2.8677110993025785
    ],
    [
      2.79845597674001,
      2.803966789938276
    ],
    [
      2.814094975977726,
      2.6520626062613344
    ],
    [
      2.7685145680218364,
      2.7414538926326752
    ],
    [
      2.6458379506704155,
      2.648259878963386
    ],
    [
      2.592594644413344,
      2.531597941684789
    ],
    [
      2.5382830683825075,
      2.6358060026652597
    ],
    [
      2.4175981041856143,
      2.473141123691737
    ],
    [
      2.3858689215812867,
      2.385090171252784
    ],
    [
      2.2766573355161923,
      2.4055794790342877
    ],
    [
      2.162234319871257,
      2.2627457143823815
    ],
    [
      2.1026400402598284,
      2.0406940501939714
    ],
    [
      1.9126567446397293,
      1.9866931815246758
    ],
    [
      1.7237663606584408,
      1.8697311975050488
    ],
    [
      1.701260127015173,
      1.8512119531102402
    ],
    [
      1.4488369659981706,
      1.6831635376817562
    ],
    [
      1.3248697959016462,
      1.5927143468305023
    ],
    [
      1.18894329950996,
      1.3667632775992726
    ],
    [
      1.1203646233360034,
      1.299075466732614
    ],
    [
      0.9202109610789075,
      1.1673024345295924
    ],
    [
      0.7680998738111959,
      1.0763236696737966
    ],
    [
      0.5597695148256265,
      0.8975080699536445
    ],
    [
      0.47313341834676226,
      0.8609681672795559
    ],
    [
      0.243652611586365,
      0.6023862010674363
    ],
    [
      0.13318348003575042,
      0.5048263694098498
    ],
    [
      -0.09163779806432584,
      0.3098054227843565
    ],
    [
      -0.2215258619978358,
      0.2100652967981891
    ],
    [
      -0.37651852767618366,
      0.03165919819328001
    ],
    [
      -0.5042319489696899,
      -0.04526729165465187
    ],
    [
      -0.6212395742794263,
      -0.188954859543949
    ],
    [
      -0.7706787732666431,
      -0.35757278149415894
    ],
    [
      -1.0493161188737679,
      -0.5378453804533799
    ],
    [
      -1.2116627171168761,
      -0.5717351929781371
    ],
    [
      -1.1925990673917568,
      -0.7310144206227371
    ],
    [
      -1.2256347282714508,
      -0.8580345526557449
    ],
    [
      -1.5348861172081067,
      -0.9844544212411482
    ],
    [
      -1.667024832960674,
      -1.2235061457721175
    ],
    [
      -1.8105408144934074,
      -1.2138523026979353
    ],
    [
      -1.8981888171597494,
      -1.4305960820714065
    ],
    [
      -1.9337928643502025,
      -1.5100128140794462
    ],
    [
      -2.1099028941062468,
      -1.6646339696571768
    ],
    [
      -2.1038153685839776,
      -1.8111680814386495
    ],
    [
      -2.1264767171651178,
      -1.9225554479819542
    ],
    [
      -2.2501094061844102,
      -1.9525892114296421
    ],
    [
      -2.2452272896031302,
      -1.9875936356706572
    ],
    [
      -2.5318470666483432,
      -2.122099156427052
    ],
    [
      -2.4840093152110385,
      -2.083341826516248
    ],
    [
      -2.4692324171109474,
      -2.2213643890803634
    ],
    [
      -2.4199431116035512,
      -2.3028067156852696
    ],
    [
      -2.463204480194169,
      -2.35123961114446
    ],
    [
      -2.53893286832566,
      -2.3818599497497277
    ],
    [
      -2.500162289994151,
      -2.4825526728857543
    ],
    [
      -2.467921962419712,
      -2.4827272008255292
    ],
    [
      -2.3820011523567493,
      -2.513734910076957
    ],
    [
      -2.3660310611133513,
      -2.382159719623661
    ],
    [
      -2.262672739326753,
      -2.4277962242413262
    ],
    [
      -2.3587759834947346,
      -2.49222728020665
    ]
  ],
  "complexity": 0.39219759996500275
}