{
  "id": 4215,
  "wedge_count": 2,
  "parameters": {
    "rotation_speeds": [
      -0.7347585435053521,
      2.007423012775112
    ],
    "phi_x": [
      -11.65626989630201,
      -14.592780365075914
    ],
    "phi_y": [
      -14.867425464819025,
      -14.875845461352881
    ],
    "distances": [
      1.0,
      2.8385450694930316,
      6.935173081720762
    ],
    "refractive_indices": [
      1.0,
      1.5,
      1.5,
      1.0
    ],
    "wedgenum": 2
  },
  "pattern": [
    [
      1.9368668884479894,
      1.9478229722139189
    ],
    [
      2.0007432163602177,
      1.946917197708755
    ],
    [
      1.9866065056907185,
      2.0318649314508774
    ],
    [
      2.0127263908723494,
      1.9820782520776021
    ],
    [
      2.0037787136911023,
      2.038499516149052
    ],
    [
      2.0176407547916186,
      2.1136252417361696
    ],
    [
      2.0067524867571422,
      2.0570122147782697
    ],
    [
      2.0207270132555664,
      1.9881366897005877
    ],
    [
      1.959759813781455,
      1.9833455035621255
    ],
    [
      1.9860550050396408,
      1.9860807149615027
    ],
    [
      1.9258511628151431,
      1.9758872669109808
    ],
    [
      1.8542993307782272,
      1.9382857860463696
    ],
    [
      1.8391449025271325,
      1.8593608361374847
    ],
    [
      1.7792896103701916,
      1.908881447052455
    ],
    [
      1.723066542359972,
      1.7975201469877409
    ],
    [
      1.6132933481370004,
      1.762583741686623
    ],
    [
      1.5476012596612703,
      1.6566187203036409
    ],
    [
      1.4464129971849307,
      1.613540722838207
    ],
    [
      1.3730327122194503,
      1.522493161334877
    ],
    [
      1.2843581899521483,
      1.4766387756269113
    ],
    [
      1.1842751138949694,
      1.3964105772506554
    ],
    [
      1.0060306349148391,
      1.3112226709064885
    ],
    [
      0.9061827112637381,
      1.2219768498826822
    ],
    [
      0.8255458591729314,
      1.0938633329846719
    ],
    [
      0.6819332061500742,
      1.0451797916353835
    ],
    [
      0.5875366559967077,
      0.912791918191453
    ],
    [
      0.4234318837721563,
      0.7695579230917073
    ],
    [
      0.3145396462932929,
      0.729099463128241
    ],
    [
      0.19225787769353203,
      0.4856268361125733
    ],
    [
      0.018001945729585064,
      0.4789574402147753
    ],
    [
      -0.11907553059140134,
      0.30604052287423295
    ],
    [
      -0.2599347545035954,
      0.16539392185387408
    ],
    [
      -0.4069845449581428,
      0.01711217438476794
    ],
    [
      -0.5225250185052566,
      -0.09732151790984993
    ],
    [
      -0.7070175563338191,
      -0.17344587935287056
    ],
    [
      -0.8232225956268159,
      -0.33881150342444594
    ],
    [
      -0.9623445462649479,
      -0.4345232188987212
    ],
    [
      -1.0846938829238755,
      -0.5628522701743426
    ],
    [
      -1.2540159721351847,
      -0.7618460938480971
    ],
    [
      -1.3102799824494928,
      -0.8060869407975739
    ],
    [
      -1.4428737614465585,
      -0.9560361531632683
    ],
    [
      -1.5316501738110015,
      -1.0722064843618941
    ],
    [
      -1.7157767884046469,
      -1.2171382958432648
    ],
    [
      -1.7528250768323106,
      -1.2644385287332447
    ],
    [
      -1.8736172789533956,
      -1.4342128255532691
    ],
    [
      -1.9635406218292524,
      -1.5282872462120298
    ],
    [
      -2.0651800186172937,
      -1.615698473772235
    ],
    [
      -2.1860632470685344,
      -1.7431449418870597
    ],
    [
      -2.1741851643750816,
      -1.8315872225606578
    ],
    [
      -2.273898803060001,
      -1.8896540145040126
    ],
    [
      -2.307094512125473,
      -2.005822026356894
    ],
    [
      -2.359857131425795,
      -2.08259060305635
    ],
    [
      -2.368953246580398,
      -2.1531691823133783
    ],
    [
      -2.4398899491644395,
      -2.1271654868403735
    ],
    [
      -2.43734053538106,
      -2.2353410300198657
    ],
    [
      -2.4234589605182553,
      -2.325561081087916
    ],
    [
      -2.3974607936523022,
      -2.350017500543402
    ],
    [
      -2.451117772287867,
      -2.4000146574104675
    ],
    [
      -2.3789553792215665,
      -2.411949618643008
    ],
    [
      -2.334440522454594,
      -2.4273944628701805
    ]
  ],
  "complexity": 0.34576703292031225
}