{
  "id": 1917,
  "wedge_count": 1,
  "parameters": {
    "rotation_speeds": [
      2.0736371516601864
    ],
    "phi_x": [
      -1.73724604311057
    ],
    "phi_y": [
      -12.368851139631355
    ],
    "distances": [
      1.0,
      2.649298347509423
    ],
    "refractive_indices": [
      1.0,
      1.5,
      1.0
    ],
    "wedgenum": 1
  },
  "pattern": [
    [
      0.11088994865231695,
      0.11008223865933953
    ],
    [
      0.18511798962824566,
      0.1748210658115525
    ],
    [
      0.2442280000692798,
      0.2249711710949635
    ],
    [
      0.2940663963754511,
      0.2805435753169877
    ],
    [
      0.3528145485539856,
      0.33282984548600164
    ],
    [
      0.40885709815578836,
      0.38355234473500593
    ],
    [
      0.4600194586933838,
      0.4332966140201089
    ],
    [
      0.5197632596314671,
      0.4841488296430376
    ],
    [
      0.5648588395431492,
      0.5230949239665026
    ],
    [
      0.6077252570397191,
      0.5683841020570044
    ],
    [
      0.6466546494855038,
      0.6205626403539646
    ],
    [
      0.6993669636153753,
      0.6536415982499877
    ],
    [
      0.7306930885229612,
      0.6869662059687383
    ],
    [
      0.7496493109781458,
      0.7112048080762496
    ],
    [
      0.7785452101721911,
      0.7446678182403881
    ],
    [
      0.806895577085991,
      0.7761633133971982
    ],
    [
      0.830744100513227,
      0.7958964411221198
    ],
    [
      0.8353287673092584,
      0.8048660076243218
    ],
    [
      0.8509443293421987,
      0.8345830218468856
    ],
    [
      0.8436819614645802,
      0.8408114821486238
    ],
    [
      0.8513959708351492,
      0.8471211239413304
    ],
    [
      0.8375420735496019,
      0.8472892371187006
    ],
    [
      0.8311254160593358,
      0.8538867431999738
    ],
    [
      0.8255096047595485,
      0.8480087828811378
    ],
    [
      0.7999132925864251,
      0.8200943006966711
    ],
    [
      0.7741821916719169,
      0.8226506265207979
    ],
    [
      0.7503409925274295,
      0.8075421673133163
    ],
    [
      0.7192122577395249,
      0.7914871221378396
    ],
    [
      0.6807493521817108,
      0.7661535477116912
    ],
    [
      0.6339568339753265,
      0.7290767790482134
    ],
    [
      0.5917741713485514,
      0.7079014129643151
    ],
    [
      0.5497054200917032,
      0.6758181717627598
    ],
    [
      0.4972312172800493,
      0.6386956493790452
    ],
    [
      0.44406796225514583,
      0.5939751574759774
    ],
    [
      0.3862219430674979,
      0.5583845189897169
    ],
    [
      0.3453540798242155,
      0.516951251407347
    ],
    [
      0.27357734668748335,
      0.4660390236504074
    ],
    [
      0.20977828954429797,
      0.4080538874454483
    ],
    [
      0.15197020559898075,
      0.36132227990864185
    ],
    [
      0.09075346515859542,
      0.3100832187223569
    ],
    [
      0.014912701447608782,
      0.2520087286835371
    ],
    [
      -0.03031698541850074,
      0.19984789442912276
    ],
    [
      -0.0918179031751184,
      0.15540683890197474
    ],
    [
      -0.1664908483518034,
      0.08007485768643842
    ],
    [
      -0.22953981853017977,
      0.027394687022864853
    ],
    [
      -0.2797476658258091,
      -0.03241583429716426
    ],
    [
      -0.3572686464499393,
      -0.0865401458480662
    ],
    [
      -0.4070300663451433,
      -0.15036976046946768
    ],
    [
      -0.464936091983977,
      -0.21150032966195123
    ],
    [
      -0.5211891188109525,
      -0.2618116325358135
    ],
    [
      -0.5630238333402577,
      -0.3247414805632749
    ],
    [
      -0.6158468924326567,
      -0.37623353852202535
    ],
    [
      -0.6646620318022313,
      -0.4250251516551644
    ],
    [
      -0.691981489036667,
      -0.47782637874560463
    ],
    [
      -0.7459107060068652,
      -0.5236576393997318
    ],
    [
      -0.7795128051330578,
      -0.5703754638477746
    ],
    [
      -0.7962910011245908,
      -0.6183520485184767
    ],
    [
      -0.8278499507915834,
      -0.6592200729319552
    ],
    [
      -0.8363674068349185,
      -0.6957648412522107
    ],
    [
      -0.8637516901330407,
      -0.7192010188088488
    ]
  ],
  "complexity": 0.2095344290102293
}