{
  "id": 2855,
  "wedge_count": 2,
  "parameters": {
    "rotation_speeds": [
      -1.4950787637705503,
      -2.347394536944371
    ],
    "phi_x": [
      -13.30343188057795,
      -0.5237569692529078
    ],
    "phi_y": [
      1.2611354079684638,
      1.3634520947858881
    ],
    "distances": [
      1.0,
      2.75631800711111,
      4.6026197878427935
    ],
    "refractive_indices": [
      1.0,
      1.5,
      1.5,
      1.0
    ],
    "wedgenum": 2
  },
  "pattern": [
    [
      0.9355915526072982,
      0.9244758349677755
    ],
    [
      0.9218937042756423,
      0.9178815463065405
    ],
    [
      0.9898623207703977,
      0.9457896632187748
    ],
    [
      0.8745419179575324,
      0.9835378862672806
    ],
    [
      0.8532556553744763,
      0.8806807013908553
    ],
    [
      0.8486043852617805,
      0.8614494095643324
    ],
    [
      0.8291091377126988,
      0.884012155132406
    ],
    [
      0.8434928272277872,
      0.831597146158102
    ],
    [
      0.7856818977700124,
      0.8047343648877626
    ],
    [
      0.7608086085990095,
      0.7697420130250638
    ],
    [
      0.7116464928652012,
      0.7442904243243044
    ],
    [
      0.7126198290960726,
      0.7095150168736091
    ],
    [
      0.7120464157025311,
      0.7484484845844835
    ],
    [
      0.6867515282896154,
      0.7373755490198436
    ],
    [
      0.6256150772294732,
      0.7226785566601628
    ],
    [
      0.6393245746031913,
      0.6555279094482825
    ],
    [
      0.5571325177797896,
      0.6486958700890688
    ],
    [
      0.5336122998098057,
      0.5813802209428065
    ],
    [
      0.4770788579887165,
      0.6079896731304684
    ],
    [
      0.5133279727857214,
      0.4999150427461438
    ],
    [
      0.4250319422730979,
      0.4646473940714905
    ],
    [
      0.38285197592640163,
      0.4639686282252991
    ],
    [
      0.366846388295794,
      0.4424611460248795
    ],
    [
      0.3252601559004941,
      0.3887476330842766
    ],
    [
      0.28374867872506265,
      0.3484385873401666
    ],
    [
      0.2736170399355221,
      0.31935170690725695
    ],
    [
      0.27394649100479845,
      0.26857916170088936
    ],
    [
      0.17377748702653947,
      0.26579902414771206
    ],
    [
      0.1276391430612199,
      0.2618023549098712
    ],
    [
      0.11730380446803126,
      0.12720444791971167
    ],
    [
      0.0996096544711306,
      0.17298145256306408
    ],
    [
      0.057629896447414494,
      0.16305051276153362
    ],
    [
      0.016780814500549048,
      0.07870393802947549
    ],
    [
      -0.013578050212908688,
      0.041737144637603675
    ],
    [
      -0.12394131281060213,
      0.035330293943681805
    ],
    [
      -0.14903816047019725,
      0.023302894784770573
    ],
    [
      -0.15434784815000305,
      -0.055721665819135915
    ],
    [
      -0.16064214039514715,
      0.003633732123060264
    ],
    [
      -0.2164175967476002,
      -0.12121196535072246
    ],
    [
      -0.19074764466834332,
      -0.1152480356710944
    ],
    [
      -0.24241099680418898,
      -0.134693840138939
    ],
    [
      -0.24561666051982553,
      -0.11304812183357496
    ],
    [
      -0.334558188307506,
      -0.21285446267961483
    ],
    [
      -0.362988776062633,
      -0.2188047496206826
    ],
    [
      -0.3933891744252059,
      -0.2735157842751464
    ],
    [
      -0.48309189357672416,
      -0.31301593589533927
    ],
    [
      -0.49667068518492324,
      -0.3450029329995405
    ],
    [
      -0.4627911644114153,
      -0.3689483209721013
    ],
    [
      -0.5548366111190214,
      -0.41289823871622605
    ],
    [
      -0.5690540073344936,
      -0.4631995926526505
    ],
    [
      -0.5526849611140637,
      -0.40444813828235837
    ],
    [
      -0.5581883190902855,
      -0.5163233969912615
    ],
    [
      -0.5850117769019003,
      -0.43948319300078764
    ],
    [
      -0.6062838941471476,
      -0.490513751663742
    ],
    [
      -0.668523219547595,
      -0.5265375907147769
    ],
    [
      -0.6860519887232704,
      -0.5342467327720672
    ],
    [
      -0.6996659117415006,
      -0.5516127623851241
    ],
    [
      -0.6910871414756725,
      -0.6099772866518277
    ],
    [
      -0.6631951977685537,
      -0.5936431774842085
    ],
    [
      -0.7021649167878644,
      -0.5876814189774213
    ]
  ],
  "complexity": 0.23770144759805864
}