{
  "id": 1064,
  "wedge_count": 4,
  "parameters": {
    "rotation_speeds": [
      0.2038299570129496,
      1.584157100782285,
      -0.1817327938061406,
      -0.3820941476822757
    ],
    "phi_x": [
      13.88304188941224,
      -3.586384378200183,
      1.1348658444845512,
      5.0678053391687286
    ],
    "phi_y": [
      12.932186578871836,
      0.14442757587343102,
      7.002222628921931,
      -0.32647140706428246
    ],
    "distances": [
      1.0,
      2.747702019778054,
      4.148602051158706,
      5.637783752005984,
      7.365932593413325
    ],
    "refractive_indices": [
      1.0,
      1.5,
      1.5,
      1.5,
      1.5,
      1.0
    ],
    "wedgenum": 4
  },
  "pattern": [
    [
      1.7508079886295655,
      1.6187898715629014
    ],
    [
      1.7104293840123528,
      1.7003558570873563
    ],
    [
      1.7228804259373716,
      1.742603738849795
    ],
    [
      1.7466741510903392,
      1.6826928612001648
    ],
    [
      1.7845102892871072,
      1.7847595985124145
    ],
    [
      1.8458273797405347,
      1.7869898544001017
    ],
    [
      1.7283246962340588,
      1.7136461984244986
    ],
    [
      1.7828208626253415,
      1.7064641287164177
    ],
    [
      1.637494773260051,
      1.7264930004935937
    ],
    [
      1.7707283871877935,
      1.714919361819041
    ],
    [
      1.8126699772097423,
      1.623698750627137
    ],
    [
      1.7702962324434213,
      1.6390113091931664
    ],
    [
      1.65560557227519,
      1.7019716377575718
    ],
    [
      1.64440127670817,
      1.7098530376056413
    ],
    [
      1.6356334857973147,
      1.6530247720445346
    ],
    [
      1.7097813456097306,
      1.7191898272589747
    ],
    [
      1.6538295256524453,
      1.6247832886082962
    ],
    [
      1.6572914035676287,
      1.6141623700901861
    ],
    [
      1.6162223619804756,
      1.6384667749245827
    ],
    [
      1.5983181287329637,
      1.5257147017306083
    ],
    [
      1.7329740137612817,
      1.627126865103804
    ],
    [
      1.6299712879759252,
      1.6499409675629153
    ],
    [
      1.5905045780164122,
      1.5979597229134657
    ],
    [
      1.5954784541646276,
      1.542028255305099
    ],
    [
      1.5998972134394198,
      1.6001716504397079
    ],
    [
      1.4832339189683106,
      1.5446401296901506
    ],
    [
      1.464954952026833,
      1.6159141053333685
    ],
    [
      1.5921198886290588,
      1.4683643303611649
    ],
    [
      1.4159677721336401,
      1.5270725213212406
    ],
    [
      1.4817374040591034,
      1.533955860310379
    ],
    [
      1.5009241553550274,
      1.5687470883453145
    ],
    [
      1.5625229401456193,
      1.5838506512274169
    ],
    [
      1.4047827729505482,
      1.5018477609688845
    ],
    [
      1.535243342745029,
      1.5834386418435085
    ],
    [
      1.455246635056267,
      1.4968566052968384
    ],
    [
      1.4444339400389548,
      1.524201162106221
    ],
    [
      1.4985383591744494,
      1.4721508488668635
    ],
    [
      1.46252435612296,
      1.4812277502132554
    ],
    [
      1.445913602850653,
      1.4442117930254263
    ],
    [
      1.4343959426976312,
      1.3549293027796805
    ],
    [
      1.374100913398977,
      1.483952459666942
    ],
    [
      1.3459240326907451,
      1.334603770012263
    ],
    [
      1.4334227850297832,
      1.4247745826097766
    ],
    [
      1.4325536150211051,
      1.3939435234203277
    ],
    [
      1.395715346723342,
      1.3805714752392833
    ],
    [
      1.45654680670725,
      1.370116054307546
    ],
    [
      1.360607978410012,
      1.3786385067767357
    ],
    [
      1.4233168747228353,
      1.415875224977394
    ],
    [
      1.3567522619715093,
      1.3944479971149362
    ],
    [
      1.3694505001439996,
      1.3074647400024313
    ],
    [
      1.4955910818651548,
      1.3649547002403366
    ],
    [
      1.3567663914666936,
      1.4232128416303422
    ],
    [
      1.5197050660001563,
      1.3442335636243188
    ],
    [
      1.447468250951105,
      1.4332332367153928
    ],
    [
      1.5072439582724912,
      1.4163400470439984
    ],
    [
      1.4983463678069942,
      1.3944349728253438
    ],
    [
      1.349479625408649,
      1.4360584305260855
    ],
    [
      1.392229713133667,
      1.4531680029780785
    ],
    [
      1.4770640597783415,
      1.3036608572271322
    ],
    [
      1.488512178310203,
      1.3919182334834619
    ]
  ],
  "complexity": 0.22746833022703203
}