{
  "id": 2733,
  "wedge_count": 1,
  "parameters": {
    "rotation_speeds": [
      1.6917390319992531
    ],
    "phi_x": [
      14.993946810055373
    ],
    "phi_y": [
      10.795914598239861
    ],
    "distances": [
      1.0,
      7.78231624069277
    ],
    "refractive_indices": [
      1.0,
      1.5,
      1.0
    ],
    "wedgenum": 1
  },
  "pattern": [
    [
      0.9927112019443743,
      0.9977641917979481
    ],
    [
      1.0415338597073522,
      1.047865909218566
    ],
    [
      1.0948985548328458,
      1.0895023399482062
    ],
    [
      1.1314155227069853,
      1.1331380937442435
    ],
    [
      1.1682804029469929,
      1.1590519033967057
    ],
    [
      1.2127081038614642,
      1.191667193852567
    ],
    [
      1.231687536263687,
      1.213373295046403
    ],
    [
      1.2545340321309482,
      1.2369118628627438
    ],
    [
      1.257565175860177,
      1.258820773849139
    ],
    [
      1.2673854814332093,
      1.2698498386709658
    ],
    [
      1.2671580757054164,
      1.2704465206626907
    ],
    [
      1.2633140961833695,
      1.26645758823843
    ],
    [
      1.2514751971975047,
      1.2607393267185751
    ],
    [
      1.2307861087663141,
      1.2569886919616535
    ],
    [
      1.2090359506994928,
      1.2407032359571277
    ],
    [
      1.1835057351114986,
      1.2177905049551276
    ],
    [
      1.1379984784456867,
      1.1941936329213934
    ],
    [
      1.0917196356993113,
      1.1631293140175534
    ],
    [
      1.0393006278717711,
      1.1335314110280914
    ],
    [
      0.9834187523007603,
      1.08360532447972
    ],
    [
      0.9361107425722032,
      1.0424818695314155
    ],
    [
      0.8687289904914263,
      0.994220589514282
    ],
    [
      0.791726965116996,
      0.9450520432727301
    ],
    [
      0.7106870150358244,
      0.8842054276443517
    ],
    [
      0.6401863893833133,
      0.826954632236486
    ],
    [
      0.5663645093087885,
      0.7509345284663587
    ],
    [
      0.4788841575138563,
      0.6929898938990233
    ],
    [
      0.3929033787369229,
      0.6146626217737943
    ],
    [
      0.3024215902434587,
      0.5477669204523975
    ],
    [
      0.21141247941359373,
      0.4704632010616801
    ],
    [
      0.12178260553233948,
      0.3932655983862682
    ],
    [
      0.030704483620198286,
      0.3068475180039878
    ],
    [
      -0.07694284774374249,
      0.21186870047585732
    ],
    [
      -0.16201993225752115,
      0.14469597838165055
    ],
    [
      -0.25995482626374766,
      0.058840318974430726
    ],
    [
      -0.348713964616548,
      -0.032427677093236906
    ],
    [
      -0.4448171055662577,
      -0.12612538873520107
    ],
    [
      -0.5372000064629716,
      -0.20354637644139842
    ],
    [
      -0.6241214311689368,
      -0.28264344960555615
    ],
    [
      -0.7083138181507169,
      -0.38233131532089154
    ],
    [
      -0.7887025256393645,
      -0.4721472302863465
    ],
    [
      -0.869648303805261,
      -0.5577091959348677
    ],
    [
      -0.9502950978556469,
      -0.6282836851587882
    ],
    [
      -1.0206158451154304,
      -0.7015407383189697
    ],
    [
      -1.0862497290297413,
      -0.7865338365813963
    ],
    [
      -1.1509235888322173,
      -0.8580761593843139
    ],
    [
      -1.2021510129519302,
      -0.932567230502399
    ],
    [
      -1.2505695938259418,
      -0.995827745725621
    ],
    [
      -1.30821127031143,
      -1.0585199534942442
    ],
    [
      -1.346177230507511,
      -1.113634877106902
    ],
    [
      -1.3639664803661287,
      -1.1755810123877464
    ],
    [
      -1.3923445690625635,
      -1.229600416131345
    ],
    [
      -1.4161440111706736,
      -1.2636274602747695
    ],
    [
      -1.4311307973550784,
      -1.3051481260306934
    ],
    [
      -1.4263084307678269,
      -1.3502919680547347
    ],
    [
      -1.4264791648642468,
      -1.368619061121957
    ],
    [
      -1.4135811413624682,
      -1.401442095586335
    ],
    [
      -1.3949380051981477,
      -1.4191453968802004
    ],
    [
      -1.37254009896091,
      -1.4333963740685995
    ],
    [
      -1.3453306042207358,
      -1.4478283572587325
    ]
  ],
  "complexity": 0.29125677531709016
}