{
  "id": 3191,
  "wedge_count": 4,
  "parameters": {
    "rotation_speeds": [
      -1.9158847194017807,
      0.21787888383149623,
      0.16512841142489165,
      -2.4699196754507167
    ],
    "phi_x": [
      8.908299351267381,
      4.298452834831743,
      11.998801663160428,
      -10.196053972417499
    ],
    "phi_y": [
      2.164145373076188,
      3.4580645382564583,
      -12.918990796028439,
      1.3013921950979288
    ],
    "distances": [
      1.0,
      7.357979485269864,
      2.2689658746435626,
      4.500207351652222,
      3.057272228314593
    ],
    "refractive_indices": [
      1.0,
      1.5,
      1.5,
      1.5,
      1.5,
      1.0
    ],
    "wedgenum": 4
  },
  "pattern": [
    [
      2.5064573211933103,
      2.5936641478830262
    ],
    [
      2.6731132481100817,
      2.649408359897899
    ],
    [
      2.6520990210511135,
      2.6227155832229387
    ],
    [
      2.6252623686172565,
      2.6996428948060904
    ],
    [
      2.687645382076117,
      2.6363143209670903
    ],
    [
      2.645505025815774,
      2.679284544278663
    ],
    [
      2.617757649906089,
      2.583893832509261
    ],
    [
      2.5958225532827597,
      2.6668936974977853
    ],
    [
      2.602780654130926,
      2.6927983878185655
    ],
    [
      2.683378100597067,
      2.6144690666789523
    ],
    [
      2.5745004474766584,
      2.596063806998584
    ],
    [
      2.5273423115240194,
      2.585124554208169
    ],
    [
      2.521859117051516,
      2.520724549306759
    ],
    [
      2.581071353684492,
      2.497943112876471
    ],
    [
      2.4414665154153505,
      2.521358281757641
    ],
    [
      2.460077579524662,
      2.3569968011033335
    ],
    [
      2.2862354947814842,
      2.3959582014326415
    ],
    [
      2.204257246111814,
      2.224005466926768
    ],
    [
      2.1773077271773102,
      2.215645983751165
    ],
    [
      2.1755175447196153,
      2.117907566833703
    ],
    [
      2.0323402454267208,
      2.094228444485369
    ],
    [
      2.038158442412782,
      2.0478276905502044
    ],
    [
      2.0045340415018256,
      2.009636955893918
    ],
    [
      1.917150550686237,
      2.0745077712761635
    ],
    [
      1.7999260136923727,
      1.8955687239939627
    ],
    [
      1.7751124131745024,
      1.948622379028012
    ],
    [
      1.7096757793515662,
      1.760300561869843
    ],
    [
      1.6162852102845306,
      1.7820830034598494
    ],
    [
      1.3779236760491962,
      1.612735411580361
    ],
    [
      1.463789014230923,
      1.676342031350343
    ],
    [
      1.3246380815337488,
      1.6049136838781237
    ],
    [
      1.3018683221165062,
      1.4922329751556174
    ],
    [
      1.3098196822160963,
      1.3653254620959885
    ],
    [
      1.1961042605170966,
      1.2855569633687178
    ],
    [
      1.1391016804272036,
      1.3083732485065322
    ],
    [
      1.13854392150243,
      1.291578619893617
    ],
    [
      1.0003533260226456,
      1.0884154254857226
    ],
    [
      0.9032484199650722,
      1.0899373778851857
    ],
    [
      0.8719663011362622,
      0.9901828516790476
    ],
    [
      0.8152088808056503,
      1.004640726403892
    ],
    [
      0.7047880095831701,
      0.9532106029441927
    ],
    [
      0.7228945726345012,
      0.9763750673372377
    ],
    [
      0.6434176006067547,
      0.7635932565684824
    ],
    [
      0.5897432115659166,
      0.7562345417012275
    ],
    [
      0.5654511865201866,
      0.76142230881371
    ],
    [
      0.46729251563762453,
      0.6034452142700573
    ],
    [
      0.4147080437591585,
      0.6572045912805972
    ],
    [
      0.4337998373968039,
      0.6572006911723285
    ],
    [
      0.3690453933742968,
      0.6015157069176018
    ],
    [
      0.4050134047116261,
      0.5603602293982205
    ],
    [
      0.3734285044930959,
      0.49497049240206686
    ],
    [
      0.3810806553674165,
      0.45438464931159595
    ],
    [
      0.3863780382104228,
      0.41288860798153615
    ],
    [
      0.37692201747570236,
      0.34456542643831767
    ],
    [
      0.4087470007779319,
      0.34744881324978877
    ],
    [
      0.41589645103675904,
      0.3872212188647209
    ],
    [
      0.3323039304267396,
      0.35158177201983865
    ],
    [
      0.39353882948037405,
      0.38485421829263056
    ],
    [
      0.5598702167239819,
      0.4023362775629477
    ],
    [
      0.37386424727072487,
      0.2966197943421006
    ]
  ],
  "complexity": 0.3280664931413606
}