{
  "id": 3718,
  "wedge_count": 3,
  "parameters": {
    "rotation_speeds": [
      1.6677640621661904,
      -0.4647370058044258,
      2.165362721355388
    ],
    "phi_x": [
      11.453570819266975,
      13.944761178254506,
      8.406068247222052
    ],
    "phi_y": [
      -6.033844234159416,
      -13.456025093021134,
      13.373867264341524
    ],
    "distances": [
      1.0,
      2.586734833433439,
      3.353215870168592,
      6.4217033217834425
    ],
    "refractive_indices": [
      1.0,
      1.5,
      1.5,
      1.5,
      1.0
    ],
    "wedgenum": 3
  },
  "pattern": [
    [
      2.7765303362242375,
      2.660207542667762
    ],
    [
      2.8808801639823605,
      2.787542795039978
    ],
    [
      2.857703703641644,
      2.8000354099027915
    ],
    [
      2.991391816017477,
      2.8582715438456767
    ],
    [
      2.9036796656162522,
      2.939615359633948
    ],
    [
      2.93603024189864,
      2.9065497654150594
    ],
    [
      2.9967737904667526,
      2.8531936996641942
    ],
    [
      2.8822462433556693,
      2.9421702003180705
    ],
    [
      2.9804680459657655,
      3.0150173430132163
    ],
    [
      2.958590953946936,
      3.028877380814572
    ],
    [
      2.932625572827747,
      2.9956991497689502
    ],
    [
      2.90531015926841,
      2.980379093272808
    ],
    [
      2.9499050722041082,
      2.9395078538044617
    ],
    [
      2.8449512865278583,
      2.891183207226292
    ],
    [
      2.7284321968642895,
      2.869439544179741
    ],
    [
      2.7407569139902788,
      2.7837683970626266
    ],
    [
      2.724980922269153,
      2.7802338816112506
    ],
    [
      2.6660135312335393,
      2.6829130129981107
    ],
    [
      2.442973978864659,
      2.65037694221525
    ],
    [
      2.4412952070003,
      2.5301012612229523
    ],
    [
      2.28947955945744,
      2.53935018198237
    ],
    [
      2.2526084072420023,
      2.3640387779983216
    ],
    [
      2.090878034560911,
      2.393759540475953
    ],
    [
      1.987490690929682,
      2.196691587876312
    ],
    [
      1.9923803373037556,
      2.204721601375567
    ],
    [
      1.7169602462886446,
      2.0001165225268513
    ],
    [
      1.5990458395549032,
      1.9811809878909241
    ],
    [
      1.5541010741622323,
      1.8889031981799902
    ],
    [
      1.3423838646203914,
      1.6945784834909932
    ],
    [
      1.120041796020806,
      1.6342489180949527
    ],
    [
      1.0418494404602512,
      1.501689198517193
    ],
    [
      0.8830916504292509,
      1.3402318754899045
    ],
    [
      0.7810020601985392,
      1.2245767127103233
    ],
    [
      0.6300786434507226,
      1.0821241354103353
    ],
    [
      0.4224170396889572,
      0.8513432138585655
    ],
    [
      0.23660726665039591,
      0.8198949218471219
    ],
    [
      0.16072542450296634,
      0.7089398161929038
    ],
    [
      0.07667229380612772,
      0.5079000692285313
    ],
    [
      -0.0180797622453078,
      0.3398054579876967
    ],
    [
      -0.19664318859545962,
      0.24832455399918313
    ],
    [
      -0.3507742193242559,
      0.1873638811930291
    ],
    [
      -0.5534063379989771,
      -0.06374005523083448
    ],
    [
      -0.6759545614700505,
      -0.1268660460512076
    ],
    [
      -0.7731381812009671,
      -0.3046848744584417
    ],
    [
      -0.8698425031134364,
      -0.34371107018287533
    ],
    [
      -1.0534116887472846,
      -0.48992239413756833
    ],
    [
      -1.1249076820149388,
      -0.5532567821725712
    ],
    [
      -1.2208945205265798,
      -0.7155538676047505
    ],
    [
      -1.4129684105668208,
      -0.7638424507909365
    ],
    [
      -1.3153250190151378,
      -0.9283642483816195
    ],
    [
      -1.3949977657106711,
      -0.9442190569771076
    ],
    [
      -1.591612291440096,
      -1.073184414604484
    ],
    [
      -1.583331584785199,
      -1.2806983595971193
    ],
    [
      -1.6900771087613757,
      -1.3472383976796898
    ],
    [
      -1.6650542246979623,
      -1.3879207841922703
    ],
    [
      -1.6869863730902097,
      -1.414430864318867
    ],
    [
      -1.728988156553825,
      -1.5389383462497548
    ],
    [
      -1.8278551481079373,
      -1.6071177455420897
    ],
    [
      -1.8176287094977936,
      -1.5956338216202302
    ],
    [
      -1.7468360123590034,
      -1.63867035347032
    ]
  ],
  "complexity": 0.3836338388931126
}