{
  "id": 988,
  "wedge_count": 2,
  "parameters": {
    "rotation_speeds": [
      -1.9289227570098166,
      -2.0362077652634127
    ],
    "phi_x": [
      5.0693488870124135,
      -13.635260496322424
    ],
    "phi_y": [
      10.753761892761403,
      -8.45380841963783
    ],
    "distances": [
      1.0,
      3.220724354103398,
      2.8776803810292195
    ],
    "refractive_indices": [
      1.0,
      1.5,
      1.5,
      1.0
    ],
    "wedgenum": 2
  },
  "pattern": [
    [
      1.3495464789671454,
      1.3573452843488136
    ],
    [
      1.3072975597697454,
      1.279933749205551
    ],
    [
      1.2276436855237198,
      1.2150676467490253
    ],
    [
      1.0123557374321503,
      1.249955279205834
    ],
    [
      1.0174833241515309,
      1.0432481602005794
    ],
    [
      0.8854630066954426,
      0.8373911169853212
    ],
    [
      0.8426572808928571,
      0.8003555533962798
    ],
    [
      0.7308849581192244,
      0.852058089816152
    ],
    [
      0.5800466690855591,
      0.7098029463086888
    ],
    [
      0.50795950457547,
      0.4230291922996208
    ],
    [
      0.23894228376217078,
      0.43050624355503697
    ],
    [
      0.1491341545431448,
      0.31684872450457824
    ],
    [
      0.11604191515580829,
      0.22064111702684752
    ],
    [
      0.01899374967229553,
      0.1769058090680482
    ],
    [
      -0.20411622328943224,
      0.001268516976424586
    ],
    [
      -0.2573672553004906,
      -0.11626290593890382
    ],
    [
      -0.39259970855225934,
      -0.17663373703102672
    ],
    [
      -0.5408184891440755,
      -0.2639436323888324
    ],
    [
      -0.6238711375739792,
      -0.4430174795452472
    ],
    [
      -0.6517860289545133,
      -0.488702396133853
    ],
    [
      -0.7846227362771552,
      -0.5586127861331011
    ],
    [
      -0.8681734349134314,
      -0.6822965424989532
    ],
    [
      -0.9575774457631173,
      -0.6999314600431188
    ],
    [
      -1.056611737807777,
      -0.7975637781274827
    ],
    [
      -1.092055618378937,
      -0.9770213949646606
    ],
    [
      -1.2144912819722924,
      -1.0414251608675358
    ],
    [
      -1.248668473092251,
      -1.0233690518608243
    ],
    [
      -1.3643631934096194,
      -1.2148953239675535
    ],
    [
      -1.3301232469876347,
      -1.146377762932183
    ],
    [
      -1.4207663173327052,
      -1.324605559464616
    ],
    [
      -1.5152579933101848,
      -1.4135759609477117
    ],
    [
      -1.615797531048707,
      -1.406106590086815
    ],
    [
      -1.4973180036532785,
      -1.417783426564197
    ],
    [
      -1.5377944612353234,
      -1.3749447525128515
    ],
    [
      -1.5768418064306384,
      -1.4838362689638411
    ],
    [
      -1.5732621631055475,
      -1.4562243783905977
    ],
    [
      -1.5438137632518467,
      -1.524871651156613
    ],
    [
      -1.5472425541375727,
      -1.5095236774149694
    ],
    [
      -1.3817856726355942,
      -1.581442925619926
    ],
    [
      -1.5118260753213733,
      -1.5957451608233708
    ],
    [
      -1.4492340846418543,
      -1.5970767225830929
    ],
    [
      -1.377037080250942,
      -1.6297853982643258
    ],
    [
      -1.3993307256173093,
      -1.5047324253310332
    ],
    [
      -1.2344615482809431,
      -1.5056367880928307
    ],
    [
      -1.2209170322520286,
      -1.507660060231478
    ],
    [
      -1.1954646382733496,
      -1.3963036600972727
    ],
    [
      -1.0740691874127584,
      -1.3379165721521014
    ],
    [
      -1.0341311703820903,
      -1.3071660911127803
    ],
    [
      -0.9195318666848422,
      -1.2506326948301607
    ],
    [
      -0.8707913888391963,
      -1.1391061256499397
    ],
    [
      -0.7502552453447944,
      -1.0544088786310797
    ],
    [
      -0.6927474893823387,
      -0.9990398423764105
    ],
    [
      -0.6178355340190799,
      -0.8920251758451825
    ],
    [
      -0.46777075048705713,
      -0.9079956952064621
    ],
    [
      -0.3458686749119663,
      -0.8184611095742996
    ],
    [
      -0.2899465967782623,
      -0.8181804340238688
    ],
    [
      -0.223267912368104,
      -0.6851456915698967
    ],
    [
      -0.08711170157451979,
      -0.5474010573099389
    ],
    [
      -0.023954946893037267,
      -0.5428477932032681
    ],
    [
      0.07609830498145466,
      -0.39081950716366926
    ]
  ],
  "complexity": 0.28477904939055215
}