{
  "id": 1157,
  "wedge_count": 2,
  "parameters": {
    "rotation_speeds": [
      2.853860939023356,
      0.10821196576913028
    ],
    "phi_x": [
      9.40148009690348,
      8.73092889442562
    ],
    "phi_y": [
      -9.326040508452394,
      1.3689176773509608
    ],
    "distances": [
      1.0,
      7.145393079153255,
      3.907422227273433
    ],
    "refractive_indices": [
      1.0,
      1.5,
      1.5,
      1.0
    ],
    "wedgenum": 2
  },
  "pattern": [
    [
      1.2230654727474222,
      1.1999535280266853
    ],
    [
      1.2772380904478204,
      1.2532949755078104
    ],
    [
      1.3281115767499165,
      1.3153314325981917
    ],
    [
      1.3067935720550954,
      1.3398622853764781
    ],
    [
      1.397364247170407,
      1.3688657047145276
    ],
    [
      1.432344766087119,
      1.3289000738571723
    ],
    [
      1.4279632481614062,
      1.3362499258740026
    ],
    [
      1.405911636503179,
      1.372685832788838
    ],
    [
      1.4540727900544053,
      1.51877088310638
    ],
    [
      1.4497865498960332,
      1.5017733114348901
    ],
    [
      1.5110583017687518,
      1.385282718308711
    ],
    [
      1.4739150455880956,
      1.4864767730091049
    ],
    [
      1.5450513125451022,
      1.4980110812403389
    ],
    [
      1.4905875757589737,
      1.542006157321151
    ],
    [
      1.4940903247254558,
      1.4716964173131608
    ],
    [
      1.4557958234332276,
      1.4926599541678334
    ],
    [
      1.475807166738655,
      1.5083570940149416
    ],
    [
      1.473114940245761,
      1.5057968175107614
    ],
    [
      1.3835263470872534,
      1.4965283158884595
    ],
    [
      1.356795769373674,
      1.438391527681302
    ],
    [
      1.330057466162943,
      1.4444741952462576
    ],
    [
      1.3057471561938894,
      1.3986800441978187
    ],
    [
      1.253702029794875,
      1.294522737536264
    ],
    [
      1.2006318535140572,
      1.2823564427498386
    ],
    [
      1.1197132435661898,
      1.2620781191861248
    ],
    [
      1.0810989981160861,
      1.206269735504561
    ],
    [
      1.0864098669534639,
      1.1999528749800334
    ],
    [
      0.9928710976871344,
      1.1501464304325
    ],
    [
      0.9353646571063737,
      1.1549611229779724
    ],
    [
      0.8444996930977269,
      1.0132074521233632
    ],
    [
      0.7955773607746497,
      0.9743546181383297
    ],
    [
      0.7844099934939285,
      0.9197787175273973
    ],
    [
      0.6094550950229255,
      0.8530493217418565
    ],
    [
      0.5880722838963874,
      0.8466961890934726
    ],
    [
      0.5255119602676842,
      0.7774243546666745
    ],
    [
      0.3858530628119006,
      0.6917664821274278
    ],
    [
      0.2998130022108443,
      0.6676536562395884
    ],
    [
      0.3177578745355382,
      0.5512638506286515
    ],
    [
      0.2201451110533991,
      0.4719388193751988
    ],
    [
      0.15105147025438737,
      0.4679266016290097
    ],
    [
      0.10322507903006702,
      0.3375407905255599
    ],
    [
      0.04818780096494792,
      0.2988544239806922
    ],
    [
      -0.03757772413560688,
      0.24240340031092736
    ],
    [
      -0.0561292585389918,
      0.16636055326142696
    ],
    [
      -0.09260845074370765,
      0.0880903490092953
    ],
    [
      -0.2118654315634883,
      0.08526213150727657
    ],
    [
      -0.1473011716980598,
      0.10253405074135864
    ],
    [
      -0.2122535254124807,
      -0.04988796555687094
    ],
    [
      -0.3384167813515518,
      -0.12569143966670315
    ],
    [
      -0.33414647613238097,
      -0.2248952641617296
    ],
    [
      -0.3681988326962489,
      -0.14367473381892742
    ],
    [
      -0.4004266750561031,
      -0.22621266027564368
    ],
    [
      -0.4344338431279305,
      -0.2485024807642362
    ],
    [
      -0.41935251589968114,
      -0.3844182123883713
    ],
    [
      -0.4563585592028072,
      -0.2873825830788391
    ],
    [
      -0.4563878562843756,
      -0.3930330532322537
    ],
    [
      -0.3968551545705302,
      -0.4126549134976546
    ],
    [
      -0.5177556691257368,
      -0.44187571264437564
    ],
    [
      -0.43412735729523877,
      -0.5276079604097494
    ],
    [
      -0.39786998435064563,
      -0.4690011704738068
    ]
  ],
  "complexity": 0.2603853736372445
}