{
  "id": 3607,
  "wedge_count": 5,
  "parameters": {
    "rotation_speeds": [
      -2.4733090970059077,
      -0.011750125496468478,
      -1.1699146815608747,
      -1.2809496635142852,
      2.3376046958357755
    ],
    "phi_x": [
      -5.138858051507697,
      10.229799965083131,
      -2.1571348850010903,
      8.140942752477368,
      8.23040395315477
    ],
    "phi_y": [
      -5.327398855611598,
      11.926095074202323,
      -13.992811466192471,
      -2.5991892856529955,
      6.239522772768755
    ],
    "distances": [
      1.0,
      4.034604452453568,
      6.918021077202452,
      4.438412768659719,
      4.437709908484049,
      2.877478280557412
    ],
    "refractive_indices": [
      1.0,
      1.5,
      1.5,
      1.5,
      1.5,
      1.5,
      1.0
    ],
    "wedgenum": 5
  },
  "pattern": [
    [
      3.0647833689263053,
      2.9270491575934567
    ],
    [
      2.8114737536658896,
      2.880171459884722
    ],
    [
      2.8093762853226854,
      2.9440197010912685
    ],
    [
      2.7589424247102348,
      2.8642258245870758
    ],
    [
      2.7171771828015174,
      2.6820989595624254
    ],
    [
      2.5499248152809573,
      2.648197031946118
    ],
    [
      2.5335867321220067,
      2.627414380795001
    ],
    [
      2.360193709486377,
      2.564980747323792
    ],
    [
      2.40417246250998,
      2.378111016824868
    ],
    [
      2.207345136694404,
      2.2639473228445235
    ],
    [
      2.095886960837208,
      2.3186794660275947
    ],
    [
      2.039477658574292,
      2.1845390757823986
    ],
    [
      1.8500572360956729,
      2.0151556946462725
    ],
    [
      1.7496593233087845,
      1.9665840139728732
    ],
    [
      1.6794886212125535,
      1.9141744766502193
    ],
    [
      1.602647317038949,
      1.7627957245820207
    ],
    [
      1.4743461029084826,
      1.6695671649377033
    ],
    [
      1.3460489581846435,
      1.4917467446974728
    ],
    [
      1.100808759574144,
      1.426983767618119
    ],
    [
      1.0758114149911562,
      1.3784118192577648
    ],
    [
      1.0522441700362934,
      1.2531346795047889
    ],
    [
      0.928526505232599,
      1.1324327954022417
    ],
    [
      0.8371566300952964,
      1.0146081958519868
    ],
    [
      0.7058032856831312,
      0.8571626644058614
    ],
    [
      0.6579873125429283,
      0.804788792222448
    ],
    [
      0.45125556961631463,
      0.7459344401629968
    ],
    [
      0.23713779523229817,
      0.6386151131461237
    ],
    [
      0.19773678084491114,
      0.5161572931575991
    ],
    [
      0.14949803458431407,
      0.39027795782854136
    ],
    [
      0.10796098676542258,
      0.28064880033266637
    ],
    [
      -0.05660429689108671,
      0.11007705854150239
    ],
    [
      -0.12596061916323298,
      0.11300124309401491
    ],
    [
      -0.19102810082581753,
      0.06118085203427019
    ],
    [
      -0.30830206588124165,
      -0.0001651018034082366
    ],
    [
      -0.4335224579305168,
      -0.07310854421888045
    ],
    [
      -0.4590426037810943,
      -0.2188190584029216
    ],
    [
      -0.501689524450518,
      -0.34456430054092063
    ],
    [
      -0.619942473826048,
      -0.38489469474088284
    ],
    [
      -0.6908081590268047,
      -0.38460907755948415
    ],
    [
      -0.6871129631948296,
      -0.46827084430976706
    ],
    [
      -0.7302403839031141,
      -0.5160120392141627
    ],
    [
      -0.7401181365669223,
      -0.5626663178661977
    ],
    [
      -0.8458666383058862,
      -0.7094429475085886
    ],
    [
      -0.784638751385248,
      -0.7281590215739789
    ],
    [
      -0.9385381085393842,
      -0.685335707046572
    ],
    [
      -0.7807731682584618,
      -0.8792325367799886
    ],
    [
      -0.8701107956100166,
      -0.8457024832573334
    ],
    [
      -0.8585532706645848,
      -0.9493873562997267
    ],
    [
      -0.9317250088158239,
      -0.8759099986717102
    ],
    [
      -0.8974961456130828,
      -0.8491577113140001
    ],
    [
      -0.8187661615746668,
      -0.8600473667087637
    ],
    [
      -0.8748101288824349,
      -1.035620611771203
    ],
    [
      -0.7581371259539111,
      -0.9620223594304964
    ],
    [
      -0.8298093338740882,
      -0.9812143974197013
    ],
    [
      -0.7235562409367995,
      -1.0119083653823866
    ],
    [
      -0.8027157103864258,
      -0.9235006071360433
    ],
    [
      -0.61227222423038,
      -0.9825553567023525
    ],
    [
      -0.7847249760754547,
      -0.9047648619596159
    ],
    [
      -0.5894500564915152,
      -0.9195911157019129
    ],
    [
      -0.49518618679980114,
      -0.8828507805671076
    ]
  ],
  "complexity": 0.30808771156404463
}