{
  "id": 2136,
  "wedge_count": 5,
  "parameters": {
    "rotation_speeds": [
      -1.311378877694155,
      -2.2877349106559324,
      1.8653853021067714,
      0.6820078857395373,
      -2.6070974186507456
    ],
    "phi_x": [
      -13.29205538424815,
      9.102771622870552,
      6.110968697660734,
      -3.0480697046266982,
      -12.704600735089286
    ],
    "phi_y": [
      -3.619915728775556,
      -4.485603836528874,
      -9.919169730428703,
      1.4482159583570642,
      0.7624718861343176
    ],
    "distances": [
      1.0,
      7.918929991258502,
      4.473289103827123,
      6.67585894432392,
      5.655895500056115,
      2.1370305561562875
    ],
    "refractive_indices": [
      1.0,
      1.5,
      1.5,
      1.5,
      1.5,
      1.5,
      1.0
    ],
    "wedgenum": 5
  },
  "pattern": [
    [
      3.0500242578675745,
      3.1172953746656518
    ],
    [
      3.023092032338335,
      3.1492724864890174
    ],
    [
      3.160984143513985,
      3.1026990538327053
    ],
    [
      3.1101965010539145,
      3.1803056751492633
    ],
    [
      3.192313621489343,
      3.3092153482731823
    ],
    [
      3.185339174294548,
      3.1571219951163454
    ],
    [
      3.279250633831943,
      3.1624831603193297
    ],
    [
      3.0331329444454034,
      3.1401555831884704
    ],
    [
      3.057503511476524,
      3.0966911978588345
    ],
    [
      3.001408604975174,
      3.1186030930103423
    ],
    [
      3.0287279874539594,
      3.1240885843505994
    ],
    [
      2.9323697894638943,
      3.0492794469642623
    ],
    [
      2.989707493693343,
      2.9569287938976476
    ],
    [
      2.8424129811101757,
      2.9886850985976166
    ],
    [
      2.8273231057147004,
      2.9480972440259645
    ],
    [
      2.8260701439902354,
      2.8970108148112397
    ],
    [
      2.5720074778501587,
      2.838946203026674
    ],
    [
      2.5348243438426006,
      2.6588449690811475
    ],
    [
      2.4210264103580124,
      2.6264511294211994
    ],
    [
      2.1771725349296136,
      2.5718580328120266
    ],
    [
      2.192072408164608,
      2.4191163239791575
    ],
    [
      2.1123301541048733,
      2.351876063469386
    ],
    [
      2.0157975961140666,
      2.261428351261272
    ],
    [
      1.819739556215296,
      2.079838878962705
    ],
    [
      1.5926455113534042,
      1.9595949544903501
    ],
    [
      1.5665142935418825,
      1.8998490955159002
    ],
    [
      1.412778456439913,
      1.9228731101860486
    ],
    [
      1.2877912907120104,
      1.4935936149650064
    ],
    [
      1.197186719068611,
      1.481659041240086
    ],
    [
      0.8725441378769889,
      1.3691740110501995
    ],
    [
      0.8303423199395767,
      1.2321989254310752
    ],
    [
      0.6400218096547012,
      1.1148114310340431
    ],
    [
      0.5418724082869659,
      0.9910025042059398
    ],
    [
      0.37998840762222647,
      0.8737948590361354
    ],
    [
      0.165576242060261,
      0.6851820168239382
    ],
    [
      0.08190333393800944,
      0.45394739594990074
    ],
    [
      -0.09879934325449452,
      0.42370091999143317
    ],
    [
      -0.2828450207277144,
      0.25467977770034583
    ],
    [
      -0.43047857250320787,
      0.05447051951682087
    ],
    [
      -0.5537888562019675,
      -0.07562081679451242
    ],
    [
      -0.7099850401367929,
      -0.10581680165373461
    ],
    [
      -0.8146757772713278,
      -0.31965642698814295
    ],
    [
      -0.9878608123792039,
      -0.4618556275645099
    ],
    [
      -1.1034228836352533,
      -0.5004458860590115
    ],
    [
      -1.29456326489807,
      -0.772492545765704
    ],
    [
      -1.438486432828957,
      -0.8344981769117022
    ],
    [
      -1.501981106604739,
      -0.9505404668598469
    ],
    [
      -1.6323892669429103,
      -1.0162339922096357
    ],
    [
      -1.7324845188455578,
      -1.2276297750367688
    ],
    [
      -1.880267791840572,
      -1.2252613210791914
    ],
    [
      -2.0097008538329355,
      -1.3238922256425198
    ],
    [
      -2.0908171354351817,
      -1.580115657447545
    ],
    [
      -2.057341488810515,
      -1.5857753456853727
    ],
    [
      -2.1477218055350074,
      -1.7266552721458661
    ],
    [
      -2.234170815913378,
      -1.7990628485987754
    ],
    [
      -2.278642183418133,
      -1.894508805071617
    ],
    [
      -2.31245578257795,
      -1.906298381151448
    ],
    [
      -2.409225603171629,
      -1.9077665620513564
    ],
    [
      -2.481651820950417,
      -2.011366151395287
    ],
    [
      -2.420820143628335,
      -2.1235213309709273
    ]
  ],
  "complexity": 0.40570240582428413
}