{
  "id": 479,
  "wedge_count": 4,
  "parameters": {
    "rotation_speeds": [
      -1.613001569635334,
      -1.8226049895820333,
      -2.961277787391233,
      -2.7846120857834205
    ],
    "phi_x": [
      -9.736301637445958,
      14.876477522926692,
      -0.19709130859745194,
      11.255426815485855
    ],
    "phi_y": [
      -12.610268523420343,
      -5.0716403443171245,
      4.408663123132719,
      13.463444516884472
    ],
    "distances": [
      1.0,
      7.592781724243109,
      6.002064951105874,
      7.800971485006162,
      5.339819996663189
    ],
    "refractive_indices": [
      1.0,
      1.5,
      1.5,
      1.5,
      1.5,
      1.0
    ],
    "wedgenum": 4
  },
  "pattern": [
    [
      2.9673141267698098,
      3.0113272881592965
    ],
    [
      2.9309751163781783,
      2.945714988318623
    ],
    [
      2.816469918014381,
      2.8829670040721886
    ],
    [
      2.775289184667731,
      2.7454661660129394
    ],
    [
      2.6199084826810344,
      2.6427822319865295
    ],
    [
      2.474314854378083,
      2.5122172048936244
    ],
    [
      2.3042651221281436,
      2.340602386482302
    ],
    [
      2.240279633987488,
      2.2912914719578468
    ],
    [
      2.0797920271180006,
      2.1604994640628217
    ],
    [
      1.8883004719611995,
      2.0025634526768483
    ],
    [
      1.8404694660656393,
      1.9248110872853013
    ],
    [
      1.6578379348761354,
      1.8028321605827533
    ],
    [
      1.5204503397295162,
      1.5765195028093282
    ],
    [
      1.3645672838936185,
      1.4609250773834552
    ],
    [
      1.1550177669700468,
      1.2448530978946497
    ],
    [
      1.0246597025899282,
      1.113822689636854
    ],
    [
      0.8625276031844034,
      0.9349858634649771
    ],
    [
      0.6926003010579989,
      0.8517676171088397
    ],
    [
      0.529405648774577,
      0.6650547760095981
    ],
    [
      0.379319312541102,
      0.4942063847434884
    ],
    [
      0.22416987245276748,
      0.4167492023873291
    ],
    [
      -0.009901523039305596,
      0.28143593527821026
    ],
    [
      -0.21203762734087553,
      0.141183560297302
    ],
    [
      -0.29227180471111786,
      -0.018839446463690193
    ],
    [
      -0.3790943937035982,
      -0.19163387388474995
    ],
    [
      -0.5970600813105555,
      -0.2863998478993659
    ],
    [
      -0.711678630243435,
      -0.523483818916385
    ],
    [
      -0.9131122738461038,
      -0.7354810270303203
    ],
    [
      -1.0049134308415615,
      -0.7493070689791789
    ],
    [
      -1.2003976092282829,
      -0.8178073862096857
    ],
    [
      -1.2390441662595557,
      -1.1235675814734476
    ],
    [
      -1.442864416710774,
      -1.139450762013457
    ],
    [
      -1.5839280304877938,
      -1.2580726284075143
    ],
    [
      -1.6841801942538848,
      -1.3759261607449538
    ],
    [
      -1.7570745489048474,
      -1.4312167800874502
    ],
    [
      -1.8735131953983415,
      -1.646823670407738
    ],
    [
      -1.8717549707453007,
      -1.626301092583882
    ],
    [
      -2.0070182163002146,
      -1.6428961662554131
    ],
    [
      -2.102884889750022,
      -1.7761070753350499
    ],
    [
      -2.232976410411749,
      -1.9023975427973714
    ],
    [
      -2.3241965891515597,
      -2.027928498582113
    ],
    [
      -2.4066292849610313,
      -2.0717442678950433
    ],
    [
      -2.3828518149392655,
      -2.0536299684694033
    ],
    [
      -2.3426033478101456,
      -2.163124279026525
    ],
    [
      -2.3879497843041784,
      -2.129396804777656
    ],
    [
      -2.3803314491749332,
      -2.270120654959464
    ],
    [
      -2.3188745445748746,
      -2.288568550583412
    ],
    [
      -2.492633121646209,
      -2.357327796559113
    ],
    [
      -2.4465005643850186,
      -2.3606930654005494
    ],
    [
      -2.3769460452753934,
      -2.3210374553397077
    ],
    [
      -2.367197313024219,
      -2.4521944162196108
    ],
    [
      -2.3809847260373562,
      -2.3504200189446864
    ],
    [
      -2.374830158937675,
      -2.3842817571674217
    ],
    [
      -2.3430233677875756,
      -2.381013456650125
    ],
    [
      -2.1813925293965295,
      -2.3215599652871624
    ],
    [
      -2.229382557281388,
      -2.324189744648314
    ],
    [
      -2.1843069334228207,
      -2.2698756725807114
    ],
    [
      -2.1242176075942183,
      -2.2675004542307957
    ],
    [
      -2.130284555125633,
      -2.233416388683891
    ],
    [
      -2.082145827158653,
      -2.3061361635887447
    ]
  ],
  "complexity": 0.38990916113172586
}