{
  "id": 2028,
  "wedge_count": 4,
  "parameters": {
    "rotation_speeds": [
      -2.1447988861458303,
      2.626875007989467,
      -2.747602879657654,
      -2.4089280800898996
    ],
    "phi_x": [
      12.490394746073761,
      -11.11354320985751,
      -7.51094719481106,
      10.270421853556574
    ],
    "phi_y": [
      10.957563228939339,
      4.005758557389576,
      -5.27953395517539,
      -8.015368554802329
    ],
    "distances": [
      1.0,
      6.094687560213252,
      4.435825036167518,
      4.754869139221062,
      3.1055471795512672
    ],
    "refractive_indices": [
      1.0,
      1.5,
      1.5,
      1.5,
      1.5,
      1.0
    ],
    "wedgenum": 4
  },
  "pattern": [
    [
      3.176054461890615,
      3.035313950128909
    ],
    [
      2.9889729438566226,
      3.0270665509655545
    ],
    [
      2.9737507693463896,
      3.009876981490758
    ],
    [
      2.8767534363119704,
      2.8253581900461735
    ],
    [
      2.849308035623328,
      2.898882248948142
    ],
    [
      2.694224922869568,
      2.7786374885779863
    ],
    [
      2.6766080697422208,
      2.5995650428344836
    ],
    [
      2.5582833831894445,
      2.5719501654286248
    ],
    [
      2.2763649629292586,
      2.391372405167355
    ],
    [
      2.1667628890491,
      2.3307925026161382
    ],
    [
      2.027498501613914,
      2.2238292217495745
    ],
    [
      1.967563614236764,
      2.02266366052855
    ],
    [
      1.7438490887384699,
      1.922966530026418
    ],
    [
      1.6071775898922884,
      1.7542612495556829
    ],
    [
      1.4447009589997968,
      1.6214821249152385
    ],
    [
      1.095093361225064,
      1.4129465191861788
    ],
    [
      1.0093822023237182,
      1.3905829451762401
    ],
    [
      0.8182016379760683,
      1.1642800102307993
    ],
    [
      0.6353346181732772,
      0.9649092557259655
    ],
    [
      0.3865270178535511,
      0.7833370332492716
    ],
    [
      0.358845152468676,
      0.5767005973509556
    ],
    [
      0.15046281716062795,
      0.3641016535888067
    ],
    [
      -0.09781468421580054,
      0.2027912148050465
    ],
    [
      -0.25149018638276516,
      0.06691361793143959
    ],
    [
      -0.5157548801098785,
      -0.10847818177024911
    ],
    [
      -0.8173850790519923,
      -0.3033215296299274
    ],
    [
      -0.9060763264045553,
      -0.44665372900430916
    ],
    [
      -1.0837047009616305,
      -0.6008220027952939
    ],
    [
      -1.2626294275855954,
      -0.7838689705957758
    ],
    [
      -1.3973963779688428,
      -0.9521785397185974
    ],
    [
      -1.6235466352745642,
      -1.0621438240754784
    ],
    [
      -1.6633593620496343,
      -1.3205654786730507
    ],
    [
      -1.9226840720409701,
      -1.4516805249745524
    ],
    [
      -1.9820799715619364,
      -1.5817998459074016
    ],
    [
      -2.170411414214504,
      -1.735499331497192
    ],
    [
      -2.3446166706408,
      -1.7827574591269986
    ],
    [
      -2.357762718986449,
      -1.9953751437613403
    ],
    [
      -2.5959245733652914,
      -2.170816153516878
    ],
    [
      -2.682556768632438,
      -2.259802852843348
    ],
    [
      -2.7340476984600004,
      -2.3259706916165017
    ],
    [
      -2.869154552639631,
      -2.4035920322065802
    ],
    [
      -2.9056971261830156,
      -2.5260477048424987
    ],
    [
      -2.9180918478446625,
      -2.576154774586946
    ],
    [
      -2.9208561124764802,
      -2.7710594353780804
    ],
    [
      -3.0598712817174256,
      -2.7720933358591395
    ],
    [
      -3.03710152809823,
      -2.8773045900013203
    ],
    [
      -3.1050767998706497,
      -2.9204481379297587
    ],
    [
      -3.078001657721503,
      -2.897333463001116
    ],
    [
      -3.0506987829756746,
      -3.010063857828018
    ],
    [
      -3.0019211201705533,
      -3.0083681085898983
    ],
    [
      -2.954373117659099,
      -2.9802595461760686
    ],
    [
      -2.923287210476608,
      -2.9953256872003493
    ],
    [
      -2.7985294569214636,
      -3.1262780701637065
    ],
    [
      -2.8174287667111253,
      -2.99545991110492
    ],
    [
      -2.596420263830453,
      -2.9616366810274415
    ],
    [
      -2.576136090706697,
      -2.9701674449183906
    ],
    [
      -2.418087282369637,
      -2.8803820702155782
    ],
    [
      -2.4033842590343504,
      -2.826912221873091
    ],
    [
      -2.2963940890397443,
      -2.8520498736921707
    ],
    [
      -2.1693190743840485,
      -2.8172763010563475
    ]
  ],
  "complexity": 0.4234743566668953
}