{
  "id": 1675,
  "wedge_count": 5,
  "parameters": {
    "rotation_speeds": [
      -0.9638770481590839,
      -0.9253467340458905,
      -2.6165302592609017,
      -0.9940982839251671,
      0.9092924975740186
    ],
    "phi_x": [
      5.9235806806396845,
      -11.600773360252349,
      0.48265605384359844,
      -14.308914762882143,
      2.370909851027136
    ],
    "phi_y": [
      -3.6951554167247522,
      1.1602156247654172,
      10.862769049963394,
      -9.742668777092767,
      14.355016077256298
    ],
    "distances": [
      1.0,
      6.964218565419234,
      6.5348873417060105,
      3.2714266326692627,
      5.083183287447916,
      4.033044957365434
    ],
    "refractive_indices": [
      1.0,
      1.5,
      1.5,
      1.5,
      1.5,
      1.5,
      1.0
    ],
    "wedgenum": 5
  },
  "pattern": [
    [
      3.506644537031564,
      3.5727105197738838
    ],
    [
      3.4954516408135823,
      3.5227532854399164
    ],
    [
      3.4221355042777795,
      3.365238643178286
    ],
    [
      3.3590518115731456,
      3.3092362778232864
    ],
    [
      3.3783978787062234,
      3.2042357929725447
    ],
    [
      3.2925761670093414,
      3.184728594260331
    ],
    [
      3.3878636070652517,
      3.1270729933121983
    ],
    [
      3.184111288440438,
      3.1963907832977805
    ],
    [
      3.0895594984903885,
      3.0505812074647283
    ],
    [
      3.1023463100234983,
      2.925736347651072
    ],
    [
      2.9711363102002277,
      3.001912227810459
    ],
    [
      2.8640614058848275,
      2.8575495858310953
    ],
    [
      2.849533520913989,
      2.892592112036611
    ],
    [
      2.8232361581112406,
      2.787626392688772
    ],
    [
      2.6477494135365025,
      2.727109047138008
    ],
    [
      2.6155507125322965,
      2.6263957070560884
    ],
    [
      2.48861329986099,
      2.6674926822908707
    ],
    [
      2.4942242204194343,
      2.5307561817812303
    ],
    [
      2.426668447002397,
      2.4995585999142254
    ],
    [
      2.450159477773355,
      2.532634162472508
    ],
    [
      2.3244174067749226,
      2.4758500986039174
    ],
    [
      2.2876675222312968,
      2.321983667370405
    ],
    [
      2.304951964143132,
      2.2647280355371726
    ],
    [
      2.188265497630792,
      2.2178772340025272
    ],
    [
      2.058566680356551,
      2.2407667707199117
    ],
    [
      2.0625017698773633,
      2.0843119272342987
    ],
    [
      2.0401679431869284,
      2.021730800494122
    ],
    [
      1.9738411911357603,
      2.0170080428760917
    ],
    [
      1.9425701997974751,
      1.8627805304338463
    ],
    [
      1.9269857983969099,
      1.9078579927198374
    ],
    [
      1.849225536703876,
      1.9228059378810716
    ],
    [
      1.7517267092273063,
      1.9708813521831097
    ],
    [
      1.7069307019071878,
      1.7600423892349755
    ],
    [
      1.7490229318834503,
      1.8302934946633815
    ],
    [
      1.7053507718605616,
      1.7729714325204124
    ],
    [
      1.670234078302949,
      1.6680718126863043
    ],
    [
      1.6679918560262157,
      1.6479088179842283
    ],
    [
      1.5954181775028495,
      1.653133923838867
    ],
    [
      1.5688334943359785,
      1.5967555024153095
    ],
    [
      1.5626972473514327,
      1.6132375771171565
    ],
    [
      1.5404154619328987,
      1.5212002368991457
    ],
    [
      1.4828010086408507,
      1.6416853876724185
    ],
    [
      1.4694154661826095,
      1.5970088654768155
    ],
    [
      1.5235597908197263,
      1.5563448208323027
    ],
    [
      1.5400414106256681,
      1.5688316129069066
    ],
    [
      1.485785697321555,
      1.4854476393545781
    ],
    [
      1.3718295972813408,
      1.4857360269746194
    ],
    [
      1.4353914975904132,
      1.5265735382686696
    ],
    [
      1.312191747269784,
      1.466151539798309
    ],
    [
      1.362972689755924,
      1.4836391436675078
    ],
    [
      1.3309745660129029,
      1.506940326105425
    ],
    [
      1.3451561944672359,
      1.4379925561064935
    ],
    [
      1.2965100191414243,
      1.340174642678743
    ],
    [
      1.2213305281282936,
      1.4009764581516058
    ],
    [
      1.3018379953886632,
      1.2444406592553052
    ],
    [
      1.2350150415372647,
      1.3610337292248267
    ],
    [
      1.1200737200415722,
      1.2869801317478788
    ],
    [
      1.1530763997223987,
      1.2872395753272388
    ],
    [
      1.0602807755109358,
      1.2815921744969705
    ],
    [
      1.034521389592076,
      1.2876209874179994
    ]
  ],
  "complexity": 0.2959175990357484
}