{
  "id": 3517,
  "wedge_count": 3,
  "parameters": {
    "rotation_speeds": [
      0.6607675365023691,
      2.08746116134326,
      -0.22370360574998127
    ],
    "phi_x": [
      2.7780903568185167,
      2.9262305055996194,
      -12.544073278956116
    ],
    "phi_y": [
      6.12105383481466,
      14.427611599823987,
      9.31068352512763
    ],
    "distances": [
      1.0,
      4.969570638180267,
      5.938292710255966,
      6.384403476075049
    ],
    "refractive_indices": [
      1.0,
      1.5,
      1.5,
      1.5,
      1.0
    ],
    "wedgenum": 3
  },
  "pattern": [
    [
      1.6200008351524477,
      1.6639297748930897
    ],
    [
      1.6847735834890938,
      1.680924740537319
    ],
    [
      1.7740726678530658,
      1.7482238951378206
    ],
    [
      1.8129987094363411,
      1.8149463678132471
    ],
    [
      1.8450523938239323,
      1.8177135213372968
    ],
    [
      1.9911585056892802,
      1.9302086857405174
    ],
    [
      2.030490540880782,
      1.977475334671224
    ],
    [
      2.0172387338273325,
      1.906775037072445
    ],
    [
      2.1036786020032214,
      2.033286673636775
    ],
    [
      2.1343416728103515,
      2.133246083404758
    ],
    [
      2.2335979550790093,
      2.2012330282074064
    ],
    [
      2.19472021285308,
      2.145855410893573
    ],
    [
      2.292930547212881,
      2.220634458867726
    ],
    [
      2.2869017856624008,
      2.1676757909196835
    ],
    [
      2.187870988929834,
      2.1622022494071342
    ],
    [
      2.2716605807929193,
      2.3089965459075668
    ],
    [
      2.353913343906051,
      2.282523965907983
    ],
    [
      2.2633856585741907,
      2.336860568691388
    ],
    [
      2.327462074428624,
      2.39870274365777
    ],
    [
      2.3734598281238846,
      2.2583988937056194
    ],
    [
      2.2656831525761625,
      2.2465203499496056
    ],
    [
      2.2662719314157593,
      2.3018766642560067
    ],
    [
      2.2216099571301204,
      2.314832396826861
    ],
    [
      2.2198383955876038,
      2.320172156279408
    ],
    [
      2.2260861719293366,
      2.237395600601631
    ],
    [
      2.039051745099151,
      2.1751008389253745
    ],
    [
      2.1059039990342474,
      2.2246285412256506
    ],
    [
      2.0298216621130147,
      2.1409319590122804
    ],
    [
      1.8636769779699467,
      2.1253001689720805
    ],
    [
      1.9371742251713322,
      2.0744218734969797
    ],
    [
      1.8631906125616482,
      1.9551264035147187
    ],
    [
      1.8171265248046622,
      2.0563164397094282
    ],
    [
      1.6894898243472372,
      1.9059411323950282
    ],
    [
      1.6723992268804835,
      1.9773988327922203
    ],
    [
      1.5116766689608148,
      1.7144218263083204
    ],
    [
      1.509795250658807,
      1.7819194510544072
    ],
    [
      1.4178220986380041,
      1.6861873367143607
    ],
    [
      1.3196262289933074,
      1.6011503578683646
    ],
    [
      1.32340889139647,
      1.5210062201624108
    ],
    [
      1.1018494321709518,
      1.471601313863035
    ],
    [
      1.074981332555789,
      1.3922377181618333
    ],
    [
      1.037505583844163,
      1.2970550746884306
    ],
    [
      0.8845131758139535,
      1.2496243516684333
    ],
    [
      0.7518000043421955,
      1.0472092224894634
    ],
    [
      0.7718067031896864,
      1.1272866643751054
    ],
    [
      0.7481001560132409,
      0.9644507998700799
    ],
    [
      0.6695281736073799,
      0.9958088910600504
    ],
    [
      0.6189819802188015,
      0.9009712200630386
    ],
    [
      0.5542961068644516,
      0.8517622973127813
    ],
    [
      0.46205600749160486,
      0.7892372399672785
    ],
    [
      0.5095905703960935,
      0.7122583200839775
    ],
    [
      0.4242145252904105,
      0.7359606024012669
    ],
    [
      0.27537672911662586,
      0.6323824223666634
    ],
    [
      0.32880158900981354,
      0.5369043154613267
    ],
    [
      0.3152322648803235,
      0.6015619304410529
    ],
    [
      0.3600557800025007,
      0.4859229268752444
    ],
    [
      0.2509000748081626,
      0.47245640777360315
    ],
    [
      0.26772504895430554,
      0.38022634745916994
    ],
    [
      0.21757970511214714,
      0.37642202331456315
    ],
    [
      0.21029845360554705,
      0.29893500892967895
    ]
  ],
  "complexity": 0.2726800607497613
}