{
  "id": 1996,
  "wedge_count": 5,
  "parameters": {
    "rotation_speeds": [
      -1.816521522993029,
      -0.5528096068817532,
      -2.2416582248909536,
      2.1149349471339693,
      -1.3076460925111077
    ],
    "phi_x": [
      -2.150561533315482,
      9.75127209067226,
      -2.334755509149222,
      2.8978236056415945,
      -0.5907490006061025
    ],
    "phi_y": [
      -1.4895477308983693,
      11.278185826588956,
      -0.6114144247025415,
      -3.305308421274365,
      -7.412168525188201
    ],
    "distances": [
      1.0,
      2.0050736747043265,
      6.368515758424962,
      6.35855281071303,
      7.4055353646237005,
      2.952264104046783
    ],
    "refractive_indices": [
      1.0,
      1.5,
      1.5,
      1.5,
      1.5,
      1.5,
      1.0
    ],
    "wedgenum": 5
  },
  "pattern": [
    [
      1.770005048581852,
      1.8436296428835588
    ],
    [
      1.8155143217861618,
      1.654440698312817
    ],
    [
      1.865167829264399,
      1.6913882428653266
    ],
    [
      1.6717514975444856,
      1.6870307085934284
    ],
    [
      1.6937860024338265,
      1.6281718185058776
    ],
    [
      1.606580125897303,
      1.6033093565922247
    ],
    [
      1.6141880752183353,
      1.5960662673333792
    ],
    [
      1.664057929449915,
      1.604027438658295
    ],
    [
      1.6176170193851656,
      1.4278654598910419
    ],
    [
      1.4892747906056882,
      1.3841937603724968
    ],
    [
      1.3804602642903392,
      1.3832867697648974
    ],
    [
      1.3263106620765361,
      1.3163188566633897
    ],
    [
      1.312327231681824,
      1.3298108666184194
    ],
    [
      1.2670673425286205,
      1.254834886564926
    ],
    [
      1.1794916210240745,
      1.3287565964410337
    ],
    [
      1.156126053961874,
      1.1338614463903942
    ],
    [
      1.0359683942449438,
      1.0378483823020173
    ],
    [
      0.9474085938468264,
      0.9859865075062162
    ],
    [
      0.8792608620464758,
      0.89723300732322
    ],
    [
      0.7407971349746678,
      0.8927511087761008
    ],
    [
      0.6985960981012159,
      0.8875489286623807
    ],
    [
      0.7046843857561356,
      0.7226692536404176
    ],
    [
      0.6472236932066708,
      0.651638514923936
    ],
    [
      0.475923817010387,
      0.6191609309127099
    ],
    [
      0.4042530005416741,
      0.5582157751425649
    ],
    [
      0.44652614583304995,
      0.47629054027095763
    ],
    [
      0.29758432964351833,
      0.3850206953811751
    ],
    [
      0.19223136671347343,
      0.29906068624758064
    ],
    [
      0.09802922426099088,
      0.22154664035033056
    ],
    [
      0.03937772813926517,
      0.1953831898759348
    ],
    [
      0.04237131457641892,
      0.13056084234233606
    ],
    [
      -0.04790319196469657,
      0.05276442228446308
    ],
    [
      -0.08224672262357216,
      0.0112193804733388
    ],
    [
      -0.276707300789919,
      0.008439835450859898
    ],
    [
      -0.35014549953920604,
      -0.14185398654193423
    ],
    [
      -0.348072896583322,
      -0.20254398740231946
    ],
    [
      -0.43512064316492705,
      -0.25230014137755147
    ],
    [
      -0.48582550756231435,
      -0.3284126988378292
    ],
    [
      -0.5372962402245681,
      -0.3982166802914804
    ],
    [
      -0.6384783316484688,
      -0.4174236814585155
    ],
    [
      -0.7260664705146368,
      -0.4838419870871209
    ],
    [
      -0.699699977951367,
      -0.5564556215148473
    ],
    [
      -0.8121371554816095,
      -0.5967205919369394
    ],
    [
      -0.8376509570184831,
      -0.7014524677170396
    ],
    [
      -0.8732004650666899,
      -0.7168439065755022
    ],
    [
      -0.9832215454727855,
      -0.6886299593169859
    ],
    [
      -0.9451018590774706,
      -0.8292579555316969
    ],
    [
      -0.9556582589501655,
      -0.8634690453513977
    ],
    [
      -1.0082604633894907,
      -0.8399938994720649
    ],
    [
      -1.1182575712665617,
      -0.9007395873204518
    ],
    [
      -1.1070424147821496,
      -0.9394487481181778
    ],
    [
      -1.0711169156745644,
      -1.0126090570026087
    ],
    [
      -0.9720378161105276,
      -0.988727543849484
    ],
    [
      -1.1099166079152052,
      -0.9692287539282652
    ],
    [
      -1.1301041358631387,
      -0.9357760393407716
    ],
    [
      -1.1217888311063315,
      -1.1406849279743152
    ],
    [
      -1.1040205252762478,
      -1.0270102120384152
    ],
    [
      -1.163906983695713,
      -1.1632940593961472
    ],
    [
      -1.0628168713050015,
      -1.1866113608792652
    ],
    [
      -1.1251692347129212,
      -1.0733788886065265
    ]
  ],
  "complexity": 0.2712778117933235
}