{
  "id": 3741,
  "wedge_count": 1,
  "parameters": {
    "rotation_speeds": [
      -1.0338128147662662
    ],
    "phi_x": [
      -8.415942979104418
    ],
    "phi_y": [
      -7.916887902520458
    ],
    "distances": [
      1.0,
      7.007378022767862
    ],
    "refractive_indices": [
      1.0,
      1.5,
      1.0
    ],
    "wedgenum": 1
  },
  "pattern": [
    [
      0.5643436480759925,
      0.5726043990887356
    ],
    [
      0.5216315840721718,
      0.5245291516708566
    ],
    [
      0.4813555958246793,
      0.4904493089132765
    ],
    [
      0.43682611176628766,
      0.44277320203556825
    ],
    [
      0.3884275769519312,
      0.4084275524394736
    ],
    [
      0.34304201564167547,
      0.37325317240596323
    ],
    [
      0.29615482681785016,
      0.3223133248830922
    ],
    [
      0.2353745654964711,
      0.2608961304113961
    ],
    [
      0.1899375721696253,
      0.21783252424544153
    ],
    [
      0.13670781964040532,
      0.16854500423895502
    ],
    [
      0.08276743244983782,
      0.13039203941699218
    ],
    [
      0.03149660433216994,
      0.07797154357001063
    ],
    [
      -0.031138904927933343,
      0.038879055709394594
    ],
    [
      -0.07767099311589627,
      -0.013360299877582702
    ],
    [
      -0.1294028217587958,
      -0.061082654065954714
    ],
    [
      -0.17157750259151042,
      -0.11449920592179241
    ],
    [
      -0.22451007820355864,
      -0.14943301663843153
    ],
    [
      -0.2742932790277777,
      -0.1860580317142418
    ],
    [
      -0.3228410505932007,
      -0.2350031280489858
    ],
    [
      -0.36253630060804864,
      -0.2784384092988512
    ],
    [
      -0.40484890429552983,
      -0.3148910338684151
    ],
    [
      -0.44446637351357393,
      -0.36039114816217743
    ],
    [
      -0.48823535724734557,
      -0.40307901689925896
    ],
    [
      -0.5236171492508941,
      -0.43478455316285586
    ],
    [
      -0.5545571003736361,
      -0.47058058021387056
    ],
    [
      -0.5719000022107169,
      -0.4943202333878224
    ],
    [
      -0.6031429209618256,
      -0.5276361273697404
    ],
    [
      -0.6266908459592037,
      -0.5528656163556189
    ],
    [
      -0.6321505638301314,
      -0.575418484242491
    ],
    [
      -0.6544015109502489,
      -0.6000319131044868
    ],
    [
      -0.6611044087041751,
      -0.6184277246773345
    ],
    [
      -0.6730003737108082,
      -0.6324161396118547
    ],
    [
      -0.682408196528441,
      -0.6514596748986974
    ],
    [
      -0.6885146428414614,
      -0.6543464089985509
    ],
    [
      -0.6787910452075152,
      -0.6701353225329898
    ],
    [
      -0.6671206631247132,
      -0.6683749135550621
    ],
    [
      -0.6560095220331477,
      -0.672155362312295
    ],
    [
      -0.6494707521917682,
      -0.6682774138803388
    ],
    [
      -0.6394739578480931,
      -0.6655554439787615
    ],
    [
      -0.6117755094326219,
      -0.6568505234103796
    ],
    [
      -0.5887964962471662,
      -0.6463239319041978
    ],
    [
      -0.5758297477906287,
      -0.6345575379314548
    ],
    [
      -0.541845695154987,
      -0.6223994136203009
    ],
    [
      -0.5101239534859535,
      -0.6053683100722257
    ],
    [
      -0.4803369414602069,
      -0.5902304281669288
    ],
    [
      -0.4375089400671045,
      -0.5725924902136099
    ],
    [
      -0.4067234884050398,
      -0.541436312738913
    ],
    [
      -0.3746442727685567,
      -0.5129241220885359
    ],
    [
      -0.3354824436542475,
      -0.4858255680649782
    ],
    [
      -0.2998200528087425,
      -0.4562255746504452
    ],
    [
      -0.24837150059435845,
      -0.4275896006970858
    ],
    [
      -0.22239430486176132,
      -0.3915506737641826
    ],
    [
      -0.16649319126256637,
      -0.3635250573659599
    ],
    [
      -0.12048246828601426,
      -0.33617713920201925
    ],
    [
      -0.07634704119330729,
      -0.29612175126136236
    ],
    [
      -0.042206550288132166,
      -0.2553644720297684
    ],
    [
      0.006401490456153503,
      -0.21613856126483763
    ],
    [
      0.05580264303275611,
      -0.17251397893740653
    ],
    [
      0.10167532765874757,
      -0.14424800610629873
    ],
    [
      0.1358294442843811,
      -0.10396639010540781
    ]
  ],
  "complexity": 0.19220445634296246
}