{
  "id": 2765,
  "wedge_count": 6,
  "parameters": {
    "rotation_speeds": [
      2.8255521529870915,
      2.8002809109743616,
      2.3534872164233773,
      -0.2818573408199967,
      2.989488985207408,
      -0.12149422627735262
    ],
    "phi_x": [
      2.133375291158732,
      -14.957122865223846,
      -12.481812255518257,
      -12.431413167942257,
      1.7219106342796842,
      5.171118960509876
    ],
    "phi_y": [
      -7.517905888453106,
      -4.262851999057325,
      -11.410017877320996,
      6.165100552059801,
      7.785073972983607,
      -0.5225192808630119
    ],
    "distances": [
      1.0,
      3.9166324835081934,
      2.083739505522574,
      6.107714456182937,
      2.198878007607838,
      5.261384400270215,
      4.89680662433047
    ],
    "refractive_indices": [
      1.0,
      1.5,
      1.5,
      1.5,
      1.5,
      1.5,
      1.5,
      1.0
    ],
    "wedgenum": 6
  },
  "pattern": [
    [
      3.898078852635947,
      3.813454864384571
    ],
    [
      4.060114389765436,
      3.998609623426044
    ],
    [
      4.018808331440761,
      4.044248563298073
    ],
    [
      4.0838474971850385,
      4.176998539760656
    ],
    [
      4.224290441041309,
      4.180577419897511
    ],
    [
      4.184871879821235,
      4.284256551564113
    ],
    [
      4.129710166037456,
      4.262819694480102
    ],
    [
      4.330406251954516,
      4.214087058253824
    ],
    [
      4.2486393388895936,
      4.178172456399626
    ],
    [
      4.087888336375917,
      4.360394625674261
    ],
    [
      4.211025050201212,
      4.308798992183459
    ],
    [
      4.2050431330041755,
      4.267440290185054
    ],
    [
      4.078079414780045,
      4.169543893954436
    ],
    [
      4.012912493832778,
      4.188148688191833
    ],
    [
      3.7987600571049978,
      4.148320047241796
    ],
    [
      3.8603613545754265,
      4.094395906675674
    ],
    [
      3.8413101880884524,
      3.9281743606548623
    ],
    [
      3.6761017097259945,
      3.831529671678094
    ],
    [
      3.4179666134162083,
      3.808567000828166
    ],
    [
      3.391432646620687,
      3.7196923384356495
    ],
    [
      3.231807287382239,
      3.6283972068133843
    ],
    [
      3.125811346105822,
      3.470945488630713
    ],
    [
      2.9453269624189775,
      3.298461940481221
    ],
    [
      2.8465700508726797,
      3.18891275316635
    ],
    [
      2.6074709040713078,
      3.040228855782666
    ],
    [
      2.4188253001876534,
      2.949723453378798
    ],
    [
      2.152056276296098,
      2.780478954390757
    ],
    [
      2.0992513480787838,
      2.622662720754325
    ],
    [
      1.8470948006940386,
      2.486214502151856
    ],
    [
      1.6092272853004637,
      2.363581123760433
    ],
    [
      1.5098328020522733,
      2.162331438720117
    ],
    [
      1.1581239971873944,
      1.9049552940790506
    ],
    [
      0.9665718144304755,
      1.7965159840209892
    ],
    [
      0.7750426286576708,
      1.7134610443876706
    ],
    [
      0.5595857932238588,
      1.4478619061259639
    ],
    [
      0.49317887861116955,
      1.2253916143247605
    ],
    [
      0.22368857453269989,
      1.11901386353433
    ],
    [
      0.04527010978534776,
      0.872480878073815
    ],
    [
      -0.1528982036456637,
      0.6996509606358248
    ],
    [
      -0.3917240661126502,
      0.5038851258504664
    ],
    [
      -0.5632903389238862,
      0.18918719466653644
    ],
    [
      -0.7636373671824195,
      0.07578191434423526
    ],
    [
      -0.9175635336273307,
      -0.09417076132149566
    ],
    [
      -1.0293706880571012,
      -0.27580408382878985
    ],
    [
      -1.2053975541190463,
      -0.3768894681745775
    ],
    [
      -1.2895659764358334,
      -0.6423292608742769
    ],
    [
      -1.4815592222580505,
      -0.7816893810758363
    ],
    [
      -1.5363181849745606,
      -0.8469761409893771
    ],
    [
      -1.7248736474042152,
      -1.0039570614344928
    ],
    [
      -1.781017381344475,
      -1.143446296914057
    ],
    [
      -1.983510613467228,
      -1.380439774176606
    ],
    [
      -1.9230173264885495,
      -1.4638908430509454
    ],
    [
      -2.0182319190145774,
      -1.5060132776164503
    ],
    [
      -2.082953713421232,
      -1.578822229183882
    ],
    [
      -2.1479661703446626,
      -1.6264160313057785
    ],
    [
      -1.9972037869099046,
      -1.7831653105399266
    ],
    [
      -2.1220476221286235,
      -2.0083093907380505
    ],
    [
      -2.1413132671564097,
      -1.9964614976945583
    ],
    [
      -2.069752316166586,
      -2.0933103423691977
    ],
    [
      -2.0591444692317977,
      -2.062907942476086
    ]
  ],
  "complexity": 0.43273545987655354
}