{
  "id": 4423,
  "wedge_count": 4,
  "parameters": {
    "rotation_speeds": [
      2.254243228713822,
      1.614581235231654,
      0.006197954795545524,
      1.9420453681141119
    ],
    "phi_x": [
      5.257303443400538,
      10.636858153318212,
      14.528306102911724,
      -6.369303011115161
    ],
    "phi_y": [
      -8.949968764517745,
      3.80972572317528,
      12.215415696768027,
      14.822352810637312
    ],
    "distances": [
      1.0,
      3.713828864877441,
      6.547589830995215,
      5.503668437554676,
      6.381521801426613
    ],
    "refractive_indices": [
      1.0,
      1.5,
      1.5,
      1.5,
      1.5,
      1.0
    ],
    "wedgenum": 4
  },
  "pattern": [
    [
      3.3307954863682077,
      3.3089722180016756
    ],
    [
      3.392352473977437,
      3.3399448659171176
    ],
    [
      3.4444764255950924,
      3.3618377750302217
    ],
    [
      3.517243123382299,
      3.4139223893035653
    ],
    [
      3.6033581294261947,
      3.4589949770355046
    ],
    [
      3.663667821640991,
      3.6674607391860783
    ],
    [
      3.55406570200019,
      3.690120236502518
    ],
    [
      3.8187216456280195,
      3.7417563441250454
    ],
    [
      3.6934319121956496,
      3.660238724267666
    ],
    [
      3.6384039994603516,
      3.7481565731624205
    ],
    [
      3.7784460066004133,
      3.7765268066214857
    ],
    [
      3.7239188564564767,
      3.770149072222999
    ],
    [
      3.696486817632259,
      3.685753517737503
    ],
    [
      3.7479175952607293,
      3.708249289152152
    ],
    [
      3.657654945215299,
      3.808970130943311
    ],
    [
      3.5893088003847295,
      3.725912026350069
    ],
    [
      3.508169022725621,
      3.6444297057386925
    ],
    [
      3.458520578987133,
      3.6279207938750795
    ],
    [
      3.487964943974631,
      3.6083622737485257
    ],
    [
      3.2967966438127188,
      3.546480342162001
    ],
    [
      3.258089690605483,
      3.466064969855786
    ],
    [
      3.1991890736740523,
      3.36604828602038
    ],
    [
      3.0451696369919015,
      3.2779815351242636
    ],
    [
      2.952985533865051,
      3.190453080965187
    ],
    [
      2.731192242059212,
      3.121046757754063
    ],
    [
      2.749624657356548,
      3.15311524397499
    ],
    [
      2.6110824527861984,
      2.9936864038636735
    ],
    [
      2.4799022165787488,
      2.8385810180160282
    ],
    [
      2.282081172382257,
      2.7390936845734393
    ],
    [
      2.104271601215782,
      2.586144331118656
    ],
    [
      1.9743103776791322,
      2.5336135099123602
    ],
    [
      1.8604815950425864,
      2.411702632865388
    ],
    [
      1.5969231867475333,
      2.201384766004203
    ],
    [
      1.4923213870363141,
      2.026286644865281
    ],
    [
      1.2387791554640537,
      1.88121603388107
    ],
    [
      1.1636624036796515,
      1.8232785642344242
    ],
    [
      0.9981778193438483,
      1.6752062705555983
    ],
    [
      0.8255614676752416,
      1.374400469677544
    ],
    [
      0.6514217004868694,
      1.2978044748176492
    ],
    [
      0.4036416140609721,
      1.0897289183516174
    ],
    [
      0.2844650683126496,
      1.0924812005492273
    ],
    [
      0.2270685991568961,
      0.8406520852223995
    ],
    [
      0.054880653762448085,
      0.6834256053492055
    ],
    [
      -0.15521209142412562,
      0.6456454001394762
    ],
    [
      -0.23457305664973388,
      0.4225012670812822
    ],
    [
      -0.5041650216498363,
      0.2310678274311252
    ],
    [
      -0.4281444004446895,
      0.054833920283047705
    ],
    [
      -0.7101772401566097,
      -0.036195280231961634
    ],
    [
      -0.8944913810210158,
      -0.16221227121587795
    ],
    [
      -0.9314599285527685,
      -0.37744132123437596
    ],
    [
      -1.0354020757321132,
      -0.47803689121284343
    ],
    [
      -1.1015645676164731,
      -0.5770870386387503
    ],
    [
      -1.2263772823183676,
      -0.727595270037106
    ],
    [
      -1.3755369003713966,
      -0.8001403584447542
    ],
    [
      -1.3112592250844928,
      -0.9056579746273996
    ],
    [
      -1.392877520767698,
      -1.0562891588346013
    ],
    [
      -1.4355970898860833,
      -1.0684380545926448
    ],
    [
      -1.4804496876308941,
      -1.212819810608881
    ],
    [
      -1.4895771810777585,
      -1.2118326142433875
    ],
    [
      -1.4762600777681578,
      -1.3673112366811542
    ]
  ],
  "complexity": 0.3988650198148472
}