{
  "id": 3837,
  "wedge_count": 6,
  "parameters": {
    "rotation_speeds": [
      1.194339684609382,
      -2.684803685522282,
      2.620427921570875,
      -1.2468701244528777,
      0.37622932639631035,
      2.3186461320375766
    ],
    "phi_x": [
      -6.406395296706634,
      -3.4150994226933253,
      12.578323173502756,
      13.08986224171623,
      10.914653692382899,
      -4.465376591079179
    ],
    "phi_y": [
      -2.2748317512592067,
      -1.8166108510766943,
      8.109540867016356,
      -8.46056589561865,
      5.657908427954098,
      13.02407510337071
    ],
    "distances": [
      1.0,
      2.0073060923927146,
      2.8220970712906306,
      3.5405820294968047,
      6.35835661695215,
      5.147199374767615,
      5.574788387529657
    ],
    "refractive_indices": [
      1.0,
      1.5,
      1.5,
      1.5,
      1.5,
      1.5,
      1.5,
      1.0
    ],
    "wedgenum": 6
  },
  "pattern": [
    [
      4.498216301367237,
      4.50925272138161
    ],
    [
      4.49751307587934,
      4.486919973291119
    ],
    [
      4.49738753541851,
      4.5310238209473805
    ],
    [
      4.555242816329936,
      4.486461831172772
    ],
    [
      4.466155659259608,
      4.548686641411713
    ],
    [
      4.445860126294501,
      4.527332636871191
    ],
    [
      4.386781856065531,
      4.535990134098408
    ],
    [
      4.242783541646494,
      4.469413855468879
    ],
    [
      4.214855359460573,
      4.365115684671881
    ],
    [
      4.1879641668478715,
      4.409860003630706
    ],
    [
      4.079669288668482,
      4.240182141185312
    ],
    [
      3.9838063804254666,
      4.128315078320778
    ],
    [
      3.9252323972386103,
      4.117790889179792
    ],
    [
      3.8947184446486864,
      3.9921703093976046
    ],
    [
      3.6951414567789342,
      4.056248801096787
    ],
    [
      3.6084164542211483,
      3.7968901573361684
    ],
    [
      3.409230997351632,
      3.8734006589446097
    ],
    [
      3.3518151325914944,
      3.586321134591448
    ],
    [
      3.185159290668142,
      3.464966528918012
    ],
    [
      2.9907044331907313,
      3.3279550365357258
    ],
    [
      2.7753040153637194,
      3.2189472100280923
    ],
    [
      2.7104786292593115,
      3.199694380967121
    ],
    [
      2.4693184331947298,
      2.9546836129960687
    ],
    [
      2.289908355706397,
      2.812920396684786
    ],
    [
      2.0891968513990506,
      2.7472028270304776
    ],
    [
      1.8797614038763213,
      2.4950966985385055
    ],
    [
      1.6915175138307414,
      2.2939799771952503
    ],
    [
      1.5604367994451882,
      2.1359712969429516
    ],
    [
      1.403539925159311,
      2.0171790413997
    ],
    [
      1.2677198696786665,
      1.87855548321856
    ],
    [
      0.9633802459382054,
      1.670896080174125
    ],
    [
      0.8407133217259902,
      1.4641713380330086
    ],
    [
      0.6609969964343646,
      1.417642357122254
    ],
    [
      0.5291127557748276,
      1.2167345883877263
    ],
    [
      0.27057067983652117,
      0.9478022537455958
    ],
    [
      0.11434729934252301,
      0.7643002683441202
    ],
    [
      -0.01797232137557076,
      0.74785181612478
    ],
    [
      -0.18405978639230064,
      0.43674166522255536
    ],
    [
      -0.3311518762714138,
      0.3702412456818307
    ],
    [
      -0.5571076314283162,
      0.22672025843836868
    ],
    [
      -0.591374629906447,
      -0.005560391631342237
    ],
    [
      -0.6918859824144773,
      -0.0612296556533638
    ],
    [
      -0.8480017963409996,
      -0.3047652367560821
    ],
    [
      -1.0535427685019068,
      -0.494196585362803
    ],
    [
      -1.1564359284443086,
      -0.48217812632896945
    ],
    [
      -1.2298773124537992,
      -0.718928383828952
    ],
    [
      -1.404592722322204,
      -0.8252165948350573
    ],
    [
      -1.4263774737675377,
      -0.9139919536303897
    ],
    [
      -1.4789453425647703,
      -1.1038883082394524
    ],
    [
      -1.4714447339675263,
      -1.1492801128992867
    ],
    [
      -1.5184715210229158,
      -1.2361872089773693
    ],
    [
      -1.5877621286663175,
      -1.3695415993516442
    ],
    [
      -1.6390861451085221,
      -1.323771963844082
    ],
    [
      -1.660866717531344,
      -1.3857761920694298
    ],
    [
      -1.7260350215564841,
      -1.5362491025814855
    ],
    [
      -1.7118508207288847,
      -1.5826666678297576
    ],
    [
      -1.750442367597575,
      -1.5370981522774991
    ],
    [
      -1.6717070430322811,
      -1.6600026087853517
    ],
    [
      -1.60185914856723,
      -1.7579050767758773
    ],
    [
      -1.5291384361346396,
      -1.785159839474454
    ]
  ],
  "complexity": 0.4485443875869692
}