{
  "id": 3315,
  "wedge_count": 4,
  "parameters": {
    "rotation_speeds": [
      -0.38130739753997256,
      -2.2480252842000716,
      -1.4411832822129405,
      -2.7459957669569746
    ],
    "phi_x": [
      6.483990193997098,
      5.452742115611059,
      9.217859152395334,
      -8.026414070071002
    ],
    "phi_y": [
      2.1109182317894515,
      8.814991886149695,
      -2.405366031734088,
      6.416442150491498
    ],
    "distances": [
      1.0,
      3.4958293173957915,
      6.743356361903726,
      5.966231732772028,
      7.656088413658384
    ],
    "refractive_indices": [
      1.0,
      1.5,
      1.5,
      1.5,
      1.5,
      1.0
    ],
    "wedgenum": 4
  },
  "pattern": [
    [
      2.2380114083167775,
      2.2807928637040584
    ],
    [
      2.2521036067364033,
      2.32309615480662
    ],
    [
      2.229122233690851,
      2.039766730955587
    ],
    [
      2.0462240370618456,
      2.104811001429895
    ],
    [
      2.0157062868691504,
      2.167728296394931
    ],
    [
      2.0291213149976537,
      2.0573842788760865
    ],
    [
      1.9378891560062335,
      1.9491011256651862
    ],
    [
      1.9035676781301027,
      1.841027148476079
    ],
    [
      1.8184804339908334,
      1.8020389902190677
    ],
    [
      1.7989863450544343,
      1.7544315210739314
    ],
    [
      1.7331260646731494,
      1.7382173098167937
    ],
    [
      1.5706265890727007,
      1.602448755185175
    ],
    [
      1.4764184019088356,
      1.4850273536600602
    ],
    [
      1.4008975934205214,
      1.34001550364658
    ],
    [
      1.2385221116746095,
      1.3232466672886487
    ],
    [
      1.1742109012567312,
      1.3465149051600709
    ],
    [
      1.0640541654810811,
      1.2427180347934481
    ],
    [
      0.9275707237933726,
      1.1496902262799964
    ],
    [
      0.9453581782768866,
      0.9960001833813361
    ],
    [
      0.8981015648047129,
      0.910296761627333
    ],
    [
      0.6979412780466951,
      0.8443006451512635
    ],
    [
      0.6667148459882248,
      0.753166114873305
    ],
    [
      0.6450542673392632,
      0.7734970442625138
    ],
    [
      0.5062944726385908,
      0.549161902270665
    ],
    [
      0.3833870854734852,
      0.5463364154971435
    ],
    [
      0.2591519464504284,
      0.4274428675629539
    ],
    [
      0.09603585287100913,
      0.3111433994781471
    ],
    [
      0.14256594259206723,
      0.2617414311106794
    ],
    [
      0.05008569285780136,
      0.14684402559406334
    ],
    [
      -0.10061831554407215,
      0.13948320954332877
    ],
    [
      -0.12945917068086588,
      -0.04596787396538231
    ],
    [
      -0.2730956910766489,
      -0.02411550168561643
    ],
    [
      -0.2763472460220045,
      -0.12775206543123252
    ],
    [
      -0.3807112281410658,
      -0.2006299024398663
    ],
    [
      -0.48288902256238897,
      -0.36228747453304444
    ],
    [
      -0.4188515394500999,
      -0.2549428145463745
    ],
    [
      -0.6110939340992043,
      -0.37182198613360223
    ],
    [
      -0.5195103986433518,
      -0.48073797168114385
    ],
    [
      -0.6746755231923294,
      -0.4866192187310174
    ],
    [
      -0.690171760913311,
      -0.46359276903766045
    ],
    [
      -0.7052320902209976,
      -0.5874982147820323
    ],
    [
      -0.8015842938485592,
      -0.5603098994478324
    ],
    [
      -0.7727946012171876,
      -0.5804431128970876
    ],
    [
      -0.7238735215178744,
      -0.7234196031654977
    ],
    [
      -0.7454740731463936,
      -0.764264499683493
    ],
    [
      -0.745897848269977,
      -0.6867590467091818
    ],
    [
      -0.7235158746585549,
      -0.7188234967712904
    ],
    [
      -0.6962465488737183,
      -0.7272311545571886
    ],
    [
      -0.8155615427330326,
      -0.8543365796143566
    ],
    [
      -0.7651852996041465,
      -0.7803573685784255
    ],
    [
      -0.7939217646806322,
      -0.7690076403656028
    ],
    [
      -0.6596618274557478,
      -0.702308957202967
    ],
    [
      -0.7154748754177659,
      -0.6529793182765227
    ],
    [
      -0.6920256018102371,
      -0.7037116338532741
    ],
    [
      -0.6386505347607586,
      -0.6913175821165687
    ],
    [
      -0.645417855520773,
      -0.7215829731054371
    ],
    [
      -0.5841313530277028,
      -0.6668569472106296
    ],
    [
      -0.4793098614309985,
      -0.7091509150857169
    ],
    [
      -0.48709500923306975,
      -0.7274678717305046
    ],
    [
      -0.4170244544065804,
      -0.6454997827255806
    ]
  ],
  "complexity": 0.3025642984394679
}