{
  "id": 1105,
  "wedge_count": 6,
  "parameters": {
    "rotation_speeds": [
      -0.4889657967306418,
      1.5998342598994748,
      2.5643044962526,
      -0.1558086223889079,
      2.5026561106528886,
      1.487195868436098
    ],
    "phi_x": [
      -10.658720630415079,
      5.677449297531712,
      4.998535288075352,
      -0.2823907621920032,
      -12.54328214782244,
      -13.740002518225307
    ],
    "phi_y": [
      11.905150183342766,
      -0.34754918489194075,
      3.6674400784797676,
      8.43861855542135,
      -1.2411918574351581,
      5.692412989281294
    ],
    "distances": [
      1.0,
      4.492876329786154,
      4.64495749741819,
      3.428869979077813,
      7.856616897562024,
      4.060072328025195,
      6.738904360081999
    ],
    "refractive_indices": [
      1.0,
      1.5,
      1.5,
      1.5,
      1.5,
      1.5,
      1.5,
      1.0
    ],
    "wedgenum": 6
  },
  "pattern": [
    [
      3.248115864982107,
      3.5406365485738385
    ],
    [
      3.225770104513041,
      3.3532480831167852
    ],
    [
      3.169122217742991,
      3.323108464306378
    ],
    [
      3.0850070111201697,
      3.176384148108677
    ],
    [
      2.9544689736243455,
      3.187942534333381
    ],
    [
      2.8954326128615238,
      3.106359337241161
    ],
    [
      2.907302878426922,
      2.957908512664536
    ],
    [
      2.7283568598081294,
      2.925922252380267
    ],
    [
      2.6097457357058538,
      2.784573871826597
    ],
    [
      2.4294861530376157,
      2.7180785203347018
    ],
    [
      2.3280706372315705,
      2.646900766239174
    ],
    [
      2.2636567932499783,
      2.564038101505619
    ],
    [
      2.1502100997140827,
      2.3257754289651755
    ],
    [
      1.926448577229516,
      2.280657416724995
    ],
    [
      1.8381933926983456,
      2.1852276164097804
    ],
    [
      1.6692149814086403,
      2.154901472677841
    ],
    [
      1.5133697609667403,
      1.808505510778783
    ],
    [
      1.3462481852252808,
      1.7579188547560882
    ],
    [
      1.2158491965518106,
      1.6168897443497374
    ],
    [
      1.0993152971999114,
      1.5301368225549192
    ],
    [
      0.9532994160304545,
      1.42123161725574
    ],
    [
      0.7511691532907064,
      1.125434820228197
    ],
    [
      0.6692415426231169,
      1.0406726415999459
    ],
    [
      0.5317903796428587,
      0.9596274378611306
    ],
    [
      0.3442752691626391,
      0.8079107136324766
    ],
    [
      0.21956827694662626,
      0.6573249737595026
    ],
    [
      0.0955738044050967,
      0.5509208493544718
    ],
    [
      -0.07544194416408961,
      0.5022189425014645
    ],
    [
      -0.19131492686704807,
      0.293518015357166
    ],
    [
      -0.2795518443601875,
      0.1694328570515673
    ],
    [
      -0.5385088272202146,
      0.042694722070605554
    ],
    [
      -0.6104028904836831,
      -0.14550304877446063
    ],
    [
      -0.7715257494848198,
      -0.2353359536978727
    ],
    [
      -0.8447095726015459,
      -0.3592659258892666
    ],
    [
      -0.979049640082956,
      -0.42428944121942797
    ],
    [
      -1.0142837747550977,
      -0.6524839681219258
    ],
    [
      -1.1692178514288594,
      -0.6815703538952558
    ],
    [
      -1.3165085624016204,
      -0.733080634102376
    ],
    [
      -1.3868661962626394,
      -0.9361220410126999
    ],
    [
      -1.4489124532536173,
      -1.0736799116857167
    ],
    [
      -1.4486877243191383,
      -1.1040220264788405
    ],
    [
      -1.6427206505461924,
      -1.2431706221535668
    ],
    [
      -1.6527334263843452,
      -1.3155531926352502
    ],
    [
      -1.6852477598273856,
      -1.3651437035435365
    ],
    [
      -1.7420064281738625,
      -1.4081528310413776
    ],
    [
      -1.778211209927066,
      -1.4977615565840308
    ],
    [
      -1.8445115005589365,
      -1.5956968220445704
    ],
    [
      -1.896311855168823,
      -1.6239921087224674
    ],
    [
      -1.8394106779276544,
      -1.7099154716547709
    ],
    [
      -1.9316469359419104,
      -1.769656066884776
    ],
    [
      -1.986227804911586,
      -1.7894537042613672
    ],
    [
      -1.9229053931043545,
      -1.7667221963495634
    ],
    [
      -1.7868931199502172,
      -1.9196063123852947
    ],
    [
      -1.8004155810752818,
      -1.9517902928246842
    ],
    [
      -1.8147402798270293,
      -1.848820463481858
    ],
    [
      -1.909956968973958,
      -1.9172141647272616
    ],
    [
      -1.8494588197648176,
      -1.9217131272709531
    ],
    [
      -1.8320590089731574,
      -2.0664744226346685
    ],
    [
      -1.7309401289132498,
      -2.000374683331265
    ],
    [
      -1.7789742009723022,
      -2.0141847467182132
    ]
  ],
  "complexity": 0.37599767225664366
}