{
  "id": 4463,
  "wedge_count": 4,
  "parameters": {
    "rotation_speeds": [
      2.2324222798378246,
      1.3918987906763185,
      -2.4479403535690762,
      -1.265741179493748
    ],
    "phi_x": [
      14.71227481852534,
      -4.972706083274277,
      -5.203388228816458,
      14.284358615198734
    ],
    "phi_y": [
      -7.877571041814679,
      -1.239135421842306,
      12.020105485678716,
      -6.039231308361302
    ],
    "distances": [
      1.0,
      7.843571611184539,
      5.903213484907361,
      4.1031277325521796,
      7.569015557881829
    ],
    "refractive_indices": [
      1.0,
      1.5,
      1.5,
      1.5,
      1.5,
      1.0
    ],
    "wedgenum": 4
  },
  "pattern": [
    [
      3.0455837605152456,
      3.0171959949890903
    ],
    [
      2.9956216451515645,
      2.978256634336715
    ],
    [
      3.0199030387531876,
      2.9886793635134934
    ],
    [
      2.9455204703745723,
      2.9189867466209707
    ],
    [
      2.8851232108991485,
      2.925602133004487
    ],
    [
      2.9513837923329027,
      2.808533878135966
    ],
    [
      2.8225991953010254,
      2.859624297250168
    ],
    [
      2.6877737277375573,
      2.757189151754016
    ],
    [
      2.6533338581117456,
      2.706372696863658
    ],
    [
      2.7082443855164393,
      2.767148560343796
    ],
    [
      2.5265530961021687,
      2.6567201293346967
    ],
    [
      2.4809516740637685,
      2.6071703760813993
    ],
    [
      2.368131399480773,
      2.3809791313769084
    ],
    [
      2.2784311989877906,
      2.4572713356579308
    ],
    [
      2.2464067819103226,
      2.3371211902573736
    ],
    [
      2.1433086075905945,
      2.182747437418721
    ],
    [
      2.0445626464861992,
      2.1832804649525803
    ],
    [
      1.8118021985084276,
      2.026970669940602
    ],
    [
      1.7859653529059627,
      1.9594632197606456
    ],
    [
      1.545390589865632,
      1.7359517459038032
    ],
    [
      1.474832191580203,
      1.684192640095467
    ],
    [
      1.348158649979374,
      1.483899299405226
    ],
    [
      1.1508067499421717,
      1.414190976484491
    ],
    [
      1.0177143166775413,
      1.348139407422413
    ],
    [
      0.9970068250054631,
      1.1644465665036947
    ],
    [
      0.822334963804397,
      1.1251980092336173
    ],
    [
      0.7384928088439696,
      1.0092237642694957
    ],
    [
      0.6187549026267098,
      0.8348960462223785
    ],
    [
      0.4045005612362992,
      0.7663754505008991
    ],
    [
      0.31014846171772426,
      0.623924156650139
    ],
    [
      0.155704791444657,
      0.5286004101394122
    ],
    [
      0.15840268559243956,
      0.4837838931373501
    ],
    [
      -0.09614105873263354,
      0.3376752923975837
    ],
    [
      -0.17446084654488853,
      0.15639641955145417
    ],
    [
      -0.361036798746173,
      0.06456258030079724
    ],
    [
      -0.3636295525545439,
      0.0042279968942000555
    ],
    [
      -0.5660998427868837,
      0.006232882982921656
    ],
    [
      -0.5473570476060118,
      -0.1985186811792203
    ],
    [
      -0.6598580037365536,
      -0.3440095741615443
    ],
    [
      -0.8167618691676707,
      -0.43502503955479394
    ],
    [
      -0.9684208609117457,
      -0.5228507034318
    ],
    [
      -0.9994580870893991,
      -0.5989905499137372
    ],
    [
      -1.109364161258183,
      -0.7344943848928145
    ],
    [
      -1.1540763603507316,
      -0.8605254222221851
    ],
    [
      -1.1741478789430277,
      -0.9164705023512018
    ],
    [
      -1.299574555822624,
      -0.921674804261547
    ],
    [
      -1.346769181025482,
      -1.0329281858601878
    ],
    [
      -1.2895547737824011,
      -1.0305251003452973
    ],
    [
      -1.3917693937532676,
      -1.2009968891235199
    ],
    [
      -1.3480553068577996,
      -1.2474619117196173
    ],
    [
      -1.5168904793022966,
      -1.1173713930186584
    ],
    [
      -1.54544800375997,
      -1.2998552298658264
    ],
    [
      -1.5377127709391645,
      -1.2671321407538698
    ],
    [
      -1.5532318191469108,
      -1.417913212680909
    ],
    [
      -1.5464076676292355,
      -1.385058270411898
    ],
    [
      -1.4188091557340927,
      -1.4020110318469479
    ],
    [
      -1.5848898329245618,
      -1.5161457738448527
    ],
    [
      -1.483635306781109,
      -1.503940598183195
    ],
    [
      -1.6154553921933077,
      -1.5151089025474824
    ],
    [
      -1.5341115759152628,
      -1.5733402799376874
    ]
  ],
  "complexity": 0.3496792149992371
}