{
  "id": 4607,
  "wedge_count": 6,
  "parameters": {
    "rotation_speeds": [
      -1.1532562608845993,
      1.297257691965437,
      -1.9666957852540876,
      -1.5627519322609733,
      2.202729700641968,
      -2.341887267413059
    ],
    "phi_x": [
      14.678071495843696,
      7.340266654642445,
      -6.655093898115773,
      9.108326629223228,
      -3.125871466011157,
      5.489206063511293
    ],
    "phi_y": [
      -13.327705282213746,
      -0.1435221158096418,
      -0.299915141006867,
      -8.526551570969461,
      8.950600432175605,
      -5.230436692582053
    ],
    "distances": [
      1.0,
      2.3366863306402887,
      4.403222847462603,
      7.274685526511313,
      6.624944343780093,
      2.311281110220712,
      7.776017631448932
    ],
    "refractive_indices": [
      1.0,
      1.5,
      1.5,
      1.5,
      1.5,
      1.5,
      1.5,
      1.0
    ],
    "wedgenum": 6
  },
  "pattern": [
    [
      3.827377010342399,
      3.820180563252429
    ],
    [
      3.8925837751619667,
      3.8399450687711068
    ],
    [
      3.782283668081376,
      3.7755542945828466
    ],
    [
      3.842607758977849,
      3.6676195614702696
    ],
    [
      3.655722833875753,
      3.729884681937638
    ],
    [
      3.7176140937319526,
      3.6583728264428292
    ],
    [
      3.572652685458409,
      3.560221143060263
    ],
    [
      3.532173287988077,
      3.5186469090563235
    ],
    [
      3.503167088305753,
      3.461302265891451
    ],
    [
      3.3463724630797,
      3.289480886197098
    ],
    [
      3.1634441210894204,
      3.4576157158735388
    ],
    [
      3.082792492999497,
      3.2481123176051176
    ],
    [
      2.9208537098652005,
      3.1182382868850764
    ],
    [
      2.841563173320232,
      3.001064006930377
    ],
    [
      2.7737100780906174,
      2.8121635575500328
    ],
    [
      2.640000302255149,
      2.7047094957306803
    ],
    [
      2.5139114736976036,
      2.5985030511505456
    ],
    [
      2.3872878053810354,
      2.4461796274291263
    ],
    [
      2.06544448719366,
      2.3472984419460903
    ],
    [
      1.8574061082800812,
      2.1096171242827015
    ],
    [
      1.683054999844997,
      1.969274408452239
    ],
    [
      1.5639363557911012,
      1.8961120807481844
    ],
    [
      1.271108463241121,
      1.643008353788404
    ],
    [
      1.1249010374010449,
      1.5469833826093455
    ],
    [
      0.9161782290741045,
      1.360303468224432
    ],
    [
      0.6119701410509557,
      1.1747829783501689
    ],
    [
      0.6107652994638895,
      1.0315952581268375
    ],
    [
      0.36855788913982246,
      0.7904471588545683
    ],
    [
      0.008610317732008627,
      0.6337859982025401
    ],
    [
      -0.03932489739347523,
      0.5172627102074497
    ],
    [
      -0.2594222314609046,
      0.19517650677131815
    ],
    [
      -0.5331555803474098,
      0.1597030558644218
    ],
    [
      -0.6394064368011438,
      -0.10086220117884917
    ],
    [
      -0.8277388023832092,
      -0.33368880063121675
    ],
    [
      -1.0449715156374486,
      -0.4248344585237961
    ],
    [
      -1.1074641508322032,
      -0.6068677329620021
    ],
    [
      -1.4549375952307853,
      -0.8488782047630029
    ],
    [
      -1.5675495096586527,
      -0.9815896780493414
    ],
    [
      -1.7770946276127648,
      -1.122703769427425
    ],
    [
      -1.9499587597109445,
      -1.3128437710526644
    ],
    [
      -2.077385743890868,
      -1.4509761611229792
    ],
    [
      -2.2684556407609855,
      -1.63981206532465
    ],
    [
      -2.376189304672669,
      -1.8105721866664557
    ],
    [
      -2.5949898096741775,
      -1.9331319942939285
    ],
    [
      -2.673855424718639,
      -1.9022025160936429
    ],
    [
      -2.730791402553916,
      -2.163058103692522
    ],
    [
      -2.7935079437451864,
      -2.290117062287692
    ],
    [
      -3.072862302846979,
      -2.4706366699811984
    ],
    [
      -3.0783427535154964,
      -2.580213433576277
    ],
    [
      -3.214802553179267,
      -2.6669818156240255
    ],
    [
      -3.265287896690428,
      -2.75827899879627
    ],
    [
      -3.2595827510769446,
      -2.9084344397084467
    ],
    [
      -3.4945732465253405,
      -2.9932123621263385
    ],
    [
      -3.4209361299035828,
      -3.0908073076613882
    ],
    [
      -3.5682050656964583,
      -3.2169019258985605
    ],
    [
      -3.5074495832805597,
      -3.330668204591036
    ],
    [
      -3.50619792477231,
      -3.3405766724555814
    ],
    [
      -3.591616137064139,
      -3.365883399967046
    ],
    [
      -3.46192204695691,
      -3.4008894238412615
    ],
    [
      -3.5602946163070803,
      -3.450175757187453
    ]
  ],
  "complexity": 0.4554412802118642
}