{
  "id": 3637,
  "wedge_count": 3,
  "parameters": {
    "rotation_speeds": [
      -0.4533185224824732,
      2.685842380778544,
      -1.1515272220340067
    ],
    "phi_x": [
      -12.064040018899771,
      2.769166102865519,
      2.281768821402313
    ],
    "phi_y": [
      -5.2355286372485885,
      7.726089368786635,
      -10.458583536035725
    ],
    "distances": [
      1.0,
      6.187723047054162,
      5.19667387301356,
      6.831210999680951
    ],
    "refractive_indices": [
      1.0,
      1.5,
      1.5,
      1.5,
      1.0
    ],
    "wedgenum": 3
  },
  "pattern": [
    [
      1.5772951125814167,
      1.5401109669550783
    ],
    [
      1.6152917817620653,
      1.5439856678921913
    ],
    [
      1.5716576073214656,
      1.4949944167960643
    ],
    [
      1.5703115303242545,
      1.5072510761246465
    ],
    [
      1.5845788530977631,
      1.5460342548570631
    ],
    [
      1.636075580865225,
      1.519486391663645
    ],
    [
      1.5317797839194478,
      1.6157570824409269
    ],
    [
      1.5605233506998433,
      1.5509835080884755
    ],
    [
      1.4942109711001708,
      1.5107185171091926
    ],
    [
      1.552565603749482,
      1.5338266994530652
    ],
    [
      1.5187004915515072,
      1.481957276505119
    ],
    [
      1.5761681307589726,
      1.5097442656101543
    ],
    [
      1.5444236938075178,
      1.4033556037558206
    ],
    [
      1.4344596549522188,
      1.479833915354673
    ],
    [
      1.5758662626145896,
      1.4639582792221975
    ],
    [
      1.4399105301300765,
      1.4607254228612285
    ],
    [
      1.427443042091336,
      1.412451076807373
    ],
    [
      1.4195830509773304,
      1.3422061567046932
    ],
    [
      1.3324774724086477,
      1.3712008657018553
    ],
    [
      1.1327312880627967,
      1.2728055809808316
    ],
    [
      1.2457757331634154,
      1.1705051855949669
    ],
    [
      1.217044891462712,
      1.2361394928927514
    ],
    [
      1.0870966762475414,
      1.2792646517193544
    ],
    [
      1.0742894615518694,
      1.0587504222675281
    ],
    [
      0.9485335076997521,
      1.17272429229272
    ],
    [
      0.9382987100812833,
      1.0059752164622184
    ],
    [
      0.8763584504203319,
      0.9993450263551488
    ],
    [
      0.8342740953094473,
      0.91460776463766
    ],
    [
      0.7334858950057999,
      0.9065327810740537
    ],
    [
      0.6544722002981304,
      0.8320475250131547
    ],
    [
      0.6038609046059022,
      0.8558666724224189
    ],
    [
      0.5851206535448745,
      0.7792879856730597
    ],
    [
      0.4492725050446359,
      0.6367209789333199
    ],
    [
      0.3658187387632272,
      0.6091143234412146
    ],
    [
      0.31702194599079264,
      0.542647215676868
    ],
    [
      0.33038361549077955,
      0.44985491135796235
    ],
    [
      0.23463047394650566,
      0.327244990427203
    ],
    [
      0.1328015758778863,
      0.2958229599645278
    ],
    [
      0.12530360964119905,
      0.40013124176047127
    ],
    [
      -0.046450343940090136,
      0.2712482485238202
    ],
    [
      -0.07537972129044752,
      0.15318075691952765
    ],
    [
      -0.11492617555462353,
      0.06398583903533228
    ],
    [
      -0.18321325046175418,
      -0.02359587899748089
    ],
    [
      -0.3046725542048968,
      -0.031638187113257006
    ],
    [
      -0.2968693614326684,
      -0.08396290235096288
    ],
    [
      -0.3902787376938833,
      -0.009780159653785633
    ],
    [
      -0.4181923231432609,
      -0.08158021831387925
    ],
    [
      -0.5167109641481972,
      -0.337831076046655
    ],
    [
      -0.5849074714378345,
      -0.2771003610726268
    ],
    [
      -0.5495507890196913,
      -0.3860382475365258
    ],
    [
      -0.6178684548889175,
      -0.41834036408826575
    ],
    [
      -0.7416501254043534,
      -0.47721886604728925
    ],
    [
      -0.7226939180533205,
      -0.4923728066901269
    ],
    [
      -0.856064307222051,
      -0.5798693641409918
    ],
    [
      -0.8476928515031426,
      -0.5931233165651283
    ],
    [
      -0.8616247730143539,
      -0.5949517673068934
    ],
    [
      -0.8302622894887548,
      -0.7195957980025843
    ],
    [
      -0.7499397592249956,
      -0.6901024169762959
    ],
    [
      -0.8389095202851498,
      -0.7560926172868209
    ],
    [
      -0.9084994382740342,
      -0.7925513785187446
    ]
  ],
  "complexity": 0.27678260765821366
}