{
  "id": 4788,
  "wedge_count": 2,
  "parameters": {
    "rotation_speeds": [
      0.13706621495619364,
      -0.11552693512502543
    ],
    "phi_x": [
      5.146057669376763,
      -7.463228416521744
    ],
    "phi_y": [
      13.046916477456268,
      7.528324783023795
    ],
    "distances": [
      1.0,
      5.812545529639577,
      6.007687467889602
    ],
    "refractive_indices": [
      1.0,
      1.5,
      1.5,
      1.0
    ],
    "wedgenum": 2
  },
  "pattern": [
    [
      0.9404143709612917,
      0.9367430245001432
    ],
    [
      0.9519230414330319,
      0.9270617569087031
    ],
    [
      0.919651162332052,
      0.9534561382847555
    ],
    [
      0.9232269713773019,
      1.0354401797505302
    ],
    [
      0.9843886263721865,
      1.016186777217424
    ],
    [
      0.9104779983180703,
      0.9708214934755658
    ],
    [
      1.0279609739866207,
      0.9819874354951796
    ],
    [
      1.0093589820945186,
      1.0132483134157104
    ],
    [
      0.9789233775225993,
      0.998482327248537
    ],
    [
      1.0278238009030047,
      1.0221006793684086
    ],
    [
      1.081848080504142,
      1.055397456965156
    ],
    [
      1.011049691696856,
      1.0066456192454847
    ],
    [
      0.972144395574,
      1.0465294569919643
    ],
    [
      1.0979290379043478,
      1.0586971703245354
    ],
    [
      1.0836136677937749,
      1.0630621625177823
    ],
    [
      1.0857173167929939,
      0.9952160080864915
    ],
    [
      1.0102286460412142,
      1.0794383990880818
    ],
    [
      1.1410199230319675,
      1.0606983577494822
    ],
    [
      1.1093971569918217,
      1.0560370771949295
    ],
    [
      1.1480673987363108,
      1.08168044818973
    ],
    [
      1.0976914418128183,
      1.0272330765227538
    ],
    [
      1.0557266857921688,
      1.0530009971765917
    ],
    [
      1.0928604917306028,
      1.0724676966983293
    ],
    [
      1.1022594067630747,
      1.1099859655504802
    ],
    [
      1.1455183689714328,
      1.0837708393839671
    ],
    [
      1.0682854757927656,
      1.091325951062833
    ],
    [
      1.1058658282721288,
      1.0896817383452846
    ],
    [
      1.1390894191625667,
      1.1445967436705307
    ],
    [
      1.1127592841279708,
      1.1061900734973293
    ],
    [
      1.098432556500797,
      1.082656828276241
    ],
    [
      1.17460535358194,
      1.1741726192068558
    ],
    [
      1.1005406064089465,
      1.1451699117748693
    ],
    [
      1.0975123586122613,
      1.0976989253760008
    ],
    [
      1.1406630079250963,
      1.0738804490945146
    ],
    [
      1.1327445733874064,
      1.0984370774837495
    ],
    [
      1.112640822994883,
      1.1761351346046331
    ],
    [
      1.1556351451300244,
      1.1045691567653462
    ],
    [
      1.0472223412660597,
      1.142670071848546
    ],
    [
      1.0535661137415018,
      1.1060342139812527
    ],
    [
      1.0943315641784546,
      1.1350812431348003
    ],
    [
      1.0857273128278504,
      1.0913295054517083
    ],
    [
      1.1117435886299847,
      1.1368562512157045
    ],
    [
      1.0805796802965641,
      1.0906388122257926
    ],
    [
      1.0960414968252121,
      1.1493994363095614
    ],
    [
      1.072033870349328,
      1.123216004151337
    ],
    [
      1.1324263028863746,
      1.148192716207929
    ],
    [
      1.0953772009216642,
      1.0329448473477782
    ],
    [
      1.070122361195899,
      1.0732283727589476
    ],
    [
      1.09442807421015,
      1.0352628307320126
    ],
    [
      1.0286285662157395,
      1.079400724252532
    ],
    [
      1.0905530162635493,
      1.0944631432545142
    ],
    [
      1.0434820344636146,
      1.1086506288721643
    ],
    [
      1.0132100929889336,
      0.984753688046747
    ],
    [
      1.039410942159086,
      1.1527492576829443
    ],
    [
      1.0302596203030439,
      1.0647442706269599
    ],
    [
      1.000896162404137,
      1.055335825924306
    ],
    [
      1.0320283503403436,
      1.0478699439110701
    ],
    [
      1.0016713690370596,
      1.0445611191435558
    ],
    [
      1.0089435652756766,
      1.0662390998874507
    ],
    [
      0.9096772664883067,
      1.0588240632406178
    ]
  ],
  "complexity": 0.2080415192627536
}