{
  "id": 1295,
  "wedge_count": 1,
  "parameters": {
    "rotation_speeds": [
      -0.6472932815169781
    ],
    "phi_x": [
      10.044816506126406
    ],
    "phi_y": [
      1.3573294573375065
    ],
    "distances": [
      1.0,
      4.551595449869287
    ],
    "refractive_indices": [
      1.0,
      1.5,
      1.0
    ],
    "wedgenum": 1
  },
  "pattern": [
    [
      0.6641679502384663,
      0.6747253326293422
    ],
    [
      0.6619416831312531,
      0.6680200735929455
    ],
    [
      0.6468230048816604,
      0.6498501184149265
    ],
    [
      0.6359670815423547,
      0.6364387645113742
    ],
    [
      0.6177668683684013,
      0.6211636161557159
    ],
    [
      0.6077854953986812,
      0.6063520837905435
    ],
    [
      0.5732311103450716,
      0.6013583260461496
    ],
    [
      0.5466416887961199,
      0.5635904869153883
    ],
    [
      0.5237120622182456,
      0.5368219755025239
    ],
    [
      0.4907464373455035,
      0.5166004652486205
    ],
    [
      0.4600738464034685,
      0.49236017171141494
    ],
    [
      0.424604669221082,
      0.4582564181900734
    ],
    [
      0.39977194411583705,
      0.4332259795441688
    ],
    [
      0.3549322439748138,
      0.4041392818515938
    ],
    [
      0.31905702930051677,
      0.37467728790174565
    ],
    [
      0.2658808128135621,
      0.32438364016160115
    ],
    [
      0.22923085881325655,
      0.29787067358829933
    ],
    [
      0.17711892652386035,
      0.25071572722587576
    ],
    [
      0.13787721863652033,
      0.21317049983946146
    ],
    [
      0.0956873057491754,
      0.1815241475441162
    ],
    [
      0.05085815671082066,
      0.1472826035446662
    ],
    [
      0.015358018484697051,
      0.10129075107149348
    ],
    [
      -0.03531072286454263,
      0.05177032230899375
    ],
    [
      -0.08122345430400384,
      0.02063323418563644
    ],
    [
      -0.12652666333657803,
      -0.024057161948684385
    ],
    [
      -0.17328230999655356,
      -0.058612318173047705
    ],
    [
      -0.21740813073817786,
      -0.10675156394084194
    ],
    [
      -0.25815711745029746,
      -0.1386494333764374
    ],
    [
      -0.30638396982253685,
      -0.179291277401862
    ],
    [
      -0.3260753858234232,
      -0.22826716838594832
    ],
    [
      -0.3669008192541011,
      -0.2591775192128966
    ],
    [
      -0.40916938008658915,
      -0.2896299229344103
    ],
    [
      -0.4370476767936556,
      -0.3208396661291138
    ],
    [
      -0.46558937042325454,
      -0.3617092034036276
    ],
    [
      -0.5055129768596577,
      -0.3964126994756062
    ],
    [
      -0.523718708812511,
      -0.4284078188142605
    ],
    [
      -0.5450488399172818,
      -0.45001163974927166
    ],
    [
      -0.5718911878026128,
      -0.4838252407270403
    ],
    [
      -0.5948979773715721,
      -0.5057238530891094
    ],
    [
      -0.6174311599532006,
      -0.5335316053069651
    ],
    [
      -0.6204675967230002,
      -0.5481388539990313
    ],
    [
      -0.6346873657918632,
      -0.5709473421063723
    ],
    [
      -0.640297065063639,
      -0.5876605329563107
    ],
    [
      -0.6484690903694502,
      -0.6045298894870772
    ],
    [
      -0.6437440201610106,
      -0.6081398003896117
    ],
    [
      -0.6522489563738498,
      -0.620555880621823
    ],
    [
      -0.6381700583368074,
      -0.6240143509600891
    ],
    [
      -0.6481999101542079,
      -0.6367574077241803
    ],
    [
      -0.6292315787481305,
      -0.640532331410548
    ],
    [
      -0.6141501124979459,
      -0.6494958153191522
    ],
    [
      -0.5946967386639591,
      -0.634780851895418
    ],
    [
      -0.5813822525309944,
      -0.6351595918847542
    ],
    [
      -0.5639206294248241,
      -0.6443317699337477
    ],
    [
      -0.5364987288813707,
      -0.6314533140906371
    ],
    [
      -0.508136379612578,
      -0.6205528772943243
    ],
    [
      -0.4765844438094791,
      -0.600024656336679
    ],
    [
      -0.4472731418925026,
      -0.5847237009706396
    ],
    [
      -0.43367750055534304,
      -0.568350617515912
    ],
    [
      -0.38222818822057913,
      -0.5491518268311294
    ],
    [
      -0.3612181950949205,
      -0.5330160219634654
    ]
  ],
  "complexity": 0.2086272075030191
}