{
  "id": 4909,
  "wedge_count": 4,
  "parameters": {
    "rotation_speeds": [
      2.0689560585829394,
      2.5312480140814113,
      -2.750192120313395,
      2.5068257404868177
    ],
    "phi_x": [
      3.3381756326791887,
      10.615991967749764,
      9.870434352473453,
      -7.602572362546857
    ],
    "phi_y": [
      8.440977020703592,
      11.880841716010941,
      -2.5264537991159095,
      6.815088418330269
    ],
    "distances": [
      1.0,
      4.991074997729315,
      3.2229900391488733,
      3.986083059958624,
      6.665855118114817
    ],
    "refractive_indices": [
      1.0,
      1.5,
      1.5,
      1.5,
      1.5,
      1.0
    ],
    "wedgenum": 4
  },
  "pattern": [
    [
      2.5188362861546247,
      2.4195779750306508
    ],
    [
      2.479733664423725,
      2.60509370351775
    ],
    [
      2.5831833013494245,
      2.6378914852438955
    ],
    [
      2.6433641445350586,
      2.6108923678688116
    ],
    [
      2.8581595825735002,
      2.7009138133346524
    ],
    [
      2.750382516506013,
      2.8208062114817696
    ],
    [
      2.8314282084249176,
      2.903178469081828
    ],
    [
      2.8323962012265653,
      2.8454642770268688
    ],
    [
      2.747143887914841,
      2.8186589702867777
    ],
    [
      2.787779817060652,
      2.810920203918744
    ],
    [
      2.7543668833352437,
      2.8647532563156837
    ],
    [
      2.7755207935078334,
      2.81517827361908
    ],
    [
      2.7286099188979107,
      2.7317494289473028
    ],
    [
      2.734952584915544,
      2.7626633627183064
    ],
    [
      2.566208509799893,
      2.748125073062183
    ],
    [
      2.5051856085515203,
      2.6787012037623406
    ],
    [
      2.4102002643247493,
      2.5229956311838038
    ],
    [
      2.1889458157559503,
      2.603510659105888
    ],
    [
      2.257118894102294,
      2.4414204086401297
    ],
    [
      2.152731258492682,
      2.1850280356412877
    ],
    [
      1.974851969115829,
      2.2522133258967827
    ],
    [
      1.9302456688236893,
      2.1923608357483535
    ],
    [
      1.6763235139696764,
      2.093557784904394
    ],
    [
      1.5766566040451442,
      1.9039923169209438
    ],
    [
      1.3910397525088847,
      1.8567131242790513
    ],
    [
      1.2482296237598858,
      1.6592153209370297
    ],
    [
      1.117946345852872,
      1.5535065298970334
    ],
    [
      0.895845106100632,
      1.4758251844697177
    ],
    [
      0.9029376068131271,
      1.1880749830821737
    ],
    [
      0.5694784715613341,
      1.1079172395526562
    ],
    [
      0.5249047754285467,
      0.9521383298067554
    ],
    [
      0.2857709813282713,
      0.7815758053822006
    ],
    [
      0.10781287632805625,
      0.5780658976009363
    ],
    [
      -0.13405071699712612,
      0.5056630127272296
    ],
    [
      -0.24496405553364528,
      0.3309443461727278
    ],
    [
      -0.4513676962368518,
      0.193242206308495
    ],
    [
      -0.6195016405569496,
      0.043008019757829266
    ],
    [
      -0.7814832826208379,
      -0.1403907213313058
    ],
    [
      -1.0194617439334859,
      -0.19768350640315074
    ],
    [
      -1.134140921619111,
      -0.5383119043577596
    ],
    [
      -1.2781929363870184,
      -0.5780923884784603
    ],
    [
      -1.4572103574254,
      -0.8062431498405501
    ],
    [
      -1.6894385810422807,
      -1.00833049502678
    ],
    [
      -1.7210071064370591,
      -1.1155950922465074
    ],
    [
      -1.8542910519908704,
      -1.1852655655737796
    ],
    [
      -2.0109998119848655,
      -1.2906401472306617
    ],
    [
      -2.1018865322598534,
      -1.5201790943321634
    ],
    [
      -2.249009322397833,
      -1.7065819532195587
    ],
    [
      -2.2910130408999674,
      -1.7421522077762657
    ],
    [
      -2.5448873147965223,
      -1.863511437375754
    ],
    [
      -2.4802524542313114,
      -1.9978918635744056
    ],
    [
      -2.550080616949134,
      -2.113870449594669
    ],
    [
      -2.5099069669334444,
      -2.1466092348465255
    ],
    [
      -2.7451089034437572,
      -2.3468587999608155
    ],
    [
      -2.6453761353295704,
      -2.4548324724245663
    ],
    [
      -2.6861167017973457,
      -2.475946957782481
    ],
    [
      -2.7640581757469036,
      -2.579840080245616
    ],
    [
      -2.6735540594169205,
      -2.6874053376134817
    ],
    [
      -2.7190529536551744,
      -2.6983023842783327
    ],
    [
      -2.6391966040887,
      -2.7356416773298684
    ]
  ],
  "complexity": 0.39693344869539543
}