{
  "id": 671,
  "wedge_count": 1,
  "parameters": {
    "rotation_speeds": [
      0.21915436960347812
    ],
    "phi_x": [
      -8.741189055089759
    ],
    "phi_y": [
      -11.063626734600325
    ],
    "distances": [
      1.0,
      4.395920307730941
    ],
    "refractive_indices": [
      1.0,
      1.5,
      1.0
    ],
    "wedgenum": 1
  },
  "pattern": [
    [
      0.5761182486656949,
      0.5741371352151268
    ],
    [
      0.5967200823287833,
      0.609933698519759
    ],
    [
      0.6325253456305872,
      0.6197965362260807
    ],
    [
      0.6552165797722066,
      0.6458387042580306
    ],
    [
      0.6647302321379843,
      0.6651031379892149
    ],
    [
      0.7016612778786959,
      0.6870031089561147
    ],
    [
      0.7195341225917314,
      0.7020392569309811
    ],
    [
      0.7425307633529111,
      0.7251096554403006
    ],
    [
      0.7490610737620835,
      0.7501324141520487
    ],
    [
      0.7727970661525304,
      0.7673391361790868
    ],
    [
      0.7999798814401352,
      0.7707047281807258
    ],
    [
      0.8142415758943697,
      0.7941649262278572
    ],
    [
      0.8261637552301937,
      0.8047995825659676
    ],
    [
      0.8508842795051796,
      0.8260009469487736
    ],
    [
      0.8619617072265727,
      0.8460980837563038
    ],
    [
      0.8765000326106229,
      0.8485506877658676
    ],
    [
      0.881242154300521,
      0.866719054788896
    ],
    [
      0.8925627588246083,
      0.8839653718462376
    ],
    [
      0.9069313515088978,
      0.8963056292925254
    ],
    [
      0.9266839566415089,
      0.9060786169916506
    ],
    [
      0.9364598741450467,
      0.9221725853300131
    ],
    [
      0.9392277102406724,
      0.9184391553776484
    ],
    [
      0.9538778898302676,
      0.9298287950152292
    ],
    [
      0.956910655945785,
      0.9420600465719288
    ],
    [
      0.9462246145881641,
      0.9512672430421936
    ],
    [
      0.9682278978252837,
      0.9504620787527346
    ],
    [
      0.9708067230611152,
      0.9557778261963497
    ],
    [
      0.9756458146255864,
      0.9585575815786376
    ],
    [
      0.9877118716556595,
      0.9682004120945331
    ],
    [
      0.9809593430104978,
      0.9822290994068511
    ],
    [
      0.9779105444151022,
      0.9786590683494971
    ],
    [
      0.9801854888896697,
      0.9794075801382913
    ],
    [
      0.9677282956396018,
      0.9814878236817429
    ],
    [
      0.9733796660442647,
      0.978215425250755
    ],
    [
      0.970221341617594,
      0.9886107996062409
    ],
    [
      0.9697308940099993,
      0.9713017072535127
    ],
    [
      0.9587177335377949,
      0.9760471876192983
    ],
    [
      0.9593967527388327,
      0.9751773902749216
    ],
    [
      0.9406069448182425,
      0.9711652411624954
    ],
    [
      0.9370680658031607,
      0.9628158701190419
    ],
    [
      0.9339557195487409,
      0.9704100055240993
    ],
    [
      0.9201009084371474,
      0.9528979700866088
    ],
    [
      0.9136473533915034,
      0.9531766440962103
    ],
    [
      0.8975296579937028,
      0.9223516272864735
    ],
    [
      0.8824102473198941,
      0.9310811988134964
    ],
    [
      0.8740647097884741,
      0.9302779022696825
    ],
    [
      0.8450752919705022,
      0.9165480727489813
    ],
    [
      0.8371111315989763,
      0.9140602491785675
    ],
    [
      0.8203896195903934,
      0.891781297567922
    ],
    [
      0.7991637613331303,
      0.8901444761147207
    ],
    [
      0.7787422163487924,
      0.8664668984385054
    ],
    [
      0.7625046410071127,
      0.8607703540760748
    ],
    [
      0.7455603207160455,
      0.8400552402997025
    ],
    [
      0.727115862044598,
      0.8356282655768089
    ],
    [
      0.7084991692415915,
      0.8058182657485476
    ],
    [
      0.6786409338627062,
      0.7876461221206305
    ],
    [
      0.6549685012430762,
      0.7732093802459253
    ],
    [
      0.631968023155877,
      0.7608996926994688
    ],
    [
      0.6102049408489009,
      0.7423718483055581
    ],
    [
      0.5850901158602079,
      0.7157076679049924
    ]
  ],
  "complexity": 0.20487404125467465
}