{
  "id": 3043,
  "wedge_count": 2,
  "parameters": {
    "rotation_speeds": [
      2.0249593134206094,
      1.7890633790085806
    ],
    "phi_x": [
      -8.49420847093733,
      13.286863909646513
    ],
    "phi_y": [
      -10.735233471972123,
      11.277755585167505
    ],
    "distances": [
      1.0,
      2.93879061922934,
      6.912709836991576
    ],
    "refractive_indices": [
      1.0,
      1.5,
      1.5,
      1.0
    ],
    "wedgenum": 2
  },
  "pattern": [
    [
      1.659926269809383,
      1.6193815213895602
    ],
    [
      1.7078508743924852,
      1.5927357951263126
    ],
    [
      1.8707315652084744,
      1.776305071018302
    ],
    [
      1.9265793750834017,
      1.7817950140181449
    ],
    [
      1.9122526853314448,
      1.834387147541352
    ],
    [
      1.976593384867722,
      1.9822413346964876
    ],
    [
      1.9268998134977147,
      1.9494364398638917
    ],
    [
      2.039626984384144,
      1.9856021428342345
    ],
    [
      1.9736243444023054,
      2.1371095233146544
    ],
    [
      2.0204864019841495,
      2.0849121873607452
    ],
    [
      2.1234696786923863,
      2.1173898643039406
    ],
    [
      2.0742459018727972,
      2.0885617245217327
    ],
    [
      2.021265444841183,
      2.2059156251965595
    ],
    [
      2.1489977468256916,
      2.1665620530934624
    ],
    [
      2.0280865622450914,
      2.1961985298823876
    ],
    [
      1.960152853629666,
      2.1895307305238974
    ],
    [
      2.026398289080421,
      2.0556204773388487
    ],
    [
      1.9205790191464667,
      2.0259394502058847
    ],
    [
      1.9126891584261774,
      2.0108744639262746
    ],
    [
      1.8237230855070705,
      1.921900362376434
    ],
    [
      1.6234907266909089,
      1.9736162860166344
    ],
    [
      1.6489124656370566,
      1.7836728690707275
    ],
    [
      1.5770088586474575,
      1.7526268819550168
    ],
    [
      1.4193539386236693,
      1.7079779024376092
    ],
    [
      1.31360446946487,
      1.6217056123395097
    ],
    [
      1.2436688288824647,
      1.50626813037018
    ],
    [
      1.1865914594503102,
      1.3508586157733453
    ],
    [
      1.0463615916689908,
      1.3327589506807211
    ],
    [
      0.8005240093654753,
      1.1898430380890321
    ],
    [
      0.6244940493659393,
      1.1248480354968158
    ],
    [
      0.578013320269868,
      0.9498671604838602
    ],
    [
      0.45398375320594,
      0.9706337246796836
    ],
    [
      0.2942438056688166,
      0.7875758597905409
    ],
    [
      0.11323109440223658,
      0.6215315799216615
    ],
    [
      -0.0716381227526135,
      0.46928368768424583
    ],
    [
      -0.17373819420308118,
      0.36453101197823967
    ],
    [
      -0.3577102082928991,
      0.17240072929380854
    ],
    [
      -0.46100133889408806,
      0.0709799462335718
    ],
    [
      -0.6718371075966089,
      -0.14727738855869293
    ],
    [
      -0.7560608770867434,
      -0.2117506122915911
    ],
    [
      -0.9669281023599718,
      -0.3369463363904404
    ],
    [
      -1.1644459442916406,
      -0.4373617796477672
    ],
    [
      -1.2594547241901883,
      -0.6952761003145199
    ],
    [
      -1.3067421136549253,
      -0.8009897046031262
    ],
    [
      -1.5124330469754628,
      -0.9384502804469154
    ],
    [
      -1.6282171840607254,
      -1.04858346396169
    ],
    [
      -1.7429715353775936,
      -1.1670808434209443
    ],
    [
      -1.8369455648667226,
      -1.2683297427409288
    ],
    [
      -1.927951562237097,
      -1.4467545053511794
    ],
    [
      -2.0933846285799205,
      -1.5104366933344313
    ],
    [
      -2.200613016007459,
      -1.6064931418027515
    ],
    [
      -2.15110609736715,
      -1.8105147787946785
    ],
    [
      -2.3005213716274047,
      -1.8409116250175217
    ],
    [
      -2.359491687954844,
      -1.986668198332157
    ],
    [
      -2.3581830661949703,
      -1.9422168064018943
    ],
    [
      -2.39438579770401,
      -2.05028014715399
    ],
    [
      -2.3408513347880975,
      -2.0694343741830155
    ],
    [
      -2.4119068523736544,
      -2.3046493325343276
    ],
    [
      -2.40862638033365,
      -2.408270259951799
    ],
    [
      -2.390990938327473,
      -2.3139878752447762
    ]
  ],
  "complexity": 0.3384240605699404
}