{
  "id": 2590,
  "wedge_count": 2,
  "parameters": {
    "rotation_speeds": [
      0.7097029206127701,
      2.0113980177919437
    ],
    "phi_x": [
      -12.957330665310062,
      2.5058858068437644
    ],
    "phi_y": [
      -4.7792812517195475,
      13.29622543486067
    ],
    "distances": [
      1.0,
      3.4346993691177516,
      4.810489300324216
    ],
    "refractive_indices": [
      1.0,
      1.5,
      1.5,
      1.0
    ],
    "wedgenum": 2
  },
  "pattern": [
    [
      1.135391615984359,
      1.1241949419430437
    ],
    [
      1.2087788511753765,
      1.221062638909445
    ],
    [
      1.4239856485470554,
      1.3035272388950965
    ],
    [
      1.377883410655207,
      1.3354957636664666
    ],
    [
      1.4829561190378153,
      1.4660093754023367
    ],
    [
      1.571393871509861,
      1.5585951981209345
    ],
    [
      1.6608753086672041,
      1.6282495504030061
    ],
    [
      1.591583544166193,
      1.6406260554453393
    ],
    [
      1.7844613479855524,
      1.6129811119669006
    ],
    [
      1.7629657210660012,
      1.726271859807344
    ],
    [
      1.6625802606747702,
      1.71315479942481
    ],
    [
      1.7681914857482643,
      1.7850217857932833
    ],
    [
      1.8174423946728848,
      1.7128045145940467
    ],
    [
      1.863356719060458,
      1.7738253970598283
    ],
    [
      1.903671870078357,
      1.7911840787569504
    ],
    [
      1.8461308940246277,
      1.9145150798207446
    ],
    [
      1.7963553112152582,
      1.862212651010078
    ],
    [
      1.790632745342332,
      1.8580409211092992
    ],
    [
      1.881170534688947,
      1.8158525265808314
    ],
    [
      1.9463186422207592,
      1.832632996155939
    ],
    [
      1.7828071445669589,
      1.8326433281357564
    ],
    [
      1.727213533094143,
      1.8963511713155161
    ],
    [
      1.740581826718742,
      1.8257464221571518
    ],
    [
      1.7357150553759852,
      1.7343983037990127
    ],
    [
      1.7052426612203564,
      1.781688307499807
    ],
    [
      1.6135942446017242,
      1.7898161844936262
    ],
    [
      1.591401175087939,
      1.7981654711251613
    ],
    [
      1.4939893327464633,
      1.6919280268165495
    ],
    [
      1.5581726565581255,
      1.6549853863028336
    ],
    [
      1.3331327424333508,
      1.546329861491665
    ],
    [
      1.36362627916508,
      1.552063498352476
    ],
    [
      1.2562107471397397,
      1.5723089101328143
    ],
    [
      1.1769568254679037,
      1.4390813147567392
    ],
    [
      1.1361445962166328,
      1.3112106428792907
    ],
    [
      1.0064627467630134,
      1.3448020263894964
    ],
    [
      0.9695139534198669,
      1.281763086210511
    ],
    [
      0.9425158858301201,
      1.2503689911789542
    ],
    [
      0.8458001124794715,
      1.0275652037945908
    ],
    [
      0.7598675610071619,
      0.9854388381953157
    ],
    [
      0.6266023736614458,
      1.0034723482943628
    ],
    [
      0.5894587011230484,
      0.8292350331941805
    ],
    [
      0.44595158881921343,
      0.8417672401297593
    ],
    [
      0.4044966813545002,
      0.7646834766437524
    ],
    [
      0.33163746266814687,
      0.75036033544573
    ],
    [
      0.30048694341746823,
      0.563534980482518
    ],
    [
      0.10349009630829792,
      0.49551738620120506
    ],
    [
      0.1072824786766471,
      0.4229420011929032
    ],
    [
      0.03358353198517005,
      0.3602351924577849
    ],
    [
      0.012666553169651776,
      0.2858743656805646
    ],
    [
      -0.06833899900063159,
      0.20888394366995078
    ],
    [
      -0.29216334099010144,
      0.0932210424142321
    ],
    [
      -0.1396216547613281,
      0.1115325664934732
    ],
    [
      -0.24471008809249387,
      -0.0843880794747705
    ],
    [
      -0.2810095130124838,
      0.05161544758160702
    ],
    [
      -0.34447093030159615,
      -0.08913714237004426
    ],
    [
      -0.32307675880093895,
      -0.24644996740000655
    ],
    [
      -0.4819678674381024,
      -0.24153040895627476
    ],
    [
      -0.4644885645741671,
      -0.29288053794092894
    ],
    [
      -0.5425351219835802,
      -0.340870918597908
    ],
    [
      -0.5147073005663994,
      -0.2748721967439245
    ]
  ],
  "complexity": 0.27285170580713763
}