{
  "id": 2913,
  "wedge_count": 5,
  "parameters": {
    "rotation_speeds": [
      1.0155854502392696,
      0.2893312077029573,
      1.1389327680414052,
      -0.592858268137805,
      1.3915475556100088
    ],
    "phi_x": [
      4.20817770900544,
      -1.2346314608375497,
      -4.995202597501274,
      -7.894543807704317,
      8.34929850251153
    ],
    "phi_y": [
      9.315632863025378,
      7.867379185310522,
      14.044594832172297,
      -5.367951813329832,
      -11.19795559685706
    ],
    "distances": [
      1.0,
      3.614265314802199,
      2.8550063214471595,
      4.276291688049011,
      5.937744236595369,
      2.084519983863185
    ],
    "refractive_indices": [
      1.0,
      1.5,
      1.5,
      1.5,
      1.5,
      1.5,
      1.0
    ],
    "wedgenum": 5
  },
  "pattern": [
    [
      2.8755686955540227,
      2.751304032279012
    ],
    [
      2.9328663341035486,
      2.8456123927632824
    ],
    [
      2.930820955931211,
      2.8522247261407747
    ],
    [
      3.111535340971244,
      2.895497878287451
    ],
    [
      3.0865273408147873,
      3.055268164388312
    ],
    [
      3.161718326047458,
      3.148168233886449
    ],
    [
      3.2124092189424442,
      3.144678204665145
    ],
    [
      3.313737636289631,
      3.173728654012033
    ],
    [
      3.282843710081819,
      3.191243385914009
    ],
    [
      3.236499647405259,
      3.243435362294184
    ],
    [
      3.2937341365780153,
      3.2257252229169198
    ],
    [
      3.1617426499420485,
      3.2936434509105537
    ],
    [
      3.1894051271693744,
      3.244495039658801
    ],
    [
      3.1695449794880792,
      3.332632739339281
    ],
    [
      3.0850881892614965,
      3.28173449786222
    ],
    [
      3.099414318492002,
      3.3049614083811893
    ],
    [
      3.0696384392597467,
      3.1715988462714186
    ],
    [
      3.0146028090939336,
      3.0557957216630562
    ],
    [
      2.8986719113993518,
      3.1231317840207304
    ],
    [
      2.7926398062137867,
      3.0552935807087187
    ],
    [
      2.8215253530071056,
      2.9011553995016164
    ],
    [
      2.584539678966441,
      2.859739258775402
    ],
    [
      2.5141969798229025,
      2.848177210250571
    ],
    [
      2.5042266428556204,
      2.7101491474349064
    ],
    [
      2.3253820447129145,
      2.6933541671692414
    ],
    [
      2.157100779505289,
      2.6393676924533174
    ],
    [
      2.0146805023485372,
      2.476402898788216
    ],
    [
      1.9499083588991353,
      2.256526134998627
    ],
    [
      1.8214588024651082,
      2.2879927639468165
    ],
    [
      1.6842028623612104,
      2.055174813907619
    ],
    [
      1.491172116982004,
      1.99433456826873
    ],
    [
      1.307157648317379,
      1.7693085284626864
    ],
    [
      1.2441467433023865,
      1.758973339952944
    ],
    [
      1.0383719570002612,
      1.5303429293829747
    ],
    [
      0.8805097357141094,
      1.4310260455148767
    ],
    [
      0.7410661783801035,
      1.334654804876253
    ],
    [
      0.5687638766815512,
      1.2040444643720147
    ],
    [
      0.49872155735300827,
      1.0427504419217863
    ],
    [
      0.28289491773755543,
      0.8758449922435148
    ],
    [
      0.09911538172979262,
      0.7244220088856836
    ],
    [
      0.07348780668212931,
      0.685132968335355
    ],
    [
      -0.017669808611142104,
      0.4971804946276351
    ],
    [
      -0.19980377826076642,
      0.3461923811760377
    ],
    [
      -0.358495049003686,
      0.18723904630576688
    ],
    [
      -0.445290602541672,
      0.1270901689434813
    ],
    [
      -0.6169266780031919,
      -0.10072631135811402
    ],
    [
      -0.6770293592720886,
      -0.16302101293002919
    ],
    [
      -0.7588492502528891,
      -0.30664268973461556
    ],
    [
      -0.8777080057445945,
      -0.4803476537273904
    ],
    [
      -1.0169380905303338,
      -0.5493147865023704
    ],
    [
      -0.9554761724260077,
      -0.6435480126930863
    ],
    [
      -1.1063882188411396,
      -0.7706499810351954
    ],
    [
      -1.1590726149132637,
      -0.9124372485154082
    ],
    [
      -1.2957048881865887,
      -1.023699607514238
    ],
    [
      -1.3264623194663239,
      -1.0907778743688241
    ],
    [
      -1.3682387981400046,
      -1.1066357930452067
    ],
    [
      -1.4251200684925838,
      -1.2435020455006243
    ],
    [
      -1.4507585444747426,
      -1.222606185185885
    ],
    [
      -1.3957845909680109,
      -1.4093846057724873
    ],
    [
      -1.5284906721834979,
      -1.4527708117143485
    ]
  ],
  "complexity": 0.37335140997766186
}