{
  "id": 2685,
  "wedge_count": 1,
  "parameters": {
    "rotation_speeds": [
      -0.6219248120162137
    ],
    "phi_x": [
      5.171867187885283
    ],
    "phi_y": [
      12.544243334813753
    ],
    "distances": [
      1.0,
      2.5863604762552703
    ],
    "refractive_indices": [
      1.0,
      1.5,
      1.0
    ],
    "wedgenum": 1
  },
  "pattern": [
    [
      0.3337545704113657,
      0.3366160193796358
    ],
    [
      0.28418248439745125,
      0.28280594034456263
    ],
    [
      0.22208947168792426,
      0.22962203993166963
    ],
    [
      0.14498742546786517,
      0.16270751084782317
    ],
    [
      0.09093248115281115,
      0.1164362796780832
    ],
    [
      0.01487793419235562,
      0.05308357459028827
    ],
    [
      -0.04977199089661735,
      -0.01725380089375355
    ],
    [
      -0.1056950228585943,
      -0.07400302044830188
    ],
    [
      -0.17422947920588788,
      -0.12284277641215223
    ],
    [
      -0.24008871212707708,
      -0.1956130601924244
    ],
    [
      -0.2982231405842321,
      -0.24601658030972534
    ],
    [
      -0.3546194409970743,
      -0.29728068787274425
    ],
    [
      -0.4054747230925328,
      -0.35017729989034846
    ],
    [
      -0.47149396079858835,
      -0.399132294024065
    ],
    [
      -0.521295659014696,
      -0.461855677932492
    ],
    [
      -0.570944764089636,
      -0.4924762809625777
    ],
    [
      -0.617057806209764,
      -0.5485924998355838
    ],
    [
      -0.6542201108949027,
      -0.5982692515384307
    ],
    [
      -0.7000163280666641,
      -0.6333904921012621
    ],
    [
      -0.732261287680077,
      -0.6652349573522917
    ],
    [
      -0.7622535953382239,
      -0.6936704036998221
    ],
    [
      -0.7768317176034322,
      -0.7258420408846331
    ],
    [
      -0.8010145502625259,
      -0.753490487517597
    ],
    [
      -0.820909990756733,
      -0.7769578745014606
    ],
    [
      -0.8370980485484217,
      -0.8021813515466206
    ],
    [
      -0.8431199847927472,
      -0.8173991904243728
    ],
    [
      -0.8413408537911752,
      -0.8281294928569595
    ],
    [
      -0.8494606640892638,
      -0.8310007326388084
    ],
    [
      -0.8383731169640649,
      -0.8336579565129908
    ],
    [
      -0.8285378207139276,
      -0.8420710018371195
    ],
    [
      -0.8108438936681867,
      -0.834071093503156
    ],
    [
      -0.7952866559807242,
      -0.8339621716808546
    ],
    [
      -0.7674598185619015,
      -0.8196690313820887
    ],
    [
      -0.7338648546711644,
      -0.8049926962503466
    ],
    [
      -0.7089929580520931,
      -0.7840730329126142
    ],
    [
      -0.6796733902503559,
      -0.7574308823700624
    ],
    [
      -0.6292079385468992,
      -0.7501314789630863
    ],
    [
      -0.582940377209114,
      -0.7065109783996855
    ],
    [
      -0.5338244327841646,
      -0.6880269187040897
    ],
    [
      -0.4981646799175896,
      -0.6499906927651825
    ],
    [
      -0.44641313897643015,
      -0.6168738926266981
    ],
    [
      -0.39450030324899105,
      -0.5669502665186721
    ],
    [
      -0.3372619632392213,
      -0.5296453054904928
    ],
    [
      -0.2793180326418696,
      -0.4874390610099984
    ],
    [
      -0.23121787931073023,
      -0.4338572831446236
    ],
    [
      -0.17133076967438726,
      -0.3902487293776694
    ],
    [
      -0.1029017901095131,
      -0.3410190834944032
    ],
    [
      -0.05509731938937691,
      -0.29374577284801756
    ],
    [
      0.006038968445582294,
      -0.24174729395099048
    ],
    [
      0.07467650524868329,
      -0.1805315555497908
    ],
    [
      0.12666209652648788,
      -0.14246015539448917
    ],
    [
      0.1810583011228664,
      -0.08491834361907984
    ],
    [
      0.24897628156810855,
      -0.03396331154029392
    ],
    [
      0.2962857731816255,
      0.030920067145388593
    ],
    [
      0.36057040829853687,
      0.07837183889041838
    ],
    [
      0.40728799253866627,
      0.1212819389384779
    ],
    [
      0.4422066552065518,
      0.17269369473445395
    ],
    [
      0.4956023504298917,
      0.23070950771401713
    ],
    [
      0.5280551845999693,
      0.27333734408049104
    ],
    [
      0.569916347316023,
      0.32232601418569135
    ]
  ],
  "complexity": 0.19292954460779363
}