{
  "id": 3297,
  "wedge_count": 6,
  "parameters": {
    "rotation_speeds": [
      0.19082177070543693,
      2.342387021602155,
      1.9453995386469263,
      2.78631227879218,
      -0.6718296256113354,
      0.7294564412140407
    ],
    "phi_x": [
      -1.1830189304371501,
      -2.797423695784122,
      0.09255679618158474,
      -0.19463693669272963,
      5.216418377808214,
      -6.916757830044462
    ],
    "phi_y": [
      1.4735790305433554,
      -13.491578887874283,
      -12.626630711356716,
      -5.3732072755112625,
      11.517346910077197,
      -5.52130759732035
    ],
    "distances": [
      1.0,
      7.266704276979202,
      5.254172580621324,
      5.296941358364361,
      7.009271787292482,
      6.281995002481667,
      2.0600162811977407
    ],
    "refractive_indices": [
      1.0,
      1.5,
      1.5,
      1.5,
      1.5,
      1.5,
      1.5,
      1.0
    ],
    "wedgenum": 6
  },
  "pattern": [
    [
      2.4354004371078877,
      2.420500073396393
    ],
    [
      2.487834023305329,
      2.515855558832338
    ],
    [
      2.6701339304821072,
      2.549060763074707
    ],
    [
      2.6896291817278155,
      2.592474684895219
    ],
    [
      2.825894209882582,
      2.745494106437742
    ],
    [
      3.0005276151772486,
      2.809359880085465
    ],
    [
      3.0289141507075974,
      2.9478818576439223
    ],
    [
      3.065405742447228,
      2.934768518020489
    ],
    [
      3.1089984786722114,
      3.0445919650623847
    ],
    [
      3.228305386321847,
      3.1636543404794946
    ],
    [
      3.2908584619166747,
      3.187727978575995
    ],
    [
      3.282612289466772,
      3.1833439042177147
    ],
    [
      3.3098032560304937,
      3.1862616912359765
    ],
    [
      3.3829217798087656,
      3.2821044379739805
    ],
    [
      3.5030219202835013,
      3.3133854296867304
    ],
    [
      3.3365779976167356,
      3.339648747684853
    ],
    [
      3.3549278913906204,
      3.358611676201476
    ],
    [
      3.281637431170495,
      3.4302475081868895
    ],
    [
      3.351289391406948,
      3.2825118120706778
    ],
    [
      3.3298163747050946,
      3.4663404030420635
    ],
    [
      3.3585211511759283,
      3.5136002253809138
    ],
    [
      3.3234164234513606,
      3.327010209030873
    ],
    [
      3.217725277367583,
      3.3274090541964902
    ],
    [
      3.149078363973656,
      3.242547507725428
    ],
    [
      3.1165571018530764,
      3.259480864819686
    ],
    [
      3.0725126682840562,
      3.249075248954628
    ],
    [
      2.956523521731111,
      3.179461891016736
    ],
    [
      2.8392076172999126,
      3.0237216136497547
    ],
    [
      2.877013180955187,
      3.029194561760539
    ],
    [
      2.737344757261208,
      3.027515507752057
    ],
    [
      2.607660288799565,
      2.884788470752932
    ],
    [
      2.492838971156113,
      2.8269707158312976
    ],
    [
      2.349133506348836,
      2.7961803553188953
    ],
    [
      2.2524662006156757,
      2.708173120266783
    ],
    [
      2.0541658262322593,
      2.489378300637849
    ],
    [
      1.989164505626335,
      2.434272328976162
    ],
    [
      1.9427257572647874,
      2.3199674751683355
    ],
    [
      1.843431757266787,
      2.201796888966273
    ],
    [
      1.540211861347144,
      2.1178908381954864
    ],
    [
      1.5479377525888165,
      2.099747788038961
    ],
    [
      1.3013240287141272,
      1.9313027507979696
    ],
    [
      1.194731833603248,
      1.8679137990464512
    ],
    [
      1.1609127510759794,
      1.6835744955360834
    ],
    [
      0.9350741876116442,
      1.480602311051091
    ],
    [
      0.8050181907239599,
      1.3828484446791602
    ],
    [
      0.7616343027692903,
      1.315059649188171
    ],
    [
      0.47684489959321213,
      1.1475089841474648
    ],
    [
      0.4366981145597233,
      1.0541687191851146
    ],
    [
      0.14541932755450454,
      0.9053836673231161
    ],
    [
      0.08740888002513794,
      0.8194276328516975
    ],
    [
      -0.1295801385173739,
      0.7233613480922257
    ],
    [
      -0.20405462974376437,
      0.5760809488027938
    ],
    [
      -0.34884888171653683,
      0.39544482802861103
    ],
    [
      -0.39958294271269107,
      0.28215271562988553
    ],
    [
      -0.5936175912988022,
      0.06385387084253036
    ],
    [
      -0.6522733631080352,
      0.03786266556538962
    ],
    [
      -0.7731021372532189,
      -0.1169663617052875
    ],
    [
      -0.8461228568219299,
      -0.1630267751312714
    ],
    [
      -0.9566295437356644,
      -0.3864136727593636
    ],
    [
      -0.9909456109388908,
      -0.49260854204790366
    ]
  ],
  "complexity": 0.3880692498998087
}