{
  "id": 4061,
  "wedge_count": 1,
  "parameters": {
    "rotation_speeds": [
      -0.44511689277579913
    ],
    "phi_x": [
      -9.885072884198737
    ],
    "phi_y": [
      13.565362496296196
    ],
    "distances": [
      1.0,
      6.4349732085786515
    ],
    "refractive_indices": [
      1.0,
      1.5,
      1.0
    ],
    "wedgenum": 1
  },
  "pattern": [
    [
      0.6595260807053803,
      0.6562594533400803
    ],
    [
      0.5983098786901484,
      0.5946211233234444
    ],
    [
      0.5294609168813673,
      0.5519626600660551
    ],
    [
      0.4790280533947304,
      0.4863400334091059
    ],
    [
      0.40440622755978184,
      0.43735603182722027
    ],
    [
      0.33504856493739893,
      0.36424862141887004
    ],
    [
      0.2624736887291947,
      0.31263849263572097
    ],
    [
      0.1877947546181961,
      0.23107775871531472
    ],
    [
      0.12298417135156862,
      0.17167690080765974
    ],
    [
      0.05116909355368046,
      0.1167438664968421
    ],
    [
      -0.008574945716818327,
      0.05188619018092592
    ],
    [
      -0.08666888288157362,
      -0.0113230826005909
    ],
    [
      -0.14557696371454235,
      -0.07692711363132824
    ],
    [
      -0.22934938190766954,
      -0.14286254006449503
    ],
    [
      -0.28971863367350886,
      -0.21047025263744243
    ],
    [
      -0.35272034385593576,
      -0.26392790903479324
    ],
    [
      -0.41547416633810236,
      -0.3160778107817335
    ],
    [
      -0.46953775685364924,
      -0.3755908287522623
    ],
    [
      -0.5224795593333021,
      -0.4345211932266105
    ],
    [
      -0.5962466574779862,
      -0.49006578386980193
    ],
    [
      -0.6396519972574315,
      -0.5368784665337747
    ],
    [
      -0.6946437161534676,
      -0.5879217738400642
    ],
    [
      -0.7508660243536571,
      -0.634855829569712
    ],
    [
      -0.7854674106064756,
      -0.6868002876460378
    ],
    [
      -0.8229302149463822,
      -0.7129521594508655
    ],
    [
      -0.8604349439245551,
      -0.7577405217342583
    ],
    [
      -0.8951928046840631,
      -0.7986376912192164
    ],
    [
      -0.9151876363955004,
      -0.8287068365321931
    ],
    [
      -0.9468110237499889,
      -0.8620740849886008
    ],
    [
      -0.9673726362371045,
      -0.8933189556784505
    ],
    [
      -0.9825040759177512,
      -0.9169613866782608
    ],
    [
      -0.9894479631486662,
      -0.941867875175597
    ],
    [
      -1.0078223841152583,
      -0.9556945363678756
    ],
    [
      -1.0096325251220404,
      -0.9726972626792151
    ],
    [
      -0.9944473334858108,
      -0.9737144784859817
    ],
    [
      -1.0015744757521823,
      -0.985424657298193
    ],
    [
      -0.9858717201226919,
      -0.9901144134079893
    ],
    [
      -0.9813146859245987,
      -0.9868446322750084
    ],
    [
      -0.9584115493861352,
      -0.9923674039738875
    ],
    [
      -0.9361624741065102,
      -0.9896346511783459
    ],
    [
      -0.9173394299322076,
      -0.9691125899829887
    ],
    [
      -0.8876407965091463,
      -0.9630863688916075
    ],
    [
      -0.8473423491315369,
      -0.9369732095158981
    ],
    [
      -0.8239986959761407,
      -0.9234141316098528
    ],
    [
      -0.778690310029857,
      -0.9000515848032127
    ],
    [
      -0.7426250519232235,
      -0.8779065404477816
    ],
    [
      -0.6973857959619033,
      -0.8439227569741541
    ],
    [
      -0.6582000194683942,
      -0.8174298566563749
    ],
    [
      -0.5943681473304231,
      -0.7877974948898973
    ],
    [
      -0.5504753252224057,
      -0.745052720080326
    ],
    [
      -0.49828258007643944,
      -0.7146802582302254
    ],
    [
      -0.4431296629516634,
      -0.6722522105704685
    ],
    [
      -0.3728561378249143,
      -0.6379912969223133
    ],
    [
      -0.3262037994885793,
      -0.585121780565404
    ],
    [
      -0.2744410514744728,
      -0.5459005989872061
    ],
    [
      -0.20235235981406233,
      -0.485574696669563
    ],
    [
      -0.1472674101778023,
      -0.44876884849070003
    ],
    [
      -0.08782088048924092,
      -0.39949690327642934
    ],
    [
      -0.028891207056234162,
      -0.342920445196471
    ],
    [
      0.023663440889386697,
      -0.29025454343491963
    ]
  ],
  "complexity": 0.2182855064741801
}