{
  "id": 192,
  "wedge_count": 2,
  "parameters": {
    "rotation_speeds": [
      1.053307518029353,
      1.3750439195044244
    ],
    "phi_x": [
      -5.994113325598757,
      -3.404258478705275
    ],
    "phi_y": [
      13.909853326237371,
      14.306428431925344
    ],
    "distances": [
      1.0,
      7.610520845143659,
      2.543989595382083
    ],
    "refractive_indices": [
      1.0,
      1.5,
      1.5,
      1.0
    ],
    "wedgenum": 2
  },
  "pattern": [
    [
      0.8520471844070568,
      0.8017297997891336
    ],
    [
      0.9370771181140267,
      0.9009995416047805
    ],
    [
      1.0427645870561215,
      1.0309002991568035
    ],
    [
      1.1534677676866139,
      1.146441657089313
    ],
    [
      1.294044954544188,
      1.2193973604374164
    ],
    [
      1.3801179359951463,
      1.3177475776107292
    ],
    [
      1.4717521941726552,
      1.4146849620278343
    ],
    [
      1.5565184926029014,
      1.4598487272524536
    ],
    [
      1.6235770573500792,
      1.5994360969229262
    ],
    [
      1.723853621502252,
      1.6510293100147793
    ],
    [
      1.7642250456230377,
      1.707735699480177
    ],
    [
      1.8365029660086951,
      1.764610622828811
    ],
    [
      1.9159878465104692,
      1.8404007658592034
    ],
    [
      1.948278959869835,
      1.8546730601548038
    ],
    [
      2.010855841678238,
      1.9315817080550532
    ],
    [
      1.9725903803336264,
      1.977221681590775
    ],
    [
      2.0038103440638486,
      1.966848984475375
    ],
    [
      2.016034671935291,
      2.008405045160504
    ],
    [
      2.0026644714398505,
      2.013451149773757
    ],
    [
      1.9984437162889326,
      2.0556100953859175
    ],
    [
      1.9906059832879845,
      2.024928392388724
    ],
    [
      1.9785858027482477,
      2.0298461430267403
    ],
    [
      1.9387101556266995,
      2.026514463799444
    ],
    [
      1.886031159792879,
      1.9959583759525594
    ],
    [
      1.8338523418913169,
      1.9831991778250937
    ],
    [
      1.78989413147024,
      1.9354589591403346
    ],
    [
      1.7401980399637085,
      1.8849379330377516
    ],
    [
      1.629821923353184,
      1.8332278787912828
    ],
    [
      1.586336452130667,
      1.7906639628522805
    ],
    [
      1.4673122413732824,
      1.6751473804376034
    ],
    [
      1.392779724916554,
      1.622653028584474
    ],
    [
      1.2895963164252189,
      1.6062222726171353
    ],
    [
      1.1755343187880463,
      1.5160937497663702
    ],
    [
      1.0391661543876847,
      1.409309059260015
    ],
    [
      0.9788336485119704,
      1.3403586460519497
    ],
    [
      0.8437143213867346,
      1.2472812894438414
    ],
    [
      0.7422816465218531,
      1.1218453650492068
    ],
    [
      0.5909775834023775,
      1.0424879326961016
    ],
    [
      0.4641063853678274,
      0.9430158278585217
    ],
    [
      0.36280329665155386,
      0.8215683376392262
    ],
    [
      0.1979439579771498,
      0.6820994077821212
    ],
    [
      0.08424865042898681,
      0.5994577646373973
    ],
    [
      -0.013279331332763069,
      0.48050242818505434
    ],
    [
      -0.1738353458921225,
      0.3718137350423188
    ],
    [
      -0.25531043485477084,
      0.2619973681436891
    ],
    [
      -0.4101973142119649,
      0.1538635877046354
    ],
    [
      -0.5061748056755547,
      -0.0032643315879839242
    ],
    [
      -0.6352826148526317,
      -0.08849078417349446
    ],
    [
      -0.7795544271306378,
      -0.2122308302965717
    ],
    [
      -0.869335335700554,
      -0.33593214298973334
    ],
    [
      -0.9843945010844657,
      -0.42243269377097614
    ],
    [
      -1.103756728114088,
      -0.5377422408423153
    ],
    [
      -1.190870271518479,
      -0.6711885134876474
    ],
    [
      -1.2815413882524114,
      -0.7822619328832521
    ],
    [
      -1.3510663936351794,
      -0.8741482448192766
    ],
    [
      -1.4102223617216207,
      -0.9509314851289822
    ],
    [
      -1.4954429013465789,
      -1.0303882862070675
    ],
    [
      -1.5593676532565375,
      -1.1558166897674151
    ],
    [
      -1.6143472775835608,
      -1.2596237358985118
    ],
    [
      -1.6526630602128942,
      -1.302101153722309
    ]
  ],
  "complexity": 0.29488686195558717
}