{
  "id": 2128,
  "wedge_count": 5,
  "parameters": {
    "rotation_speeds": [
      -0.5416500377299904,
      0.5450201804335952,
      2.4020727851728836,
      -1.2601019131031284,
      -0.4166204060097778
    ],
    "phi_x": [
      -7.594710039267991,
      9.6979754018639,
      14.674673958419042,
      -5.319232908525533,
      13.542873047554522
    ],
    "phi_y": [
      5.042573565957593,
      -6.165327081151814,
      -10.503736820707886,
      -2.636769632720487,
      14.232256521715897
    ],
    "distances": [
      1.0,
      3.78626329482358,
      4.1654420424051235,
      2.5249697896207133,
      5.1524126608662595,
      4.194415075224483
    ],
    "refractive_indices": [
      1.0,
      1.5,
      1.5,
      1.5,
      1.5,
      1.5,
      1.0
    ],
    "wedgenum": 5
  },
  "pattern": [
    [
      4.133147323721985,
      4.110213876443594
    ],
    [
      4.199684986110445,
      4.201680360450732
    ],
    [
      4.172868866202268,
      4.154344007325838
    ],
    [
      4.166295080334906,
      4.17598287543643
    ],
    [
      4.319145296178989,
      4.15607915408016
    ],
    [
      4.186950696833704,
      4.204864189773131
    ],
    [
      4.288851211120106,
      4.233961249822084
    ],
    [
      4.038463086989089,
      4.16941077722824
    ],
    [
      4.174919722618903,
      4.113546993718222
    ],
    [
      4.121560661888772,
      4.071742799831093
    ],
    [
      4.005499147839489,
      4.14225697745943
    ],
    [
      3.97943117088186,
      4.084087053175665
    ],
    [
      4.016300341604146,
      4.096745253324322
    ],
    [
      3.905435938277296,
      3.941884555165968
    ],
    [
      3.8406847007957365,
      3.915231794551479
    ],
    [
      3.7199476256941026,
      3.8330569201099354
    ],
    [
      3.657275918496886,
      3.8100939074734317
    ],
    [
      3.546473749852705,
      3.724511526383769
    ],
    [
      3.4114672197840243,
      3.556102728366547
    ],
    [
      3.371438681780034,
      3.5755498788680993
    ],
    [
      3.1844639027182855,
      3.437064602539519
    ],
    [
      3.0759712156096684,
      3.329814322763806
    ],
    [
      3.1251988181286627,
      3.356019530068813
    ],
    [
      2.989514378970138,
      3.2198288622742943
    ],
    [
      2.847224707048831,
      3.130860093515287
    ],
    [
      2.7042269476223546,
      3.071837510192344
    ],
    [
      2.588128407014796,
      2.967820001569102
    ],
    [
      2.5904999161574658,
      2.780595824882091
    ],
    [
      2.3075471880451754,
      2.761788930350856
    ],
    [
      2.170246660204181,
      2.6011215746501004
    ],
    [
      2.081782068387171,
      2.5046550614672536
    ],
    [
      2.011691109962926,
      2.4089739584922594
    ],
    [
      1.9189115624090254,
      2.2587123950181422
    ],
    [
      1.847187611232869,
      2.0878186174810835
    ],
    [
      1.7013819252351954,
      1.94798904367853
    ],
    [
      1.4790769160623451,
      2.0921100426488226
    ],
    [
      1.422082625334607,
      1.7408911285886932
    ],
    [
      1.348848846220661,
      1.705790392504157
    ],
    [
      1.2805976882130297,
      1.6430842257792004
    ],
    [
      1.1570337199269285,
      1.3543156566333385
    ],
    [
      1.0348952258137354,
      1.4509126439027313
    ],
    [
      1.0415147977308012,
      1.332990951660169
    ],
    [
      1.0295039169200726,
      1.2703293673997407
    ],
    [
      0.860092313937352,
      1.179157269870695
    ],
    [
      0.8123255243837276,
      1.04808216781977
    ],
    [
      0.7970138847605602,
      0.9315995630061881
    ],
    [
      0.6926963392168304,
      0.8537354321185684
    ],
    [
      0.538934042264184,
      0.8415308558044553
    ],
    [
      0.6442276565444109,
      0.7100263366327262
    ],
    [
      0.4515632704420126,
      0.6485829593735906
    ],
    [
      0.5409382671185036,
      0.635325001124385
    ],
    [
      0.5366313107970583,
      0.5708672883002648
    ],
    [
      0.5882855331427737,
      0.559323380914925
    ],
    [
      0.46749897965033493,
      0.5349419582931412
    ],
    [
      0.5464119505260938,
      0.38937938793248933
    ],
    [
      0.48692001869810875,
      0.4325254235432348
    ],
    [
      0.4607055130431491,
      0.36454203099812693
    ],
    [
      0.5289960557521897,
      0.4146885642746538
    ],
    [
      0.5431085987996961,
      0.39693762307706015
    ],
    [
      0.6049804352469541,
      0.394987093777869
    ]
  ],
  "complexity": 0.3676083550966445
}