{
  "id": 3328,
  "wedge_count": 5,
  "parameters": {
    "rotation_speeds": [
      -2.321358765092306,
      2.767665232702168,
      1.006734030641713,
      -1.0723437387326975,
      2.7678890432427465
    ],
    "phi_x": [
      1.629084749670362,
      2.253135906634636,
      0.2790913249468634,
      14.643701271062781,
      5.088923221307397
    ],
    "phi_y": [
      3.0838583374839708,
      10.842246903651503,
      -1.0761803603181583,
      -7.382311238163158,
      11.998446858451757
    ],
    "distances": [
      1.0,
      4.29316656046674,
      6.6984423617861575,
      4.58969771535094,
      6.587615120800806,
      6.095355222667742
    ],
    "refractive_indices": [
      1.0,
      1.5,
      1.5,
      1.5,
      1.5,
      1.5,
      1.0
    ],
    "wedgenum": 5
  },
  "pattern": [
    [
      2.4711511330343847,
      2.4446475499630296
    ],
    [
      2.4452826824916243,
      2.384181747890953
    ],
    [
      2.5354698188086138,
      2.5092559778053634
    ],
    [
      2.544357736233996,
      2.510037813183039
    ],
    [
      2.6050674387375357,
      2.491425787471542
    ],
    [
      2.6015129307252054,
      2.596967093167839
    ],
    [
      2.6224915499384105,
      2.5962387487213165
    ],
    [
      2.70651890780289,
      2.696465477156908
    ],
    [
      2.703011206526196,
      2.6858926696955736
    ],
    [
      2.6992469279382183,
      2.6436738906140493
    ],
    [
      2.624118956940747,
      2.6990507358380236
    ],
    [
      2.5771624718357633,
      2.604918790066784
    ],
    [
      2.6478372908102292,
      2.7170412229681693
    ],
    [
      2.536872710888035,
      2.643531264849356
    ],
    [
      2.535076397752067,
      2.6121819773022645
    ],
    [
      2.4189041885001665,
      2.5434016912241986
    ],
    [
      2.260242486652294,
      2.551085388072036
    ],
    [
      2.2327679743355024,
      2.466180569425905
    ],
    [
      2.276774647155755,
      2.389903272659477
    ],
    [
      2.2017376005514513,
      2.2993164051495874
    ],
    [
      1.979792865823775,
      2.212286274060088
    ],
    [
      1.9321022469780569,
      2.090044506846585
    ],
    [
      1.8896462118510322,
      2.14935670156013
    ],
    [
      1.7264625628186219,
      2.005334673572162
    ],
    [
      1.5010164805530632,
      1.8848552478462643
    ],
    [
      1.4736566334611942,
      1.7485786195379527
    ],
    [
      1.345286711396064,
      1.6465214442168465
    ],
    [
      1.1626528004363161,
      1.460779138965654
    ],
    [
      1.054992998854541,
      1.4640168112802672
    ],
    [
      1.0459644222537794,
      1.3682568428014352
    ],
    [
      0.837050479230192,
      1.2034154916062982
    ],
    [
      0.6541870666548375,
      1.1141102573337056
    ],
    [
      0.5198452824937643,
      0.9327552663006686
    ],
    [
      0.3927337570029285,
      0.834199528843812
    ],
    [
      0.21876184988346714,
      0.6549729445044473
    ],
    [
      0.12055958332315726,
      0.6743852941247812
    ],
    [
      0.014941202064636006,
      0.4890780873452047
    ],
    [
      -0.21834625712680425,
      0.28188820161568917
    ],
    [
      -0.266206391534702,
      0.3011879024912023
    ],
    [
      -0.3816199821004626,
      0.1986304401250401
    ],
    [
      -0.5284591843292824,
      -0.03604574834007675
    ],
    [
      -0.658586468117765,
      -0.1761618079646278
    ],
    [
      -0.654801940753501,
      -0.2997452659706311
    ],
    [
      -0.8542743700589482,
      -0.44971187696857284
    ],
    [
      -0.9369543186229933,
      -0.4468312577928869
    ],
    [
      -0.936123794905255,
      -0.6552868865682483
    ],
    [
      -1.0469680472732066,
      -0.7291632118603182
    ],
    [
      -1.0840567311303673,
      -0.8079294551709472
    ],
    [
      -1.1993263277027753,
      -0.8703435734811945
    ],
    [
      -1.2176521215447695,
      -0.8986955132335057
    ],
    [
      -1.272147733595339,
      -1.0280676205309716
    ],
    [
      -1.2886166883970422,
      -1.1189164880520708
    ],
    [
      -1.3588124859123205,
      -1.1019295098109916
    ],
    [
      -1.299448714466341,
      -1.3757697439911034
    ],
    [
      -1.2766843790409743,
      -1.3087441861277478
    ],
    [
      -1.3425266660454733,
      -1.224178378214373
    ],
    [
      -1.3026399519085012,
      -1.437453173742107
    ],
    [
      -1.31005810255371,
      -1.3339793117439398
    ],
    [
      -1.200838515332308,
      -1.4002191523437029
    ],
    [
      -1.1989514445313718,
      -1.446584685663857
    ]
  ],
  "complexity": 0.35891009754981273
}