{
  "id": 495,
  "wedge_count": 5,
  "parameters": {
    "rotation_speeds": [
      -2.196804682837808,
      -0.7087437990461019,
      0.40135451653646204,
      -2.0059388370269824,
      1.2949859809100825
    ],
    "phi_x": [
      10.025549187536598,
      -8.382303356329935,
      5.378875311792509,
      6.245466104718979,
      4.691585543076556
    ],
    "phi_y": [
      -13.897900225672021,
      8.956818361196024,
      -13.944048909489178,
      -3.8297153431994566,
      -4.573897476031304
    ],
    "distances": [
      1.0,
      2.3276465428362725,
      6.0697103237145615,
      4.794673712214463,
      7.297537073017864,
      3.8833281904720796
    ],
    "refractive_indices": [
      1.0,
      1.5,
      1.5,
      1.5,
      1.5,
      1.5,
      1.0
    ],
    "wedgenum": 5
  },
  "pattern": [
    [
      3.016032809019983,
      2.925490029493806
    ],
    [
      2.9199764037102915,
      2.970807705677708
    ],
    [
      2.9138439219054764,
      2.9029068707204972
    ],
    [
      2.7149209811578667,
      2.776137610940945
    ],
    [
      2.6482360331819126,
      2.7420791151401116
    ],
    [
      2.6445958909968645,
      2.6496107369806308
    ],
    [
      2.6020041499056523,
      2.475836798894489
    ],
    [
      2.3012190498653124,
      2.440628638077148
    ],
    [
      2.2101114168308347,
      2.3842354610071683
    ],
    [
      2.1699089733186834,
      2.3043243700550233
    ],
    [
      2.071251877494183,
      2.108769552026002
    ],
    [
      1.9216295305522009,
      1.9689830776450705
    ],
    [
      1.9022018547181971,
      1.9711242740670203
    ],
    [
      1.686474899183664,
      1.89572892097276
    ],
    [
      1.7073094857937208,
      1.7530232055253199
    ],
    [
      1.4620605680294558,
      1.6290944439190789
    ],
    [
      1.461029220068786,
      1.3965518545394642
    ],
    [
      1.3422867285302003,
      1.4480420893330437
    ],
    [
      1.2064187556791024,
      1.3390335593036056
    ],
    [
      1.094244836385698,
      1.2643136610600798
    ],
    [
      0.8933432707140974,
      1.1470618799605636
    ],
    [
      0.8253796783346644,
      1.0950046559125992
    ],
    [
      0.8197841102420182,
      0.8904859920165398
    ],
    [
      0.7976232925442048,
      0.8784170755404046
    ],
    [
      0.59350108818964,
      0.7505098772777448
    ],
    [
      0.4294879373001857,
      0.6796177844324397
    ],
    [
      0.3916388395228939,
      0.5068150249540084
    ],
    [
      0.22785668670855508,
      0.4916472643602855
    ],
    [
      0.2963830596298373,
      0.38251774125215016
    ],
    [
      0.19212630456985397,
      0.42311085314647223
    ],
    [
      0.08104087928412586,
      0.27006357309085893
    ],
    [
      0.08806684132475756,
      0.2929466736902273
    ],
    [
      0.10770476545155692,
      0.17987473253502517
    ],
    [
      0.018704895239066124,
      0.18841924763302859
    ],
    [
      -0.12700013907869281,
      0.12860178899151184
    ],
    [
      -0.049252569659145776,
      0.1050773248901291
    ],
    [
      -0.03574719267077127,
      0.024608056115646926
    ],
    [
      -0.17273634967845053,
      -0.0003031535426643202
    ],
    [
      -0.2125271526722545,
      -0.033032128919107784
    ],
    [
      -0.11703889305828682,
      -0.1842770865838419
    ],
    [
      -0.16165903636272316,
      -0.10210497202614767
    ],
    [
      -0.12927344274692054,
      -0.08450052768309392
    ],
    [
      -0.17752039515208706,
      -0.1727812840468514
    ],
    [
      -0.02823333724285977,
      -0.10958540896355444
    ],
    [
      -0.0750316174933045,
      -0.0774077307607294
    ],
    [
      -0.13853928522401734,
      -0.1760321823917491
    ],
    [
      0.00024848399781887687,
      -0.08080143959682382
    ],
    [
      -0.002379694330678292,
      -0.1473213982545095
    ],
    [
      -0.04066156178503194,
      -0.14546112144519957
    ],
    [
      -0.033927053775716795,
      -0.15020966411650036
    ],
    [
      -0.020707208393886595,
      -0.07133642429283579
    ],
    [
      0.17064642761257587,
      0.07358948032731005
    ],
    [
      0.18993548848606556,
      -0.03308657773048914
    ],
    [
      0.19221400594478472,
      -0.08831894433798802
    ],
    [
      0.26060862548821323,
      0.10548422737274205
    ],
    [
      0.2542074877521421,
      0.044114235094121185
    ],
    [
      0.37111098455211466,
      0.09940829861881012
    ],
    [
      0.3296568992952249,
      0.19414775985579574
    ],
    [
      0.3013494005157506,
      0.13421683144966487
    ],
    [
      0.40986027592515334,
      0.18887616235567173
    ]
  ],
  "complexity": 0.31326621976201346
}