{
  "id": 4832,
  "wedge_count": 6,
  "parameters": {
    "rotation_speeds": [
      2.7078632516774075,
      -2.5908688445156436,
      2.9429784545859157,
      0.3398253797589508,
      -2.8558837067400753,
      -0.713021478752446
    ],
    "phi_x": [
      10.792743078846264,
      -6.26536542879159,
      -0.5201305833837679,
      -8.7850844696545,
      2.948567169987463,
      3.7939964185607415
    ],
    "phi_y": [
      -13.525827307049779,
      -10.266544307414513,
      13.710425564386039,
      8.137143805184188,
      -11.415028545855328,
      -4.135654070729855
    ],
    "distances": [
      1.0,
      6.853157068974783,
      5.080492331202448,
      6.9496285408492735,
      5.8077287096567485,
      5.047178478015065,
      3.0054106566728933
    ],
    "refractive_indices": [
      1.0,
      1.5,
      1.5,
      1.5,
      1.5,
      1.5,
      1.5,
      1.0
    ],
    "wedgenum": 6
  },
  "pattern": [
    [
      3.587473131931088,
      3.5484753135584697
    ],
    [
      3.7325352620722794,
      3.5853538263472977
    ],
    [
      3.778399851641178,
      3.6332470506495187
    ],
    [
      3.7216960634276295,
      3.6459461636623685
    ],
    [
      3.7520508641831154,
      3.5962708176118836
    ],
    [
      3.7386281077163255,
      3.7348349754689774
    ],
    [
      3.723665559048779,
      3.6777117764349487
    ],
    [
      3.6698734453227173,
      3.723910339543871
    ],
    [
      3.7274587361579754,
      3.719545624720445
    ],
    [
      3.705273476205667,
      3.6689971905363987
    ],
    [
      3.6371152952644286,
      3.5571473569371426
    ],
    [
      3.642027759957058,
      3.574588010628764
    ],
    [
      3.5735320630089698,
      3.589253540896183
    ],
    [
      3.4999310820186764,
      3.468519247769992
    ],
    [
      3.3448756270250186,
      3.3249147747770404
    ],
    [
      3.2548808914190026,
      3.2437867988139453
    ],
    [
      3.0474522772771104,
      3.134557520502283
    ],
    [
      2.973554872213369,
      3.08694843331483
    ],
    [
      2.9173918802708685,
      3.027903656611285
    ],
    [
      2.64527299491354,
      2.859369725720577
    ],
    [
      2.5623216468247922,
      2.8070742706218956
    ],
    [
      2.3411677462826024,
      2.712944710195332
    ],
    [
      2.2267291813588925,
      2.5692184702763265
    ],
    [
      2.0390236189202,
      2.3074025829515423
    ],
    [
      1.8358682669884043,
      2.2719470272711906
    ],
    [
      1.6103494723590952,
      2.0911986858842058
    ],
    [
      1.5580540225313555,
      1.9751801968488865
    ],
    [
      1.343333758352034,
      1.781507915011669
    ],
    [
      1.221894805658022,
      1.55692250669695
    ],
    [
      0.9761674436312884,
      1.4915718246789131
    ],
    [
      0.9034599671368678,
      1.3313926231525244
    ],
    [
      0.6325010641893126,
      1.1244614892897304
    ],
    [
      0.47344780084774607,
      1.0179994284956788
    ],
    [
      0.2772829767465329,
      0.9011605824030291
    ],
    [
      0.07708950083269389,
      0.6837510841106242
    ],
    [
      -0.06562926651499112,
      0.5510182717792997
    ],
    [
      -0.26511360034431575,
      0.31698829975028153
    ],
    [
      -0.27030886217239153,
      0.2437417493206306
    ],
    [
      -0.49206247466195097,
      0.19106322559304198
    ],
    [
      -0.6794023476982034,
      -0.12601028412258772
    ],
    [
      -0.8272848558804078,
      -0.18930922862649138
    ],
    [
      -0.8672517348389769,
      -0.3450143471244568
    ],
    [
      -1.0179104887541548,
      -0.5652389482202911
    ],
    [
      -1.1077635709050715,
      -0.6538523903632423
    ],
    [
      -1.2408775912837395,
      -0.6908871446922558
    ],
    [
      -1.4506934013921877,
      -0.8184284110890889
    ],
    [
      -1.4031656126733039,
      -0.9223753618442665
    ],
    [
      -1.4482885307231115,
      -1.0365075922785236
    ],
    [
      -1.5297094767881703,
      -1.0856564047491586
    ],
    [
      -1.4949006949711998,
      -1.2176842592460655
    ],
    [
      -1.587182048431788,
      -1.3362615047416393
    ],
    [
      -1.609383252201623,
      -1.3853217430652804
    ],
    [
      -1.7039743482167657,
      -1.415373749272318
    ],
    [
      -1.6016524021291632,
      -1.4280745459125364
    ],
    [
      -1.5857269005895287,
      -1.429979596247976
    ],
    [
      -1.5511364045246034,
      -1.498263678181533
    ],
    [
      -1.4927303266891025,
      -1.4803581640392733
    ],
    [
      -1.4656003427004407,
      -1.4756457615636411
    ],
    [
      -1.3741909412158388,
      -1.507861775736393
    ],
    [
      -1.2737405816031333,
      -1.5163517299315132
    ]
  ],
  "complexity": 0.42490667920561376
}