{
  "id": 3165,
  "wedge_count": 6,
  "parameters": {
    "rotation_speeds": [
      0.07848288468375708,
      0.21883821825036875,
      0.444783896121308,
      1.7245355652863745,
      -2.571613276657853,
      1.108502960129882
    ],
    "phi_x": [
      11.020106118273667,
      -0.34035551729114566,
      14.506719910798733,
      14.335974824191396,
      -8.935612820704456,
      13.291438067449725
    ],
    "phi_y": [
      -13.47479625351546,
      -3.092725553726721,
      13.745376426327365,
      -14.125281339811885,
      -2.4271855811014014,
      6.204175943670968
    ],
    "distances": [
      1.0,
      6.953266145983882,
      7.310165816627086,
      5.915472266619547,
      7.035528498474702,
      7.519131915345124,
      2.660280122048629
    ],
    "refractive_indices": [
      1.0,
      1.5,
      1.5,
      1.5,
      1.5,
      1.5,
      1.5,
      1.0
    ],
    "wedgenum": 6
  },
  "pattern": [
    [
      4.870051236778745,
      4.832799862389296
    ],
    [
      4.86461060690317,
      5.027751313739372
    ],
    [
      4.78611721765786,
      5.007019553158845
    ],
    [
      4.897486598353571,
      4.859106229982169
    ],
    [
      4.927863631621312,
      4.954282261949533
    ],
    [
      4.852374598589422,
      5.024350582773664
    ],
    [
      4.931795678928769,
      4.852404346981692
    ],
    [
      4.8219117028722405,
      4.879295158140353
    ],
    [
      4.8363356774068755,
      5.009511889011472
    ],
    [
      4.907776676529666,
      4.995726902432331
    ],
    [
      4.785581786245285,
      4.840122178594118
    ],
    [
      4.812255347637565,
      4.855457778258209
    ],
    [
      4.720230334925784,
      4.762552253272948
    ],
    [
      4.591186027953188,
      4.7272408801606565
    ],
    [
      4.585467126514323,
      4.675604240951241
    ],
    [
      4.420704327758749,
      4.765005236996193
    ],
    [
      4.437143444886021,
      4.714573117766429
    ],
    [
      4.327308815161416,
      4.545971954884262
    ],
    [
      4.148780763390974,
      4.441469420472066
    ],
    [
      4.128554681688604,
      4.408771532266426
    ],
    [
      4.064722813065823,
      4.379702627627499
    ],
    [
      3.9215037491288673,
      4.226704629200757
    ],
    [
      3.850328266843786,
      4.158765136507692
    ],
    [
      3.7180582687944526,
      4.02626800050238
    ],
    [
      3.6066548388885846,
      3.958633535329514
    ],
    [
      3.4131956016104117,
      3.8295657144818263
    ],
    [
      3.3858019399486845,
      3.702886544473877
    ],
    [
      3.230042256923037,
      3.681842324843446
    ],
    [
      3.0910983723680565,
      3.5422595923988793
    ],
    [
      2.9423718884682617,
      3.4115672863376973
    ],
    [
      2.8071253078944447,
      3.402418230161394
    ],
    [
      2.676300170408136,
      3.3082536423088933
    ],
    [
      2.6289108411381106,
      3.102308438438501
    ],
    [
      2.465454429282404,
      2.792586793551375
    ],
    [
      2.322630625269529,
      2.951933494498539
    ],
    [
      2.2158164226361032,
      2.7027541488681277
    ],
    [
      2.0019895525185385,
      2.6454308163373117
    ],
    [
      1.8445058280185944,
      2.543637895549436
    ],
    [
      1.7640951307959234,
      2.402739843538435
    ],
    [
      1.543902422858805,
      2.290485299181046
    ],
    [
      1.5023163818616556,
      2.0872732336468296
    ],
    [
      1.3817424301417771,
      2.0301459227740333
    ],
    [
      1.2566505580664964,
      1.943839426755722
    ],
    [
      1.0824511374836647,
      1.7385495877701929
    ],
    [
      0.9529298303518025,
      1.702055255445514
    ],
    [
      0.808931417476412,
      1.5001638405892594
    ],
    [
      0.6525320401885242,
      1.5328750047514288
    ],
    [
      0.6484286251897438,
      1.358570786072344
    ],
    [
      0.4623662710900647,
      1.1191652489031507
    ],
    [
      0.27368198369296753,
      0.987969827952185
    ],
    [
      0.288640751833816,
      0.9851726390507246
    ],
    [
      0.1673429389222554,
      0.7389769166615008
    ],
    [
      0.113670272831551,
      0.7763665445650142
    ],
    [
      0.05182193175803114,
      0.7459421069119887
    ],
    [
      -0.1473512569222284,
      0.673412387248243
    ],
    [
      -0.13136274459338573,
      0.45038982586640985
    ],
    [
      -0.20249048930464542,
      0.45741937727597004
    ],
    [
      -0.23376641556716704,
      0.37023077372558255
    ],
    [
      -0.30281928788248724,
      0.13034932523995066
    ],
    [
      -0.33771141862600196,
      0.19330412029327193
    ]
  ],
  "complexity": 0.3999907325980669
}