{
  "id": 3825,
  "wedge_count": 2,
  "parameters": {
    "rotation_speeds": [
      -2.001468228233567,
      0.8600546965890592
    ],
    "phi_x": [
      -5.6943707194988455,
      -7.795066464540219
    ],
    "phi_y": [
      7.988874414931885,
      -6.835445112241867
    ],
    "distances": [
      1.0,
      4.344192991077276,
      5.32737821799708
    ],
    "refractive_indices": [
      1.0,
      1.5,
      1.5,
      1.0
    ],
    "wedgenum": 2
  },
  "pattern": [
    [
      0.9857610773633891,
      1.0388472832075646
    ],
    [
      1.0320964412763847,
      0.9170158726552797
    ],
    [
      0.9183848546964164,
      0.8983229653518023
    ],
    [
      0.8786052607766689,
      0.8975939511856651
    ],
    [
      0.8204124781000508,
      0.8693337915967484
    ],
    [
      0.8057387724682263,
      0.8618410146164142
    ],
    [
      0.8192705768270628,
      0.796220187321727
    ],
    [
      0.6541985760331517,
      0.8011718148732252
    ],
    [
      0.7497651249780541,
      0.7999037048962341
    ],
    [
      0.6536419275391387,
      0.7160599689943752
    ],
    [
      0.6384275886172135,
      0.671707897762611
    ],
    [
      0.59832873631251,
      0.6591988269235575
    ],
    [
      0.5002151439595582,
      0.6242548319481578
    ],
    [
      0.5259575070223024,
      0.6066792704587353
    ],
    [
      0.4318208412354959,
      0.525967990925215
    ],
    [
      0.43767510357541706,
      0.4365970617261952
    ],
    [
      0.3963183473047843,
      0.456642695698153
    ],
    [
      0.31997252472657245,
      0.41718903416577996
    ],
    [
      0.3444836386332551,
      0.4008207267477603
    ],
    [
      0.2577501959357574,
      0.30142992317342776
    ],
    [
      0.2547082685528753,
      0.33607964484422514
    ],
    [
      0.21347120125226854,
      0.2647743525440995
    ],
    [
      0.2820682182601406,
      0.21500573999627692
    ],
    [
      0.20089695858336998,
      0.2604792330412008
    ],
    [
      0.15273824280976014,
      0.15066554042073455
    ],
    [
      0.13964860191382827,
      0.176618403232282
    ],
    [
      0.15708572336303228,
      0.20199351490570738
    ],
    [
      0.06844838545741402,
      0.16193111577269076
    ],
    [
      0.09546048624252247,
      0.13597482417485032
    ],
    [
      0.14944420764866514,
      0.08057392079619417
    ],
    [
      0.08980222214916869,
      0.0920822204633967
    ],
    [
      0.03314965796142384,
      0.11630203178939871
    ],
    [
      0.1372396441334579,
      0.06806819092094407
    ],
    [
      0.08576280047573005,
      0.1054346840212464
    ],
    [
      -0.008738384063307222,
      0.08679955234958134
    ],
    [
      0.15360152806401828,
      0.07965581685509585
    ],
    [
      0.09277751944072181,
      0.0794728504657716
    ],
    [
      0.09124906981956911,
      0.09135816845529458
    ],
    [
      0.06842229996348177,
      0.10556766994302359
    ],
    [
      0.13461451454460668,
      0.1168903698574197
    ],
    [
      0.09398210013997707,
      0.042842405624602786
    ],
    [
      0.11267921458214816,
      0.13473269479734962
    ],
    [
      0.22464916178730476,
      0.18127788608947343
    ],
    [
      0.16128225671829696,
      0.05843850474130076
    ],
    [
      0.15874879420235286,
      0.15715362528011054
    ],
    [
      0.190408433641818,
      0.06635003435601586
    ],
    [
      0.17254861857774298,
      0.12533814932497656
    ],
    [
      0.20512353810490153,
      0.19834720915189866
    ],
    [
      0.27593455312079135,
      0.23941042043844693
    ],
    [
      0.27474501631350884,
      0.17729113199666596
    ],
    [
      0.29855844074261245,
      0.2629758618626654
    ],
    [
      0.3576468359886706,
      0.22455011406504347
    ],
    [
      0.31099704218162477,
      0.2580974592897
    ],
    [
      0.3934351762570951,
      0.3741746056661551
    ],
    [
      0.4286004853121451,
      0.2948940835397593
    ],
    [
      0.44643678460315217,
      0.31221815030885297
    ],
    [
      0.5287156628307359,
      0.3690647613844673
    ],
    [
      0.484964596816706,
      0.3414274661343916
    ],
    [
      0.5378417922965966,
      0.4494345798327387
    ],
    [
      0.45669321929709467,
      0.33026539370618685
    ]
  ],
  "complexity": 0.1990160414687222
}