{
  "id": 4421,
  "wedge_count": 1,
  "parameters": {
    "rotation_speeds": [
      -1.3524352185690047
    ],
    "phi_x": [
      0.5724515728091699
    ],
    "phi_y": [
      11.23306441410681
    ],
    "distances": [
      1.0,
      5.343017088311887
    ],
    "refractive_indices": [
      1.0,
      1.5,
      1.0
    ],
    "wedgenum": 1
  },
  "pattern": [
    [
      0.03252292277195549,
      0.03406859290878665
    ],
    [
      -0.015501835748616669,
      -0.008967164667903243
    ],
    [
      -0.07111504480941791,
      -0.06556694320189335
    ],
    [
      -0.1272533357644661,
      -0.11222903806810001
    ],
    [
      -0.1827490288214392,
      -0.16228267944076125
    ],
    [
      -0.24318974800091211,
      -0.2122924108364546
    ],
    [
      -0.29090481284901126,
      -0.25189338650446014
    ],
    [
      -0.3390195085929337,
      -0.3184284859951881
    ],
    [
      -0.38596182555851505,
      -0.36068960070592854
    ],
    [
      -0.4235044001416683,
      -0.4005779910203674
    ],
    [
      -0.48174178908144183,
      -0.4408383007173386
    ],
    [
      -0.5238444144160257,
      -0.4743758944638562
    ],
    [
      -0.5561073413746199,
      -0.504209040269105
    ],
    [
      -0.5926036383652145,
      -0.5598563013046698
    ],
    [
      -0.6248539617070152,
      -0.5845003607508461
    ],
    [
      -0.6607602125996145,
      -0.618098399690232
    ],
    [
      -0.685446144559471,
      -0.6493649773450009
    ],
    [
      -0.6982849600533019,
      -0.6631534082762465
    ],
    [
      -0.7106088186009015,
      -0.6951589142707305
    ],
    [
      -0.7327932700074642,
      -0.7041210453658954
    ],
    [
      -0.7430590008807619,
      -0.7278670227486865
    ],
    [
      -0.7477249679570465,
      -0.7325080441964721
    ],
    [
      -0.7486948793619365,
      -0.7361484816290671
    ],
    [
      -0.743086154002214,
      -0.7467194603136338
    ],
    [
      -0.7289273438398871,
      -0.7400533202955661
    ],
    [
      -0.7220690040455884,
      -0.7480001515595758
    ],
    [
      -0.7061421538908167,
      -0.7367157136243426
    ],
    [
      -0.687061219613625,
      -0.726915762182703
    ],
    [
      -0.6590201678473695,
      -0.715734865791728
    ],
    [
      -0.6355953564627612,
      -0.7031368998060905
    ],
    [
      -0.6040476076075026,
      -0.6853042154916459
    ],
    [
      -0.575003271189752,
      -0.66839813851877
    ],
    [
      -0.5323113381549707,
      -0.6389503633828282
    ],
    [
      -0.4914526116896012,
      -0.606110846178271
    ],
    [
      -0.4507612532429169,
      -0.5691696728437367
    ],
    [
      -0.401272656647293,
      -0.5351011671131133
    ],
    [
      -0.35864848855275355,
      -0.5051029105228164
    ],
    [
      -0.3112803672660249,
      -0.46777979859453234
    ],
    [
      -0.26270273208658,
      -0.4218658838422386
    ],
    [
      -0.2075778503699163,
      -0.38261794355011175
    ],
    [
      -0.15677492324585326,
      -0.33972674206930586
    ],
    [
      -0.09530542169961412,
      -0.2971150278754874
    ],
    [
      -0.05012069537848571,
      -0.24267058231659616
    ],
    [
      0.015573521032333067,
      -0.19356735542314904
    ],
    [
      0.07018853958109096,
      -0.14544428953016436
    ],
    [
      0.12078264727720148,
      -0.10745722385810422
    ],
    [
      0.1785035696196757,
      -0.05139889872212779
    ],
    [
      0.22181316241096133,
      0.0005320933303765655
    ],
    [
      0.2757729180288104,
      0.0451150429958971
    ],
    [
      0.32777381854389087,
      0.10315631834329322
    ],
    [
      0.37595831034777505,
      0.14198215398018332
    ],
    [
      0.42691478220167584,
      0.19021318262679518
    ],
    [
      0.4702221550732526,
      0.2393957011792264
    ],
    [
      0.5101416726117576,
      0.2910802576055267
    ],
    [
      0.5499599827903406,
      0.33370059478826647
    ],
    [
      0.5764625257805468,
      0.37960483228758435
    ],
    [
      0.6062303329302381,
      0.4227679298444798
    ],
    [
      0.632323743716227,
      0.46306037508857517
    ],
    [
      0.6700245647527089,
      0.49829772087953617
    ],
    [
      0.6794409722250584,
      0.5430062031838033
    ]
  ],
  "complexity": 0.19193248431288698
}