{
  "id": 4710,
  "wedge_count": 3,
  "parameters": {
    "rotation_speeds": [
      2.611312278911555,
      2.985669101000971,
      0.32296014032072184
    ],
    "phi_x": [
      4.688473357916301,
      -13.068908989211058,
      -9.380458660117416
    ],
    "phi_y": [
      -5.7991039805756905,
      5.860966418913467,
      2.017542973554818
    ],
    "distances": [
      1.0,
      7.88420757131949,
      5.048030481390427,
      3.841103540561595
    ],
    "refractive_indices": [
      1.0,
      1.5,
      1.5,
      1.5,
      1.0
    ],
    "wedgenum": 3
  },
  "pattern": [
    [
      1.8301922318539885,
      1.8527268706211952
    ],
    [
      2.0101073041954884,
      1.8931047589512076
    ],
    [
      1.9773715546267832,
      1.9631674721914636
    ],
    [
      2.0451502668984,
      1.897459160096843
    ],
    [
      2.1059348043458614,
      2.0673054754983746
    ],
    [
      1.9867416853534328,
      2.029211803874683
    ],
    [
      2.0361319715319226,
      2.0158298998423083
    ],
    [
      2.0906428333816893,
      2.092211324884902
    ],
    [
      2.0226308993192514,
      2.129307905150338
    ],
    [
      2.0194187721075973,
      2.0864850582234715
    ],
    [
      1.988895110771294,
      2.0788808223495563
    ],
    [
      1.9558225373145877,
      2.0204467289281545
    ],
    [
      1.8642165723455941,
      2.072907214174424
    ],
    [
      1.834789859872369,
      2.028918823346635
    ],
    [
      1.8550766538870398,
      1.8771012624598462
    ],
    [
      1.8612149413579075,
      1.869176872239921
    ],
    [
      1.8499141323753978,
      1.900074401617163
    ],
    [
      1.698234299240536,
      1.781856779520813
    ],
    [
      1.7129386520365055,
      1.9065105893592016
    ],
    [
      1.4553623626090637,
      1.783694118967893
    ],
    [
      1.467538581443806,
      1.7253186087186059
    ],
    [
      1.3952820266295227,
      1.5474650701170807
    ],
    [
      1.270723330337998,
      1.6121564216672715
    ],
    [
      1.2837488272176496,
      1.5225983836025732
    ],
    [
      1.1819738599851997,
      1.4303683436209962
    ],
    [
      1.047846592019133,
      1.3321140508617317
    ],
    [
      1.0518365444215971,
      1.1918294164975245
    ],
    [
      0.8870620532979803,
      1.19188166088563
    ],
    [
      0.8616062389875189,
      1.0732888840861623
    ],
    [
      0.7458083615219476,
      1.0235095594955816
    ],
    [
      0.6574227219691647,
      0.9948615761506872
    ],
    [
      0.5588251716534546,
      0.8133900621061014
    ],
    [
      0.370707203658222,
      0.67078956740124
    ],
    [
      0.2435958671162805,
      0.6718113425137764
    ],
    [
      0.2033505930246568,
      0.47279546513121584
    ],
    [
      0.11964597905085798,
      0.4903721178098323
    ],
    [
      0.0674806202562496,
      0.3587945290631847
    ],
    [
      -0.12865665528443695,
      0.3864060563813103
    ],
    [
      -0.11979537152744796,
      0.26048239715339927
    ],
    [
      -0.1901453532668846,
      0.0948844879819051
    ],
    [
      -0.329661849995171,
      0.06659676110803062
    ],
    [
      -0.4476684928855288,
      -0.16600649419086733
    ],
    [
      -0.48783994235883166,
      -0.23194152280202784
    ],
    [
      -0.5929569360427221,
      -0.24496180357047015
    ],
    [
      -0.6154872496557762,
      -0.2881260696648396
    ],
    [
      -0.5956395719307108,
      -0.2899169657763838
    ],
    [
      -0.7207915420442509,
      -0.4586794678709041
    ],
    [
      -0.7723900556782266,
      -0.4038741443432599
    ],
    [
      -0.805055152305561,
      -0.5140623839271882
    ],
    [
      -0.8779616893620297,
      -0.6327056552981073
    ],
    [
      -0.9090417477759288,
      -0.6400438730319925
    ],
    [
      -0.888509838050199,
      -0.8111052378275502
    ],
    [
      -0.9237270939521461,
      -0.7233014260950741
    ],
    [
      -0.9140175594007773,
      -0.6644047217422318
    ],
    [
      -0.9621685119586995,
      -0.8358305014780071
    ],
    [
      -0.9580488545128903,
      -0.9290248154226028
    ],
    [
      -0.857456564865043,
      -0.833801186626981
    ],
    [
      -0.8909027684516138,
      -0.8968058801373264
    ],
    [
      -0.8384262532315421,
      -0.9926598750285414
    ],
    [
      -0.839090526899257,
      -0.9365828337916823
    ]
  ],
  "complexity": 0.3019298046616324
}