{
  "id": 4772,
  "wedge_count": 4,
  "parameters": {
    "rotation_speeds": [
      2.859475279768449,
      -1.3604986340093521,
      1.7572834709982725,
      2.709158223843387
    ],
    "phi_x": [
      -12.90255763969018,
      5.38504987515438,
      -9.21545467494297,
      -12.687916989098564
    ],
    "phi_y": [
      -4.544506307719882,
      4.293658013529058,
      9.407035430286822,
      2.7780369765776705
    ],
    "distances": [
      1.0,
      2.6566428624235887,
      7.525693869188654,
      2.871242300180729,
      4.209707062958647
    ],
    "refractive_indices": [
      1.0,
      1.5,
      1.5,
      1.5,
      1.5,
      1.0
    ],
    "wedgenum": 4
  },
  "pattern": [
    [
      2.9321829807732125,
      2.9528034744918554
    ],
    [
      2.8666924218987795,
      2.9902322059570006
    ],
    [
      2.8296504193507195,
      2.845654974522234
    ],
    [
      2.959615943908913,
      2.9610777512402766
    ],
    [
      2.8944634282881534,
      2.8794061442816177
    ],
    [
      2.781055381758119,
      2.8992786908249846
    ],
    [
      2.8741936811929025,
      2.860985408717241
    ],
    [
      2.774895834909255,
      2.8731359778872014
    ],
    [
      2.7622005327542034,
      2.696099281813006
    ],
    [
      2.691860257182367,
      2.730305514478202
    ],
    [
      2.4394611540082565,
      2.6684761034632265
    ],
    [
      2.557799148291056,
      2.5444904651038778
    ],
    [
      2.3110243264332015,
      2.49197358519899
    ],
    [
      2.299533095372028,
      2.440385094887885
    ],
    [
      2.3011580852246762,
      2.4262354098930086
    ],
    [
      2.092954505326863,
      2.2496234279098695
    ],
    [
      1.9391216038902666,
      2.082197095373979
    ],
    [
      1.7744566937905721,
      2.0466886231892873
    ],
    [
      1.667889069869528,
      1.917502299926868
    ],
    [
      1.5718823059188236,
      1.7792915536447131
    ],
    [
      1.4530678580540588,
      1.721233874006076
    ],
    [
      1.2466874952640508,
      1.538134423700906
    ],
    [
      1.157223433121079,
      1.437940910527413
    ],
    [
      0.949440290993118,
      1.3236687449718658
    ],
    [
      0.8397634814414977,
      1.183962554268381
    ],
    [
      0.7281295775226649,
      1.1443724838294256
    ],
    [
      0.4807048245099714,
      0.9660137640733327
    ],
    [
      0.34943272996959535,
      0.8238160794172429
    ],
    [
      0.2734620032347047,
      0.6159815087330198
    ],
    [
      -0.012095083044237896,
      0.5114099596663143
    ],
    [
      -0.1769586745084386,
      0.37031880895759484
    ],
    [
      -0.4114786419587027,
      0.18749040983215867
    ],
    [
      -0.44971205960340105,
      0.06917284426029784
    ],
    [
      -0.6127919212523502,
      -0.18874041298080246
    ],
    [
      -0.7305547298834262,
      -0.2392511187743147
    ],
    [
      -0.925043118983509,
      -0.3723531570391121
    ],
    [
      -1.0586846374742007,
      -0.4973823411257298
    ],
    [
      -1.1676529190176157,
      -0.6660791233285881
    ],
    [
      -1.292981627420294,
      -0.830687352169389
    ],
    [
      -1.3550393583974816,
      -0.8210599652887554
    ],
    [
      -1.5249769313155426,
      -1.0309166071647664
    ],
    [
      -1.707915416143134,
      -1.1702083528707214
    ],
    [
      -1.666175639835747,
      -1.2406105395406999
    ],
    [
      -1.7629790620576096,
      -1.3693407878122414
    ],
    [
      -1.9756128659537064,
      -1.417553738632086
    ],
    [
      -2.108511790259155,
      -1.5387383776666665
    ],
    [
      -2.0300175951574144,
      -1.7142625344448605
    ],
    [
      -2.1905167576459985,
      -1.8376209916263033
    ],
    [
      -2.2073914792430718,
      -1.7336331983549482
    ],
    [
      -2.3057585555176985,
      -1.92438294985702
    ],
    [
      -2.26595826126346,
      -2.056078330982066
    ],
    [
      -2.3040726676913645,
      -2.098825313190192
    ],
    [
      -2.4482113890027017,
      -2.2212079854287765
    ],
    [
      -2.2764566240237936,
      -2.204560229983665
    ],
    [
      -2.358482400012766,
      -2.326746304949256
    ],
    [
      -2.38107549184564,
      -2.18244425182957
    ],
    [
      -2.2760452224797727,
      -2.385975928196243
    ],
    [
      -2.2197124815510167,
      -2.2941279384039404
    ],
    [
      -2.3214216229542,
      -2.4728501031359906
    ],
    [
      -2.2010939035430312,
      -2.288329685183765
    ]
  ],
  "complexity": 0.3540668766949541
}