{
  "id": 2787,
  "wedge_count": 6,
  "parameters": {
    "rotation_speeds": [
      0.26778864802110913,
      0.1811168131414469,
      1.035106190425883,
      2.04789755996858,
      2.8046924827599025,
      -0.14767319704968873
    ],
    "phi_x": [
      -10.166203969986693,
      0.38416332792564134,
      11.73818265989102,
      -8.197090921439152,
      -0.7207630366798217,
      8.878573049666635
    ],
    "phi_y": [
      9.152010428376752,
      14.79230611515386,
      -2.0728473898942017,
      2.755916397435996,
      -2.0140811850750744,
      -14.454768205658317
    ],
    "distances": [
      1.0,
      5.901583358301078,
      4.204559906763725,
      6.862300565316157,
      6.619417538147584,
      4.705324874688523,
      5.123322428281359
    ],
    "refractive_indices": [
      1.0,
      1.5,
      1.5,
      1.5,
      1.5,
      1.5,
      1.5,
      1.0
    ],
    "wedgenum": 6
  },
  "pattern": [
    [
      3.560613013341979,
      3.568268546688331
    ],
    [
      3.537647741135705,
      3.509031637772197
    ],
    [
      3.5270867326682334,
      3.5342886759071166
    ],
    [
      3.526149165567312,
      3.541148907501273
    ],
    [
      3.664838624704453,
      3.485511031075172
    ],
    [
      3.580539191444563,
      3.588041103379995
    ],
    [
      3.5043439434308685,
      3.6517148697331465
    ],
    [
      3.5520064773625415,
      3.5857966607165728
    ],
    [
      3.473985141418372,
      3.5768855281301057
    ],
    [
      3.5451116167111096,
      3.4801876668742495
    ],
    [
      3.506392445316205,
      3.4776005148199145
    ],
    [
      3.465121109776274,
      3.448361927441262
    ],
    [
      3.3975331985078596,
      3.462619567460766
    ],
    [
      3.319495402725785,
      3.5096393317983776
    ],
    [
      3.3319618814831826,
      3.4340908793029556
    ],
    [
      3.3360194913864794,
      3.369460958440216
    ],
    [
      3.238245441189219,
      3.4145803251400126
    ],
    [
      3.190027852552911,
      3.3382794599081245
    ],
    [
      3.257838172492094,
      3.2803817711577694
    ],
    [
      3.178587855670257,
      3.307454783110878
    ],
    [
      3.0612759320416534,
      3.2422448193172873
    ],
    [
      3.1159751259254294,
      3.185143580680827
    ],
    [
      3.002073884261365,
      3.1863520143155735
    ],
    [
      2.9974702966677937,
      3.1765507374905058
    ],
    [
      2.8752013399663308,
      3.139338985461684
    ],
    [
      2.8726645522489167,
      3.0382933182985616
    ],
    [
      2.7722035984224034,
      2.9662222816482493
    ],
    [
      2.7385592928160336,
      2.8983968279338996
    ],
    [
      2.762158405857997,
      2.844353552835527
    ],
    [
      2.6243542565439806,
      2.766578459472213
    ],
    [
      2.7322732068238365,
      2.888038280710639
    ],
    [
      2.624835359373238,
      2.794753426140764
    ],
    [
      2.5402229615820207,
      2.746092383364388
    ],
    [
      2.444021879833444,
      2.709634505171237
    ],
    [
      2.389075352657173,
      2.7230864491996374
    ],
    [
      2.3736384290067845,
      2.6294826958052555
    ],
    [
      2.3084359521093667,
      2.554888135355644
    ],
    [
      2.2041375563249233,
      2.4958355720032777
    ],
    [
      2.2892216582550255,
      2.337023622920749
    ],
    [
      2.1525822947817597,
      2.4501585311956404
    ],
    [
      2.0984632479647245,
      2.2898003484536775
    ],
    [
      2.161187623633531,
      2.2944836019375012
    ],
    [
      2.0198952668656367,
      2.2233089930124423
    ],
    [
      1.9849178979654354,
      2.2779525968771908
    ],
    [
      2.0499228176470052,
      2.238242228294962
    ],
    [
      1.990738780469243,
      2.1422516141613004
    ],
    [
      1.9095166315921344,
      2.1525813365334137
    ],
    [
      2.045148619730939,
      2.002913219174163
    ],
    [
      1.846162946920204,
      2.0857741666749305
    ],
    [
      1.805483264514989,
      2.082726324696324
    ],
    [
      1.8976113417626488,
      2.016368292543471
    ],
    [
      1.722262850474199,
      1.958810509827942
    ],
    [
      1.8393115169863872,
      1.8315165428406817
    ],
    [
      1.7241174389747678,
      1.868913191027409
    ],
    [
      1.7137085630314661,
      1.8617403145290794
    ],
    [
      1.730453599967814,
      1.8951074686466698
    ],
    [
      1.8343967942573176,
      1.7088806201019604
    ],
    [
      1.7776034152959903,
      1.7689357199598212
    ],
    [
      1.6331129372456659,
      1.6831360861437528
    ],
    [
      1.639870781754958,
      1.712396829060284
    ]
  ],
  "complexity": 0.30150651814679236
}