{
  "id": 1551,
  "wedge_count": 1,
  "parameters": {
    "rotation_speeds": [
      2.35292441320731
    ],
    "phi_x": [
      12.53765035168485
    ],
    "phi_y": [
      -1.338214004169254
    ],
    "distances": [
      1.0,
      7.176026411602731
    ],
    "refractive_indices": [
      1.0,
      1.5,
      1.0
    ],
    "wedgenum": 1
  },
  "pattern": [
    [
      0.8307877952897494,
      0.8338276033358465
    ],
    [
      0.8411268389421978,
      0.8425357868049537
    ],
    [
      0.8449318977601166,
      0.8423703338793198
    ],
    [
      0.8396880079977863,
      0.8433693132723872
    ],
    [
      0.8299992665815243,
      0.8364257905669903
    ],
    [
      0.8090344976387518,
      0.8241897344127876
    ],
    [
      0.8051405937081303,
      0.817831979947065
    ],
    [
      0.7875331450292886,
      0.7962856336773966
    ],
    [
      0.768853653720278,
      0.7849506544060295
    ],
    [
      0.7469010849084525,
      0.7638810293275485
    ],
    [
      0.713772487396036,
      0.7411382264671081
    ],
    [
      0.6787652859801147,
      0.7151530446932236
    ],
    [
      0.6360861099132807,
      0.685581831382248
    ],
    [
      0.5978465072386407,
      0.654973965300824
    ],
    [
      0.5588938615124971,
      0.6306282175503728
    ],
    [
      0.5218433232308797,
      0.5834463388564224
    ],
    [
      0.46958143378554124,
      0.550100521601775
    ],
    [
      0.4213740165069521,
      0.503307529256757
    ],
    [
      0.3734563354914689,
      0.46456447827774916
    ],
    [
      0.32536949803069154,
      0.41969986810875604
    ],
    [
      0.26778919510973925,
      0.36970174086032953
    ],
    [
      0.21332363055858808,
      0.33367762924421585
    ],
    [
      0.15225921979863768,
      0.2752387761253044
    ],
    [
      0.08836745594739404,
      0.22340319056385813
    ],
    [
      0.040186533898102735,
      0.17546409665613702
    ],
    [
      -0.008829234331636772,
      0.1265414690047901
    ],
    [
      -0.07259781430627585,
      0.07339079220493835
    ],
    [
      -0.13986158432956608,
      0.03245532660503864
    ],
    [
      -0.18331909185912426,
      -0.02707171128721538
    ],
    [
      -0.2458479163351019,
      -0.07937927604870183
    ],
    [
      -0.306192227564652,
      -0.1372274591492347
    ],
    [
      -0.35897637000803784,
      -0.1835227810287015
    ],
    [
      -0.4168099153013508,
      -0.23349208389773016
    ],
    [
      -0.46656762581882133,
      -0.2856829101664211
    ],
    [
      -0.5143721988707783,
      -0.33233797698797796
    ],
    [
      -0.5560075738547977,
      -0.3696137524695807
    ],
    [
      -0.5970372049792069,
      -0.43645262883250596
    ],
    [
      -0.632938640434665,
      -0.4683025297179961
    ],
    [
      -0.668626232901812,
      -0.5208517246419736
    ],
    [
      -0.7046297269502991,
      -0.5692218782661022
    ],
    [
      -0.7563577314562624,
      -0.608055389225001
    ],
    [
      -0.7723146117573165,
      -0.6464204239698363
    ],
    [
      -0.8026129058754552,
      -0.6769460757736586
    ],
    [
      -0.8293058422868465,
      -0.6958802974234897
    ],
    [
      -0.8339185582446412,
      -0.7367267734849615
    ],
    [
      -0.8587967389264592,
      -0.7658921695976847
    ],
    [
      -0.8591842608360191,
      -0.7911003680667205
    ],
    [
      -0.8667287525916995,
      -0.8105373999474597
    ],
    [
      -0.8650884538433345,
      -0.8308461397268981
    ],
    [
      -0.8705021146615911,
      -0.8412205940435401
    ],
    [
      -0.8585711936106721,
      -0.8541875747704577
    ],
    [
      -0.8546961001375152,
      -0.8647381053271747
    ],
    [
      -0.8317845846404912,
      -0.8635134025271168
    ],
    [
      -0.8174014562060281,
      -0.8765525403452842
    ],
    [
      -0.7975894710288018,
      -0.8776516707726596
    ],
    [
      -0.7712218554101538,
      -0.8725980434566406
    ],
    [
      -0.7371388262726737,
      -0.861711755612118
    ],
    [
      -0.7055805751558645,
      -0.8479283849226745
    ],
    [
      -0.6763770732280036,
      -0.8353467364523915
    ],
    [
      -0.6372314211990838,
      -0.8124881592606755
    ]
  ],
  "complexity": 0.24417398487165784
}