{
  "id": 4551,
  "wedge_count": 5,
  "parameters": {
    "rotation_speeds": [
      -1.2169382543471665,
      -2.3612967426088574,
      -1.1580589968186255,
      2.6927958603710502,
      0.6926377912378019
    ],
    "phi_x": [
      -8.719004524896118,
      11.641864326317354,
      3.3742597695306777,
      5.9817466799609065,
      9.992828562268102
    ],
    "phi_y": [
      -6.353771789615903,
      1.9018548786828724,
      8.593656950498158,
      7.294728310478003,
      5.94796368443534
    ],
    "distances": [
      1.0,
      4.956840263665135,
      3.9758043266440097,
      2.1031214488459398,
      6.350052004342006,
      3.4400991619022685
    ],
    "refractive_indices": [
      1.0,
      1.5,
      1.5,
      1.5,
      1.5,
      1.5,
      1.0
    ],
    "wedgenum": 5
  },
  "pattern": [
    [
      3.316872461925744,
      3.2143515529666904
    ],
    [
      3.1814822331084835,
      3.230659756291616
    ],
    [
      3.09344111660208,
      3.185348152562005
    ],
    [
      3.109836157388714,
      3.1126972029012956
    ],
    [
      3.1347915346963595,
      3.150149825432791
    ],
    [
      3.094753962371953,
      3.005495138852491
    ],
    [
      3.016777385661915,
      3.0499635822226887
    ],
    [
      2.973697230382702,
      2.9781880374656295
    ],
    [
      2.916366559397321,
      2.8954591777443373
    ],
    [
      2.7190351439073908,
      2.8688460334926873
    ],
    [
      2.7286283224587895,
      2.6741976320898777
    ],
    [
      2.5977281144182998,
      2.7256716828576555
    ],
    [
      2.4869182268882697,
      2.5341248960623295
    ],
    [
      2.378130715553369,
      2.5628842609627065
    ],
    [
      2.196800133978291,
      2.4850033069583106
    ],
    [
      2.0597894269980723,
      2.3463989224244806
    ],
    [
      2.06856033348047,
      2.241727890119182
    ],
    [
      1.9829915564435046,
      2.176702374296914
    ],
    [
      1.7899706022975266,
      2.1424300463236605
    ],
    [
      1.571865028840792,
      1.9654452153862745
    ],
    [
      1.5281170569969327,
      1.7142274236955888
    ],
    [
      1.3961552563551742,
      1.6898034782567328
    ],
    [
      1.4134499350284473,
      1.5544813316307857
    ],
    [
      1.2078962039828836,
      1.4507257852328947
    ],
    [
      0.9325716584906436,
      1.3420205517687365
    ],
    [
      0.7709017493602068,
      1.221032393856738
    ],
    [
      0.6977432476712324,
      0.9883304226966315
    ],
    [
      0.5918129078647024,
      0.968650833206165
    ],
    [
      0.39416204986314374,
      0.75034598207555
    ],
    [
      0.19967207306035864,
      0.7801904954952931
    ],
    [
      0.03227747151343956,
      0.6344278924449926
    ],
    [
      -0.131045860276117,
      0.5120566405124247
    ],
    [
      -0.24712997628240307,
      0.2729369850156666
    ],
    [
      -0.38210149822716016,
      0.155792678417474
    ],
    [
      -0.4925895820443514,
      0.0852450464262481
    ],
    [
      -0.6255539113336914,
      -0.1575790794365984
    ],
    [
      -0.7963615124588297,
      -0.27558533019326437
    ],
    [
      -0.8828594009707857,
      -0.3737139761392132
    ],
    [
      -0.9379935034673599,
      -0.467095863965229
    ],
    [
      -1.130197111083993,
      -0.5492829312638651
    ],
    [
      -1.1483151176928907,
      -0.7607017795033345
    ],
    [
      -1.2969060239338333,
      -0.8289102313769127
    ],
    [
      -1.405382881857077,
      -0.8887133072037778
    ],
    [
      -1.464781014328589,
      -1.0226691378515722
    ],
    [
      -1.5232175724701245,
      -1.0712710932854532
    ],
    [
      -1.6610097520698028,
      -1.174453049748602
    ],
    [
      -1.7233947922816775,
      -1.3567711699808915
    ],
    [
      -1.8254660147680106,
      -1.4380189270879615
    ],
    [
      -1.7803765855039226,
      -1.45367220293784
    ],
    [
      -1.9228378149181242,
      -1.5780320004559871
    ],
    [
      -1.9470604779235552,
      -1.6579734367570689
    ],
    [
      -1.9648634058531231,
      -1.6079142751206854
    ],
    [
      -2.0412030514977957,
      -1.7239764047508992
    ],
    [
      -2.0694602992136093,
      -1.8273999247256814
    ],
    [
      -2.0852338764175897,
      -1.797926654621472
    ],
    [
      -2.1315656121226745,
      -1.9279406409193407
    ],
    [
      -2.1131665927771173,
      -2.0208234372511313
    ],
    [
      -2.1589052233334387,
      -1.9435866632727716
    ],
    [
      -2.0196994763736242,
      -2.0051916399097207
    ],
    [
      -2.0709517669029096,
      -2.0311347484959326
    ]
  ],
  "complexity": 0.3627056605351006
}