{
  "id": 4116,
  "wedge_count": 5,
  "parameters": {
    "rotation_speeds": [
      -0.5720024067145459,
      -0.2062053260206964,
      1.6176481529566296,
      1.044718069911287,
      -0.4810326196864856
    ],
    "phi_x": [
      1.1559786138452246,
      7.08296597986385,
      9.546706457560845,
      -3.233468205456406,
      6.627316177704223
    ],
    "phi_y": [
      3.184517556746851,
      -0.3148754607904731,
      -14.494496807218503,
      12.907372453672018,
      -14.300730649762354
    ],
    "distances": [
      1.0,
      2.420337741607601,
      7.456649544893386,
      2.137477800617594,
      4.402393049130043,
      2.373058878368597
    ],
    "refractive_indices": [
      1.0,
      1.5,
      1.5,
      1.5,
      1.5,
      1.5,
      1.0
    ],
    "wedgenum": 5
  },
  "pattern": [
    [
      3.3041510110628254,
      3.1149063832373054
    ],
    [
      3.360802333900911,
      3.217870173341505
    ],
    [
      3.419856785936526,
      3.305339952947075
    ],
    [
      3.4238705155072164,
      3.3501745704239463
    ],
    [
      3.4530866816136703,
      3.440285377092086
    ],
    [
      3.5198073331019106,
      3.4026836962350537
    ],
    [
      3.5811353652857187,
      3.4266415424091234
    ],
    [
      3.5281345226316203,
      3.4448183294868455
    ],
    [
      3.622583592249632,
      3.4727126604551755
    ],
    [
      3.508224992391571,
      3.4137345191210646
    ],
    [
      3.5939823392095565,
      3.4387849195849354
    ],
    [
      3.4318590052413347,
      3.470959816674805
    ],
    [
      3.448781835698659,
      3.3398198990085954
    ],
    [
      3.365416640705746,
      3.5201221663326434
    ],
    [
      3.4405556820912744,
      3.498548694002353
    ],
    [
      3.2361984243732618,
      3.3833961754150823
    ],
    [
      3.2610076440561584,
      3.3812918682355075
    ],
    [
      3.207737715451048,
      3.1654421508399926
    ],
    [
      3.101365039363036,
      3.214410623843329
    ],
    [
      2.937273772812027,
      3.1573822600485486
    ],
    [
      2.8675847141299817,
      3.130139009131097
    ],
    [
      2.8027008510837934,
      3.0901207203637906
    ],
    [
      2.6479657248602786,
      2.872381480242654
    ],
    [
      2.590183300852471,
      2.849861526576373
    ],
    [
      2.3775443434980663,
      2.746072181196111
    ],
    [
      2.3374556153982056,
      2.6433839870369154
    ],
    [
      2.1279681315826067,
      2.529989818509833
    ],
    [
      2.074053798505768,
      2.420256463289495
    ],
    [
      1.9464464454354093,
      2.2925176212956746
    ],
    [
      1.7705005365431072,
      2.29872489957107
    ],
    [
      1.6461961367804905,
      2.064948829333595
    ],
    [
      1.499039055197589,
      1.9049305372330503
    ],
    [
      1.3123938790208687,
      1.8062778125527512
    ],
    [
      1.305817892992215,
      1.6851657997226002
    ],
    [
      1.0450399491060525,
      1.6160537651954927
    ],
    [
      0.9726953966767338,
      1.40890325117991
    ],
    [
      0.659859933309313,
      1.3213453200297705
    ],
    [
      0.5674441911720781,
      1.1020287008153076
    ],
    [
      0.41230581380530223,
      0.8924362596357229
    ],
    [
      0.3502367470725457,
      0.7922460587377529
    ],
    [
      0.12395179798026984,
      0.7052261926566422
    ],
    [
      0.04291364771402628,
      0.6410425711089021
    ],
    [
      -0.07928689468300734,
      0.49384016129103586
    ],
    [
      -0.24504042541243953,
      0.2570654061210686
    ],
    [
      -0.45049568142649177,
      0.1584628237358862
    ],
    [
      -0.4657965197908191,
      0.06289348021384203
    ],
    [
      -0.5598352249419506,
      -0.02070277280662275
    ],
    [
      -0.6525580662407265,
      -0.16976372488273575
    ],
    [
      -0.7995881444468127,
      -0.3578989868837638
    ],
    [
      -0.8097049162784741,
      -0.3948858111324881
    ],
    [
      -0.959537805831667,
      -0.4728298865709652
    ],
    [
      -1.0636462732294885,
      -0.6873255739427394
    ],
    [
      -1.1442301763624878,
      -0.8145474679205857
    ],
    [
      -1.2441888796218674,
      -0.837094968470777
    ],
    [
      -1.2287675030535703,
      -0.9838643136943828
    ],
    [
      -1.2002879380755946,
      -0.9630132631887192
    ],
    [
      -1.4269886186739376,
      -1.0684585342641304
    ],
    [
      -1.3631443378519803,
      -1.1379171904069245
    ],
    [
      -1.3402053192773902,
      -1.180720601183017
    ],
    [
      -1.4345084276041247,
      -1.30566807647339
    ]
  ],
  "complexity": 0.38008250882554934
}