{
  "id": 3852,
  "wedge_count": 2,
  "parameters": {
    "rotation_speeds": [
      -0.09653054422186536,
      1.99095911533714
    ],
    "phi_x": [
      -14.719036023127309,
      -13.755823202165292
    ],
    "phi_y": [
      -11.611863993670724,
      -10.256963258362374
    ],
    "distances": [
      1.0,
      2.213163792187933,
      6.192385431512492
    ],
    "refractive_indices": [
      1.0,
      1.5,
      1.5,
      1.0
    ],
    "wedgenum": 2
  },
  "pattern": [
    [
      2.009984464488714,
      1.9771104686812881
    ],
    [
      2.073325782950174,
      2.0184344379295824
    ],
    [
      2.114268135392597,
      2.067541985179634
    ],
    [
      2.1254394750101957,
      2.1320509460752275
    ],
    [
      2.160957142334717,
      2.144971235621338
    ],
    [
      2.113734110611576,
      2.134963480391006
    ],
    [
      2.1899017061060095,
      2.1579476281119767
    ],
    [
      2.16078768153559,
      2.1179964030028313
    ],
    [
      2.1678321537137477,
      2.165457075850783
    ],
    [
      2.121621816025311,
      2.141279421807498
    ],
    [
      2.1299063144136685,
      2.094519693144232
    ],
    [
      2.0778118265802963,
      2.121804285116073
    ],
    [
      2.0653909877118144,
      2.089501055599856
    ],
    [
      2.008321458738828,
      2.1138219672157126
    ],
    [
      1.999677887604821,
      2.0474052471204316
    ],
    [
      1.9119870034537076,
      2.0075836358390666
    ],
    [
      1.8433982302694218,
      1.989547600503436
    ],
    [
      1.7462884108544243,
      1.9393169962047472
    ],
    [
      1.7615737955671664,
      1.9102749531473178
    ],
    [
      1.7025182217486379,
      1.810743730817274
    ],
    [
      1.5886231460853844,
      1.7673979794779398
    ],
    [
      1.566792223669469,
      1.7239860454003395
    ],
    [
      1.484002679641957,
      1.6350166310897105
    ],
    [
      1.3132754955584092,
      1.5936244463282654
    ],
    [
      1.2909595177409765,
      1.4998082482619
    ],
    [
      1.215449831218054,
      1.4455258458127613
    ],
    [
      1.107756535209695,
      1.3717363686950894
    ],
    [
      1.0042354144221903,
      1.2843817620327684
    ],
    [
      0.9529009096883474,
      1.2277892355421374
    ],
    [
      0.8619261380066527,
      1.1200646313675202
    ],
    [
      0.7420629979121196,
      1.0633781107817275
    ],
    [
      0.6786794625160053,
      0.9200987379337214
    ],
    [
      0.6031052851180927,
      0.8582276151187691
    ],
    [
      0.48510510302696436,
      0.8077956466493564
    ],
    [
      0.42722746317052,
      0.6876440350786336
    ],
    [
      0.3098245859947288,
      0.6268956336270258
    ],
    [
      0.25750242940226836,
      0.5481731786710143
    ],
    [
      0.11378472261600087,
      0.45453907658254766
    ],
    [
      0.03559100870537694,
      0.3769147490460766
    ],
    [
      0.012811765006829866,
      0.32724856433637056
    ],
    [
      -0.0401247415529489,
      0.23803678067593256
    ],
    [
      -0.14061658228462484,
      0.18158155315913205
    ],
    [
      -0.19694972088933504,
      0.06524096858943038
    ],
    [
      -0.26099681054853646,
      -0.009838520278104147
    ],
    [
      -0.32352494365829015,
      -0.025308659781233856
    ],
    [
      -0.3267072102482988,
      -0.1335992271518702
    ],
    [
      -0.3958460592203327,
      -0.18938478596829422
    ],
    [
      -0.372959924985291,
      -0.20987346510127183
    ],
    [
      -0.46649129743810386,
      -0.24776320905272423
    ],
    [
      -0.45368045534150064,
      -0.33531969174820053
    ],
    [
      -0.5167933296293495,
      -0.36950397968468857
    ],
    [
      -0.48105463155821404,
      -0.39271954220831096
    ],
    [
      -0.4945723774129894,
      -0.4308373881699452
    ],
    [
      -0.49685343648699376,
      -0.4488315053531903
    ],
    [
      -0.492985355139085,
      -0.46938721178095194
    ],
    [
      -0.45247450461354705,
      -0.4647766357053246
    ],
    [
      -0.39640426823832564,
      -0.5276190319626121
    ],
    [
      -0.39894771481147157,
      -0.5337477712547909
    ],
    [
      -0.353867956885783,
      -0.5100403668274374
    ],
    [
      -0.35465860309571456,
      -0.5027807671232132
    ]
  ],
  "complexity": 0.2844390850381182
}