{
  "id": 388,
  "wedge_count": 1,
  "parameters": {
    "rotation_speeds": [
      2.0844527740395664
    ],
    "phi_x": [
      0.046913468000452596
    ],
    "phi_y": [
      -3.405567505456929
    ],
    "distances": [
      1.0,
      3.166525100102941
    ],
    "refractive_indices": [
      1.0,
      1.5,
      1.0
    ],
    "wedgenum": 1
  },
  "pattern": [
    [
      0.007133554308616134,
      0.002750272669221171
    ],
    [
      0.022217140001536316,
      0.01922332491488408
    ],
    [
      0.041644524039999894,
      0.03853744510883046
    ],
    [
      0.05209800329080756,
      0.04300103808156246
    ],
    [
      0.06897627620596644,
      0.0650990854183092
    ],
    [
      0.07968845282753101,
      0.08375315346800065
    ],
    [
      0.10142748712443987,
      0.09599613978790275
    ],
    [
      0.11723686965249185,
      0.1060568702700234
    ],
    [
      0.1305684089237722,
      0.11805304079865579
    ],
    [
      0.1421674974469622,
      0.1269248293231661
    ],
    [
      0.15309065237126226,
      0.14274477070117797
    ],
    [
      0.17484911533522265,
      0.15300079233309022
    ],
    [
      0.18667447051100172,
      0.1646651207731829
    ],
    [
      0.18516477015753588,
      0.1779498181828994
    ],
    [
      0.1956725685917586,
      0.1844773458566628
    ],
    [
      0.2118652071759592,
      0.1885042181428987
    ],
    [
      0.21625460996149343,
      0.20049899803648727
    ],
    [
      0.21617232878874448,
      0.21484113220994758
    ],
    [
      0.22025441538604812,
      0.21578149961151566
    ],
    [
      0.22714316804750687,
      0.2233670749548477
    ],
    [
      0.2304485656328452,
      0.21129154851612744
    ],
    [
      0.22551781237408328,
      0.2267362697598321
    ],
    [
      0.22477281182261866,
      0.22698467053348687
    ],
    [
      0.22437760444593527,
      0.2345250387085386
    ],
    [
      0.21639925627951725,
      0.22729728659336676
    ],
    [
      0.22191433688401282,
      0.225789002201505
    ],
    [
      0.1992620483224734,
      0.21993145077104484
    ],
    [
      0.2072376210646848,
      0.20532113315502729
    ],
    [
      0.1942251456689506,
      0.21515856656128013
    ],
    [
      0.18502714921050853,
      0.20781813254315573
    ],
    [
      0.1817616009174334,
      0.19894352545189145
    ],
    [
      0.16767422086945938,
      0.19271760194045448
    ],
    [
      0.15170579796949452,
      0.19421743196336175
    ],
    [
      0.14366947696102014,
      0.1750707811210343
    ],
    [
      0.11565354730753366,
      0.1739700225248945
    ],
    [
      0.10836106018394309,
      0.15082852189057477
    ],
    [
      0.09781772707752558,
      0.145406295075432
    ],
    [
      0.08097628752267302,
      0.1379251448049257
    ],
    [
      0.060906076860274584,
      0.10926183045251937
    ],
    [
      0.05388025951292883,
      0.09926297504676068
    ],
    [
      0.033507074805751935,
      0.0895977009568109
    ],
    [
      0.016978422804107895,
      0.08244853618985847
    ],
    [
      0.0034433466746208903,
      0.051859411537904104
    ],
    [
      -0.012878941306146759,
      0.04196126550505808
    ],
    [
      -0.029091345004506112,
      0.026730875077089093
    ],
    [
      -0.05713517595021929,
      0.029532466674267645
    ],
    [
      -0.064610499020193,
      0.008802277720188666
    ],
    [
      -0.08636924238895412,
      -0.016823389804609526
    ],
    [
      -0.1030572685245053,
      -0.022657272556724978
    ],
    [
      -0.12047381542353196,
      -0.04566551651253869
    ],
    [
      -0.12250332459566278,
      -0.05478860839926718
    ],
    [
      -0.150902399781361,
      -0.07196029196135399
    ],
    [
      -0.16135467084580282,
      -0.08212864827132241
    ],
    [
      -0.1664618001083499,
      -0.10778241418310834
    ],
    [
      -0.1799770574852717,
      -0.11346815604313358
    ],
    [
      -0.18661619497739373,
      -0.13229650600270165
    ],
    [
      -0.19596359981234548,
      -0.14308171006606635
    ],
    [
      -0.21241934546095273,
      -0.15986986975346656
    ],
    [
      -0.2084785218136344,
      -0.1657671129427604
    ],
    [
      -0.2195912277016727,
      -0.17729662696772822
    ]
  ],
  "complexity": 0.15645780908378912
}