{
  "id": 4816,
  "wedge_count": 5,
  "parameters": {
    "rotation_speeds": [
      -0.11768411114427257,
      0.46347564961188237,
      0.745455200154189,
      1.4006208563581772,
      2.328499907503172
    ],
    "phi_x": [
      3.691219325440315,
      -1.061571200705277,
      -4.784939457466406,
      10.974703040856024,
      7.679806274217299
    ],
    "phi_y": [
      5.77773744332378,
      9.246599597029807,
      -13.802239217503779,
      13.732934889921314,
      14.264150136128844
    ],
    "distances": [
      1.0,
      2.545347803503507,
      6.95823657389163,
      2.809228100164063,
      6.0180409272311675,
      7.9027815813267965
    ],
    "refractive_indices": [
      1.0,
      1.5,
      1.5,
      1.5,
      1.5,
      1.5,
      1.0
    ],
    "wedgenum": 5
  },
  "pattern": [
    [
      3.445999920991883,
      3.3446814035771606
    ],
    [
      3.426958468938468,
      3.358377740043972
    ],
    [
      3.4477943039670667,
      3.471856418554946
    ],
    [
      3.5399734321312972,
      3.421873341849122
    ],
    [
      3.6032761148486,
      3.506418729675234
    ],
    [
      3.5955425486968573,
      3.5504018097097543
    ],
    [
      3.553744271669808,
      3.588279185083689
    ],
    [
      3.568378424872335,
      3.5811824154220977
    ],
    [
      3.5874101514834567,
      3.6147267825848703
    ],
    [
      3.5803333173103016,
      3.5927783284222086
    ],
    [
      3.608577255557413,
      3.623080596458887
    ],
    [
      3.5302547664882034,
      3.503281158537289
    ],
    [
      3.601291096418907,
      3.575563882985558
    ],
    [
      3.4987503879278563,
      3.6633232628803896
    ],
    [
      3.395475565759272,
      3.461927121400237
    ],
    [
      3.280202498281212,
      3.5744006577455387
    ],
    [
      3.3089023801733877,
      3.4821713248719983
    ],
    [
      3.19767168731507,
      3.391197489703314
    ],
    [
      3.1097854621209913,
      3.360750039402299
    ],
    [
      2.992889866760203,
      3.384256190238695
    ],
    [
      3.0138660916465896,
      3.2079303134456945
    ],
    [
      2.830569631376984,
      3.114489995309247
    ],
    [
      2.6589306015841956,
      3.0696742089452607
    ],
    [
      2.7215678719993694,
      2.9611313019636616
    ],
    [
      2.480129545365718,
      2.926441980898922
    ],
    [
      2.4557106348493236,
      2.8529300846213603
    ],
    [
      2.3859386902772677,
      2.705627116812807
    ],
    [
      2.1331915684785567,
      2.632991013469019
    ],
    [
      2.097062742659162,
      2.514058602754318
    ],
    [
      1.9513428083947415,
      2.433639217360109
    ],
    [
      1.818823404368112,
      2.35632502229056
    ],
    [
      1.7067464650324917,
      2.284635480699201
    ],
    [
      1.6449885440601772,
      2.127478139886878
    ],
    [
      1.4499533526843627,
      1.9600445249386895
    ],
    [
      1.3043886049717364,
      1.9688429869277582
    ],
    [
      1.2572776574229718,
      1.7758473431714388
    ],
    [
      1.1408061714252515,
      1.6627933530508463
    ],
    [
      1.0243063785011945,
      1.5393202554938055
    ],
    [
      0.9161872266417029,
      1.4302140129167331
    ],
    [
      0.8247413425794882,
      1.3622199448445536
    ],
    [
      0.6906284133618353,
      1.1897535635187861
    ],
    [
      0.6160989140509557,
      1.109751681171029
    ],
    [
      0.4906306545248532,
      0.9884137854733145
    ],
    [
      0.43037835148063863,
      0.8522014967480371
    ],
    [
      0.2989956991788904,
      0.779246317808266
    ],
    [
      0.31280398882330773,
      0.781029856286082
    ],
    [
      0.14581957764715175,
      0.6888068384200655
    ],
    [
      0.23910510230224216,
      0.6058449677983183
    ],
    [
      0.051751737898641445,
      0.4553052044188899
    ],
    [
      0.01501391660522157,
      0.4560725236598554
    ],
    [
      0.0793088998620436,
      0.4097467377933307
    ],
    [
      -0.02390024960982262,
      0.24319729539944634
    ],
    [
      0.07227427001595597,
      0.27509843041184384
    ],
    [
      -0.05155425572597657,
      0.20358648325257828
    ],
    [
      -0.029672514288530554,
      0.16021098200522368
    ],
    [
      -0.025761989743018347,
      0.08070639013766878
    ],
    [
      -0.08856140350111,
      0.044673626357925184
    ],
    [
      -0.032490907877972486,
      0.07828074065734227
    ],
    [
      -0.0541064947514889,
      -0.012107688989215057
    ],
    [
      -0.022993947644082514,
      -0.07575693075194806
    ]
  ],
  "complexity": 0.3443877656837968
}