{
  "id": 4747,
  "wedge_count": 2,
  "parameters": {
    "rotation_speeds": [
      0.16840972296501588,
      0.3870181680187108
    ],
    "phi_x": [
      -5.400310000128316,
      6.703878516105451
    ],
    "phi_y": [
      14.425002596164475,
      5.911631827670501
    ],
    "distances": [
      1.0,
      5.535114716557571,
      7.586025849813295
    ],
    "refractive_indices": [
      1.0,
      1.5,
      1.5,
      1.0
    ],
    "wedgenum": 2
  },
  "pattern": [
    [
      0.8837706641186003,
      0.9096384978605474
    ],
    [
      0.9379436690582238,
      0.8818316821463302
    ],
    [
      1.0118266204245385,
      0.9435292386346692
    ],
    [
      0.9620960591879159,
      0.9676220512711298
    ],
    [
      1.0102151820101906,
      1.025928784778531
    ],
    [
      1.0652739790096353,
      1.0618717753090592
    ],
    [
      1.1179187561908328,
      1.1043258422157054
    ],
    [
      1.1643792991542938,
      1.1154528577526976
    ],
    [
      1.2002947910683148,
      1.1053122086266223
    ],
    [
      1.1715135881038605,
      1.1925613165531337
    ],
    [
      1.1900177932331164,
      1.135256350406819
    ],
    [
      1.248885784663572,
      1.218615271261512
    ],
    [
      1.1847641676758338,
      1.2169200591122133
    ],
    [
      1.280368098275065,
      1.268035822079987
    ],
    [
      1.3011654252461813,
      1.2677447431536855
    ],
    [
      1.2876594599580151,
      1.2835004076074683
    ],
    [
      1.3117932575868505,
      1.2905942715965892
    ],
    [
      1.2710212821500424,
      1.317016986351583
    ],
    [
      1.286615260435573,
      1.3300214295692003
    ],
    [
      1.284175422504489,
      1.3150440674333368
    ],
    [
      1.3626805305032568,
      1.284831018474689
    ],
    [
      1.2994547570992687,
      1.3394763449571314
    ],
    [
      1.273847270463248,
      1.2810960418723252
    ],
    [
      1.2979168418540115,
      1.332427199264252
    ],
    [
      1.2536912947586019,
      1.2722257752882862
    ],
    [
      1.2254774994141606,
      1.2618732117307312
    ],
    [
      1.1685141629053124,
      1.374482431725623
    ],
    [
      1.2808984852456302,
      1.2953171049556687
    ],
    [
      1.2111180444644702,
      1.2625041523332439
    ],
    [
      1.20733924134155,
      1.2939736044622863
    ],
    [
      1.2265083596750102,
      1.243138785867504
    ],
    [
      1.1609092215858627,
      1.279212503854879
    ],
    [
      1.19887362614056,
      1.241771316318407
    ],
    [
      1.1529328248342188,
      1.2278116556221965
    ],
    [
      1.106674089491465,
      1.2054040970322164
    ],
    [
      1.0786609207163569,
      1.2200004314446402
    ],
    [
      1.112583284143143,
      1.1029862228834963
    ],
    [
      1.0797205330923456,
      1.1795044784597013
    ],
    [
      0.9633508832298779,
      1.1979683569595077
    ],
    [
      1.0091629807014437,
      1.0738563300545494
    ],
    [
      0.8710455673434806,
      1.1237198137184068
    ],
    [
      0.9217734678655809,
      1.0566688675947926
    ],
    [
      0.9403554011611366,
      1.071225761113565
    ],
    [
      0.8626565137842758,
      0.997953768359176
    ],
    [
      0.8104498389453002,
      0.9666342605871516
    ],
    [
      0.6783707084219753,
      0.9492090303873189
    ],
    [
      0.8134603863879316,
      0.9221241724520153
    ],
    [
      0.7239617032253111,
      0.9237678950975269
    ],
    [
      0.7133476954528558,
      0.8636797042363118
    ],
    [
      0.6691745517551971,
      0.9443176198040721
    ],
    [
      0.5996178784854834,
      0.8397065239449454
    ],
    [
      0.6440789401678573,
      0.8188965349158145
    ],
    [
      0.5917096466055397,
      0.7252870159280473
    ],
    [
      0.5859630367799674,
      0.7749067314048266
    ],
    [
      0.49374390376283894,
      0.6913249168617789
    ],
    [
      0.5583944760552653,
      0.6611477424159489
    ],
    [
      0.49475623480165876,
      0.6247542361211006
    ],
    [
      0.4200816892551327,
      0.5310348344257867
    ],
    [
      0.3849953632892471,
      0.6243484084343458
    ],
    [
      0.40199989391731605,
      0.5484055955445022
    ]
  ],
  "complexity": 0.2104041818805836
}