{
  "id": 1270,
  "wedge_count": 3,
  "parameters": {
    "rotation_speeds": [
      1.241420741843016,
      0.5685144861361953,
      0.8238075060536545
    ],
    "phi_x": [
      -14.977569547684894,
      -3.7283672734861604,
      -0.8568558896829632
    ],
    "phi_y": [
      14.910530499593456,
      7.0880171612162854,
      6.08037802405568
    ],
    "distances": [
      1.0,
      5.819870222691,
      2.7905149654552037,
      2.2354420803799946
    ],
    "refractive_indices": [
      1.0,
      1.5,
      1.5,
      1.5,
      1.0
    ],
    "wedgenum": 3
  },
  "pattern": [
    [
      1.608861085170854,
      1.5773649946995971
    ],
    [
      1.6249241388226658,
      1.6449677363275186
    ],
    [
      1.7300124233603031,
      1.7002799177645547
    ],
    [
      1.8812955770431485,
      1.8971061129227995
    ],
    [
      1.966054600723623,
      1.8553895422515045
    ],
    [
      2.075824697953726,
      2.013133659736087
    ],
    [
      2.0368163393554015,
      2.0202683895535256
    ],
    [
      2.127797155823052,
      2.0424454410886406
    ],
    [
      2.1781571290535973,
      2.151775083079465
    ],
    [
      2.1768710801223388,
      2.2626006035126247
    ],
    [
      2.2915474565439307,
      2.3469431825442464
    ],
    [
      2.3019899677746913,
      2.2717830071391862
    ],
    [
      2.3007086408687063,
      2.421605208610998
    ],
    [
      2.3646851108021045,
      2.317359991582496
    ],
    [
      2.3027274831057074,
      2.3099657010166132
    ],
    [
      2.413014495600193,
      2.424356761355817
    ],
    [
      2.2700362381107477,
      2.3406485760214846
    ],
    [
      2.30758442300252,
      2.2685920120143317
    ],
    [
      2.254748515115948,
      2.37369716381501
    ],
    [
      2.207399409598039,
      2.313363223793111
    ],
    [
      2.039060356377902,
      2.292828701923889
    ],
    [
      2.181703189422268,
      2.2240543365175762
    ],
    [
      2.0851818496800454,
      2.100470423730388
    ],
    [
      2.0002556219207905,
      2.20231420238853
    ],
    [
      1.8733722242381716,
      2.0303920278031224
    ],
    [
      1.7171612403109235,
      2.097371382177418
    ],
    [
      1.6470217391453876,
      1.9232781266767554
    ],
    [
      1.5598719149142484,
      1.8626074608494438
    ],
    [
      1.380673899411744,
      1.8253822344036892
    ],
    [
      1.3549248791019295,
      1.6523482887502727
    ],
    [
      1.2527282245317364,
      1.6220525901204708
    ],
    [
      1.1538227960180272,
      1.5135696556455798
    ],
    [
      1.0041607352334911,
      1.337508350288887
    ],
    [
      0.9768283677971396,
      1.2545384705191522
    ],
    [
      0.7350583689340155,
      1.1568547464509706
    ],
    [
      0.6296180961868044,
      1.1612570679962757
    ],
    [
      0.5096544867011465,
      0.929202083459541
    ],
    [
      0.4177135655589146,
      0.8808534569085302
    ],
    [
      0.1944292275380113,
      0.7352354527205675
    ],
    [
      0.10568258106635431,
      0.5913388095928209
    ],
    [
      0.030957015313534078,
      0.5030675926455945
    ],
    [
      -0.08058437846233762,
      0.3324784995396676
    ],
    [
      -0.2728968097138367,
      0.36665398883238165
    ],
    [
      -0.3747932265845687,
      0.13882999882094585
    ],
    [
      -0.4424103879783535,
      0.0534839592831919
    ],
    [
      -0.6437761091875736,
      -0.1121253556944129
    ],
    [
      -0.6431081486007798,
      -0.2613402743911051
    ],
    [
      -0.8190001580193886,
      -0.3633175819326553
    ],
    [
      -0.8748921796550206,
      -0.4891552189185301
    ],
    [
      -0.9854383169529866,
      -0.4966699449530977
    ],
    [
      -1.1569769670378658,
      -0.6157567463080353
    ],
    [
      -1.1357828693409906,
      -0.7416837031874417
    ],
    [
      -1.2419088006476486,
      -0.7256719286378879
    ],
    [
      -1.3548039756933716,
      -0.8517870749249639
    ],
    [
      -1.363371175339874,
      -0.9894828565253249
    ],
    [
      -1.3705480052708257,
      -1.0224066270107612
    ],
    [
      -1.489548489173012,
      -1.1299969326593504
    ],
    [
      -1.4977635623916556,
      -1.217724328457024
    ],
    [
      -1.5093328644602206,
      -1.219352113073949
    ],
    [
      -1.5233034452756016,
      -1.216186343094645
    ]
  ],
  "complexity": 0.3067644817325989
}