{
  "id": 3027,
  "wedge_count": 1,
  "parameters": {
    "rotation_speeds": [
      -2.2969687441099054
    ],
    "phi_x": [
      0.565535849788569
    ],
    "phi_y": [
      -4.006801150029739
    ],
    "distances": [
      1.0,
      4.575479727039177
    ],
    "refractive_indices": [
      1.0,
      1.5,
      1.0
    ],
    "wedgenum": 1
  },
  "pattern": [
    [
      0.0434024515887338,
      0.0399604177565906
    ],
    [
      0.016890342155280756,
      0.016562298252440856
    ],
    [
      -0.0023525832559000465,
      0.0003611836392150153
    ],
    [
      -0.03080284292884599,
      -0.005639192617438778
    ],
    [
      -0.04162305887781283,
      -0.03460728373751824
    ],
    [
      -0.05903914893407572,
      -0.04460642903506764
    ],
    [
      -0.08070241452145646,
      -0.06416931488428046
    ],
    [
      -0.10322708048656212,
      -0.08967691842045844
    ],
    [
      -0.12052677856882706,
      -0.10800468860752505
    ],
    [
      -0.12540280897078643,
      -0.12665691820242223
    ],
    [
      -0.151026561218079,
      -0.13062300496348048
    ],
    [
      -0.16550438387334926,
      -0.1434976228741626
    ],
    [
      -0.18805955590853735,
      -0.16758291094953187
    ],
    [
      -0.192412168583646,
      -0.1768823207152204
    ],
    [
      -0.2073120887556407,
      -0.1921041850517948
    ],
    [
      -0.21610188570822672,
      -0.20499091238303824
    ],
    [
      -0.22886826757213063,
      -0.21727170742541244
    ],
    [
      -0.241409388911259,
      -0.2199986015562772
    ],
    [
      -0.25294042698945857,
      -0.2279989996274633
    ],
    [
      -0.2628043249108909,
      -0.24943874358782078
    ],
    [
      -0.26090488158343533,
      -0.23818842130803708
    ],
    [
      -0.2624627373844433,
      -0.2583045801618079
    ],
    [
      -0.26739381010254293,
      -0.26478210603439045
    ],
    [
      -0.26381960247037084,
      -0.26690657189275874
    ],
    [
      -0.2709966822620553,
      -0.2725583913945327
    ],
    [
      -0.2707201195367529,
      -0.26059081339139756
    ],
    [
      -0.25267873930518636,
      -0.2662681073688788
    ],
    [
      -0.2487325587758631,
      -0.262918606292972
    ],
    [
      -0.23845502742325964,
      -0.25482713199032
    ],
    [
      -0.22996642263839112,
      -0.2571758429995258
    ],
    [
      -0.226597654749795,
      -0.2448641339876026
    ],
    [
      -0.21794939667795918,
      -0.24604955800747594
    ],
    [
      -0.206331305457524,
      -0.23191931420226547
    ],
    [
      -0.1935376292674037,
      -0.22973401642437338
    ],
    [
      -0.17867947309450005,
      -0.22472716352109434
    ],
    [
      -0.1652960692423606,
      -0.20590292705989605
    ],
    [
      -0.15648895966727516,
      -0.19703859340237936
    ],
    [
      -0.127275335999034,
      -0.1841717637079134
    ],
    [
      -0.11326330052209105,
      -0.163922702122475
    ],
    [
      -0.09741012270830704,
      -0.15715557180848586
    ],
    [
      -0.07746590426045444,
      -0.13570726256423107
    ],
    [
      -0.062358622967117985,
      -0.1209770689555915
    ],
    [
      -0.04614229991358119,
      -0.11145340930165275
    ],
    [
      -0.014007518829046274,
      -0.09913504283462164
    ],
    [
      0.004388995924747347,
      -0.07311525544329832
    ],
    [
      0.01947703103042388,
      -0.06548525626651303
    ],
    [
      0.035365643121644814,
      -0.045860747829359956
    ],
    [
      0.05937363755898716,
      -0.03154255818345498
    ],
    [
      0.0805448016578308,
      -0.0008650482023742521
    ],
    [
      0.09733784724805333,
      0.01136009550083864
    ],
    [
      0.11130834031949625,
      0.02056578863036132
    ],
    [
      0.13360848400807784,
      0.0394228738907762
    ],
    [
      0.1512680894213876,
      0.053588032383924844
    ],
    [
      0.15810677884213512,
      0.07935716422007134
    ],
    [
      0.1767448858237724,
      0.09388677611893576
    ],
    [
      0.18060242100318508,
      0.11732328021210575
    ],
    [
      0.20947611719615455,
      0.12530600212559062
    ],
    [
      0.20701185024442031,
      0.12890869288589438
    ],
    [
      0.22371777890880926,
      0.14898253655251778
    ],
    [
      0.2232536663003641,
      0.16442522160465717
    ]
  ],
  "complexity": 0.15519614599383663
}