{
  "id": 3716,
  "wedge_count": 1,
  "parameters": {
    "rotation_speeds": [
      2.6318863936235974
    ],
    "phi_x": [
      -12.192163043955613
    ],
    "phi_y": [
      -1.703673520893144
    ],
    "distances": [
      1.0,
      6.4600420231074684
    ],
    "refractive_indices": [
      1.0,
      1.5,
      1.0
    ],
    "wedgenum": 1
  },
  "pattern": [
    [
      0.8087931780180383,
      0.8119425592664157
    ],
    [
      0.8143353455239976,
      0.8156100102967515
    ],
    [
      0.8296184967620268,
      0.8246385101972676
    ],
    [
      0.8263169355845552,
      0.8197976467547673
    ],
    [
      0.8173664773111927,
      0.8168203598908457
    ],
    [
      0.8137802453870631,
      0.8048226567394187
    ],
    [
      0.791526136277829,
      0.8089298845111799
    ],
    [
      0.7827352652544569,
      0.7949365013410179
    ],
    [
      0.7642800926271776,
      0.7788796997434164
    ],
    [
      0.7327888429204157,
      0.7673907691917996
    ],
    [
      0.7182093757889119,
      0.7375729154115014
    ],
    [
      0.6808350051773593,
      0.7131503530900798
    ],
    [
      0.6398670447086395,
      0.6819096494090199
    ],
    [
      0.6117693473921186,
      0.6589146135346495
    ],
    [
      0.5727265719202628,
      0.6308457113691611
    ],
    [
      0.5217374867596682,
      0.5867571910480527
    ],
    [
      0.48497498441940456,
      0.5512496173532474
    ],
    [
      0.43932629978718,
      0.5074117394090415
    ],
    [
      0.39279634412430164,
      0.47099940736057055
    ],
    [
      0.33754892944351983,
      0.43204363407220137
    ],
    [
      0.2903893181059066,
      0.3864356087023322
    ],
    [
      0.22915109165947653,
      0.3425678086768042
    ],
    [
      0.18309750008081424,
      0.3001582661961993
    ],
    [
      0.12085444859731424,
      0.24807818086698785
    ],
    [
      0.059793727229669705,
      0.19405232165778669
    ],
    [
      0.010547525538637175,
      0.1487999772599094
    ],
    [
      -0.04758103496715411,
      0.10775113547138324
    ],
    [
      -0.10335652111178976,
      0.04769979161931518
    ],
    [
      -0.16347839123288305,
      -0.009561445280795555
    ],
    [
      -0.20972749550614633,
      -0.05587673773640799
    ],
    [
      -0.2720540680465288,
      -0.11098043172569325
    ],
    [
      -0.3251856807767547,
      -0.1608500416421969
    ],
    [
      -0.38518389975162265,
      -0.21121134407999592
    ],
    [
      -0.43464483070779364,
      -0.26278400155225334
    ],
    [
      -0.47508181982008163,
      -0.3096852587029978
    ],
    [
      -0.5325704838099031,
      -0.36034379947073225
    ],
    [
      -0.5830613006158457,
      -0.39940032431324524
    ],
    [
      -0.608012259891566,
      -0.45151812429313265
    ],
    [
      -0.6516556036462553,
      -0.4915115813117551
    ],
    [
      -0.6900791549780496,
      -0.5310854050070083
    ],
    [
      -0.7158615883068127,
      -0.5791022427285815
    ],
    [
      -0.7546017462789479,
      -0.6170725933876122
    ],
    [
      -0.7797382385780458,
      -0.6423229738498287
    ],
    [
      -0.8058471541931854,
      -0.6755971558327425
    ],
    [
      -0.8236523195838392,
      -0.714061371420533
    ],
    [
      -0.8355662397315996,
      -0.7320500547071367
    ],
    [
      -0.8474466466960084,
      -0.7620744559764709
    ],
    [
      -0.8476972962799912,
      -0.7911849847350522
    ],
    [
      -0.848993041625765,
      -0.8042544380247879
    ],
    [
      -0.8596279776529012,
      -0.8148240616214412
    ],
    [
      -0.8453143449801873,
      -0.831649902101262
    ],
    [
      -0.8457149201013179,
      -0.8436083410322114
    ],
    [
      -0.8197317142854675,
      -0.8516811036634239
    ],
    [
      -0.8112632695708911,
      -0.8591996595075655
    ],
    [
      -0.7920122597103993,
      -0.8497226685901341
    ],
    [
      -0.7683641370477544,
      -0.853129827856351
    ],
    [
      -0.7529551916361203,
      -0.8489405123727305
    ],
    [
      -0.7163228078108115,
      -0.8373396848045365
    ],
    [
      -0.678335236020549,
      -0.8331686745693476
    ],
    [
      -0.6397812354156635,
      -0.8113107884913248
    ]
  ],
  "complexity": 0.24333307470562485
}