{
  "id": 189,
  "wedge_count": 4,
  "parameters": {
    "rotation_speeds": [
      0.9199566050351127,
      -1.9899999501993384,
      -2.2630466845398685,
      2.4846905836790274
    ],
    "phi_x": [
      -9.508249020263625,
      3.258782675603907,
      10.942113367128638,
      7.577985874250661
    ],
    "phi_y": [
      -0.8573111016780803,
      -13.677365008049659,
      -2.4341620476413475,
      -8.248675374368045
    ],
    "distances": [
      1.0,
      5.165094788737813,
      6.722310214956004,
      6.7781445270182505,
      5.152323089760312
    ],
    "refractive_indices": [
      1.0,
      1.5,
      1.5,
      1.5,
      1.5,
      1.0
    ],
    "wedgenum": 4
  },
  "pattern": [
    [
      2.5245867511630062,
      2.5885802598105334
    ],
    [
      2.4702044459271013,
      2.547923084299415
    ],
    [
      2.485079956995113,
      2.4408962605834006
    ],
    [
      2.4041488645900055,
      2.3643012401465735
    ],
    [
      2.2889493124012885,
      2.3957564975927923
    ],
    [
      2.216591981553725,
      2.2977471045125903
    ],
    [
      2.2301444456630555,
      2.114752031080742
    ],
    [
      2.1711733461947555,
      2.2121241802088774
    ],
    [
      2.061697625838183,
      2.096967589573393
    ],
    [
      1.9723920663726324,
      2.0210827723291165
    ],
    [
      1.8717341921179393,
      1.9272216288841926
    ],
    [
      1.7178249719599836,
      1.804535747239973
    ],
    [
      1.6667676287692217,
      1.7121346835092581
    ],
    [
      1.4795260634857919,
      1.6136707166559041
    ],
    [
      1.5087388039662624,
      1.5814600889312194
    ],
    [
      1.314254999781362,
      1.4353367560742836
    ],
    [
      1.1145748723731472,
      1.309060803973938
    ],
    [
      1.0686832044448877,
      1.1911423667730914
    ],
    [
      0.88848807578887,
      1.060907466182788
    ],
    [
      0.7781343135042375,
      1.1275722925581224
    ],
    [
      0.6121652955885901,
      0.9204545736593404
    ],
    [
      0.4829346013417668,
      0.8071056394379034
    ],
    [
      0.2997576983251843,
      0.5695719353100622
    ],
    [
      0.2038569775427026,
      0.517864118482323
    ],
    [
      -0.017318418857495632,
      0.2840532317966708
    ],
    [
      -0.14142728979548197,
      0.2714434290603126
    ],
    [
      -0.21654389761576398,
      0.14742280596890017
    ],
    [
      -0.36492338997879903,
      0.052315147834087805
    ],
    [
      -0.4552313578620615,
      -0.04457973552915023
    ],
    [
      -0.716696350558806,
      -0.21332046716358657
    ],
    [
      -0.7216553958787766,
      -0.40916325142712273
    ],
    [
      -0.9209323714861881,
      -0.47141675280195994
    ],
    [
      -1.0111650481933878,
      -0.6537701928412339
    ],
    [
      -1.063433069777417,
      -0.711027588560597
    ],
    [
      -1.2457996510467229,
      -0.7974774114113581
    ],
    [
      -1.3491156813960767,
      -0.9306933957838847
    ],
    [
      -1.360886584671079,
      -1.0283492234425997
    ],
    [
      -1.5318460226766923,
      -1.0848064096303294
    ],
    [
      -1.548171570484798,
      -1.2439649504861994
    ],
    [
      -1.670165085943345,
      -1.384343334620614
    ],
    [
      -1.6458881766953721,
      -1.3905771359646293
    ],
    [
      -1.7181295756707788,
      -1.4577922950810236
    ],
    [
      -1.7971553163331861,
      -1.5311922926807202
    ],
    [
      -1.801436249466109,
      -1.5666372072360635
    ],
    [
      -1.7724067473770615,
      -1.5695587010513485
    ],
    [
      -1.838473058853545,
      -1.711893630555476
    ],
    [
      -1.7661509423504311,
      -1.6813501439824434
    ],
    [
      -1.8463473117602793,
      -1.830464903278573
    ],
    [
      -1.90650377121514,
      -1.8019407382213048
    ],
    [
      -1.8385305085492996,
      -1.8789679731494167
    ],
    [
      -1.7848917400720623,
      -1.8194260366213701
    ],
    [
      -1.8961026938808598,
      -1.8427148173169898
    ],
    [
      -1.7401249327350556,
      -1.8521045112643755
    ],
    [
      -1.677843377469872,
      -1.8358846269727556
    ],
    [
      -1.6711988672065132,
      -1.8003735453114955
    ],
    [
      -1.6293693100576,
      -1.7760747358272
    ],
    [
      -1.4276205626700238,
      -1.7339087201659693
    ],
    [
      -1.3635809806469663,
      -1.6981564985427051
    ],
    [
      -1.3335699464074282,
      -1.7173859757463896
    ],
    [
      -1.166869878612661,
      -1.7020808373099456
    ]
  ],
  "complexity": 0.3485672597684461
}