{
  "id": 3779,
  "wedge_count": 1,
  "parameters": {
    "rotation_speeds": [
      2.664493964734639
    ],
    "phi_x": [
      2.300359297706791
    ],
    "phi_y": [
      5.508326046718967
    ],
    "distances": [
      1.0,
      2.1557869463485133
    ],
    "refractive_indices": [
      1.0,
      1.5,
      1.0
    ],
    "wedgenum": 1
  },
  "pattern": [
    [
      0.1550592325333009,
      0.15231129862849802
    ],
    [
      0.1834245597264375,
      0.1785965763127873
    ],
    [
      0.209344656427305,
      0.2078456487513677
    ],
    [
      0.23094452126247172,
      0.23078882480480797
    ],
    [
      0.257599862180077,
      0.25162248893282885
    ],
    [
      0.2709579339123048,
      0.2644984630665185
    ],
    [
      0.30204580794417285,
      0.2924657540418472
    ],
    [
      0.3166420100986105,
      0.3047344545498514
    ],
    [
      0.32711909288837665,
      0.3197385043601313
    ],
    [
      0.3544110151246881,
      0.34722934154652774
    ],
    [
      0.36238223475674564,
      0.3556562714483875
    ],
    [
      0.38004878290774063,
      0.3643157392123029
    ],
    [
      0.39240592282684766,
      0.38466982852038595
    ],
    [
      0.3985096677126642,
      0.3911876189349376
    ],
    [
      0.40486786377779876,
      0.3962022657607673
    ],
    [
      0.4146590245227232,
      0.4032984940399341
    ],
    [
      0.4109617751543348,
      0.41408883080712877
    ],
    [
      0.42152608954310533,
      0.4226398838534491
    ],
    [
      0.4156492007647888,
      0.41448290451492414
    ],
    [
      0.41409825609438894,
      0.4181191498772663
    ],
    [
      0.3975823569307262,
      0.40905850719145065
    ],
    [
      0.395115505698659,
      0.40418806913968347
    ],
    [
      0.3697993603105039,
      0.39757622487778627
    ],
    [
      0.3663210676921022,
      0.3956061817743566
    ],
    [
      0.3432191508042624,
      0.38476891967220417
    ],
    [
      0.33723919325579294,
      0.3662083831683095
    ],
    [
      0.3162404059261757,
      0.35851953175696233
    ],
    [
      0.2944718705217276,
      0.3353106739680334
    ],
    [
      0.27194286336002427,
      0.32087954351993797
    ],
    [
      0.2452091954365506,
      0.30129224889909095
    ],
    [
      0.22589297208654577,
      0.2906962554420587
    ],
    [
      0.19007489976922676,
      0.26798028988895484
    ],
    [
      0.1666178940907227,
      0.25058915776277724
    ],
    [
      0.13757306241746475,
      0.22482163165788277
    ],
    [
      0.11114559817383657,
      0.20014169904696122
    ],
    [
      0.08175140893945128,
      0.170812214405563
    ],
    [
      0.046886222733048245,
      0.14247842594956164
    ],
    [
      0.01965181692225102,
      0.10934061695776613
    ],
    [
      -0.014998206010362832,
      0.09720618194921284
    ],
    [
      -0.05068521318751951,
      0.0731818829721068
    ],
    [
      -0.08665784285735575,
      0.04033194017678163
    ],
    [
      -0.11581665215519413,
      0.006026665577975213
    ],
    [
      -0.14330473147397615,
      -0.02572602766438032
    ],
    [
      -0.17896181840560252,
      -0.03755080894607416
    ],
    [
      -0.20536065193587616,
      -0.07525270450981528
    ],
    [
      -0.23067532794692652,
      -0.1028803260032935
    ],
    [
      -0.26214817197809537,
      -0.1414040508723892
    ],
    [
      -0.2731760262637293,
      -0.16114002835156
    ],
    [
      -0.31029537642218064,
      -0.19344610389656194
    ],
    [
      -0.32688034031405894,
      -0.21709884520368827
    ],
    [
      -0.3516435741688103,
      -0.24712956127794786
    ],
    [
      -0.3682219948646449,
      -0.27731021084761864
    ],
    [
      -0.39127303804326746,
      -0.2931350345700881
    ],
    [
      -0.40926680933788695,
      -0.3099070018521921
    ],
    [
      -0.41937712752043155,
      -0.3371932586135976
    ],
    [
      -0.4355648616207463,
      -0.35415607330588667
    ],
    [
      -0.4411599256530716,
      -0.3727085680046669
    ],
    [
      -0.4441390597216483,
      -0.3926285575758386
    ],
    [
      -0.4460760794510573,
      -0.4049230041375157
    ],
    [
      -0.4546975801239838,
      -0.4173943924077694
    ]
  ],
  "complexity": 0.18681575993440347
}