{
  "id": 242,
  "wedge_count": 1,
  "parameters": {
    "rotation_speeds": [
      2.5871186868261695
    ],
    "phi_x": [
      -14.342712975326414
    ],
    "phi_y": [
      14.654382174930877
    ],
    "distances": [
      1.0,
      7.575324247167204
    ],
    "refractive_indices": [
      1.0,
      1.5,
      1.0
    ],
    "wedgenum": 1
  },
  "pattern": [
    [
      0.9581525960672451,
      0.9603519342655732
    ],
    [
      1.0273537326917137,
      1.0139556470497786
    ],
    [
      1.0916958800354593,
      1.074417360246393
    ],
    [
      1.1528902563891064,
      1.1442077513970064
    ],
    [
      1.2078447122167066,
      1.1927081057485076
    ],
    [
      1.2504035159597344,
      1.2335984362191768
    ],
    [
      1.304044192820302,
      1.2777077304513322
    ],
    [
      1.3292106516151967,
      1.3195243799612697
    ],
    [
      1.3669542711543536,
      1.356235201733061
    ],
    [
      1.391319598331823,
      1.3742008789572606
    ],
    [
      1.400133932400846,
      1.3909733088350904
    ],
    [
      1.4078112060379948,
      1.4058630831892485
    ],
    [
      1.4186573660440565,
      1.4296393456362342
    ],
    [
      1.412091737851735,
      1.411829099535584
    ],
    [
      1.409795410480969,
      1.4406759457857694
    ],
    [
      1.385184982646045,
      1.416173831077896
    ],
    [
      1.3528369846775408,
      1.397368276612838
    ],
    [
      1.3127589458324884,
      1.3808889540204308
    ],
    [
      1.2743927129689667,
      1.3588615080548352
    ],
    [
      1.2392997482844275,
      1.317055097939288
    ],
    [
      1.180247731537323,
      1.2874957756108916
    ],
    [
      1.1271968813093172,
      1.2448717205047761
    ],
    [
      1.0492053701354225,
      1.19331782866428
    ],
    [
      0.9697832252519577,
      1.1351374664717164
    ],
    [
      0.9006014986213717,
      1.0737911559819182
    ],
    [
      0.8103129825925824,
      1.014144974211429
    ],
    [
      0.7306115822747431,
      0.943860037025537
    ],
    [
      0.634343786666099,
      0.8682114980430419
    ],
    [
      0.5408184199870457,
      0.7940356522420446
    ],
    [
      0.4439962319324337,
      0.7186628611680188
    ],
    [
      0.34891175932365626,
      0.6262311286564177
    ],
    [
      0.2430113065986021,
      0.5364277293746882
    ],
    [
      0.13582085108651565,
      0.44842493515559256
    ],
    [
      0.015066677540920904,
      0.3654479986242939
    ],
    [
      -0.07754099578749452,
      0.26557420890426836
    ],
    [
      -0.18986172618333175,
      0.1696076215805622
    ],
    [
      -0.2969464733735897,
      0.06574897707950947
    ],
    [
      -0.40726254215191493,
      -0.030245060210825063
    ],
    [
      -0.5177720537626114,
      -0.12352102962370778
    ],
    [
      -0.6149767391702752,
      -0.23653239225420308
    ],
    [
      -0.711595596577018,
      -0.328897864152075
    ],
    [
      -0.8168949873149984,
      -0.4178910336344178
    ],
    [
      -0.899147779047915,
      -0.5104886456682983
    ],
    [
      -0.9940897387386267,
      -0.6112607574276256
    ],
    [
      -1.0810242984409961,
      -0.6989443406223365
    ],
    [
      -1.1662716364983312,
      -0.7889890131163424
    ],
    [
      -1.2339872351668935,
      -0.8804892632361052
    ],
    [
      -1.3064978967603087,
      -0.9722617264984232
    ],
    [
      -1.3602341254640917,
      -1.0357430418506257
    ],
    [
      -1.4165416820929493,
      -1.1192577643868205
    ],
    [
      -1.471441842650642,
      -1.1889646110982546
    ],
    [
      -1.5069921433187066,
      -1.26173532889445
    ],
    [
      -1.5478797022416895,
      -1.3271311066882276
    ],
    [
      -1.5698104409753832,
      -1.3841407645715833
    ],
    [
      -1.5933968727141905,
      -1.4200338124101162
    ],
    [
      -1.601264469139528,
      -1.4789508692868372
    ],
    [
      -1.5941481898689835,
      -1.5100043194009378
    ],
    [
      -1.5870636989073015,
      -1.5538944109889592
    ],
    [
      -1.5876799796459542,
      -1.578371171411322
    ],
    [
      -1.5496578357989816,
      -1.587182450838713
    ]
  ],
  "complexity": 0.287537904978535
}