{
  "id": 3910,
  "wedge_count": 6,
  "parameters": {
    "rotation_speeds": [
      -0.8989914475807304,
      1.1073422718442867,
      -0.1660168385024008,
      -1.850171251323863,
      0.4434852823876696,
      2.223825863665449
    ],
    "phi_x": [
      -13.638434692488614,
      2.784584657927862,
      13.138412495031002,
      8.474168322976539,
      13.56393812254882,
      -8.120658429753322
    ],
    "phi_y": [
      -5.190326549770862,
      -14.230791847623932,
      4.595859125630383,
      11.64879709602333,
      -3.0389803638908557,
      14.899907895013285
    ],
    "distances": [
      1.0,
      4.607103451293767,
      3.028375705487,
      2.0363126747374296,
      6.442770666212001,
      6.423964081461681,
      4.8418057104526
    ],
    "refractive_indices": [
      1.0,
      1.5,
      1.5,
      1.5,
      1.5,
      1.5,
      1.5,
      1.0
    ],
    "wedgenum": 6
  },
  "pattern": [
    [
      5.160278842338177,
      5.10959018460366
    ],
    [
      5.239568561549538,
      5.177911901101851
    ],
    [
      5.075979920462083,
      5.170427491842653
    ],
    [
      5.128917160721585,
      5.247652990225774
    ],
    [
      5.130446223495635,
      5.029686837122932
    ],
    [
      5.078182303638917,
      5.071783251163704
    ],
    [
      5.022216763218969,
      4.96785678901147
    ],
    [
      4.886398500487899,
      4.964440602720394
    ],
    [
      4.818741748162217,
      4.879345948654936
    ],
    [
      4.69254428887445,
      4.868688277298755
    ],
    [
      4.595494950472005,
      4.772560755408447
    ],
    [
      4.445596201197569,
      4.660632795840044
    ],
    [
      4.352793604938529,
      4.635375295362274
    ],
    [
      4.235393923047382,
      4.444132261003686
    ],
    [
      4.169901723405104,
      4.284440349641118
    ],
    [
      3.997423866676147,
      4.263769994444096
    ],
    [
      3.891618669157037,
      4.07093433255994
    ],
    [
      3.6933265664783455,
      4.077475794916285
    ],
    [
      3.5711734540138957,
      3.937766155872218
    ],
    [
      3.3149967662692235,
      3.8341649698870266
    ],
    [
      3.2843442087271133,
      3.564477093407606
    ],
    [
      3.1033659151172905,
      3.4525454045737227
    ],
    [
      2.9020491418957297,
      3.367920031547164
    ],
    [
      2.863027180777923,
      3.1849243560389047
    ],
    [
      2.579482384287981,
      3.128497657484679
    ],
    [
      2.347423711767902,
      2.9645966684496368
    ],
    [
      2.315849978430337,
      2.7728992824871046
    ],
    [
      2.107371469053552,
      2.6276914493579633
    ],
    [
      1.9157759945118624,
      2.4279955458857465
    ],
    [
      1.6987803417113039,
      2.3390750557122963
    ],
    [
      1.609024750320942,
      2.2599358947413397
    ],
    [
      1.4579855720808168,
      2.0552726476160172
    ],
    [
      1.332162881123854,
      1.8941517954597298
    ],
    [
      1.1486882392279691,
      1.7898052413206416
    ],
    [
      0.9755751795754921,
      1.5656864910151227
    ],
    [
      0.8029753186575107,
      1.465790078336248
    ],
    [
      0.5935369945347486,
      1.4176538195532529
    ],
    [
      0.6545564329331143,
      1.1160501905851343
    ],
    [
      0.5629029799682755,
      1.0359957558142845
    ],
    [
      0.34052992494004386,
      0.9332595353334039
    ],
    [
      0.3082133986969903,
      0.8708106549459972
    ],
    [
      0.09734232382839596,
      0.7793435522005481
    ],
    [
      0.1759726816650341,
      0.5912930360121875
    ],
    [
      0.004294475623501812,
      0.45539955425943346
    ],
    [
      -0.009436415967906942,
      0.3874550713513116
    ],
    [
      0.007188389322318467,
      0.34712759809513927
    ],
    [
      -0.09281780433111368,
      0.18579713243422424
    ],
    [
      -0.14688193592914237,
      0.22230120186093055
    ],
    [
      -0.15999464725500498,
      0.0799756250194038
    ],
    [
      -0.16770909489411537,
      0.003381558014242947
    ],
    [
      -0.15430202453458983,
      0.07590332666545811
    ],
    [
      -0.17605394532917468,
      -0.06428628771175937
    ],
    [
      -0.11458089664651985,
      -0.02110287509770914
    ],
    [
      -0.16569323729129962,
      -0.12879236909354844
    ],
    [
      -0.08834873256749091,
      -0.1416624122542798
    ],
    [
      -0.12642991612920942,
      -0.11553475907072454
    ],
    [
      -0.14017317341516314,
      -0.21457502552646746
    ],
    [
      -0.006503094447175686,
      -0.12258002836579886
    ],
    [
      0.054300647257314184,
      -0.08574377357277357
    ],
    [
      -0.02043164078954171,
      -0.0838472670989723
    ]
  ],
  "complexity": 0.3948407667468508
}