{
  "id": 4793,
  "wedge_count": 6,
  "parameters": {
    "rotation_speeds": [
      -2.259718037419816,
      1.655430458603015,
      1.6217638242981263,
      -1.309260476372371,
      2.8502323081911953,
      -2.3126223286073833
    ],
    "phi_x": [
      -0.9568846012655534,
      -8.158696653624785,
      10.522478227589147,
      -5.200493595041763,
      -12.147377228715921,
      1.1533069583361133
    ],
    "phi_y": [
      -14.501872164565906,
      -0.8024369283999917,
      10.057316007325642,
      -12.89669454508055,
      12.79003220160152,
      11.249769917830758
    ],
    "distances": [
      1.0,
      6.2993378067390156,
      7.7539936892441785,
      5.991383705313507,
      5.876656597450177,
      4.221056005359076,
      7.712035591959781
    ],
    "refractive_indices": [
      1.0,
      1.5,
      1.5,
      1.5,
      1.5,
      1.5,
      1.5,
      1.0
    ],
    "wedgenum": 6
  },
  "pattern": [
    [
      4.332742900749612,
      4.232000841248051
    ],
    [
      4.167305262607772,
      3.996786345108769
    ],
    [
      4.10594016222468,
      4.106562968225408
    ],
    [
      3.967185117690637,
      3.9323289847991543
    ],
    [
      3.8366551316417437,
      3.863744123320526
    ],
    [
      3.807960782635782,
      3.705342414067578
    ],
    [
      3.6433057178872708,
      3.677972051739805
    ],
    [
      3.4303814272898965,
      3.531684988599854
    ],
    [
      3.2303834779588656,
      3.4447347470038396
    ],
    [
      3.184644464905499,
      3.160519871679254
    ],
    [
      2.989672258271965,
      3.074575640630647
    ],
    [
      2.708184811685216,
      2.946471938019175
    ],
    [
      2.5626830213827843,
      2.7437614432227555
    ],
    [
      2.319228555512457,
      2.7171268398046364
    ],
    [
      2.223003713669051,
      2.3037660814104237
    ],
    [
      1.8806158617284003,
      2.332181978228923
    ],
    [
      1.6503015261343152,
      2.105090461712157
    ],
    [
      1.5952359247273682,
      1.793310484522275
    ],
    [
      1.376424407416049,
      1.6186190634149877
    ],
    [
      1.0141373336485238,
      1.4474154279244908
    ],
    [
      0.9094728263187549,
      1.2467779381861197
    ],
    [
      0.6509238711442765,
      1.1187120112825495
    ],
    [
      0.42377047580450733,
      0.9291318358952557
    ],
    [
      0.12844167163510312,
      0.741400383876905
    ],
    [
      -0.024319012620658595,
      0.4849107717296123
    ],
    [
      -0.23978296664994989,
      0.2545137635138766
    ],
    [
      -0.4497478506747783,
      0.05340647023885663
    ],
    [
      -0.6825755330241053,
      -0.18497890956568902
    ],
    [
      -0.8857166762090828,
      -0.30294536137957995
    ],
    [
      -1.0848933085788215,
      -0.4934340862242588
    ],
    [
      -1.3387767472178873,
      -0.6902271937445635
    ],
    [
      -1.4759611677205215,
      -0.8940946246613678
    ],
    [
      -1.6308444350913758,
      -1.0691644768181274
    ],
    [
      -1.8314824518839383,
      -1.2383334914835957
    ],
    [
      -2.075638115852142,
      -1.4166604118927208
    ],
    [
      -2.193101702862694,
      -1.5892627771208268
    ],
    [
      -2.248525531984629,
      -1.7253401396482666
    ],
    [
      -2.553065925595777,
      -1.9206190894050041
    ],
    [
      -2.5142582238352675,
      -2.147817479905809
    ],
    [
      -2.652684321763209,
      -2.0621880084749042
    ],
    [
      -2.697243731164379,
      -2.2874080216065273
    ],
    [
      -2.7898005285237764,
      -2.3429957114935474
    ],
    [
      -2.90266008535589,
      -2.469396165100981
    ],
    [
      -2.943339583765314,
      -2.6787037134402394
    ],
    [
      -2.972131413360166,
      -2.755534690856006
    ],
    [
      -3.0717654057743706,
      -2.8944323044488245
    ],
    [
      -3.137524059415848,
      -2.925414135876238
    ],
    [
      -3.075832545115399,
      -2.9472770682873586
    ],
    [
      -3.175572823409581,
      -3.0084431244017025
    ],
    [
      -3.1674780436164065,
      -3.043568540453309
    ],
    [
      -3.1187724400382972,
      -3.051153600265712
    ],
    [
      -3.110550082980711,
      -3.136507226585521
    ],
    [
      -3.0209758685929398,
      -3.116515278744707
    ],
    [
      -3.0434416962214756,
      -3.205619529792894
    ],
    [
      -2.9990844789460325,
      -3.1443466705240817
    ],
    [
      -2.8360411355182076,
      -3.1466389101754597
    ],
    [
      -2.7441518236267846,
      -3.0177348319523123
    ],
    [
      -2.8144032419740532,
      -3.098741390395805
    ],
    [
      -2.7113749906479936,
      -3.0365659849368574
    ],
    [
      -2.499048331746926,
      -3.04590513843695
    ]
  ],
  "complexity": 0.4506429116284591
}