{
  "id": 1890,
  "wedge_count": 5,
  "parameters": {
    "rotation_speeds": [
      -0.4015925235281612,
      0.35305427864222194,
      1.218963214973435,
      0.9931364030099159,
      -2.290105372156459
    ],
    "phi_x": [
      5.810723098437389,
      2.61514811880377,
      -9.758096746647006,
      -12.891042870692988,
      11.369423069699273
    ],
    "phi_y": [
      14.979872125625288,
      -4.7371568925612735,
      9.30065812558168,
      3.825617849939036,
      -4.272742017992922
    ],
    "distances": [
      1.0,
      7.6455117795447105,
      2.514389176422192,
      5.105110298941992,
      5.876209118250442,
      3.364074239571232
    ],
    "refractive_indices": [
      1.0,
      1.5,
      1.5,
      1.5,
      1.5,
      1.5,
      1.0
    ],
    "wedgenum": 5
  },
  "pattern": [
    [
      3.087955947971129,
      3.0863683819995096
    ],
    [
      3.0464498218007594,
      3.107580866646567
    ],
    [
      3.1049066462180583,
      3.111281462421012
    ],
    [
      3.1706826602654217,
      3.099134064535587
    ],
    [
      3.0732734405392246,
      3.230114872894644
    ],
    [
      3.21071507184316,
      3.122942112852619
    ],
    [
      3.061712457234541,
      3.1307514298794747
    ],
    [
      3.0697840334203153,
      3.171877091394494
    ],
    [
      3.003936514107085,
      3.0489735008151624
    ],
    [
      3.024907741685201,
      3.058480876358889
    ],
    [
      2.970340541613252,
      3.096267221924625
    ],
    [
      3.067402500228477,
      2.967841137774531
    ],
    [
      2.8556218433045197,
      2.959365264704797
    ],
    [
      2.8356318373550025,
      2.8987001542301676
    ],
    [
      2.8405025726674493,
      2.7910273676418824
    ],
    [
      2.615564870273942,
      2.857577516263478
    ],
    [
      2.6359868337557506,
      2.7593960823610875
    ],
    [
      2.5832281454252772,
      2.722421097931556
    ],
    [
      2.5225591380240884,
      2.700937213352008
    ],
    [
      2.4597321089508997,
      2.549629270456
    ],
    [
      2.4201484911312803,
      2.483686641999057
    ],
    [
      2.2623076578895813,
      2.476216224200919
    ],
    [
      2.158391801308487,
      2.372752261133155
    ],
    [
      2.0977810774191723,
      2.333988586560095
    ],
    [
      1.9603727405259321,
      2.261466862696412
    ],
    [
      1.8627540584181468,
      2.0277944392463376
    ],
    [
      1.727052228607152,
      1.9720379117843605
    ],
    [
      1.6852018772405029,
      1.9253610629971756
    ],
    [
      1.4620745362031582,
      1.7652221753793904
    ],
    [
      1.3295108056510176,
      1.742383641857224
    ],
    [
      1.2802998612650294,
      1.6069043683456457
    ],
    [
      1.1232872684575541,
      1.5396293309299633
    ],
    [
      1.1067652766079545,
      1.4249700981384452
    ],
    [
      0.8948344634188485,
      1.3036218252894516
    ],
    [
      0.796513882766899,
      1.2575719197032649
    ],
    [
      0.635739390054799,
      1.1557085910293257
    ],
    [
      0.5608868202431538,
      0.9305609686865107
    ],
    [
      0.5016354439641268,
      0.926797373284426
    ],
    [
      0.3388475161373444,
      0.8582285863759072
    ],
    [
      0.13182775038034497,
      0.6837825291498688
    ],
    [
      0.0774353521296609,
      0.6584574216377541
    ],
    [
      -0.042875113035486453,
      0.533444179714776
    ],
    [
      -0.051164646878573285,
      0.36804975011727253
    ],
    [
      -0.19169490812034554,
      0.2752952590179785
    ],
    [
      -0.3288069634592443,
      0.22088749132923244
    ],
    [
      -0.3484927532845809,
      0.11219099618725628
    ],
    [
      -0.3982471415235147,
      0.019316952741724586
    ],
    [
      -0.6778526194475026,
      -0.07749111655018677
    ],
    [
      -0.6603772767484019,
      -0.17480329627648242
    ],
    [
      -0.702502131615297,
      -0.1568175609791358
    ],
    [
      -0.8911530297707745,
      -0.38722611946866414
    ],
    [
      -0.8410573306476651,
      -0.48771446920792805
    ],
    [
      -1.0295389105041806,
      -0.550323333258035
    ],
    [
      -1.06278470438665,
      -0.5996338496195512
    ],
    [
      -1.1867836761250408,
      -0.7198020665187581
    ],
    [
      -1.1915822217669998,
      -0.7195577238726631
    ],
    [
      -1.256954666631238,
      -0.7297006576809689
    ],
    [
      -1.3076552237606716,
      -0.9065080971742708
    ],
    [
      -1.4461657416560076,
      -0.9804890017313295
    ],
    [
      -1.390098500568264,
      -1.020182079267557
    ]
  ],
  "complexity": 0.3670473817145978
}