{
  "id": 1137,
  "wedge_count": 4,
  "parameters": {
    "rotation_speeds": [
      2.070846737684465,
      2.773049973984633,
      1.90174995698567,
      2.9448901957474796
    ],
    "phi_x": [
      -1.6526153690254777,
      -3.8329112817935993,
      -11.438328993205618,
      -7.149250159838659
    ],
    "phi_y": [
      9.272632556927835,
      -9.698821057773428,
      -1.7045055389937254,
      6.163210285014557
    ],
    "distances": [
      1.0,
      5.208727776079493,
      2.6282403114123523,
      6.192531348444593,
      6.903787956837916
    ],
    "refractive_indices": [
      1.0,
      1.5,
      1.5,
      1.5,
      1.5,
      1.0
    ],
    "wedgenum": 4
  },
  "pattern": [
    [
      1.8625480434511856,
      1.8121508394593873
    ],
    [
      2.025615947839321,
      1.9476083751203692
    ],
    [
      2.0967536455847475,
      2.0267225307751047
    ],
    [
      2.029841625834387,
      2.0460965396897706
    ],
    [
      2.1276724973474437,
      2.0985841576962323
    ],
    [
      2.2006233260836736,
      2.145962411554124
    ],
    [
      2.115285567998098,
      2.2277811879508853
    ],
    [
      2.277087386589719,
      2.259442974994594
    ],
    [
      2.230999267070502,
      2.198408989438912
    ],
    [
      2.2121359668761316,
      2.249570828487044
    ],
    [
      2.167167617826728,
      2.2645297230073385
    ],
    [
      2.213854793857174,
      2.2742531349465875
    ],
    [
      2.2175999385880028,
      2.2530963039900094
    ],
    [
      2.2144426075287775,
      2.3240685025676155
    ],
    [
      2.079297889663918,
      2.2735217272944817
    ],
    [
      2.1036160117533393,
      2.2605267199316663
    ],
    [
      1.9922212535236508,
      2.217362831100849
    ],
    [
      2.0894489117079016,
      2.168706873860124
    ],
    [
      1.906338719030965,
      2.0312009249078207
    ],
    [
      1.765782378746489,
      2.045009966383036
    ],
    [
      1.7109577437303074,
      2.0502392837587666
    ],
    [
      1.6960150339972824,
      1.8089513028467314
    ],
    [
      1.5153653144595136,
      1.8736340765916273
    ],
    [
      1.5200585219513103,
      1.7914563178938945
    ],
    [
      1.423884541969198,
      1.675440945518823
    ],
    [
      1.2899142766241627,
      1.614792014531663
    ],
    [
      1.2058823850999256,
      1.4947416372236442
    ],
    [
      1.0409995041018494,
      1.3644120835021645
    ],
    [
      0.9487718239397285,
      1.3512062342003
    ],
    [
      0.7152137116229444,
      1.2775805707812962
    ],
    [
      0.6780472548003006,
      1.084216617667827
    ],
    [
      0.5922471526322554,
      1.0305411365018158
    ],
    [
      0.41264582563720864,
      0.8506641354407353
    ],
    [
      0.26278845784324856,
      0.6914142601554562
    ],
    [
      0.12822139017879705,
      0.6071503898089291
    ],
    [
      0.03751175242668986,
      0.5005635456667621
    ],
    [
      -0.03644382854907152,
      0.3730723958679985
    ],
    [
      -0.28373264286108096,
      0.24374904902866476
    ],
    [
      -0.3356215992403932,
      0.13759325753104654
    ],
    [
      -0.5313211959288513,
      0.11084910914395238
    ],
    [
      -0.5914307600319374,
      -0.023409034476928575
    ],
    [
      -0.8457137120621311,
      -0.2568065177133755
    ],
    [
      -0.893998289292134,
      -0.4315545381979592
    ],
    [
      -1.0028673995386401,
      -0.3950903127955973
    ],
    [
      -1.204181986623371,
      -0.5549880260947186
    ],
    [
      -1.2179599829193224,
      -0.68819942440751
    ],
    [
      -1.3543122758540218,
      -0.8054978354412979
    ],
    [
      -1.4873118831318488,
      -0.9125267284457846
    ],
    [
      -1.5646833712645625,
      -1.0593151546619157
    ],
    [
      -1.7030705469257041,
      -1.1148114312219317
    ],
    [
      -1.7107215839121883,
      -1.188501964658607
    ],
    [
      -1.7859334505604358,
      -1.2875012572385682
    ],
    [
      -1.909735068663566,
      -1.48092495481595
    ],
    [
      -1.819914369088604,
      -1.5680337937860251
    ],
    [
      -2.005206917654302,
      -1.5827120247288564
    ],
    [
      -1.9719524062006073,
      -1.5789833055920715
    ],
    [
      -2.0146342997788445,
      -1.8654045089158908
    ],
    [
      -2.0536648047174033,
      -1.7793584784779215
    ],
    [
      -2.1307758835293473,
      -1.862537158236565
    ],
    [
      -2.0809590019403803,
      -1.9451719073637967
    ]
  ],
  "complexity": 0.3414284524925643
}