{
  "id": 4617,
  "wedge_count": 2,
  "parameters": {
    "rotation_speeds": [
      1.3960264463528462,
      -1.2934783751002865
    ],
    "phi_x": [
      3.2119884408982458,
      -11.22691652857251
    ],
    "phi_y": [
      9.684988285024062,
      11.194704387343599
    ],
    "distances": [
      1.0,
      4.599492592647746,
      5.408440269807624
    ],
    "refractive_indices": [
      1.0,
      1.5,
      1.5,
      1.0
    ],
    "wedgenum": 2
  },
  "pattern": [
    [
      1.0237770853258157,
      1.1267981793366628
    ],
    [
      1.1036623378199026,
      1.1264243450750477
    ],
    [
      1.1108250453396233,
      1.0561047435816964
    ],
    [
      1.081570819620967,
      1.207478610455106
    ],
    [
      1.0886230072084828,
      1.063009547955827
    ],
    [
      1.0493188202644002,
      1.0240924336963222
    ],
    [
      1.1047383830762136,
      1.129296339770798
    ],
    [
      1.0671128209937737,
      1.0293651971578273
    ],
    [
      0.9746932830034183,
      1.0750145023959117
    ],
    [
      0.9912558123901667,
      1.015602991104309
    ],
    [
      0.9902613636556791,
      0.9400251157483724
    ],
    [
      0.9758571788232235,
      0.8588002699874395
    ],
    [
      0.8193569451511047,
      0.9567269932717783
    ],
    [
      0.7986093623515333,
      0.8406507105925973
    ],
    [
      0.7409534296169468,
      0.8226189688874207
    ],
    [
      0.7124161214954959,
      0.7057052642060652
    ],
    [
      0.5883650793651168,
      0.6663542343313678
    ],
    [
      0.595460101337384,
      0.6529660075774903
    ],
    [
      0.5093703175981606,
      0.5772851515330317
    ],
    [
      0.49535180964644987,
      0.5451729040716455
    ],
    [
      0.3797059723256509,
      0.43822052714472703
    ],
    [
      0.3066430503794656,
      0.40088386881192173
    ],
    [
      0.19940035608745962,
      0.38139174801451226
    ],
    [
      0.18043880605503165,
      0.27763489936331026
    ],
    [
      0.0629479759669182,
      0.31001188298576393
    ],
    [
      0.04786830904214378,
      0.2031414820700924
    ],
    [
      -0.13651172298182132,
      0.0911219737129408
    ],
    [
      -0.13978417928178774,
      0.03347517678403996
    ],
    [
      -0.19468492822225109,
      0.038842561301698136
    ],
    [
      -0.27654390020571906,
      -0.099986191249448
    ],
    [
      -0.3644135003145496,
      -0.12025529840180724
    ],
    [
      -0.47053674807040224,
      -0.25619102871933075
    ],
    [
      -0.49772037279273773,
      -0.36228899999604386
    ],
    [
      -0.5060593664185882,
      -0.4075905477953434
    ],
    [
      -0.7145385752223539,
      -0.428236146512004
    ],
    [
      -0.7012924821825218,
      -0.5313142866454427
    ],
    [
      -0.8041184045586042,
      -0.5892537043640409
    ],
    [
      -0.8973087235544681,
      -0.6045247497962851
    ],
    [
      -0.9144621887779311,
      -0.7393785805538636
    ],
    [
      -0.9479218907440458,
      -0.7361724302817884
    ],
    [
      -0.9564424027431326,
      -0.8084661999343017
    ],
    [
      -1.099854527270053,
      -0.8479715942780057
    ],
    [
      -1.1611305473461178,
      -0.9697899793403291
    ],
    [
      -1.1499555407404178,
      -0.9416822433558419
    ],
    [
      -1.1469750059830426,
      -1.0106211310280002
    ],
    [
      -1.1509915715387706,
      -1.090890844634991
    ],
    [
      -1.1387981354088268,
      -1.1005434525607922
    ],
    [
      -1.1890576338258223,
      -1.1520691895353181
    ],
    [
      -1.200143843136863,
      -1.1416537968942158
    ],
    [
      -1.2171061555690643,
      -1.1417474569026336
    ],
    [
      -1.2002465059174006,
      -1.1652126591290277
    ],
    [
      -1.1964995837220962,
      -1.2309046492126434
    ],
    [
      -1.0795901665750873,
      -1.2302904130773438
    ],
    [
      -1.1906870607303617,
      -1.1595667135564032
    ],
    [
      -1.1513901818372032,
      -1.2735351241325596
    ],
    [
      -1.144350514514152,
      -1.1775431077436658
    ],
    [
      -1.1007881393123529,
      -1.1472051834370287
    ],
    [
      -1.0954843297885608,
      -1.2149992901428264
    ],
    [
      -0.9775496768510812,
      -1.1871848206008382
    ],
    [
      -1.0003255747568873,
      -1.2103975897617492
    ]
  ],
  "complexity": 0.26551725365509443
}