{
  "id": 3138,
  "wedge_count": 2,
  "parameters": {
    "rotation_speeds": [
      2.735398222644233,
      1.1317190954281875
    ],
    "phi_x": [
      -10.476563798266682,
      12.420968733543045
    ],
    "phi_y": [
      4.251592837763955,
      14.079044405999852
    ],
    "distances": [
      1.0,
      7.24983338253938,
      4.216126277238488
    ],
    "refractive_indices": [
      1.0,
      1.5,
      1.5,
      1.0
    ],
    "wedgenum": 2
  },
  "pattern": [
    [
      1.7123634103820968,
      1.652885404447098
    ],
    [
      1.628922560074956,
      1.8044222651496862
    ],
    [
      1.8144405350074326,
      1.744341465908258
    ],
    [
      1.8537075850042701,
      1.7709065157971668
    ],
    [
      1.8910687913926272,
      1.7837652845407606
    ],
    [
      1.8909092303026438,
      1.8355745212874899
    ],
    [
      1.8922720039419085,
      1.7522478076206334
    ],
    [
      2.0363216631945353,
      1.8720384886099724
    ],
    [
      2.030681041637467,
      1.8929138044477893
    ],
    [
      2.0472441725772375,
      1.9985464062116356
    ],
    [
      1.8629934214829078,
      1.9788011432066008
    ],
    [
      1.9858671625831679,
      1.8751537547858
    ],
    [
      1.8372462552804312,
      1.9155156162969456
    ],
    [
      1.8610856204155695,
      1.965671164804831
    ],
    [
      1.9699249919976882,
      1.8984127898297305
    ],
    [
      1.8797092099078905,
      1.9186090645264524
    ],
    [
      1.826259202508338,
      1.8617666351794486
    ],
    [
      1.8973428794315312,
      1.8724088888708004
    ],
    [
      1.7364877682955444,
      1.8899517752740367
    ],
    [
      1.8386137514874141,
      1.8771981776280098
    ],
    [
      1.7716949599077105,
      1.877832064069636
    ],
    [
      1.6620715323234145,
      1.751414722294916
    ],
    [
      1.5924930106546167,
      1.765369752815949
    ],
    [
      1.5574090158885985,
      1.6860664238781922
    ],
    [
      1.580120362744894,
      1.6234723659510248
    ],
    [
      1.4328407394181946,
      1.695692281989226
    ],
    [
      1.4949447549558965,
      1.5782583504772556
    ],
    [
      1.3800319731637218,
      1.596487769338684
    ],
    [
      1.2579381710173627,
      1.4718253471179785
    ],
    [
      1.2143072370048642,
      1.3827343917506563
    ],
    [
      1.2346393854234852,
      1.3203475702534921
    ],
    [
      1.1142292902270032,
      1.271290934249111
    ],
    [
      1.0699411765143314,
      1.2295809891428762
    ],
    [
      0.9375659160922489,
      1.2415431008393154
    ],
    [
      0.9220423622762605,
      1.0908075444956804
    ],
    [
      0.9455243088894703,
      1.0828031347104186
    ],
    [
      0.7709339398031889,
      0.9188852484210378
    ],
    [
      0.7074651165727164,
      0.8966991116773375
    ],
    [
      0.6812371899348139,
      0.9479131578394199
    ],
    [
      0.4970149198866588,
      0.8039717210046877
    ],
    [
      0.5458553527826698,
      0.7682490085654241
    ],
    [
      0.4598968590333708,
      0.7638309758173404
    ],
    [
      0.3989874991793293,
      0.7114305156300171
    ],
    [
      0.3832479463756738,
      0.7030144604487553
    ],
    [
      0.3045277773642183,
      0.5208042246178303
    ],
    [
      0.28045788490051704,
      0.4774510371386454
    ],
    [
      0.23110135624114791,
      0.4553793776601589
    ],
    [
      0.1339872811386794,
      0.43741428609084576
    ],
    [
      0.14687151912428878,
      0.4430716275311988
    ],
    [
      0.11025644251655395,
      0.3147348722468904
    ],
    [
      0.08052407793110192,
      0.327319834321456
    ],
    [
      0.030616531753566916,
      0.2217977715672511
    ],
    [
      -0.054524744959110964,
      0.05883025220083038
    ],
    [
      -0.02622155591472553,
      0.15221141866003846
    ],
    [
      -0.03582955593491671,
      -0.01376113681141175
    ],
    [
      -0.16179803585339256,
      0.11225992920932903
    ],
    [
      -0.04968884906094738,
      0.03206867848517132
    ],
    [
      -0.04516985883285944,
      -0.035279488261085845
    ],
    [
      -0.04961759679441757,
      -0.05024967021971474
    ],
    [
      -0.07237459299042914,
      0.03266397628686757
    ]
  ],
  "complexity": 0.2818040391159044
}