{
  "id": 2529,
  "wedge_count": 4,
  "parameters": {
    "rotation_speeds": [
      -1.0289345277200683,
      -0.8224200280260572,
      1.819896650534103,
      1.9370640430556785
    ],
    "phi_x": [
      3.3813265120633815,
      -12.194511625190732,
      -3.492874872135209,
      -2.434709373550872
    ],
    "phi_y": [
      -8.965564055715634,
      -1.4645737312752534,
      9.208025039838812,
      -1.7110687095608519
    ],
    "distances": [
      1.0,
      5.865619670235516,
      7.630477646515332,
      7.561424027807217,
      4.846135438753385
    ],
    "refractive_indices": [
      1.0,
      1.5,
      1.5,
      1.5,
      1.5,
      1.0
    ],
    "wedgenum": 4
  },
  "pattern": [
    [
      1.7889529037132617,
      1.6441136767260542
    ],
    [
      1.7635566138906376,
      1.7586178905157213
    ],
    [
      1.78417941838905,
      1.730534115636495
    ],
    [
      1.81062791080817,
      1.7935742459157633
    ],
    [
      1.7496160381964994,
      1.7119030357288034
    ],
    [
      1.6392233914376166,
      1.7502473466870678
    ],
    [
      1.6403789008179996,
      1.6863497880709684
    ],
    [
      1.748126865491457,
      1.7815923970937357
    ],
    [
      1.6627288824421802,
      1.680439365629578
    ],
    [
      1.6731603340473913,
      1.6412254171667477
    ],
    [
      1.5929750836906122,
      1.6801427002021547
    ],
    [
      1.526317808564765,
      1.6437328980142507
    ],
    [
      1.5849558063465483,
      1.654946434290923
    ],
    [
      1.4581546128558962,
      1.5221889006074818
    ],
    [
      1.4690693872480156,
      1.4469052370440347
    ],
    [
      1.4136919596179522,
      1.457080554985439
    ],
    [
      1.3323936013254374,
      1.4257373546598657
    ],
    [
      1.285888120418708,
      1.4262880630594248
    ],
    [
      1.0988062359225264,
      1.229194997337974
    ],
    [
      1.0725656185649202,
      1.3787661476976518
    ],
    [
      1.0599735908081862,
      1.2637026604704082
    ],
    [
      1.0206630303550424,
      1.1458610322860199
    ],
    [
      0.9454512832883948,
      1.0402267097796183
    ],
    [
      0.8626678813611411,
      1.0764139259882106
    ],
    [
      0.7676026351759221,
      0.9778049020379412
    ],
    [
      0.667253822164465,
      0.8353835611235314
    ],
    [
      0.6419300745189404,
      0.8252989931917262
    ],
    [
      0.5189397153339427,
      0.721295120215453
    ],
    [
      0.361951908120099,
      0.6471451676301474
    ],
    [
      0.31036058182558157,
      0.5782462156331731
    ],
    [
      0.16910263863783476,
      0.4684914764168137
    ],
    [
      0.10458465691290583,
      0.4679772410625692
    ],
    [
      0.03614279020777466,
      0.35364490859555786
    ],
    [
      -0.05826787117890635,
      0.1851570105014692
    ],
    [
      -0.2060297328159592,
      0.08958331237367913
    ],
    [
      -0.27404094637285653,
      0.04700768527774525
    ],
    [
      -0.3472299731495744,
      0.029839275667287585
    ],
    [
      -0.34067352145294616,
      -0.03419182023177367
    ],
    [
      -0.5155131999067115,
      -0.2382715212567656
    ],
    [
      -0.6913852156169806,
      -0.2714711642595219
    ],
    [
      -0.7049180081807604,
      -0.2324229756757089
    ],
    [
      -0.7874706284967617,
      -0.463769793117209
    ],
    [
      -0.786116875265391,
      -0.5006497595268957
    ],
    [
      -0.8765675535853196,
      -0.6046877318965809
    ],
    [
      -1.0075942380952883,
      -0.5710792972477443
    ],
    [
      -1.0925724479368522,
      -0.7337174952873884
    ],
    [
      -1.1624390410604464,
      -0.7378405427243561
    ],
    [
      -1.1930127406108308,
      -0.9067897404984125
    ],
    [
      -1.181146987547254,
      -0.9347186598491298
    ],
    [
      -1.2487942824856428,
      -1.0663590408325334
    ],
    [
      -1.3204411198773236,
      -0.998129157530185
    ],
    [
      -1.3031568056249292,
      -1.008815579896448
    ],
    [
      -1.391338513673013,
      -1.179285286101961
    ],
    [
      -1.3975230625908168,
      -1.2248921713227245
    ],
    [
      -1.4547249488881666,
      -1.2645006159816545
    ],
    [
      -1.4649632167410414,
      -1.2745913117494676
    ],
    [
      -1.448466334690456,
      -1.3287625719084295
    ],
    [
      -1.4138469876747644,
      -1.4219313633836717
    ],
    [
      -1.3941125335098807,
      -1.2956414629962778
    ],
    [
      -1.5467402005412294,
      -1.4124848217028787
    ]
  ],
  "complexity": 0.31634841242568423
}