{
  "id": 4801,
  "wedge_count": 1,
  "parameters": {
    "rotation_speeds": [
      2.861002644681254
    ],
    "phi_x": [
      9.641384754424944
    ],
    "phi_y": [
      -12.417489283750651
    ],
    "distances": [
      1.0,
      6.0745391818050525
    ],
    "refractive_indices": [
      1.0,
      1.5,
      1.0
    ],
    "wedgenum": 1
  },
  "pattern": [
    [
      0.6381546236704119,
      0.6418973984657979
    ],
    [
      0.7089321964742609,
      0.6955244510398046
    ],
    [
      0.7631570639245558,
      0.7549553187517701
    ],
    [
      0.8095139932607606,
      0.7937320874715336
    ],
    [
      0.8618597595305123,
      0.8375075122216346
    ],
    [
      0.908694062414574,
      0.8911684066824243
    ],
    [
      0.9507973203771137,
      0.9266365171243354
    ],
    [
      0.9933078455800207,
      0.966105938432964
    ],
    [
      1.00716758608646,
      0.9987460746551747
    ],
    [
      1.0290842480214448,
      1.017624158338315
    ],
    [
      1.05729490744331,
      1.040545100438227
    ],
    [
      1.0807660856901722,
      1.06291224031085
    ],
    [
      1.0798754625914952,
      1.0791270522163834
    ],
    [
      1.092692925629487,
      1.0811833710970284
    ],
    [
      1.0914681928156431,
      1.0922810330605206
    ],
    [
      1.0838343320550257,
      1.0968754846569762
    ],
    [
      1.062803685360142,
      1.0927799168455001
    ],
    [
      1.0529086515667152,
      1.0879606198693417
    ],
    [
      1.0322371611868384,
      1.0704042142584145
    ],
    [
      1.0009729883421694,
      1.0485877003461923
    ],
    [
      0.9615421605477834,
      1.0248651045864794
    ],
    [
      0.9349396183181036,
      1.004887414702993
    ],
    [
      0.8792475931956522,
      0.9729657558651094
    ],
    [
      0.8239228926508961,
      0.9403067604468227
    ],
    [
      0.7787527536661127,
      0.8954284209599214
    ],
    [
      0.7092528408048699,
      0.85537757334973
    ],
    [
      0.6477174768819639,
      0.8090642476645666
    ],
    [
      0.5818077563116654,
      0.759529516417206
    ],
    [
      0.5136735416585962,
      0.6962514010704343
    ],
    [
      0.43538604832972383,
      0.6399945449591461
    ],
    [
      0.3622413801911937,
      0.5753353081979107
    ],
    [
      0.29148401816086156,
      0.508349502026802
    ],
    [
      0.20532250804934699,
      0.44753756109866333
    ],
    [
      0.12902917351587012,
      0.37186541988584104
    ],
    [
      0.04403129233947117,
      0.30282842969673307
    ],
    [
      -0.04881716115269264,
      0.23460862117895986
    ],
    [
      -0.12727944060191881,
      0.1581764904095454
    ],
    [
      -0.208642240418722,
      0.08008692066090892
    ],
    [
      -0.2970907693766693,
      0.0077258389604935055
    ],
    [
      -0.3701775019706055,
      -0.06849359075624989
    ],
    [
      -0.4513639885087558,
      -0.14576354433777097
    ],
    [
      -0.5328925312755995,
      -0.22492857653935555
    ],
    [
      -0.6066117708916056,
      -0.3051310231045271
    ],
    [
      -0.6822217033340172,
      -0.3788039835321902
    ],
    [
      -0.7451624446804114,
      -0.45279887865898005
    ],
    [
      -0.8170377289201417,
      -0.5230728228722947
    ],
    [
      -0.8734616249659005,
      -0.5848126492435294
    ],
    [
      -0.9320831759201732,
      -0.6590026501097553
    ],
    [
      -0.9872851615376118,
      -0.71805093498537
    ],
    [
      -1.0335497718325264,
      -0.7824043467555403
    ],
    [
      -1.0798028239733901,
      -0.8500524823937566
    ],
    [
      -1.1176002169210413,
      -0.8984325977531294
    ],
    [
      -1.156765517636667,
      -0.9539385319925375
    ],
    [
      -1.175895626661786,
      -0.9965281756625518
    ],
    [
      -1.197937809881927,
      -1.0547443882080862
    ],
    [
      -1.2128357514723584,
      -1.0949031255106116
    ],
    [
      -1.223846758304468,
      -1.12980769570919
    ],
    [
      -1.2240011747531456,
      -1.1503466161375782
    ],
    [
      -1.2230607924216663,
      -1.1886090878047908
    ],
    [
      -1.2094108910389922,
      -1.1979672633871823
    ]
  ],
  "complexity": 0.25864311749384455
}