{
  "id": 4254,
  "wedge_count": 6,
  "parameters": {
    "rotation_speeds": [
      2.520438868506342,
      2.729860057072422,
      -1.701511004744177,
      -1.0909608596010159,
      -0.6588030828260214,
      -2.1764213364506957
    ],
    "phi_x": [
      7.42405851049886,
      0.5533157456170805,
      10.804845939231747,
      1.835211748907085,
      -2.8149995730563564,
      -10.644244988529334
    ],
    "phi_y": [
      10.010604966356965,
      5.249864104684406,
      7.611978768035414,
      10.897266662440021,
      -6.154426704405157,
      8.168171595571376
    ],
    "distances": [
      1.0,
      4.172479561557093,
      5.25030257328379,
      7.176639085880233,
      4.044921753476358,
      4.849356180354305,
      3.0044728510041656
    ],
    "refractive_indices": [
      1.0,
      1.5,
      1.5,
      1.5,
      1.5,
      1.5,
      1.5,
      1.0
    ],
    "wedgenum": 6
  },
  "pattern": [
    [
      3.274075883079628,
      3.372338988196125
    ],
    [
      3.383069116093085,
      3.347829279922358
    ],
    [
      3.4596570981514403,
      3.3467647259950044
    ],
    [
      3.5665209962077,
      3.4683548893889355
    ],
    [
      3.480371312713563,
      3.468553620838556
    ],
    [
      3.5788339967522638,
      3.4601601656847865
    ],
    [
      3.5108085073272544,
      3.4968740991175644
    ],
    [
      3.5350732815424593,
      3.597113585921713
    ],
    [
      3.522216014295131,
      3.5206922339050104
    ],
    [
      3.5680104520456175,
      3.474517893314646
    ],
    [
      3.570244185887006,
      3.4522092705111342
    ],
    [
      3.489126464363753,
      3.3483780308435827
    ],
    [
      3.4437970960774758,
      3.375655668428076
    ],
    [
      3.371173127480384,
      3.3954790774915495
    ],
    [
      3.320806291669717,
      3.266820779893886
    ],
    [
      3.2342723545268455,
      3.1770430472694384
    ],
    [
      3.1687833513475807,
      3.2055682839536437
    ],
    [
      3.044675914136023,
      3.0204993204276795
    ],
    [
      2.996663555252579,
      2.9658483446569774
    ],
    [
      2.949081705088553,
      2.9871645777544753
    ],
    [
      2.7844660684769207,
      2.7786158480497916
    ],
    [
      2.5925807454335996,
      2.6845418438717634
    ],
    [
      2.484739154120585,
      2.703558529710786
    ],
    [
      2.4059540068158185,
      2.5368230052721485
    ],
    [
      2.18907425134978,
      2.323348536287337
    ],
    [
      2.1071253252192244,
      2.2852638039232493
    ],
    [
      1.9008691005092109,
      2.1120818182459584
    ],
    [
      1.7583021160536083,
      2.0587261795810288
    ],
    [
      1.591345684113101,
      1.7968518939798566
    ],
    [
      1.3445735169942805,
      1.7184083511701551
    ],
    [
      1.1412430064738435,
      1.514686675392086
    ],
    [
      0.9371654014415745,
      1.4334818599987416
    ],
    [
      0.8036561448942204,
      1.2826317286816524
    ],
    [
      0.5401545557220412,
      1.0211488908292916
    ],
    [
      0.38061805889755673,
      0.8305980426496671
    ],
    [
      0.2280682452858592,
      0.7202136708872605
    ],
    [
      0.0031850425596224377,
      0.4140947796812602
    ],
    [
      -0.18958053944969877,
      0.3644867723612931
    ],
    [
      -0.3417391383134359,
      0.038538217747749445
    ],
    [
      -0.559690025292832,
      0.016971127540683625
    ],
    [
      -0.7664248728485609,
      -0.186548512806981
    ],
    [
      -0.8832208178003211,
      -0.3658064666478836
    ],
    [
      -1.0369855672659196,
      -0.6148109995291146
    ],
    [
      -1.3809123005879311,
      -0.698381590973502
    ],
    [
      -1.5001712335573079,
      -0.9026687088467075
    ],
    [
      -1.6614490975641596,
      -0.9815587447367419
    ],
    [
      -1.8619861830552904,
      -1.2388794648747226
    ],
    [
      -2.0018129301513765,
      -1.4152494378071365
    ],
    [
      -2.1159720534377673,
      -1.533821039559025
    ],
    [
      -2.268345061398535,
      -1.8423890345905096
    ],
    [
      -2.4597161724961807,
      -1.87406231150369
    ],
    [
      -2.554429035791537,
      -2.0561942213173356
    ],
    [
      -2.6428174727310347,
      -2.2102227378760797
    ],
    [
      -2.771309769421538,
      -2.3221278106696883
    ],
    [
      -2.8873159533015693,
      -2.3472501930315137
    ],
    [
      -2.978184611895238,
      -2.5080624959678084
    ],
    [
      -3.10997840611095,
      -2.672574605262996
    ],
    [
      -3.121718796820277,
      -2.787322170346183
    ],
    [
      -3.3240483230838955,
      -2.889717680523423
    ],
    [
      -3.3333792372051794,
      -3.014661060189433
    ]
  ],
  "complexity": 0.4428287039162175
}