{
  "id": 2862,
  "wedge_count": 6,
  "parameters": {
    "rotation_speeds": [
      -1.3997577104849073,
      -0.398271986452686,
      2.075151355025799,
      -2.2584865480213105,
      1.3166676987139603,
      -0.7026337808009062
    ],
    "phi_x": [
      8.40397283206745,
      -12.995502699222577,
      1.9048245063228535,
      14.020405171588699,
      -8.551722138233586,
      -12.711102042523876
    ],
    "phi_y": [
      -10.948614305648494,
      10.860901203655274,
      0.4642766379752121,
      0.9472163069023924,
      -7.75914100322219,
      7.514053644183427
    ],
    "distances": [
      1.0,
      7.40142413913091,
      2.435911179254986,
      3.927192899221219,
      4.138919844505669,
      2.0099180256902986,
      5.6711837048604705
    ],
    "refractive_indices": [
      1.0,
      1.5,
      1.5,
      1.5,
      1.5,
      1.5,
      1.5,
      1.0
    ],
    "wedgenum": 6
  },
  "pattern": [
    [
      4.2201124997817905,
      4.351257835541416
    ],
    [
      4.165529623103356,
      4.273214260767142
    ],
    [
      4.184110736460142,
      4.245633345683983
    ],
    [
      4.242360504732118,
      4.218559279243795
    ],
    [
      4.158150488951766,
      4.177969564568362
    ],
    [
      4.040054683230238,
      4.1741040689416105
    ],
    [
      4.134568351880825,
      4.13980185193898
    ],
    [
      4.054158672315416,
      4.057381674759864
    ],
    [
      3.950483157291431,
      4.065623372189737
    ],
    [
      3.8984666755508925,
      4.029190526228705
    ],
    [
      3.8184139196302906,
      3.856236729016742
    ],
    [
      3.7279742004172167,
      3.8782715121350737
    ],
    [
      3.7174779055288676,
      3.735674419836167
    ],
    [
      3.5165586418650583,
      3.6225663240520958
    ],
    [
      3.4767904266733742,
      3.6463830595675226
    ],
    [
      3.3034510439800893,
      3.586131184660261
    ],
    [
      3.229618846607225,
      3.3813045894837286
    ],
    [
      3.0750641486858155,
      3.3812997577302624
    ],
    [
      3.1020618689063526,
      3.2832765655951746
    ],
    [
      2.9500039481291322,
      3.1681461349116975
    ],
    [
      2.75977814011134,
      2.9769382902396098
    ],
    [
      2.699953870621819,
      2.937876789382891
    ],
    [
      2.4563572332427315,
      2.8485489527784105
    ],
    [
      2.362987689674741,
      2.724134684169027
    ],
    [
      2.1527662962763725,
      2.6072464639618294
    ],
    [
      2.106437155257844,
      2.4649750386546834
    ],
    [
      1.9573156811015053,
      2.331068945107551
    ],
    [
      1.8327263384591852,
      2.179781044860118
    ],
    [
      1.6476087084196198,
      1.9923403218191944
    ],
    [
      1.4437896446986886,
      1.9132768753416063
    ],
    [
      1.3543357364053434,
      1.8089434456668776
    ],
    [
      1.2319789304908377,
      1.7171346174700028
    ],
    [
      1.094036250001096,
      1.5640502247125652
    ],
    [
      1.0122286847501472,
      1.352123728142748
    ],
    [
      0.8273556174607012,
      1.2451939619472532
    ],
    [
      0.6044266369032879,
      1.1619752567748933
    ],
    [
      0.49035808955900484,
      0.9681518190974785
    ],
    [
      0.3430547999157735,
      0.7948987532845291
    ],
    [
      0.30214418281599986,
      0.6240786892175364
    ],
    [
      0.02073184636394823,
      0.5928233108592242
    ],
    [
      -0.014863795898563275,
      0.5274843398761165
    ],
    [
      -0.10250557541442515,
      0.31411200927410654
    ],
    [
      -0.21463611235281996,
      0.16734472709107973
    ],
    [
      -0.3963224738761335,
      0.13951037776129804
    ],
    [
      -0.4759099095528736,
      -0.10533460394400497
    ],
    [
      -0.6635072821138446,
      -0.0972788648991599
    ],
    [
      -0.6862664740514297,
      -0.19483670070561976
    ],
    [
      -0.7703875272828167,
      -0.2748529754313253
    ],
    [
      -0.7932213776976262,
      -0.44966221670910894
    ],
    [
      -0.9851649197344251,
      -0.5649397363242183
    ],
    [
      -0.9997710503629448,
      -0.6421616639350157
    ],
    [
      -1.0465598042484694,
      -0.7476259557350473
    ],
    [
      -1.1669927985221082,
      -0.8292190836071672
    ],
    [
      -1.143588143999957,
      -1.0433994706732217
    ],
    [
      -1.271188173080422,
      -0.9415759993041732
    ],
    [
      -1.3158896731790803,
      -1.1441058123996042
    ],
    [
      -1.4098749475835335,
      -1.0708201695460076
    ],
    [
      -1.303002125625606,
      -1.1149839462907298
    ],
    [
      -1.3672758249554675,
      -1.1529267605131195
    ],
    [
      -1.3336355379022957,
      -1.2418036960440875
    ]
  ],
  "complexity": 0.37566614934351983
}