{
  "id": 2256,
  "wedge_count": 5,
  "parameters": {
    "rotation_speeds": [
      2.431990114390562,
      -1.221540920714537,
      0.3105999402020361,
      -1.4478842331547377,
      -0.46978928225905303
    ],
    "phi_x": [
      6.553044635958834,
      -9.990140228051132,
      13.443117035923496,
      -11.935806772761715,
      12.418970684928642
    ],
    "phi_y": [
      -12.241447245622155,
      -4.848480097597413,
      -11.253455669751457,
      4.472641961743356,
      -14.747087475968087
    ],
    "distances": [
      1.0,
      7.7802479343007205,
      7.032581500602185,
      4.016009413293127,
      6.423833678916881,
      4.716947708785276
    ],
    "refractive_indices": [
      1.0,
      1.5,
      1.5,
      1.5,
      1.5,
      1.5,
      1.0
    ],
    "wedgenum": 5
  },
  "pattern": [
    [
      4.499608250961491,
      4.417518990564919
    ],
    [
      4.565758164048609,
      4.589088221321027
    ],
    [
      4.581094323721726,
      4.593724258172764
    ],
    [
      4.5379233564288715,
      4.658751055135182
    ],
    [
      4.701542791332581,
      4.714641126538523
    ],
    [
      4.7507063304660395,
      4.684046722686827
    ],
    [
      4.7708775260672835,
      4.689612658608685
    ],
    [
      4.708810584390751,
      4.696807589192866
    ],
    [
      4.854804341354419,
      4.7523120036998
    ],
    [
      4.873091784748783,
      4.769505515453193
    ],
    [
      4.899354605084137,
      4.792337546798875
    ],
    [
      4.827768133783012,
      4.738676734940007
    ],
    [
      4.8108301634940585,
      4.75908727313263
    ],
    [
      4.842318667339119,
      4.725389261308126
    ],
    [
      4.781951754184471,
      4.671706200647031
    ],
    [
      4.692471980076404,
      4.750556264558335
    ],
    [
      4.738220426723554,
      4.74973859727061
    ],
    [
      4.734526860702628,
      4.712657033124986
    ],
    [
      4.614718365217634,
      4.6093615918149595
    ],
    [
      4.627681578713278,
      4.606575015648083
    ],
    [
      4.536117169337907,
      4.583462196766382
    ],
    [
      4.4898748256197685,
      4.498365894052493
    ],
    [
      4.355364642342681,
      4.47476649080184
    ],
    [
      4.291098927748928,
      4.284185284835303
    ],
    [
      4.1639606766413175,
      4.235577551971127
    ],
    [
      4.081604917413397,
      4.236702544687805
    ],
    [
      4.022920805401773,
      4.1472727395940865
    ],
    [
      3.862235657072645,
      3.9586833586076526
    ],
    [
      3.7723994505411698,
      3.893531751728139
    ],
    [
      3.5703627905779296,
      3.937622959815481
    ],
    [
      3.4624024830368474,
      3.773597218331302
    ],
    [
      3.4299644052804212,
      3.6621053980925424
    ],
    [
      3.28383536771995,
      3.575323393811577
    ],
    [
      3.1602628438701723,
      3.4672093953926466
    ],
    [
      2.9950732729600005,
      3.320806851440556
    ],
    [
      2.8808900054398814,
      3.186379522780067
    ],
    [
      2.750236434023648,
      3.113693558327193
    ],
    [
      2.5791115464830994,
      2.8325291210778936
    ],
    [
      2.354520100880783,
      2.814771774547568
    ],
    [
      2.269710222855611,
      2.699559860448871
    ],
    [
      2.135112669971614,
      2.503199752090024
    ],
    [
      2.0103945533839473,
      2.4226923573808485
    ],
    [
      1.8907529433155117,
      2.334347507640539
    ],
    [
      1.6814798351125397,
      2.2038236574073893
    ],
    [
      1.5816502680287485,
      1.9663909557616632
    ],
    [
      1.4462249824428504,
      1.959831543231048
    ],
    [
      1.411619666090982,
      1.8206024643097163
    ],
    [
      1.1203666068791907,
      1.7210193847520385
    ],
    [
      1.0673115663853983,
      1.5027997681201095
    ],
    [
      0.9679726121041599,
      1.4250678968105104
    ],
    [
      0.7986705680653609,
      1.2917429941086207
    ],
    [
      0.7579606695175113,
      1.261762907238868
    ],
    [
      0.5330063276853658,
      1.0897405394390405
    ],
    [
      0.5610323172022557,
      0.9449615010401393
    ],
    [
      0.47677919240019256,
      0.7733659829407248
    ],
    [
      0.42197002284668605,
      0.7762777376609434
    ],
    [
      0.2718443181948817,
      0.7389840754002637
    ],
    [
      0.17094020257169643,
      0.5663763042459944
    ],
    [
      0.0754410672064992,
      0.35348897567472587
    ],
    [
      0.09414956360892918,
      0.3197580789451813
    ]
  ],
  "complexity": 0.42606288122968605
}