{
  "id": 2201,
  "wedge_count": 2,
  "parameters": {
    "rotation_speeds": [
      -1.5609205584993349,
      2.1460876258593444
    ],
    "phi_x": [
      -7.951888633123203,
      -12.736970859402039
    ],
    "phi_y": [
      -9.640934806177494,
      5.1275370009485215
    ],
    "distances": [
      1.0,
      6.082396048910498,
      2.6579719644629516
    ],
    "refractive_indices": [
      1.0,
      1.5,
      1.5,
      1.0
    ],
    "wedgenum": 2
  },
  "pattern": [
    [
      1.4077293730990377,
      1.4003928063746125
    ],
    [
      1.420515661045555,
      1.480702785666231
    ],
    [
      1.410534529100324,
      1.3579428028799203
    ],
    [
      1.3142530846957363,
      1.380331547979468
    ],
    [
      1.2916962747836147,
      1.3987712384525084
    ],
    [
      1.312214376511016,
      1.3168362764295387
    ],
    [
      1.2162569731941701,
      1.2927942544588296
    ],
    [
      1.16002684513513,
      1.2426084551996257
    ],
    [
      1.126376987130963,
      1.1491864371941372
    ],
    [
      1.1382438689563064,
      1.0882413001769915
    ],
    [
      1.0074770220601854,
      1.0475606370185104
    ],
    [
      0.7779558024344279,
      0.9861282780837592
    ],
    [
      0.8548080614699982,
      0.8802110075607462
    ],
    [
      0.6752578321059354,
      0.7681969383444835
    ],
    [
      0.6436187845396246,
      0.7843734951153487
    ],
    [
      0.5573751771045851,
      0.7445236602979391
    ],
    [
      0.4763432868176383,
      0.6052013874484293
    ],
    [
      0.3073366996861393,
      0.5004173499121929
    ],
    [
      0.3004285633091492,
      0.5465947033917194
    ],
    [
      0.22134179682914432,
      0.31329267377076275
    ],
    [
      0.05086505662394804,
      0.30266766868108175
    ],
    [
      -0.0802782953660478,
      0.21106149027335966
    ],
    [
      -0.15231613780764375,
      0.1816961576404405
    ],
    [
      -0.20474216439388854,
      0.03228777388751098
    ],
    [
      -0.3756011932131917,
      -0.06115597535089229
    ],
    [
      -0.43265042274304216,
      -0.20114108092738509
    ],
    [
      -0.5260171465283691,
      -0.23577369124118625
    ],
    [
      -0.6064439450457051,
      -0.3870769611316708
    ],
    [
      -0.6852219120412124,
      -0.34611037335835076
    ],
    [
      -0.8591253419166953,
      -0.5847062907584685
    ],
    [
      -0.8460929934965509,
      -0.6030080475195554
    ],
    [
      -0.985706150866979,
      -0.6733098927361778
    ],
    [
      -1.0975558362360938,
      -0.8233528155816947
    ],
    [
      -1.015020806629371,
      -0.8412234029109626
    ],
    [
      -1.2099314913889603,
      -0.9347011698552449
    ],
    [
      -1.2600750576112718,
      -0.9877856098566531
    ],
    [
      -1.3311620392441137,
      -1.0722568006013915
    ],
    [
      -1.4726646416715545,
      -1.1419002125581261
    ],
    [
      -1.5013878701819745,
      -1.2308604212249714
    ],
    [
      -1.5812991981853206,
      -1.2558331278303068
    ],
    [
      -1.6046369162478522,
      -1.2654977180693923
    ],
    [
      -1.6337595683991049,
      -1.3380642687692417
    ],
    [
      -1.6541610890751788,
      -1.5045027712852668
    ],
    [
      -1.6618368420482996,
      -1.4718416985509304
    ],
    [
      -1.777278832120869,
      -1.4521235423383505
    ],
    [
      -1.7466650781460147,
      -1.606674121512595
    ],
    [
      -1.7399699577059624,
      -1.6254026767271845
    ],
    [
      -1.6864783836398223,
      -1.6823009996686387
    ],
    [
      -1.7700629544157531,
      -1.769672976557256
    ],
    [
      -1.778744360283659,
      -1.709224763860604
    ],
    [
      -1.7544671801400706,
      -1.6832237418530778
    ],
    [
      -1.6303765985029774,
      -1.7300903260109515
    ],
    [
      -1.592136917089629,
      -1.6789424324081268
    ],
    [
      -1.559513428755867,
      -1.6842458758026797
    ],
    [
      -1.5735128426933607,
      -1.624221584540761
    ],
    [
      -1.4187705527272796,
      -1.6737319919891536
    ],
    [
      -1.4772285119689574,
      -1.7163001859259455
    ],
    [
      -1.264041632660881,
      -1.588999966874795
    ],
    [
      -1.3386613153180733,
      -1.6929982177703293
    ],
    [
      -1.230746490238381,
      -1.6266225329031105
    ]
  ],
  "complexity": 0.31389263376504134
}