{
  "id": 208,
  "wedge_count": 6,
  "parameters": {
    "rotation_speeds": [
      -1.781919257563654,
      -2.932686571710464,
      1.0281118204755888,
      2.03921449375245,
      0.72066224507524,
      -2.5738756654529684
    ],
    "phi_x": [
      7.9498488473184885,
      -7.7528974185608925,
      5.247010671628438,
      13.182881888353386,
      4.650208478387814,
      -7.690975664943243
    ],
    "phi_y": [
      9.453400776617716,
      9.389315303116149,
      3.0990396114467806,
      -6.48969335155406,
      4.907233229953636,
      8.976710635348468
    ],
    "distances": [
      1.0,
      6.505822697195175,
      7.571107082905639,
      5.671616689014408,
      7.787554283644447,
      2.626919790460324,
      5.620655601093451
    ],
    "refractive_indices": [
      1.0,
      1.5,
      1.5,
      1.5,
      1.5,
      1.5,
      1.5,
      1.0
    ],
    "wedgenum": 6
  },
  "pattern": [
    [
      4.02738846208233,
      3.915920716335835
    ],
    [
      3.7518951665217712,
      3.7894120703691816
    ],
    [
      3.6487442577389264,
      3.7176405166113327
    ],
    [
      3.5641160607652504,
      3.600312681799717
    ],
    [
      3.539642806856462,
      3.516869124886408
    ],
    [
      3.3966503696678707,
      3.451393391840087
    ],
    [
      3.3204919993907134,
      3.4284860937038077
    ],
    [
      3.2585464191704623,
      3.2739210726917976
    ],
    [
      2.9745838763038557,
      3.090338427088288
    ],
    [
      2.974683227734114,
      3.134489607557231
    ],
    [
      2.811270716780507,
      2.9249721259424426
    ],
    [
      2.720669974554489,
      2.8103178192251033
    ],
    [
      2.526459001349148,
      2.5798639170676707
    ],
    [
      2.246725543537703,
      2.5398810251107125
    ],
    [
      2.200730322421046,
      2.3506147141419653
    ],
    [
      2.0687978507342044,
      2.196035155186882
    ],
    [
      1.8612800862826568,
      2.0557960160340993
    ],
    [
      1.719550132091044,
      1.9055937484761611
    ],
    [
      1.5596463934408171,
      1.8736594347571185
    ],
    [
      1.3405072198651449,
      1.5802640623801247
    ],
    [
      1.1284024245741577,
      1.4566837075340497
    ],
    [
      1.0212873725715224,
      1.2896815063071443
    ],
    [
      0.7228637556513721,
      1.156874202988087
    ],
    [
      0.6071330008792415,
      0.9730428210378208
    ],
    [
      0.49304469963023606,
      0.9539169446380382
    ],
    [
      0.21338840718532898,
      0.7198606073278482
    ],
    [
      0.17393375641967257,
      0.5299670892623853
    ],
    [
      0.03505402847486383,
      0.3414666588865606
    ],
    [
      -0.1591255585332347,
      0.31531686423773575
    ],
    [
      -0.351539529762634,
      0.09468739608911006
    ],
    [
      -0.5657466162046264,
      -0.020800450360254973
    ],
    [
      -0.7397512213236475,
      -0.19357179799562493
    ],
    [
      -0.8548167135284401,
      -0.26512780994294555
    ],
    [
      -0.9247618624828712,
      -0.5398525569613044
    ],
    [
      -0.9233685570789183,
      -0.5671776537822031
    ],
    [
      -1.1446122459328163,
      -0.710942081745697
    ],
    [
      -1.3364029641684558,
      -0.8528536801567353
    ],
    [
      -1.3682750179163596,
      -1.018630753250751
    ],
    [
      -1.4688876183357062,
      -0.9924978211111659
    ],
    [
      -1.6400979587628874,
      -1.2766151559909273
    ],
    [
      -1.625205775297233,
      -1.203494008760908
    ],
    [
      -1.728202139922832,
      -1.3063848588828695
    ],
    [
      -1.8261952226861473,
      -1.4110643798127807
    ],
    [
      -1.940065762734637,
      -1.5118998715574679
    ],
    [
      -1.860138954075078,
      -1.5191168843505385
    ],
    [
      -2.024707087035767,
      -1.6177733220306378
    ],
    [
      -2.0090779261947285,
      -1.738171837164413
    ],
    [
      -2.015480878400291,
      -1.7657457699181278
    ],
    [
      -2.062796724911564,
      -1.8017848864825206
    ],
    [
      -2.149877640141596,
      -1.9130547318564617
    ],
    [
      -2.066946310223839,
      -1.9131653562360795
    ],
    [
      -2.0925799884508534,
      -1.9482169535043783
    ],
    [
      -2.1351263701996634,
      -1.9991242613657099
    ],
    [
      -2.1513614278573185,
      -1.9452365792129676
    ],
    [
      -2.093817158351671,
      -2.0544988476347386
    ],
    [
      -2.0822042303826285,
      -2.10361748454675
    ],
    [
      -2.0729161377688983,
      -2.048939617425384
    ],
    [
      -1.9567799746153365,
      -1.9971794529349935
    ],
    [
      -2.0383695402545703,
      -2.0779249581151173
    ],
    [
      -1.8541209453944167,
      -1.9391546768812846
    ]
  ],
  "complexity": 0.4213958386247761
}