{
  "id": 4860,
  "wedge_count": 2,
  "parameters": {
    "rotation_speeds": [
      1.1548037812794085,
      2.3041041697589346
    ],
    "phi_x": [
      -1.4315478640088113,
      6.936226276093407
    ],
    "phi_y": [
      -6.37428516883584,
      -14.22678443230934
    ],
    "distances": [
      1.0,
      4.429137917159981,
      3.5246587417981443
    ],
    "refractive_indices": [
      1.0,
      1.5,
      1.5,
      1.0
    ],
    "wedgenum": 2
  },
  "pattern": [
    [
      0.794202679447825,
      0.7851390279295589
    ],
    [
      0.7431163632661721,
      0.7735856219308941
    ],
    [
      0.9359320718929178,
      0.8892708100848817
    ],
    [
      0.970808477179139,
      1.0294370198090452
    ],
    [
      1.0162946965689301,
      1.048599936964531
    ],
    [
      1.102756932110541,
      1.1130053970922078
    ],
    [
      1.1235821228742848,
      1.1062268467214291
    ],
    [
      1.179130098797971,
      1.1895340881156844
    ],
    [
      1.2895064710906534,
      1.1825434018504284
    ],
    [
      1.383854565027223,
      1.2716272269855105
    ],
    [
      1.3220994419342695,
      1.2683237123029838
    ],
    [
      1.358071999628287,
      1.3630750594963605
    ],
    [
      1.367076101438793,
      1.3270090400755155
    ],
    [
      1.3505597185187181,
      1.3219576815236211
    ],
    [
      1.3929381364677087,
      1.3626230712924174
    ],
    [
      1.34476091023231,
      1.3952623241428916
    ],
    [
      1.4184104059594476,
      1.3021510978186592
    ],
    [
      1.350868449948361,
      1.3732302387305426
    ],
    [
      1.2998263372009564,
      1.4609473260037678
    ],
    [
      1.3424347238394487,
      1.4009292332748848
    ],
    [
      1.2978249077233621,
      1.3204996520388832
    ],
    [
      1.2896911897656733,
      1.333817266739672
    ],
    [
      1.239852146994947,
      1.3367607319346924
    ],
    [
      1.2391019618614738,
      1.3172237100130932
    ],
    [
      1.0767656861869548,
      1.2622019340406365
    ],
    [
      1.1431855040124281,
      1.2012515658475353
    ],
    [
      1.042301243768946,
      1.155909397755133
    ],
    [
      0.9173151140194183,
      1.1355649874377225
    ],
    [
      0.9127431915262706,
      1.0832472161489508
    ],
    [
      0.9062442588976505,
      1.049538504633993
    ],
    [
      0.7589219678814274,
      0.9378041412628305
    ],
    [
      0.5902245653343972,
      0.9250806395797269
    ],
    [
      0.5863496034880752,
      0.8340889140148727
    ],
    [
      0.5055190632171193,
      0.7572040178725258
    ],
    [
      0.48610220873159976,
      0.672306852108242
    ],
    [
      0.3178734924851649,
      0.6726171790989408
    ],
    [
      0.3031431987283643,
      0.5320431516906695
    ],
    [
      0.18578254607718137,
      0.5094529184982645
    ],
    [
      0.11463658594625503,
      0.4056435592638706
    ],
    [
      -0.0037790409185066917,
      0.31093622644566166
    ],
    [
      -0.09977057623153407,
      0.24638919194262637
    ],
    [
      -0.09051507103980982,
      0.22725576769282999
    ],
    [
      -0.25973276605492246,
      0.05827060189520223
    ],
    [
      -0.3267767096160417,
      0.041323739027049035
    ],
    [
      -0.3406233689520955,
      -0.08320520228873511
    ],
    [
      -0.3418618556515958,
      -0.09680138143027994
    ],
    [
      -0.5611303929777683,
      -0.15576656549056153
    ],
    [
      -0.524374687792863,
      -0.251388970788832
    ],
    [
      -0.6181329480785912,
      -0.2791880081326187
    ],
    [
      -0.6862549603149338,
      -0.39468982112133
    ],
    [
      -0.7749929250967372,
      -0.4145502737285638
    ],
    [
      -0.7563319477897918,
      -0.5237950997363335
    ],
    [
      -0.7665642474402014,
      -0.5459107112934913
    ],
    [
      -0.8543972071962154,
      -0.5733881773045042
    ],
    [
      -0.8866697546745042,
      -0.6998718589662009
    ],
    [
      -0.8681710136378745,
      -0.678551486279384
    ],
    [
      -0.8528320594534291,
      -0.7322013745718637
    ],
    [
      -0.8803619658847462,
      -0.7245182709558096
    ],
    [
      -0.8301147033256914,
      -0.8608313763726478
    ],
    [
      -0.839100246502319,
      -0.8451798595252416
    ]
  ],
  "complexity": 0.28937355964060707
}