{
  "id": 1534,
  "wedge_count": 6,
  "parameters": {
    "rotation_speeds": [
      1.842840313027727,
      2.7974105625788352,
      -0.8871919208611292,
      0.4532748048195945,
      -0.33445054899555116,
      2.7981300692118936
    ],
    "phi_x": [
      2.868589841167207,
      6.869001663510673,
      -4.380330871407287,
      9.834912970199944,
      -9.111545806179151,
      -13.374666778959343
    ],
    "phi_y": [
      -1.7292646899742046,
      13.414261256240476,
      -3.256321549663298,
      1.68177352848668,
      8.939887346076397,
      13.993649851277858
    ],
    "distances": [
      1.0,
      2.7869934426437872,
      4.982878391630039,
      2.085153376407833,
      3.3951864723946352,
      3.6240914011803573,
      7.482017109151556
    ],
    "refractive_indices": [
      1.0,
      1.5,
      1.5,
      1.5,
      1.5,
      1.5,
      1.5,
      1.0
    ],
    "wedgenum": 6
  },
  "pattern": [
    [
      3.982655761889042,
      4.035194805337044
    ],
    [
      4.110030196705088,
      4.0455845198852245
    ],
    [
      4.1217349928408185,
      4.081285067732136
    ],
    [
      4.139210407003704,
      4.106237946646211
    ],
    [
      4.033001365925088,
      4.120100497115207
    ],
    [
      4.005738355425424,
      4.075924380531613
    ],
    [
      3.9960417292885904,
      4.107375476401474
    ],
    [
      3.9575891306789805,
      4.177417620717174
    ],
    [
      4.024308498412144,
      4.041334552085292
    ],
    [
      3.9961002597990136,
      4.054164884135931
    ],
    [
      3.8337719572228646,
      4.019869473064033
    ],
    [
      3.696073578797457,
      3.9704801199570734
    ],
    [
      3.664817736338345,
      3.859780943878502
    ],
    [
      3.602770764296773,
      3.838007732339617
    ],
    [
      3.5451417173858037,
      3.8044070679476514
    ],
    [
      3.3585160669194436,
      3.5749881464733084
    ],
    [
      3.204962749612721,
      3.595238119272317
    ],
    [
      3.0554187196074736,
      3.4879884494022133
    ],
    [
      2.9386003774423703,
      3.399002611944552
    ],
    [
      2.8618176356414873,
      3.2308714702949195
    ],
    [
      2.6348451227999385,
      3.0835918836107132
    ],
    [
      2.43615538052664,
      2.9746691536683434
    ],
    [
      2.3560466109476925,
      2.806323771651724
    ],
    [
      2.083170078953986,
      2.7153042029589862
    ],
    [
      1.982292516981416,
      2.509915818143866
    ],
    [
      1.877121999104186,
      2.34048363662654
    ],
    [
      1.6494152647547604,
      2.2235428785349285
    ],
    [
      1.4410498816261823,
      2.1202178262687585
    ],
    [
      1.2616277092034094,
      1.9120924549498468
    ],
    [
      1.1049649601849811,
      1.7717694426991275
    ],
    [
      0.9781172502990295,
      1.549296725707744
    ],
    [
      0.7109701992600991,
      1.4178972497149684
    ],
    [
      0.5702679830768408,
      1.1560147458933219
    ],
    [
      0.4718656804873437,
      1.110256145260081
    ],
    [
      0.24051172769282111,
      0.9561935501889136
    ],
    [
      0.2136439505860151,
      0.873162334670681
    ],
    [
      0.05494219135369251,
      0.5468238598173581
    ],
    [
      -0.20295412358863574,
      0.49849885989627984
    ],
    [
      -0.28461481511476305,
      0.23987276929730467
    ],
    [
      -0.3074837721657647,
      0.13591423473124964
    ],
    [
      -0.43261042935260685,
      -0.008454380109033263
    ],
    [
      -0.5605632454746446,
      -0.03778359946480582
    ],
    [
      -0.6993816414009468,
      -0.2616320168667495
    ],
    [
      -0.7155188906670529,
      -0.4332890504687569
    ],
    [
      -0.8730887796436838,
      -0.5203361455383737
    ],
    [
      -0.9391942349253313,
      -0.5261628797037621
    ],
    [
      -0.9195620949989691,
      -0.7656108738289493
    ],
    [
      -0.964796984958025,
      -0.8275618923122247
    ],
    [
      -0.9695698092848267,
      -0.8384224208935196
    ],
    [
      -1.0216679346512691,
      -0.9613630141032741
    ],
    [
      -1.0306507309385469,
      -1.0475261733806651
    ],
    [
      -0.9986849404265836,
      -1.0447484020304374
    ],
    [
      -1.0497384245277372,
      -1.023429917286645
    ],
    [
      -0.9399597164333849,
      -1.0449344372699594
    ],
    [
      -0.9408560259930365,
      -1.0788175623020686
    ],
    [
      -0.8568164082747636,
      -1.0726049716729829
    ],
    [
      -0.7404965325316686,
      -1.1877097358740916
    ],
    [
      -0.7591191678394134,
      -1.1437684759063493
    ],
    [
      -0.6369638535813643,
      -1.1621794637136722
    ],
    [
      -0.5523063284879985,
      -1.1644081922448648
    ]
  ],
  "complexity": 0.42207375736664665
}