{
  "id": 4887,
  "wedge_count": 5,
  "parameters": {
    "rotation_speeds": [
      -2.3357230635195947,
      -1.4004905348384225,
      -1.3926799573568747,
      -0.4770458367102446,
      -0.7448584790100545
    ],
    "phi_x": [
      7.398818580500162,
      -2.6592181091930005,
      -2.7895681403936994,
      -11.827581110034934,
      5.1253926336185245
    ],
    "phi_y": [
      -10.392687053140932,
      -5.429268846452706,
      -11.805150874770654,
      -11.698632814193724,
      14.421833901044938
    ],
    "distances": [
      1.0,
      7.279456228815336,
      3.3370890458679905,
      7.077679713996207,
      6.533484835595937,
      5.295760233769458
    ],
    "refractive_indices": [
      1.0,
      1.5,
      1.5,
      1.5,
      1.5,
      1.5,
      1.0
    ],
    "wedgenum": 5
  },
  "pattern": [
    [
      3.424873163468847,
      3.274677371746197
    ],
    [
      3.2422571197803087,
      3.1652802138289093
    ],
    [
      3.1646080022597634,
      3.033098972825739
    ],
    [
      3.090909913705167,
      2.9759628687557877
    ],
    [
      2.8255352278209345,
      2.83603547533598
    ],
    [
      2.742278736742447,
      2.758633843222517
    ],
    [
      2.690179808205303,
      2.608152006237452
    ],
    [
      2.4803063331448687,
      2.64908209380456
    ],
    [
      2.3818964806084133,
      2.383222914401321
    ],
    [
      2.319819817682372,
      2.3609363687173603
    ],
    [
      2.136423583371558,
      2.150777276836439
    ],
    [
      1.9707789368073145,
      2.00361974119967
    ],
    [
      1.804584451629501,
      1.9048098188768994
    ],
    [
      1.680774563493093,
      1.8775426373938675
    ],
    [
      1.5766720966324805,
      1.624905626566829
    ],
    [
      1.4989225846463512,
      1.554819918230646
    ],
    [
      1.2679669231122062,
      1.5014583124207108
    ],
    [
      1.2099278831487152,
      1.321511914541004
    ],
    [
      1.1847418898207667,
      1.1819949818017061
    ],
    [
      0.9583250048236623,
      1.1624604910047667
    ],
    [
      0.8481572946586119,
      0.9292528673555271
    ],
    [
      0.7893517667548262,
      0.8773681750154524
    ],
    [
      0.6672281142717084,
      0.8228959745185525
    ],
    [
      0.6088982231152568,
      0.6577191870202218
    ],
    [
      0.4337484080376182,
      0.5803352982782971
    ],
    [
      0.3436383452156875,
      0.4087530125947924
    ],
    [
      0.21566111647482386,
      0.23561450105661008
    ],
    [
      0.2451480678879508,
      0.2807273581714417
    ],
    [
      0.007504555370365484,
      0.24534481570370048
    ],
    [
      -0.024939260115346806,
      0.06576095967281842
    ],
    [
      -0.09498493718565262,
      0.008223444978203556
    ],
    [
      -0.0978964324481375,
      -0.05530838927528451
    ],
    [
      -0.18708108761187536,
      -0.08617548857364962
    ],
    [
      -0.27677207943031185,
      -0.2524489931935065
    ],
    [
      -0.27955823854572764,
      -0.23052231760629022
    ],
    [
      -0.3071264147033848,
      -0.2847217728560827
    ],
    [
      -0.4058011730953243,
      -0.40283550435254856
    ],
    [
      -0.387503910774676,
      -0.3888508208873029
    ],
    [
      -0.47764547841159494,
      -0.4134124124989921
    ],
    [
      -0.4816430248223799,
      -0.5074811521803096
    ],
    [
      -0.5744314712799452,
      -0.4541340487349384
    ],
    [
      -0.5402876372500721,
      -0.6712306965641178
    ],
    [
      -0.5188610303892177,
      -0.6376062822420738
    ],
    [
      -0.605894561642011,
      -0.5929630009668814
    ],
    [
      -0.534880331298492,
      -0.6542501254167356
    ],
    [
      -0.5356391967764328,
      -0.584457749043785
    ],
    [
      -0.5503753801337609,
      -0.6611552285082304
    ],
    [
      -0.4756710288330265,
      -0.6733771719459839
    ],
    [
      -0.48912989630698395,
      -0.6735853113201232
    ],
    [
      -0.4857836924697381,
      -0.6307359506710719
    ],
    [
      -0.40996154487940145,
      -0.6798042146085761
    ],
    [
      -0.48646353404937526,
      -0.6706111817246682
    ],
    [
      -0.4838855878608729,
      -0.6200707317223086
    ],
    [
      -0.5043860754584475,
      -0.6688972516891725
    ],
    [
      -0.40046182441233164,
      -0.6147770795445165
    ],
    [
      -0.37596323667590603,
      -0.5875259599037197
    ],
    [
      -0.4069973044572891,
      -0.6508379488450015
    ],
    [
      -0.2881114148328101,
      -0.6001037067199555
    ],
    [
      -0.3177557683014907,
      -0.6156078784298897
    ],
    [
      -0.3175480684721873,
      -0.5729063709895021
    ]
  ],
  "complexity": 0.3581843666538303
}