{
  "id": 3689,
  "wedge_count": 2,
  "parameters": {
    "rotation_speeds": [
      0.9474611890463907,
      -2.472555844460644
    ],
    "phi_x": [
      -4.77250844723822,
      4.406113902419545
    ],
    "phi_y": [
      -5.102610679158385,
      -10.647680564972637
    ],
    "distances": [
      1.0,
      2.744469514043031,
      2.4181950476211593
    ],
    "refractive_indices": [
      1.0,
      1.5,
      1.5,
      1.0
    ],
    "wedgenum": 2
  },
  "pattern": [
    [
      0.7506790045892073,
      0.6907638780673928
    ],
    [
      0.7300121413919353,
      0.7573724291057847
    ],
    [
      0.6547209166264449,
      0.6099513965101862
    ],
    [
      0.6470692394430697,
      0.6704100538458986
    ],
    [
      0.5940660136917695,
      0.671528733897913
    ],
    [
      0.5695218443030429,
      0.6296761373505259
    ],
    [
      0.585740066253822,
      0.49707069004170606
    ],
    [
      0.45329510102355286,
      0.549116980886414
    ],
    [
      0.40340058900444725,
      0.39327141425134543
    ],
    [
      0.37169198457769637,
      0.4665764907848476
    ],
    [
      0.3444976702464802,
      0.36244152628425635
    ],
    [
      0.26520631151065743,
      0.3376166995853638
    ],
    [
      0.2011078315270689,
      0.20763034559054658
    ],
    [
      0.15933579557561742,
      0.18950780792174962
    ],
    [
      0.09807908910578286,
      0.13008680169082731
    ],
    [
      0.07749442454631254,
      0.10338567013635167
    ],
    [
      0.03435431868480256,
      0.07046509973638475
    ],
    [
      -0.03998590709526475,
      0.08204055741238386
    ],
    [
      -0.0940628544300254,
      0.014866874592262738
    ],
    [
      -0.0575575915877504,
      -0.06165645711649436
    ],
    [
      -0.15469625886431174,
      -0.0117279063726871
    ],
    [
      -0.2079415504870446,
      -0.007207709339076357
    ],
    [
      -0.12027910477858836,
      -0.080867217216613
    ],
    [
      -0.17888253196214388,
      -0.24770952339533342
    ],
    [
      -0.1521741041593733,
      -0.19722649244819906
    ],
    [
      -0.2530519809321611,
      -0.1167096455744085
    ],
    [
      -0.18745438406832668,
      -0.20159709369570109
    ],
    [
      -0.1837421787762576,
      -0.15190572375704534
    ],
    [
      -0.24617417945353476,
      -0.15044149593953404
    ],
    [
      -0.2457146374794448,
      -0.19959423501626933
    ],
    [
      -0.17750462197405315,
      -0.19612206651436223
    ],
    [
      -0.23582905407772436,
      -0.280083001504101
    ],
    [
      -0.20471589936475112,
      -0.2072600553850404
    ],
    [
      -0.18595870349167887,
      -0.3074190285199922
    ],
    [
      -0.1543409154405026,
      -0.2600838579486791
    ],
    [
      -0.15182837116618178,
      -0.2673364962944596
    ],
    [
      -0.17264348913723354,
      -0.20190492964283313
    ],
    [
      -0.09855047317623669,
      -0.17065164931867097
    ],
    [
      -0.05821891902594767,
      -0.21571667576309247
    ],
    [
      -0.06165285408046205,
      -0.21550390507269884
    ],
    [
      -6.97387958119057e-05,
      -0.1692182725670266
    ],
    [
      0.02198973520710916,
      -0.06391057870591228
    ],
    [
      0.03636521460419436,
      0.0023533355254000687
    ],
    [
      0.08467926547031791,
      -0.09368727997296371
    ],
    [
      0.1597278588522843,
      -0.07351253798222229
    ],
    [
      0.15146894137590042,
      0.041469311212828444
    ],
    [
      0.1662286244713658,
      0.062050961543928335
    ],
    [
      0.2900046544918981,
      0.10375167421654327
    ],
    [
      0.26221062265645734,
      0.13866859895609532
    ],
    [
      0.3843997384574586,
      0.20658450518512445
    ],
    [
      0.3390698237751831,
      0.1375105563732859
    ],
    [
      0.4400769034629126,
      0.2657393902319571
    ],
    [
      0.4845285402964314,
      0.2302446924028841
    ],
    [
      0.5198462742856544,
      0.30371003785791784
    ],
    [
      0.558084942490056,
      0.39410164075573245
    ],
    [
      0.5893763854340036,
      0.36781511131768624
    ],
    [
      0.6439272058642724,
      0.5070206321086111
    ],
    [
      0.6117661667863864,
      0.4652258968622378
    ],
    [
      0.7193547118921366,
      0.4653731615698158
    ],
    [
      0.7339378472478191,
      0.5605143741537063
    ]
  ],
  "complexity": 0.19463287135037574
}