{
  "id": 4572,
  "wedge_count": 6,
  "parameters": {
    "rotation_speeds": [
      0.09293613873870399,
      -1.7186861446805595,
      -2.3142831995187,
      -1.0610540569997808,
      -2.070988419150347,
      -0.3771144669511082
    ],
    "phi_x": [
      -14.35209497091882,
      -1.2096057662699753,
      -12.898095002159987,
      -14.847421669110135,
      11.325190434879893,
      14.34136125644801
    ],
    "phi_y": [
      -2.1422523035654812,
      3.7306638655875837,
      -12.534414641585954,
      14.030916749594404,
      -13.870948192276407,
      -3.448415615093758
    ],
    "distances": [
      1.0,
      4.715417851201467,
      4.780265535633289,
      5.325539214553114,
      3.740049558514687,
      4.3549902951231605,
      5.402867469493761
    ],
    "refractive_indices": [
      1.0,
      1.5,
      1.5,
      1.5,
      1.5,
      1.5,
      1.5,
      1.0
    ],
    "wedgenum": 6
  },
  "pattern": [
    [
      5.551202137049543,
      5.665078465548747
    ],
    [
      5.512176599536571,
      5.55120365723386
    ],
    [
      5.404882151252964,
      5.520279339718904
    ],
    [
      5.39616249901942,
      5.376105146985422
    ],
    [
      5.2803152513087195,
      5.247830091944711
    ],
    [
      5.10186913722616,
      5.219223635910925
    ],
    [
      5.069369371645346,
      5.051529464558945
    ],
    [
      4.878665294549679,
      4.876716329717519
    ],
    [
      4.833866331204186,
      4.7804414656834835
    ],
    [
      4.691114033404392,
      4.6990897593037095
    ],
    [
      4.509191325996163,
      4.5459257964181985
    ],
    [
      4.313086102666388,
      4.383449628098976
    ],
    [
      4.208411567916361,
      4.21965379813845
    ],
    [
      4.004887698648384,
      4.097332387014912
    ],
    [
      3.8416956354844554,
      3.763507866158161
    ],
    [
      3.5578590467143165,
      3.8205164140775443
    ],
    [
      3.406222666641495,
      3.674382950712206
    ],
    [
      3.277584073206432,
      3.4285686771221
    ],
    [
      3.1179291382949,
      3.314808664427566
    ],
    [
      2.785726154163176,
      3.108352791828652
    ],
    [
      2.6591097816180698,
      2.869414933150128
    ],
    [
      2.5284992654449496,
      2.673087888316035
    ],
    [
      2.3244498026227327,
      2.607771479422485
    ],
    [
      2.24999436870564,
      2.479159543700737
    ],
    [
      1.9837376012524444,
      2.1490034264556357
    ],
    [
      1.778060568578402,
      2.0170852640710413
    ],
    [
      1.5934038383532965,
      1.8956555662506887
    ],
    [
      1.403704473902412,
      1.7349669887285617
    ],
    [
      1.2151224034361356,
      1.5329921595875937
    ],
    [
      1.1488074278289033,
      1.433288214326408
    ],
    [
      0.9346761450721047,
      1.1282022083428092
    ],
    [
      0.8215380258371692,
      1.1497428695262542
    ],
    [
      0.5875806210587505,
      0.9788712194458782
    ],
    [
      0.5613953335143104,
      0.9002588170266883
    ],
    [
      0.35135767739977836,
      0.6532289255617572
    ],
    [
      0.33710184510061103,
      0.5616405702225775
    ],
    [
      0.18904093568435568,
      0.5253733104588408
    ],
    [
      0.03393626760262603,
      0.2923352574792659
    ],
    [
      -0.0685958535638347,
      0.2017158958648906
    ],
    [
      -0.07341936090686206,
      0.11489609464347339
    ],
    [
      -0.10678984359735857,
      0.05120846519848611
    ],
    [
      -0.17134052385658,
      0.014298301230089752
    ],
    [
      -0.2228702474038478,
      -0.1478211319557053
    ],
    [
      -0.2316298377530682,
      -0.1148150185098761
    ],
    [
      -0.2958266507134175,
      -0.2628990733537253
    ],
    [
      -0.3842152358994375,
      -0.21686820008440846
    ],
    [
      -0.3899149340139677,
      -0.29353545771290657
    ],
    [
      -0.3111380326170442,
      -0.29539403214992743
    ],
    [
      -0.39535966897256003,
      -0.2859587903425718
    ],
    [
      -0.3242221917690058,
      -0.30323591264720096
    ],
    [
      -0.29063957270794427,
      -0.3982214800321655
    ],
    [
      -0.19906326780377867,
      -0.42805398569308367
    ],
    [
      -0.21654901384601705,
      -0.33982449281260074
    ],
    [
      -0.0657867101461709,
      -0.3313975209693512
    ],
    [
      -0.12837611445578528,
      -0.3481590546908023
    ],
    [
      0.009836147615862849,
      -0.20252288453526307
    ],
    [
      0.14004680756975146,
      -0.19223002420191523
    ],
    [
      0.12864414201042135,
      -0.16489011439427112
    ],
    [
      0.23389998638248313,
      -0.07221063422981894
    ],
    [
      0.34987147751871234,
      0.0029726494220085123
    ]
  ],
  "complexity": 0.43708125957537663
}