{
  "id": 944,
  "wedge_count": 2,
  "parameters": {
    "rotation_speeds": [
      1.6616771576578584,
      -0.6504520976497634
    ],
    "phi_x": [
      -4.812086415684519,
      -12.603642959094946
    ],
    "phi_y": [
      3.791423847986117,
      -6.453587885944984
    ],
    "distances": [
      1.0,
      3.8185554573892944,
      2.3944906745201275
    ],
    "refractive_indices": [
      1.0,
      1.5,
      1.5,
      1.0
    ],
    "wedgenum": 2
  },
  "pattern": [
    [
      1.2266191761058984,
      1.2939911705996907
    ],
    [
      1.2886606937957703,
      1.2380955785414023
    ],
    [
      1.2703380551951804,
      1.227977168880979
    ],
    [
      1.3244306103675796,
      1.2281344665829417
    ],
    [
      1.2227142090611767,
      1.2987625281894493
    ],
    [
      1.1998214501210256,
      1.2557970047192928
    ],
    [
      1.286298061031906,
      1.2325372360380753
    ],
    [
      1.2415022864776422,
      1.2753547506994978
    ],
    [
      1.2332655636106529,
      1.2123449461887623
    ],
    [
      1.2395730026228302,
      1.335631075831376
    ],
    [
      1.2476500966812982,
      1.1538978840789582
    ],
    [
      1.2734355943737266,
      1.139772277354219
    ],
    [
      1.1758549160765457,
      1.3168021300963229
    ],
    [
      1.1773617243581604,
      1.2147792992083721
    ],
    [
      1.1672199960795833,
      1.147643178012577
    ],
    [
      1.165959435048206,
      1.0627912459052111
    ],
    [
      1.1218416305163277,
      1.1280574232736615
    ],
    [
      1.132310649967551,
      1.0339665059884213
    ],
    [
      1.0411681657712684,
      1.0233778198992014
    ],
    [
      0.9594462241277142,
      1.0282948523121087
    ],
    [
      0.9166917464201135,
      0.9612206586967155
    ],
    [
      0.9724789350280214,
      0.9406640412928055
    ],
    [
      0.8016061498967115,
      0.9725053582923497
    ],
    [
      0.8773107463570143,
      0.9585351971198257
    ],
    [
      0.7819312534970073,
      0.8636446323905874
    ],
    [
      0.7943737003832773,
      0.8648464066322372
    ],
    [
      0.6260450780447425,
      0.7865666737507252
    ],
    [
      0.6479907563757751,
      0.7410177197137676
    ],
    [
      0.5442871374576801,
      0.6644880233355699
    ],
    [
      0.46680454560709095,
      0.6398242396758177
    ],
    [
      0.5056394695110284,
      0.6813263269552721
    ],
    [
      0.37558580837311145,
      0.5514640114366651
    ],
    [
      0.38202494806390147,
      0.5363417238846709
    ],
    [
      0.37716771244958114,
      0.5232158600220054
    ],
    [
      0.2915309944423806,
      0.41916180072088516
    ],
    [
      0.174759099307857,
      0.4582411808998174
    ],
    [
      0.23146437107485457,
      0.3261388176664865
    ],
    [
      0.09839022775452262,
      0.26632059410420744
    ],
    [
      0.05601247392093824,
      0.29893139853390355
    ],
    [
      -0.032559419567446006,
      0.19210810642857803
    ],
    [
      -0.08616768680424805,
      0.08937414652389043
    ],
    [
      -0.04534634209306497,
      0.0715825446897917
    ],
    [
      -0.18807844429599757,
      -0.041089674318408514
    ],
    [
      -0.25309089530596657,
      -0.018727371687016707
    ],
    [
      -0.24684285065030265,
      -0.09857126160393063
    ],
    [
      -0.3306523759278013,
      -0.059678884656508877
    ],
    [
      -0.2839242646960629,
      -0.14396912298601014
    ],
    [
      -0.3963429193795256,
      -0.16105070638651758
    ],
    [
      -0.4170828791832201,
      -0.2212341717941097
    ],
    [
      -0.4894790596327074,
      -0.3625035902370841
    ],
    [
      -0.5057867306447444,
      -0.22277804049768432
    ],
    [
      -0.5615877614711778,
      -0.3429139393712064
    ],
    [
      -0.5237058445596401,
      -0.4313456896201975
    ],
    [
      -0.5725381997591811,
      -0.4945243926844786
    ],
    [
      -0.6617898369734652,
      -0.4106788794865137
    ],
    [
      -0.7002365681178843,
      -0.49742511894993696
    ],
    [
      -0.6530400259246163,
      -0.5338989337605811
    ],
    [
      -0.6981688061941853,
      -0.66988170792939
    ],
    [
      -0.7329666947128264,
      -0.5919952521963915
    ],
    [
      -0.6359809504317595,
      -0.6394212093483052
    ]
  ],
  "complexity": 0.24221240895072751
}