{
  "id": 3284,
  "wedge_count": 3,
  "parameters": {
    "rotation_speeds": [
      -0.32419866342631387,
      -0.41163497648402503,
      1.6531130022764016
    ],
    "phi_x": [
      3.54510045638418,
      -4.621240986927118,
      -3.343660495035593
    ],
    "phi_y": [
      -3.588577026101664,
      -10.145053010588247,
      -2.544850647021798
    ],
    "distances": [
      1.0,
      4.844921089002481,
      7.274149810249123,
      3.3212576181993727
    ],
    "refractive_indices": [
      1.0,
      1.5,
      1.5,
      1.5,
      1.0
    ],
    "wedgenum": 3
  },
  "pattern": [
    [
      0.9713882682482473,
      1.0361874683441314
    ],
    [
      0.9372785731207719,
      0.9354979273676375
    ],
    [
      0.9444688809267117,
      0.8918564399487688
    ],
    [
      0.9058528462732464,
      0.9179500230408034
    ],
    [
      0.9682737473670968,
      0.8977659190097674
    ],
    [
      0.9004718648322034,
      0.9587346589583015
    ],
    [
      0.8044797824382937,
      0.9071779355874378
    ],
    [
      0.8410480237048641,
      0.8607704618398334
    ],
    [
      0.8323564705353664,
      0.949668400944311
    ],
    [
      0.831578808638723,
      0.7820528486499623
    ],
    [
      0.797013237351603,
      0.8540207528708614
    ],
    [
      0.8567621616832546,
      0.8149904187049073
    ],
    [
      0.7513814445819504,
      0.8081740840972106
    ],
    [
      0.6829535946392424,
      0.7464491500121536
    ],
    [
      0.7088712042223613,
      0.6184682936388255
    ],
    [
      0.6250424381222496,
      0.6406259325002391
    ],
    [
      0.6507114670480124,
      0.6741614192102103
    ],
    [
      0.5492632022590032,
      0.5720367426573334
    ],
    [
      0.5231085104750374,
      0.6113111110340315
    ],
    [
      0.50923374317622,
      0.6388902107654788
    ],
    [
      0.5399008260710949,
      0.44884199000833913
    ],
    [
      0.42297456799006083,
      0.5141867783659702
    ],
    [
      0.40805055609136687,
      0.4365710563104115
    ],
    [
      0.3731656654724957,
      0.4948479986308499
    ],
    [
      0.34647142751214904,
      0.4408551993470001
    ],
    [
      0.22837458388961118,
      0.3679333435991081
    ],
    [
      0.18907770674658017,
      0.3522671004306814
    ],
    [
      0.19969322575968834,
      0.3521655430277485
    ],
    [
      0.19820529091751773,
      0.23423918004905758
    ],
    [
      0.17031735525753697,
      0.23667956252395572
    ],
    [
      0.027760164104435464,
      0.180259679875142
    ],
    [
      0.024622462222605772,
      0.0964358290734089
    ],
    [
      0.004040273092668379,
      0.15969228166774338
    ],
    [
      -0.09170185115804577,
      0.12326863066908705
    ],
    [
      0.0053660695153206345,
      0.07801981906341214
    ],
    [
      -0.10914763833245249,
      0.038483543691290804
    ],
    [
      -0.15569404664874412,
      0.004072311362291411
    ],
    [
      -0.20061916200234842,
      -0.018679063296757906
    ],
    [
      -0.16161785264731535,
      -0.08326893649239382
    ],
    [
      -0.18526195715957544,
      -0.09506996791260652
    ],
    [
      -0.20920310912005613,
      -0.20054121057170896
    ],
    [
      -0.29120209378717415,
      -0.18849145327419511
    ],
    [
      -0.3556574962623302,
      -0.27256278093635977
    ],
    [
      -0.39794554820951594,
      -0.23376489464583056
    ],
    [
      -0.4142940826050235,
      -0.2673248618235079
    ],
    [
      -0.373694589002733,
      -0.31433275133571875
    ],
    [
      -0.39457396377492987,
      -0.30802022658736644
    ],
    [
      -0.43792298473795194,
      -0.37819179709858497
    ],
    [
      -0.4424415411910908,
      -0.33264054832436846
    ],
    [
      -0.4585407601262984,
      -0.4150057201955155
    ],
    [
      -0.48235261217392816,
      -0.3933734331818818
    ],
    [
      -0.5025343586948885,
      -0.44465710050383705
    ],
    [
      -0.5080873200501701,
      -0.41808629660721924
    ],
    [
      -0.5729584353458774,
      -0.5195051988101707
    ],
    [
      -0.5826243248278451,
      -0.5242618531829121
    ],
    [
      -0.5143261442468666,
      -0.531075244804999
    ],
    [
      -0.6095865291991129,
      -0.5477699285669833
    ],
    [
      -0.5686591498845053,
      -0.5308102735483509
    ],
    [
      -0.5248551684256078,
      -0.5731690699983226
    ],
    [
      -0.5576690477229989,
      -0.61170972180501
    ]
  ],
  "complexity": 0.23427251286183615
}