{
  "id": 4570,
  "wedge_count": 5,
  "parameters": {
    "rotation_speeds": [
      -0.3767240432993084,
      1.6921067738585567,
      2.7285207660437942,
      -2.083340339493976,
      -2.845408305199484
    ],
    "phi_x": [
      -10.668881791360267,
      -13.027655664452556,
      5.538419714235037,
      0.2901839503039536,
      -14.555863608525573
    ],
    "phi_y": [
      4.950579576104769,
      -8.55194772091037,
      11.347314672026858,
      -3.263964211843069,
      0.7707678058410377
    ],
    "distances": [
      1.0,
      6.108362347569831,
      6.637597960635198,
      2.454879445655666,
      6.428084896390041,
      4.460185605855797
    ],
    "refractive_indices": [
      1.0,
      1.5,
      1.5,
      1.5,
      1.5,
      1.5,
      1.0
    ],
    "wedgenum": 5
  },
  "pattern": [
    [
      3.18031608538274,
      3.1972890330859287
    ],
    [
      3.338160145187816,
      3.283033984594452
    ],
    [
      3.3702985616789505,
      3.455194496104383
    ],
    [
      3.373159664589351,
      3.388117142242576
    ],
    [
      3.48343052032664,
      3.4977630495102034
    ],
    [
      3.618365559727917,
      3.5533520971620587
    ],
    [
      3.531177940269652,
      3.5504871186939977
    ],
    [
      3.6408782892964906,
      3.5999010171061387
    ],
    [
      3.6227121285443697,
      3.5890918136976095
    ],
    [
      3.6700999895951187,
      3.6760203919311913
    ],
    [
      3.640360950847581,
      3.665046123287758
    ],
    [
      3.5613388804169372,
      3.6712011342678377
    ],
    [
      3.572559472395728,
      3.544290328432558
    ],
    [
      3.5453296053882797,
      3.606994160138294
    ],
    [
      3.45528564408541,
      3.556184512698465
    ],
    [
      3.4242420501673094,
      3.5688279646879812
    ],
    [
      3.333134618409923,
      3.495636529253054
    ],
    [
      3.3495474814196626,
      3.346629031380477
    ],
    [
      3.232827466389456,
      3.3524705281966165
    ],
    [
      3.1516098040833094,
      3.2960622821474006
    ],
    [
      3.029968548352818,
      3.215997740203995
    ],
    [
      2.8764274086235524,
      3.095112536942329
    ],
    [
      2.7374764737392656,
      3.079685405560616
    ],
    [
      2.5748598295784806,
      2.8533269336046096
    ],
    [
      2.551879081841719,
      2.767180814090107
    ],
    [
      2.312866334474103,
      2.6852233364961635
    ],
    [
      2.2550509356419735,
      2.5210032919207768
    ],
    [
      2.043522816945845,
      2.3970498764011006
    ],
    [
      1.886148117054175,
      2.2834150038237326
    ],
    [
      1.7349405586456954,
      2.2304989495541663
    ],
    [
      1.5107436739445996,
      2.0217318329950804
    ],
    [
      1.2936548869958626,
      1.7686549216494807
    ],
    [
      1.153262274483335,
      1.6409210290158223
    ],
    [
      1.054919902131448,
      1.6388374593138137
    ],
    [
      0.792819972899483,
      1.3980056399009617
    ],
    [
      0.6204385281337979,
      1.224338740798745
    ],
    [
      0.5228083079963882,
      1.096722647693814
    ],
    [
      0.37138219371207043,
      0.8982660649474989
    ],
    [
      0.1867376255257452,
      0.6744527849119697
    ],
    [
      -0.11615809529797202,
      0.6104299219787462
    ],
    [
      -0.20262278542162876,
      0.3946807299868651
    ],
    [
      -0.4161375072367914,
      0.22854409626546562
    ],
    [
      -0.47333681259553045,
      0.07474746859304451
    ],
    [
      -0.7174108754656897,
      -0.004202780393024082
    ],
    [
      -0.8593010365426991,
      -0.26766227285688576
    ],
    [
      -1.0454534007158796,
      -0.3980360689177936
    ],
    [
      -1.0931110120324554,
      -0.48872917636878255
    ],
    [
      -1.2123548886546203,
      -0.6137353705832412
    ],
    [
      -1.4000188559048548,
      -0.8258552175532222
    ],
    [
      -1.5226798974062947,
      -0.8634138455668645
    ],
    [
      -1.60499993637314,
      -1.048150664912394
    ],
    [
      -1.6560179395765267,
      -1.1708276515042948
    ],
    [
      -1.760512629563504,
      -1.2555180131215147
    ],
    [
      -1.9457606058004557,
      -1.410896170389361
    ],
    [
      -1.993979028341989,
      -1.491298185275096
    ],
    [
      -1.99313240023757,
      -1.5142392070921276
    ],
    [
      -2.0089128627069197,
      -1.6450182666825686
    ],
    [
      -2.115969235681683,
      -1.8177123034149831
    ],
    [
      -2.1590492475480922,
      -1.9036988240747676
    ],
    [
      -2.1802946163214694,
      -1.8560988383006582
    ]
  ],
  "complexity": 0.4110430851912687
}