{
  "id": 4897,
  "wedge_count": 1,
  "parameters": {
    "rotation_speeds": [
      1.2625192648845314
    ],
    "phi_x": [
      -13.090746754232084
    ],
    "phi_y": [
      -8.526727598715611
    ],
    "distances": [
      1.0,
      2.68291278026197
    ],
    "refractive_indices": [
      1.0,
      1.5,
      1.0
    ],
    "wedgenum": 1
  },
  "pattern": [
    [
      0.8682927920221437,
      0.8829703006870058
    ],
    [
      0.9114972692032115,
      0.9053613737672181
    ],
    [
      0.9502389032213706,
      0.945069288368909
    ],
    [
      0.987517444134283,
      0.9820412314602531
    ],
    [
      1.005957688355617,
      0.9963721413255902
    ],
    [
      1.0310949311275763,
      1.0234597312695377
    ],
    [
      1.0545149041462691,
      1.0398443628532084
    ],
    [
      1.0549010849299325,
      1.053012153823258
    ],
    [
      1.0632543366887424,
      1.0643743044902956
    ],
    [
      1.0704855888859404,
      1.073085881826948
    ],
    [
      1.0726549467842215,
      1.0601472298343178
    ],
    [
      1.0497527034441894,
      1.0736624479182901
    ],
    [
      1.040231705148931,
      1.0569556183066753
    ],
    [
      1.0265573207203644,
      1.0544283015563003
    ],
    [
      1.005474547662454,
      1.0336172271096191
    ],
    [
      0.9673809899638027,
      1.0148834000018436
    ],
    [
      0.9387070396003268,
      0.9948957690201461
    ],
    [
      0.8938747905275344,
      0.9579148042638799
    ],
    [
      0.8522823684523022,
      0.9337368969038279
    ],
    [
      0.7999683830168385,
      0.8914222415124089
    ],
    [
      0.7542443150287035,
      0.8400992783326289
    ],
    [
      0.6936767462501665,
      0.8160941089971805
    ],
    [
      0.6293404502831811,
      0.7669681248184036
    ],
    [
      0.5757960189279477,
      0.7152627817543195
    ],
    [
      0.503597291710675,
      0.6568492147543032
    ],
    [
      0.43363237109230046,
      0.5974442218071362
    ],
    [
      0.3689121909614135,
      0.544564721598544
    ],
    [
      0.28776337954779296,
      0.48327331054412265
    ],
    [
      0.22125817467772627,
      0.4118951321423416
    ],
    [
      0.13034567206049236,
      0.3552722797282904
    ],
    [
      0.06146395101805032,
      0.28087051982608247
    ],
    [
      -0.018708083483258964,
      0.20967004930333616
    ],
    [
      -0.09602998623345407,
      0.1478729059985317
    ],
    [
      -0.18142872129090423,
      0.06342559515793851
    ],
    [
      -0.26548210458063476,
      -0.0019528783148716478
    ],
    [
      -0.33905914129890996,
      -0.06584849012254812
    ],
    [
      -0.41430060541388936,
      -0.14048654734526284
    ],
    [
      -0.4872730118208224,
      -0.21310308248757473
    ],
    [
      -0.562836750425464,
      -0.2946994553858573
    ],
    [
      -0.6338093810795954,
      -0.36145328653156356
    ],
    [
      -0.705581888561067,
      -0.42966757790409615
    ],
    [
      -0.7641809246085397,
      -0.5074745341313286
    ],
    [
      -0.8303067972760717,
      -0.5626407007452945
    ],
    [
      -0.8860993134723816,
      -0.6294829304710655
    ],
    [
      -0.949476964004599,
      -0.6905994210343701
    ],
    [
      -0.9863400073122697,
      -0.7483568236159123
    ],
    [
      -1.0407279657109794,
      -0.8094669540706332
    ],
    [
      -1.0756413296721208,
      -0.8645178169511407
    ],
    [
      -1.1110036721774885,
      -0.9179155275540601
    ],
    [
      -1.1381329853995352,
      -0.9577426376662954
    ],
    [
      -1.162597422397866,
      -1.0108946163811072
    ],
    [
      -1.1811816750456685,
      -1.0452117967737464
    ],
    [
      -1.185782684697119,
      -1.0840109346139477
    ],
    [
      -1.195077354329701,
      -1.120035261922412
    ],
    [
      -1.193711576951433,
      -1.153240054193532
    ],
    [
      -1.192214523932434,
      -1.164366417795535
    ],
    [
      -1.1821385106562712,
      -1.1836629218526569
    ],
    [
      -1.1580911464428354,
      -1.205080478024309
    ],
    [
      -1.1496023494528318,
      -1.2137735912641496
    ],
    [
      -1.1139011006244561,
      -1.2101853349838174
    ]
  ],
  "complexity": 0.2718037219489798
}