{
  "id": 1338,
  "wedge_count": 1,
  "parameters": {
    "rotation_speeds": [
      0.7549072013326823
    ],
    "phi_x": [
      11.123849692693579
    ],
    "phi_y": [
      -3.431770349039496
    ],
    "distances": [
      1.0,
      7.474432325016437
    ],
    "refractive_indices": [
      1.0,
      1.5,
      1.0
    ],
    "wedgenum": 1
  },
  "pattern": [
    [
      0.7397592165072627,
      0.7513774758496995
    ],
    [
      0.7476881641499098,
      0.7547657425076824
    ],
    [
      0.772423128044334,
      0.7613949810077354
    ],
    [
      0.7869433872875484,
      0.7825074914490923
    ],
    [
      0.7690286401897586,
      0.7778123226085808
    ],
    [
      0.7871177402909019,
      0.7869077057087545
    ],
    [
      0.7876149162307524,
      0.7865746686004098
    ],
    [
      0.7727680524537599,
      0.776808902296568
    ],
    [
      0.763287090955088,
      0.7721974829806321
    ],
    [
      0.7423169171722549,
      0.7732874988253587
    ],
    [
      0.7295249473735665,
      0.7528477251982681
    ],
    [
      0.7126179876223858,
      0.7357090733188292
    ],
    [
      0.6800046680371127,
      0.7212594835608224
    ],
    [
      0.6671751713762568,
      0.7017985173276206
    ],
    [
      0.6328649201117125,
      0.6709517368049436
    ],
    [
      0.5941348702418692,
      0.6371803042742467
    ],
    [
      0.5586765459793661,
      0.6222176477096832
    ],
    [
      0.5181579816918871,
      0.5783640374702134
    ],
    [
      0.48268173182220075,
      0.5481748585422969
    ],
    [
      0.4370116854995685,
      0.5182954151335313
    ],
    [
      0.38408123132687716,
      0.48613429192367136
    ],
    [
      0.33758639751001585,
      0.43896030336061925
    ],
    [
      0.28578276831014165,
      0.39907732551506536
    ],
    [
      0.22311062312224336,
      0.35854653165781647
    ],
    [
      0.17286419760588903,
      0.31681801696193873
    ],
    [
      0.12414088372914085,
      0.2565140452700196
    ],
    [
      0.0738002224248921,
      0.2111053926747166
    ],
    [
      0.014300223859076642,
      0.16296525301445663
    ],
    [
      -0.04866998654323916,
      0.11407708525575962
    ],
    [
      -0.10540356438180513,
      0.06725043922300841
    ],
    [
      -0.15683289387173194,
      0.017217487580563386
    ],
    [
      -0.20492785938721358,
      -0.0382104698425306
    ],
    [
      -0.26929291057406085,
      -0.08980107214340412
    ],
    [
      -0.3094277058176092,
      -0.13832760499740757
    ],
    [
      -0.36150838504188454,
      -0.18855375107474992
    ],
    [
      -0.41897020409707386,
      -0.23952327465113674
    ],
    [
      -0.4602023338794575,
      -0.27902547433944114
    ],
    [
      -0.5046761079964063,
      -0.33833538427852466
    ],
    [
      -0.5498543323615327,
      -0.3827433145561641
    ],
    [
      -0.598596800059023,
      -0.42838954025468584
    ],
    [
      -0.6441457300247798,
      -0.4700702259077556
    ],
    [
      -0.672419434849385,
      -0.521240434574567
    ],
    [
      -0.7060772297815995,
      -0.5551640992725466
    ],
    [
      -0.7407425197924125,
      -0.5773459194219213
    ],
    [
      -0.764918545616372,
      -0.6287075226458381
    ],
    [
      -0.7847094186042021,
      -0.6631996886436397
    ],
    [
      -0.809347450980668,
      -0.6940826982725011
    ],
    [
      -0.825581957988153,
      -0.7282678890937084
    ],
    [
      -0.8347099122744878,
      -0.7477759909164471
    ],
    [
      -0.840441901034877,
      -0.7716264672741622
    ],
    [
      -0.8434031174099905,
      -0.796657921383188
    ],
    [
      -0.847781752357748,
      -0.8167311642241677
    ],
    [
      -0.8327775582172425,
      -0.825338642262797
    ],
    [
      -0.8369249742056539,
      -0.8327557821946692
    ],
    [
      -0.8317326412929406,
      -0.8456064548833514
    ],
    [
      -0.7985308903132667,
      -0.8492771785711695
    ],
    [
      -0.7859116365979982,
      -0.8481782213028465
    ],
    [
      -0.7653174036296571,
      -0.848360970350064
    ],
    [
      -0.7138615773507603,
      -0.8464701839506797
    ],
    [
      -0.6951798684742178,
      -0.8381333888193621
    ]
  ],
  "complexity": 0.24284920786984643
}