{
  "id": 520,
  "wedge_count": 5,
  "parameters": {
    "rotation_speeds": [
      2.9337736716294716,
      -2.1813623954238053,
      0.5508326374730874,
      -0.36121501491520913,
      -0.3302370678421642
    ],
    "phi_x": [
      -6.713829652825163,
      2.0089794156189313,
      -5.694624670196806,
      10.293295780870633,
      6.743620512030766
    ],
    "phi_y": [
      -2.1888797249658527,
      -3.037223279981209,
      7.828627067150599,
      12.357291209683343,
      -0.049452310755951245
    ],
    "distances": [
      1.0,
      4.608870775999788,
      3.667248417359543,
      4.712251917970007,
      5.102148892212192,
      5.6659769863208345
    ],
    "refractive_indices": [
      1.0,
      1.5,
      1.5,
      1.5,
      1.5,
      1.5,
      1.0
    ],
    "wedgenum": 5
  },
  "pattern": [
    [
      2.680239766700441,
      2.5545947074316993
    ],
    [
      2.5431916443086853,
      2.5695112911422466
    ],
    [
      2.5633645902787596,
      2.5010537662956844
    ],
    [
      2.5277099706113964,
      2.5156587045965404
    ],
    [
      2.585281886525536,
      2.596296578272141
    ],
    [
      2.503245120023914,
      2.7274770872324643
    ],
    [
      2.542709555462518,
      2.599725333439199
    ],
    [
      2.571528068784417,
      2.5512090709887927
    ],
    [
      2.43067580205614,
      2.5497932416021434
    ],
    [
      2.5637202480968133,
      2.5098106214095703
    ],
    [
      2.51754565589001,
      2.498322146816765
    ],
    [
      2.5117515911256345,
      2.4226764199114403
    ],
    [
      2.399485382599637,
      2.454863283403146
    ],
    [
      2.417418885585336,
      2.3902074174342927
    ],
    [
      2.420452615661914,
      2.4127105823155426
    ],
    [
      2.388366867599306,
      2.378963444652101
    ],
    [
      2.3967725632419548,
      2.383429313599203
    ],
    [
      2.314645240432726,
      2.2835321571349225
    ],
    [
      2.2383028100674744,
      2.3066567951030765
    ],
    [
      2.199816146586891,
      2.3239080652094315
    ],
    [
      2.2240255044943043,
      2.181216726699041
    ],
    [
      2.032058664379198,
      2.2107070888546176
    ],
    [
      2.247499743262668,
      2.177778809461752
    ],
    [
      1.9569040823799602,
      2.1441225390204086
    ],
    [
      1.9998794919911735,
      2.166127559039249
    ],
    [
      1.9317634717378362,
      2.0444411673228515
    ],
    [
      1.941047598832725,
      2.0500107143477257
    ],
    [
      1.8533953954726479,
      1.972143225524798
    ],
    [
      1.8432848272565856,
      1.9821358137923588
    ],
    [
      1.8324598573437052,
      1.86558512840049
    ],
    [
      1.7295427137400077,
      1.8423756505257922
    ],
    [
      1.6884107386901273,
      1.8344801522547076
    ],
    [
      1.7332265844602306,
      1.7551533627941378
    ],
    [
      1.5995869931497,
      1.7757031430501373
    ],
    [
      1.5561437788358947,
      1.6322988341883733
    ],
    [
      1.5377437785910788,
      1.651525342458817
    ],
    [
      1.4719078615280317,
      1.5793433316849586
    ],
    [
      1.4495476159312821,
      1.7076216842593384
    ],
    [
      1.4260762251849293,
      1.570137752734485
    ],
    [
      1.3912398646383162,
      1.475078970768375
    ],
    [
      1.3865540536639467,
      1.4531531474272332
    ],
    [
      1.2983279442327367,
      1.4065027450813352
    ],
    [
      1.3220813662649042,
      1.3735984365853693
    ],
    [
      1.2390247742323206,
      1.398490648243252
    ],
    [
      1.2787110536473292,
      1.326662259632882
    ],
    [
      1.2748919427206933,
      1.315069346317061
    ],
    [
      1.27981149443429,
      1.296449430502653
    ],
    [
      1.235390924802603,
      1.2626411822946146
    ],
    [
      1.2326396620866922,
      1.237687818017334
    ],
    [
      1.200753172214839,
      1.338795827899665
    ],
    [
      1.1178124522675428,
      1.2842479472164463
    ],
    [
      1.0555220064663975,
      1.2519708253430748
    ],
    [
      1.1731298349367272,
      1.2534245938352653
    ],
    [
      1.2650315696172492,
      1.169563217183524
    ],
    [
      1.2272798636052755,
      1.197594028291184
    ],
    [
      1.2276306566986088,
      1.1071951961133415
    ],
    [
      1.176049860769987,
      1.219784671499552
    ],
    [
      1.1490190672661806,
      1.2035508883432875
    ],
    [
      1.2305588083597838,
      1.1848693151421144
    ],
    [
      1.2620746301704704,
      1.2348206882247013
    ]
  ],
  "complexity": 0.30424168761524434
}