{
  "id": 4998,
  "wedge_count": 2,
  "parameters": {
    "rotation_speeds": [
      -0.679465646794291,
      -2.9815706973391896
    ],
    "phi_x": [
      -6.381430685072429,
      -3.7686884553722457
    ],
    "phi_y": [
      2.4126918303000657,
      9.579133004473913
    ],
    "distances": [
      1.0,
      6.909865983424243,
      4.245297861451872
    ],
    "refractive_indices": [
      1.0,
      1.5,
      1.5,
      1.0
    ],
    "wedgenum": 2
  },
  "pattern": [
    [
      0.8174012255213529,
      0.8262498834273696
    ],
    [
      0.8050300197990164,
      0.7782957890708727
    ],
    [
      0.7000114154404113,
      0.7198722789390802
    ],
    [
      0.668021145765548,
      0.6714379560528266
    ],
    [
      0.5666007505775483,
      0.6494950671471388
    ],
    [
      0.5585003112009296,
      0.555386591831786
    ],
    [
      0.5228269849909318,
      0.4893882211536714
    ],
    [
      0.46861410069836046,
      0.49132928825872907
    ],
    [
      0.4335550682659337,
      0.4124372606457328
    ],
    [
      0.40928947567060175,
      0.4533972324945866
    ],
    [
      0.29483139837390915,
      0.3416322273115714
    ],
    [
      0.2457873337188961,
      0.2895428881352916
    ],
    [
      0.13869881656519767,
      0.21169571796442666
    ],
    [
      0.18172816155117644,
      0.19581375285870534
    ],
    [
      0.11189830291071957,
      0.2192754594710785
    ],
    [
      0.04110589738894799,
      0.08489775113520232
    ],
    [
      0.00489616815412852,
      -0.04456399693287488
    ],
    [
      -0.026123011568772597,
      0.03362289565923298
    ],
    [
      -0.10647483661385226,
      0.009898545000125263
    ],
    [
      -0.1436339471188004,
      -0.06467376483070408
    ],
    [
      -0.1968797631786347,
      -0.11916483266311781
    ],
    [
      -0.21400243771462768,
      -0.18959879274673613
    ],
    [
      -0.2487387900887771,
      -0.1416021024627181
    ],
    [
      -0.21740110515172534,
      -0.2056634018652765
    ],
    [
      -0.27532794208261363,
      -0.263272698817705
    ],
    [
      -0.26581860025077153,
      -0.26951872775121133
    ],
    [
      -0.29579411207726364,
      -0.2646950562141613
    ],
    [
      -0.28963380343635076,
      -0.2728339483090239
    ],
    [
      -0.32902149069765724,
      -0.3340096179033446
    ],
    [
      -0.31296070402792814,
      -0.28992540856142135
    ],
    [
      -0.3157794358033411,
      -0.2825544378182818
    ],
    [
      -0.32433198544376857,
      -0.364748520010465
    ],
    [
      -0.3279423845326791,
      -0.31377602360355106
    ],
    [
      -0.31743928336849564,
      -0.3284880042364124
    ],
    [
      -0.34922891080053986,
      -0.33759626051839786
    ],
    [
      -0.3226675605462638,
      -0.33189881757828005
    ],
    [
      -0.28719188562839626,
      -0.3672390957852646
    ],
    [
      -0.26759758066188283,
      -0.3064782852216124
    ],
    [
      -0.30731161336851076,
      -0.283894366675353
    ],
    [
      -0.20076952118876762,
      -0.2752104636249832
    ],
    [
      -0.2015340773001719,
      -0.21564080156990095
    ],
    [
      -0.13890037437057912,
      -0.24545615589639108
    ],
    [
      -0.14285566057599183,
      -0.26293172971003803
    ],
    [
      -0.10745205433430616,
      -0.21766757313392412
    ],
    [
      -0.07926674544821745,
      -0.2043194503405219
    ],
    [
      -0.0272579667774176,
      -0.12861154105397332
    ],
    [
      -0.0054276782851975305,
      -0.13983498387353524
    ],
    [
      0.100014051369833,
      -0.045491546702248455
    ],
    [
      0.06034418300590896,
      -0.09220674416833345
    ],
    [
      0.12216885848638255,
      -0.030603655979330974
    ],
    [
      0.15106674854858923,
      -0.02040593286923296
    ],
    [
      0.20644717198244056,
      0.02590633257497239
    ],
    [
      0.24907267590090124,
      0.04924520819646626
    ],
    [
      0.27559556663796875,
      0.0650959377739902
    ],
    [
      0.3209237381411331,
      0.1133659982698128
    ],
    [
      0.36615159728629243,
      0.2062299942309263
    ],
    [
      0.3610855279020534,
      0.22905627542491966
    ],
    [
      0.47900671254534344,
      0.2711730575278399
    ],
    [
      0.44623826589970145,
      0.33220346243944343
    ],
    [
      0.3935140940960729,
      0.23925250523459657
    ]
  ],
  "complexity": 0.22112264174263951
}