{
  "id": 3739,
  "wedge_count": 5,
  "parameters": {
    "rotation_speeds": [
      -0.8944568395331869,
      1.9922169163209063,
      -0.28654838412505024,
      2.0258702902635832,
      -2.1802190371941306
    ],
    "phi_x": [
      -10.158282675148538,
      -2.43826703799542,
      -0.8717669436808073,
      -0.32876988187402567,
      -4.7102659404863765
    ],
    "phi_y": [
      -9.913153169305563,
      -13.182010674281496,
      6.791747638111996,
      3.035408782752043,
      -11.205809025357665
    ],
    "distances": [
      1.0,
      5.281068382424695,
      2.6880261083075374,
      7.122335872657068,
      4.931946161519215,
      7.124842842472311
    ],
    "refractive_indices": [
      1.0,
      1.5,
      1.5,
      1.5,
      1.5,
      1.5,
      1.0
    ],
    "wedgenum": 5
  },
  "pattern": [
    [
      2.220120071368409,
      2.259820314743915
    ],
    [
      2.2516460466092423,
      2.213037448047604
    ],
    [
      2.1726169556241444,
      2.1280000179347884
    ],
    [
      2.2001859081182418,
      2.1673836080322477
    ],
    [
      2.1607010810950578,
      2.1676712704203487
    ],
    [
      2.1924445830351456,
      2.15381257026668
    ],
    [
      2.2445545022522926,
      2.1754981182485977
    ],
    [
      2.1434331986390407,
      2.149796371887309
    ],
    [
      2.136528419477336,
      2.0847877120419143
    ],
    [
      2.103611090531002,
      2.0573276795693833
    ],
    [
      1.9966480111693663,
      2.034394877050722
    ],
    [
      1.9749372062663713,
      1.8755500335023816
    ],
    [
      1.9582554150227132,
      1.9122765375099824
    ],
    [
      1.7916600092906074,
      1.8747286307598263
    ],
    [
      1.879927242373491,
      1.804408200853482
    ],
    [
      1.6546213903391311,
      1.7855451874913726
    ],
    [
      1.5987318458828699,
      1.7891439255153665
    ],
    [
      1.6438794369645098,
      1.548559851736314
    ],
    [
      1.4796341191956408,
      1.6620356891343453
    ],
    [
      1.414613409217536,
      1.4512791365610322
    ],
    [
      1.341139728481003,
      1.3649419442731796
    ],
    [
      1.2065422461862099,
      1.311009319240774
    ],
    [
      1.0692188716512887,
      1.190189139900206
    ],
    [
      0.9546886713772835,
      1.1158029224798658
    ],
    [
      0.8268899551815707,
      0.9561195186395764
    ],
    [
      0.755507173655425,
      0.8903405774287207
    ],
    [
      0.5395537052353799,
      0.7927898800364922
    ],
    [
      0.4638642158701907,
      0.7146930701062412
    ],
    [
      0.38565797474798724,
      0.5666343488172612
    ],
    [
      0.19110194724759658,
      0.5726676281324954
    ],
    [
      0.08594946071976857,
      0.427327225804057
    ],
    [
      -0.03966107992717187,
      0.28251892031952575
    ],
    [
      -0.15933124016220063,
      0.13295545877680953
    ],
    [
      -0.23409634691335257,
      0.01740739705718198
    ],
    [
      -0.38859611869964616,
      -0.009067431770538478
    ],
    [
      -0.4532714574681841,
      -0.1840440991987783
    ],
    [
      -0.6517600887753745,
      -0.19761226409801003
    ],
    [
      -0.8562112439094253,
      -0.38206643578916294
    ],
    [
      -0.9379897512432585,
      -0.33195307716538824
    ],
    [
      -0.974829036705979,
      -0.5108974714677941
    ],
    [
      -0.9503610322439372,
      -0.6931190963324063
    ],
    [
      -1.117952314528478,
      -0.7579360260907794
    ],
    [
      -1.268174540006299,
      -0.8157275261583866
    ],
    [
      -1.3581494573797561,
      -0.9568787949216915
    ],
    [
      -1.3481689337373066,
      -1.006753229095117
    ],
    [
      -1.5376555879128175,
      -1.091685572817775
    ],
    [
      -1.4765034005297597,
      -1.194718375824236
    ],
    [
      -1.5097460241949936,
      -1.281236363893286
    ],
    [
      -1.532305991872724,
      -1.4066161595971933
    ],
    [
      -1.693189559578625,
      -1.3856954397977965
    ],
    [
      -1.816351365092239,
      -1.46591743673715
    ],
    [
      -1.7551187889482471,
      -1.4478605337655603
    ],
    [
      -1.7844371698645713,
      -1.5272955130328858
    ],
    [
      -1.8408074138858053,
      -1.5605549407237902
    ],
    [
      -1.8879936016419256,
      -1.6482458136068046
    ],
    [
      -1.9036709618563008,
      -1.668942000513622
    ],
    [
      -1.836693887029882,
      -1.653375095106395
    ],
    [
      -1.8650996527065686,
      -1.6379574120082308
    ],
    [
      -1.7968883589665627,
      -1.7555792506157373
    ],
    [
      -1.9513756783842016,
      -1.7824052558553796
    ]
  ],
  "complexity": 0.3268740589755638
}