{
  "id": 2662,
  "wedge_count": 1,
  "parameters": {
    "rotation_speeds": [
      -2.8720505868591877
    ],
    "phi_x": [
      9.933187007682449
    ],
    "phi_y": [
      -9.728495579494457
    ],
    "distances": [
      1.0,
      5.741759324340112
    ],
    "refractive_indices": [
      1.0,
      1.5,
      1.0
    ],
    "wedgenum": 1
  },
  "pattern": [
    [
      0.6640046766669111,
      0.6626758495788818
    ],
    [
      0.6141678763641605,
      0.6149915823290116
    ],
    [
      0.5519142431589572,
      0.5724374652029143
    ],
    [
      0.5023670621501299,
      0.523705333704815
    ],
    [
      0.4451185666438203,
      0.4739885472296711
    ],
    [
      0.38142767550937934,
      0.4323078597666081
    ],
    [
      0.3370446479492422,
      0.35607862654071165
    ],
    [
      0.2664282533304225,
      0.29862786494984933
    ],
    [
      0.2008986254976369,
      0.24597694720485977
    ],
    [
      0.13626289079739665,
      0.19938933218823018
    ],
    [
      0.08385835727103816,
      0.14379681466979818
    ],
    [
      0.014440653663458085,
      0.07831569590851432
    ],
    [
      -0.05557314853210585,
      0.029266022107751064
    ],
    [
      -0.1127580441522385,
      -0.03276012963668758
    ],
    [
      -0.18343109104469182,
      -0.09697117527302514
    ],
    [
      -0.23765778383587013,
      -0.14861255642543547
    ],
    [
      -0.29765487493118975,
      -0.20116049338510228
    ],
    [
      -0.3525576807014852,
      -0.2617513578617473
    ],
    [
      -0.40721551238702436,
      -0.3071582647897707
    ],
    [
      -0.46244139120209277,
      -0.35939334946229584
    ],
    [
      -0.5045402423070233,
      -0.4128269993602806
    ],
    [
      -0.5462746479401344,
      -0.45145919828933373
    ],
    [
      -0.5974122263873098,
      -0.49748457021016684
    ],
    [
      -0.6342713982311774,
      -0.5382062818040106
    ],
    [
      -0.6680905575084737,
      -0.5753282902707173
    ],
    [
      -0.7010950050728536,
      -0.6131706258807758
    ],
    [
      -0.7399872890347093,
      -0.6465687004844319
    ],
    [
      -0.7541895984931085,
      -0.6791407404303791
    ],
    [
      -0.7764535288809348,
      -0.7085327531953188
    ],
    [
      -0.7934014584960155,
      -0.7296617787392911
    ],
    [
      -0.81260791937047,
      -0.7445225946418289
    ],
    [
      -0.8127607942106743,
      -0.7622724368970051
    ],
    [
      -0.8319835553142466,
      -0.7893027901628418
    ],
    [
      -0.8094577480806868,
      -0.7928542178836268
    ],
    [
      -0.8067231474989747,
      -0.8028512540603002
    ],
    [
      -0.8023321952317087,
      -0.8074082156832568
    ],
    [
      -0.7876626930253056,
      -0.8057409096447652
    ],
    [
      -0.7781253416209126,
      -0.8026187599318461
    ],
    [
      -0.7553438773815327,
      -0.7975238632361089
    ],
    [
      -0.7386512934396288,
      -0.7842400028414256
    ],
    [
      -0.7093367204703703,
      -0.7779525363279207
    ],
    [
      -0.6690730299447699,
      -0.751505651645906
    ],
    [
      -0.634574457443225,
      -0.7417935826949977
    ],
    [
      -0.5973906219279023,
      -0.7243073649780389
    ],
    [
      -0.5570505794758668,
      -0.7042367110253014
    ],
    [
      -0.5222103999439263,
      -0.6726608982722919
    ],
    [
      -0.4754706951607967,
      -0.6369916809912702
    ],
    [
      -0.4280941900072792,
      -0.6080443302518226
    ],
    [
      -0.38772959410573604,
      -0.577567067259171
    ],
    [
      -0.3292383583793801,
      -0.5313502002332052
    ],
    [
      -0.28160469780750647,
      -0.5069162399144062
    ],
    [
      -0.22606088883231537,
      -0.45737666520396153
    ],
    [
      -0.18318038212043816,
      -0.4161410922462962
    ],
    [
      -0.1219488111294192,
      -0.38082085459601955
    ],
    [
      -0.06891633616564899,
      -0.3280946895222636
    ],
    [
      -0.017915059654972056,
      -0.286906348036082
    ],
    [
      0.04140814491439137,
      -0.2416868761908855
    ],
    [
      0.07733196595002251,
      -0.19340578562275104
    ],
    [
      0.138164173538029,
      -0.15122032042756953
    ],
    [
      0.1815973045290059,
      -0.11129848548562771
    ]
  ],
  "complexity": 0.2002098104991991
}