{
  "id": 3059,
  "wedge_count": 6,
  "parameters": {
    "rotation_speeds": [
      2.7416118238667426,
      -2.0145126168804697,
      2.551347997622864,
      2.7745309597777688,
      -1.0703696575891668,
      1.479740267523428
    ],
    "phi_x": [
      3.2632610268689,
      12.048519161498234,
      11.998637249668981,
      -2.7975441535650027,
      0.6255967052255826,
      -10.255515931784995
    ],
    "phi_y": [
      5.808675564580451,
      -6.592330490798295,
      -3.0801690798008377,
      3.4360432065328474,
      -4.598339367448244,
      2.8012452966594203
    ],
    "distances": [
      1.0,
      7.0458771312969235,
      4.791032857899914,
      4.069188894643146,
      5.669869456530647,
      5.417029792971309,
      3.4466265415088335
    ],
    "refractive_indices": [
      1.0,
      1.5,
      1.5,
      1.5,
      1.5,
      1.5,
      1.5,
      1.0
    ],
    "wedgenum": 6
  },
  "pattern": [
    [
      3.0424140021423933,
      3.036833367240889
    ],
    [
      3.0348761494734227,
      3.017271467970447
    ],
    [
      3.068834709332694,
      3.035645515183345
    ],
    [
      2.92341348534358,
      2.9512337512974165
    ],
    [
      2.8857123579809336,
      2.891847193509449
    ],
    [
      2.925851087149894,
      2.8668919175670102
    ],
    [
      2.7711024955586385,
      2.8540300911795877
    ],
    [
      2.8606241506026096,
      2.7863542674236608
    ],
    [
      2.6474919712916956,
      2.7870524805611945
    ],
    [
      2.5829349726097504,
      2.721412402728555
    ],
    [
      2.5196738983382523,
      2.611856023535726
    ],
    [
      2.3788093114006257,
      2.4986560431342077
    ],
    [
      2.2841385381832726,
      2.500931865547405
    ],
    [
      2.102084827503117,
      2.3681007999089876
    ],
    [
      2.0245051605040274,
      2.2378279425052905
    ],
    [
      1.8160542365939416,
      2.1648894824250924
    ],
    [
      1.6930488199796203,
      2.1416133827696076
    ],
    [
      1.5640210182043515,
      1.9884641867750763
    ],
    [
      1.443803733556867,
      1.8018201473259376
    ],
    [
      1.254048510702172,
      1.7276473380418278
    ],
    [
      1.1276532673196626,
      1.5126817460508701
    ],
    [
      0.9836248378340792,
      1.4172230850052363
    ],
    [
      0.7196229797051226,
      1.2387023539241617
    ],
    [
      0.6086402177274339,
      1.1367699017667898
    ],
    [
      0.40822530314579053,
      0.8965727203840422
    ],
    [
      0.2793792531989468,
      0.71778565503127
    ],
    [
      0.007128436404696098,
      0.7045580258245859
    ],
    [
      -0.040303142445915305,
      0.4917949936836248
    ],
    [
      -0.2846101332689503,
      0.32706029544794873
    ],
    [
      -0.4794776463933967,
      0.16324947288246291
    ],
    [
      -0.5830430668183915,
      0.07268660678243992
    ],
    [
      -0.7229621550100991,
      -0.15990144846721455
    ],
    [
      -0.9970621335661297,
      -0.34850318902978866
    ],
    [
      -1.1606771923302235,
      -0.432297197514145
    ],
    [
      -1.3368532455609428,
      -0.7425989948154298
    ],
    [
      -1.4400152494055205,
      -0.7768415409365763
    ],
    [
      -1.5704319398992173,
      -0.8918522045254449
    ],
    [
      -1.84977867655891,
      -1.197831522364022
    ],
    [
      -1.9301396209298347,
      -1.373561270509594
    ],
    [
      -2.2378688776892055,
      -1.4606720437583611
    ],
    [
      -2.211631802471064,
      -1.5939068743312
    ],
    [
      -2.368222732164544,
      -1.733041755165877
    ],
    [
      -2.516363597789705,
      -2.01630104603547
    ],
    [
      -2.6730292210901356,
      -1.9999613935193539
    ],
    [
      -2.7123068997891098,
      -2.1635476864776972
    ],
    [
      -2.8016951001851327,
      -2.3440190833309202
    ],
    [
      -2.9237257371516083,
      -2.2619927009914282
    ],
    [
      -2.916696002324163,
      -2.4918236873620723
    ],
    [
      -3.134210671773478,
      -2.6263135795294152
    ],
    [
      -3.056720660677874,
      -2.6921874042282257
    ],
    [
      -3.2280046483740312,
      -2.8413829366853762
    ],
    [
      -3.1441989832341015,
      -2.947897256272998
    ],
    [
      -3.1907774670721176,
      -3.0251467924993856
    ],
    [
      -3.269862524513582,
      -3.0643336511783517
    ],
    [
      -3.2361558704480053,
      -3.2211563935115572
    ],
    [
      -3.2634022364517135,
      -3.181911796559912
    ],
    [
      -3.1860788487848786,
      -3.2586855245266224
    ],
    [
      -3.163517820242928,
      -3.2309018765246322
    ],
    [
      -3.27071221597658,
      -3.2415150815338523
    ],
    [
      -3.1420622558604063,
      -3.1749153776555827
    ]
  ],
  "complexity": 0.41837675829727056
}