{
  "id": 3868,
  "wedge_count": 1,
  "parameters": {
    "rotation_speeds": [
      2.5835263307921768
    ],
    "phi_x": [
      -11.044705025032851
    ],
    "phi_y": [
      14.870432413620442
    ],
    "distances": [
      1.0,
      5.7424073696437805
    ],
    "refractive_indices": [
      1.0,
      1.5,
      1.0
    ],
    "wedgenum": 1
  },
  "pattern": [
    [
      0.7311348638505641,
      0.7350144503272823
    ],
    [
      0.8076649489092769,
      0.8042259385088238
    ],
    [
      0.86947259816098,
      0.8660910046828215
    ],
    [
      0.936383295203956,
      0.9233135985188711
    ],
    [
      0.9944564611229618,
      0.9761008121349024
    ],
    [
      1.0554049225252424,
      1.023119655085952
    ],
    [
      1.1056831787961725,
      1.0739626579015107
    ],
    [
      1.150600554152333,
      1.1213892497737679
    ],
    [
      1.189988019907081,
      1.1567424212525899
    ],
    [
      1.2236992676989957,
      1.198386452690569
    ],
    [
      1.243384516763158,
      1.2214167825629159
    ],
    [
      1.2701540628488877,
      1.2498340316395138
    ],
    [
      1.285453351006141,
      1.265837480506985
    ],
    [
      1.2840994880578525,
      1.2857593519428063
    ],
    [
      1.2828751708819943,
      1.28921270495389
    ],
    [
      1.2838757339138418,
      1.2822403828218691
    ],
    [
      1.2696652306444358,
      1.2931892671415983
    ],
    [
      1.2468954910166499,
      1.2820094649771134
    ],
    [
      1.2064019730829902,
      1.2573003866555086
    ],
    [
      1.1821395794428318,
      1.2467599991868679
    ],
    [
      1.143723312344067,
      1.2260604323706141
    ],
    [
      1.1040632334523313,
      1.1929419223089266
    ],
    [
      1.0503375222485427,
      1.160397004983399
    ],
    [
      0.9943594860985419,
      1.108327102733351
    ],
    [
      0.923011810895253,
      1.0698143991064724
    ],
    [
      0.8556036309469666,
      1.0149377345972859
    ],
    [
      0.7800777092859467,
      0.9675676277291155
    ],
    [
      0.7029769380527103,
      0.908624177306071
    ],
    [
      0.6230701017462936,
      0.8331158839323684
    ],
    [
      0.5324084317351171,
      0.7587903397994259
    ],
    [
      0.45909919863789517,
      0.691924414280678
    ],
    [
      0.35902147910532967,
      0.6289865164792618
    ],
    [
      0.2592787862508146,
      0.5438855318470897
    ],
    [
      0.1725533648631171,
      0.4659390692213947
    ],
    [
      0.07386953277709209,
      0.3792422524603267
    ],
    [
      -0.033006651086103844,
      0.300993146838048
    ],
    [
      -0.12091676121147743,
      0.21347666878702273
    ],
    [
      -0.2228840279392616,
      0.11708085875607058
    ],
    [
      -0.32267933848781555,
      0.031381477904680814
    ],
    [
      -0.41934396076845337,
      -0.052637794246916184
    ],
    [
      -0.5032247088866553,
      -0.15242649093744773
    ],
    [
      -0.6035981180095862,
      -0.22936204183687733
    ],
    [
      -0.6863496960808313,
      -0.3322389779134558
    ],
    [
      -0.7893602499005522,
      -0.4195571904821235
    ],
    [
      -0.8621850066649238,
      -0.5004269424844685
    ],
    [
      -0.9457767326253921,
      -0.5960164202180215
    ],
    [
      -1.0199962515614496,
      -0.6705493704245905
    ],
    [
      -1.0897680588699015,
      -0.7481026184213752
    ],
    [
      -1.1542524118996516,
      -0.8349684148108112
    ],
    [
      -1.2146873557629456,
      -0.9011104641634959
    ],
    [
      -1.2600912331572551,
      -0.9751586286640904
    ],
    [
      -1.302439366357848,
      -1.0515593359609627
    ],
    [
      -1.3515855030196875,
      -1.1130664782680988
    ],
    [
      -1.3829281924898753,
      -1.1684879083494986
    ],
    [
      -1.4093536964250772,
      -1.2253321489547027
    ],
    [
      -1.4292554131974569,
      -1.2765362355835332
    ],
    [
      -1.4328381862302224,
      -1.3120951164749546
    ],
    [
      -1.4464215995474419,
      -1.3552567061838972
    ],
    [
      -1.4365819383941687,
      -1.3916916546337577
    ],
    [
      -1.4264157464316052,
      -1.4132584952030458
    ]
  ],
  "complexity": 0.27316695998851775
}