{
  "id": 3710,
  "wedge_count": 4,
  "parameters": {
    "rotation_speeds": [
      -1.021933017567317,
      1.8690815525692166,
      -1.6331324413604547,
      -2.850326796326988
    ],
    "phi_x": [
      -1.7293622568127525,
      -12.216783398529252,
      -1.4638754642918723,
      9.414781049879362
    ],
    "phi_y": [
      -8.86493741047869,
      -8.3987501021263,
      10.38130201707147,
      -3.4315961635174332
    ],
    "distances": [
      1.0,
      6.6772938006464315,
      6.450232002196456,
      3.6523083326141297,
      7.314478444042526
    ],
    "refractive_indices": [
      1.0,
      1.5,
      1.5,
      1.5,
      1.5,
      1.0
    ],
    "wedgenum": 4
  },
  "pattern": [
    [
      2.077993507545626,
      2.0621160489243437
    ],
    [
      2.056196677904411,
      1.991798991799462
    ],
    [
      2.0212634960072897,
      2.084353995366784
    ],
    [
      2.0383321814952744,
      2.06061504005683
    ],
    [
      1.973630138522685,
      1.9438849366131736
    ],
    [
      1.9646188925889163,
      1.938549538634999
    ],
    [
      1.96405686410972,
      1.988448053450872
    ],
    [
      1.8707193758654785,
      1.86793769597272
    ],
    [
      1.6891592745618658,
      1.821947621092261
    ],
    [
      1.6948095081158112,
      1.7570342491133124
    ],
    [
      1.5736115205806294,
      1.7292648636689998
    ],
    [
      1.598901984618864,
      1.5965235509995346
    ],
    [
      1.5232964080654336,
      1.5927477289200473
    ],
    [
      1.4664232365599175,
      1.5089818955446146
    ],
    [
      1.3858839138186803,
      1.401620493147883
    ],
    [
      1.1954984334074295,
      1.3746428856487047
    ],
    [
      1.1448729741303245,
      1.2814778965530031
    ],
    [
      1.1090582070208166,
      1.253081304857792
    ],
    [
      0.964363125836244,
      1.0131442686720498
    ],
    [
      0.7947774390589801,
      1.0022289950195278
    ],
    [
      0.7432239507295803,
      0.9081670669159702
    ],
    [
      0.7407751948537289,
      0.8636500010329314
    ],
    [
      0.7131862086176317,
      0.6460227747651296
    ],
    [
      0.3586878654085968,
      0.6510928180113903
    ],
    [
      0.39731310397253494,
      0.5464136706544779
    ],
    [
      0.2313408656492591,
      0.6017871860190206
    ],
    [
      0.14857598943267508,
      0.3470675835615522
    ],
    [
      -0.008688292912884529,
      0.32473077837401426
    ],
    [
      -0.15008291404664403,
      0.12650355732171586
    ],
    [
      -0.27744445134291473,
      0.0921812723911874
    ],
    [
      -0.44520465803486114,
      -0.13767901674823196
    ],
    [
      -0.423124901626851,
      -0.1276508242183514
    ],
    [
      -0.5726058767112365,
      -0.25465834499462303
    ],
    [
      -0.6834019806126029,
      -0.43540101923148083
    ],
    [
      -0.8389151948476055,
      -0.42157074102836284
    ],
    [
      -0.8614489836184794,
      -0.5835503714487351
    ],
    [
      -0.9605319577553325,
      -0.7151553752043268
    ],
    [
      -1.107705484869021,
      -0.8075722130269993
    ],
    [
      -1.2943171151485688,
      -0.8364838698722231
    ],
    [
      -1.3299055501189478,
      -0.8643831196912223
    ],
    [
      -1.3858116858514653,
      -1.0411779560927001
    ],
    [
      -1.4178383099943113,
      -1.2335361128836753
    ],
    [
      -1.6232825837595541,
      -1.2551106971645272
    ],
    [
      -1.584473393384022,
      -1.394510229734162
    ],
    [
      -1.826595503456516,
      -1.4170114567767993
    ],
    [
      -1.8518500279394432,
      -1.4374540112935927
    ],
    [
      -1.9608970412046745,
      -1.5599624466134616
    ],
    [
      -2.0613196529219087,
      -1.6957077229005142
    ],
    [
      -2.0399496594070694,
      -1.6594004934679454
    ],
    [
      -2.126326132851796,
      -1.7597426450165106
    ],
    [
      -2.115283208305678,
      -1.8023731002748842
    ],
    [
      -2.238430990129589,
      -2.002657336954509
    ],
    [
      -2.2459989328418803,
      -1.960956553918302
    ],
    [
      -2.305871607392017,
      -1.9824108348745835
    ],
    [
      -2.2643998227951707,
      -2.1771081883318932
    ],
    [
      -2.3456964855639755,
      -2.0738506580181824
    ],
    [
      -2.4236045112447173,
      -2.200900093064382
    ],
    [
      -2.4245627186221657,
      -2.154044858402525
    ],
    [
      -2.46872771531673,
      -2.2433326446736843
    ],
    [
      -2.433861206719187,
      -2.2936929102533266
    ]
  ],
  "complexity": 0.3629891250253881
}