{
  "id": 3405,
  "wedge_count": 4,
  "parameters": {
    "rotation_speeds": [
      -1.7583799976491152,
      -2.345196734680795,
      -0.4106069254742799,
      -2.618058117796965
    ],
    "phi_x": [
      -1.8189055901527453,
      8.890495194982208,
      8.563090255218317,
      7.698591318182288
    ],
    "phi_y": [
      -8.019672923834564,
      -8.056436399461454,
      -9.938257335772033,
      3.160823425369081
    ],
    "distances": [
      1.0,
      2.574542559257911,
      2.4789048434888405,
      5.100431894000922,
      5.877216437674938
    ],
    "refractive_indices": [
      1.0,
      1.5,
      1.5,
      1.5,
      1.5,
      1.0
    ],
    "wedgenum": 4
  },
  "pattern": [
    [
      2.19807936431972,
      2.156459775341259
    ],
    [
      2.1009354230112582,
      2.0991114390165246
    ],
    [
      2.0093164165074886,
      2.0148205960652406
    ],
    [
      2.0601101818993683,
      1.9526698546267285
    ],
    [
      1.9571582981658961,
      1.9247341497413673
    ],
    [
      1.8708001981662121,
      1.836767926113904
    ],
    [
      1.6551998746775063,
      1.760570548047032
    ],
    [
      1.6127589181839548,
      1.7204639610897818
    ],
    [
      1.569920783390119,
      1.6340904504523912
    ],
    [
      1.429230313056921,
      1.5166079826646497
    ],
    [
      1.3541001723091048,
      1.4084880729202702
    ],
    [
      1.4147637413759622,
      1.353028984959846
    ],
    [
      1.2118028883984497,
      1.2537586588190337
    ],
    [
      1.0415617183091732,
      1.2818361905938842
    ],
    [
      1.0164287337318585,
      1.0761338550375175
    ],
    [
      0.8345935943859882,
      0.9711075579986131
    ],
    [
      0.8362145710226727,
      0.934844416759256
    ],
    [
      0.775365883625345,
      0.8019965017699511
    ],
    [
      0.564256170321337,
      0.7050226736288974
    ],
    [
      0.4793921632830651,
      0.5977858495410511
    ],
    [
      0.41756174294936416,
      0.40700316640137585
    ],
    [
      0.18280946740947668,
      0.4560247144528636
    ],
    [
      0.13115127865888154,
      0.31916975174011036
    ],
    [
      -0.007747030911958511,
      0.23265269646078504
    ],
    [
      0.025090005796026812,
      0.07264600862131182
    ],
    [
      -0.11455928809047469,
      0.1057290328390498
    ],
    [
      -0.25254351641079065,
      0.01104196393865306
    ],
    [
      -0.36572205648315137,
      -0.11069703393132554
    ],
    [
      -0.4366991258014878,
      -0.36270225817866153
    ],
    [
      -0.5763942974680055,
      -0.3919249270310899
    ],
    [
      -0.5734426746114335,
      -0.44986314392274596
    ],
    [
      -0.6310329452496906,
      -0.5535044631324681
    ],
    [
      -0.7806052927180656,
      -0.4513079730393973
    ],
    [
      -0.8141011308432887,
      -0.7209347290272268
    ],
    [
      -0.7820910920011647,
      -0.6517640702556945
    ],
    [
      -0.9646654350137004,
      -0.6476631023046299
    ],
    [
      -0.9210128190312763,
      -0.77692027412956
    ],
    [
      -1.0086197064364293,
      -0.8123166125433408
    ],
    [
      -1.0241414198916095,
      -0.9582288753752234
    ],
    [
      -1.1138175891609572,
      -0.9090156764203842
    ],
    [
      -1.143040743121543,
      -1.0469004348836257
    ],
    [
      -1.0542129419602766,
      -1.0093210956277663
    ],
    [
      -1.102574722808894,
      -1.1007517177373278
    ],
    [
      -1.1140619312583528,
      -1.0936528910450036
    ],
    [
      -1.1931988353833456,
      -1.1143877072632127
    ],
    [
      -1.0402720806680583,
      -1.163507197068637
    ],
    [
      -1.1245528821292106,
      -1.1629159224668346
    ],
    [
      -1.146029497821076,
      -1.1219656911201374
    ],
    [
      -1.0447275228609574,
      -1.2477298868173903
    ],
    [
      -0.9928903861873571,
      -1.0827632033978254
    ],
    [
      -0.9385077160677677,
      -1.1333817828562291
    ],
    [
      -0.9096036753393664,
      -1.104138207817389
    ],
    [
      -0.9033849560477147,
      -1.0289395150810219
    ],
    [
      -0.8671676939031404,
      -1.0548663862343528
    ],
    [
      -0.9425450297148821,
      -1.0414441837045079
    ],
    [
      -0.7196421762210938,
      -0.9926993396625329
    ],
    [
      -0.6593112197901893,
      -0.9451919050015656
    ],
    [
      -0.4939182922524368,
      -0.9631665386404504
    ],
    [
      -0.4978407779679241,
      -0.8238373839465397
    ],
    [
      -0.4735132717670734,
      -0.805138431506883
    ]
  ],
  "complexity": 0.29079630781060223
}