{
  "id": 1346,
  "wedge_count": 2,
  "parameters": {
    "rotation_speeds": [
      2.8541742760131577,
      0.8993527254696745
    ],
    "phi_x": [
      -1.0527599604808362,
      12.740036869734027
    ],
    "phi_y": [
      4.521214991319372,
      12.144657707117226
    ],
    "distances": [
      1.0,
      5.382549591175007,
      7.765504760127918
    ],
    "refractive_indices": [
      1.0,
      1.5,
      1.5,
      1.0
    ],
    "wedgenum": 2
  },
  "pattern": [
    [
      1.0307859683781133,
      1.0717507454730308
    ],
    [
      1.1090338738343266,
      1.1617499794021344
    ],
    [
      1.0887609366399695,
      1.152579364697788
    ],
    [
      1.190961048588219,
      1.1922506297042268
    ],
    [
      1.290863288508609,
      1.191689519425657
    ],
    [
      1.3702521349711818,
      1.1895458727827208
    ],
    [
      1.2761165959329008,
      1.2163935760724587
    ],
    [
      1.2988375263405652,
      1.297838730713625
    ],
    [
      1.314783620001324,
      1.4138214717629796
    ],
    [
      1.4326876563989006,
      1.381877806650554
    ],
    [
      1.328934050175861,
      1.3677675812439545
    ],
    [
      1.3432659054322973,
      1.3778153408517742
    ],
    [
      1.432770489063468,
      1.353579487283423
    ],
    [
      1.3781862951733703,
      1.4853424195836291
    ],
    [
      1.4455446801006724,
      1.4528463174640585
    ],
    [
      1.4843246119640425,
      1.374480703531556
    ],
    [
      1.44835918192815,
      1.4481131709629322
    ],
    [
      1.4327908725764733,
      1.484886775087641
    ],
    [
      1.5894277321938544,
      1.4617901340040995
    ],
    [
      1.490019868940606,
      1.4601577121678708
    ],
    [
      1.45415656821522,
      1.5386307353256174
    ],
    [
      1.5070281184815626,
      1.6062771877288142
    ],
    [
      1.616988043209156,
      1.5846800699977277
    ],
    [
      1.539123785509629,
      1.4924209677151454
    ],
    [
      1.55601637922121,
      1.563396039151599
    ],
    [
      1.4689477418450407,
      1.6128165271969888
    ],
    [
      1.4744690957888784,
      1.4687217068620801
    ],
    [
      1.4695026240155682,
      1.5059531618172577
    ],
    [
      1.421028280498109,
      1.4581318714846687
    ],
    [
      1.4003397022722135,
      1.5241872312969216
    ],
    [
      1.315529645570889,
      1.5277604460585266
    ],
    [
      1.363979449012509,
      1.4965707265204724
    ],
    [
      1.4437728375773153,
      1.4565268826067201
    ],
    [
      1.360701645876775,
      1.4723874970009987
    ],
    [
      1.340563853729665,
      1.4337021974153101
    ],
    [
      1.3370226042654567,
      1.369550349908107
    ],
    [
      1.3356277644611647,
      1.374933506218065
    ],
    [
      1.2285085923815822,
      1.3393495862034068
    ],
    [
      1.207915960875833,
      1.3378356116200145
    ],
    [
      1.175650861476547,
      1.2864278189391694
    ],
    [
      1.1107937285912837,
      1.2789224720599353
    ],
    [
      1.1102478823615627,
      1.2197281441565562
    ],
    [
      1.1145458148532268,
      1.2702065967962008
    ],
    [
      1.0121100078589538,
      1.2056226548552433
    ],
    [
      0.9576119882399835,
      1.043033804842048
    ],
    [
      0.8857323117400457,
      1.0675694748677742
    ],
    [
      1.016159198303405,
      1.0816173792849728
    ],
    [
      0.9615383347001223,
      1.0300328988011394
    ],
    [
      0.9027554527710183,
      0.9537686653575915
    ],
    [
      0.8464072188583744,
      1.020200550195886
    ],
    [
      0.7234574233143239,
      1.0032405843627532
    ],
    [
      0.7072710371065439,
      0.9069114030053737
    ],
    [
      0.6953938184854,
      0.9010266255794259
    ],
    [
      0.7835255893681654,
      0.796626285318168
    ],
    [
      0.7687706856318347,
      0.8926357945647039
    ],
    [
      0.5619783145960349,
      0.7732377884195959
    ],
    [
      0.643283523085981,
      0.8038394926451327
    ],
    [
      0.6240305634642793,
      0.8420130740074169
    ],
    [
      0.6299340388492852,
      0.778808707872509
    ],
    [
      0.5849549441186132,
      0.765208919879961
    ]
  ],
  "complexity": 0.21877836154811156
}