{
  "id": 355,
  "wedge_count": 2,
  "parameters": {
    "rotation_speeds": [
      -2.886058438128954,
      0.8634378725550542
    ],
    "phi_x": [
      -9.178340065216915,
      -13.609463883893595
    ],
    "phi_y": [
      -8.773271825625788,
      7.2703078211888155
    ],
    "distances": [
      1.0,
      3.5787834403671264,
      3.482447194466176
    ],
    "refractive_indices": [
      1.0,
      1.5,
      1.5,
      1.0
    ],
    "wedgenum": 2
  },
  "pattern": [
    [
      1.5216311805028926,
      1.6496955892780554
    ],
    [
      1.538339409280242,
      1.578764738229849
    ],
    [
      1.5464386230573386,
      1.64686024846764
    ],
    [
      1.4862396227224515,
      1.4344360884871374
    ],
    [
      1.5186757562724968,
      1.4863183240919837
    ],
    [
      1.3929705318986683,
      1.5108355550452228
    ],
    [
      1.2759790453895539,
      1.3793829020624457
    ],
    [
      1.3681240891754374,
      1.2822510431702971
    ],
    [
      1.2486545710278432,
      1.2949233320121483
    ],
    [
      1.1557882654233744,
      1.0559851362826185
    ],
    [
      1.085160353061823,
      1.1604141240108876
    ],
    [
      1.0395292097495654,
      1.1174502262083068
    ],
    [
      0.9965569359063801,
      1.1167171011146988
    ],
    [
      0.9580728578871162,
      1.0693778695847773
    ],
    [
      0.8802318127893463,
      0.934111384856418
    ],
    [
      0.9223277835904118,
      0.9269945902451482
    ],
    [
      0.6491085504058434,
      0.9160350136200786
    ],
    [
      0.8256371846443984,
      0.9235865344313248
    ],
    [
      0.741080630660949,
      0.8149914762923869
    ],
    [
      0.7033730974344468,
      0.7391724163413165
    ],
    [
      0.6484456141364823,
      0.7158091451761225
    ],
    [
      0.49494938477869893,
      0.6691470562758854
    ],
    [
      0.5277542179775485,
      0.6308157747546176
    ],
    [
      0.40011710111407284,
      0.5200888910243379
    ],
    [
      0.4035775481540768,
      0.47055701292341534
    ],
    [
      0.334993509709794,
      0.5120838191653563
    ],
    [
      0.3493277534129957,
      0.5581285242482948
    ],
    [
      0.4030798227788321,
      0.3574328552502638
    ],
    [
      0.31057676496281106,
      0.4274043378172431
    ],
    [
      0.33895155499827745,
      0.4111908307061082
    ],
    [
      0.3082297664947523,
      0.36122496104797597
    ],
    [
      0.1666347159586553,
      0.29792265822148345
    ],
    [
      0.20797866324897357,
      0.3472354416240354
    ],
    [
      0.1504100647441401,
      0.38870153812825603
    ],
    [
      0.16755726443086583,
      0.24671223667404527
    ],
    [
      0.2139778320504566,
      0.241379936704365
    ],
    [
      0.2616470501655397,
      0.1956025744970975
    ],
    [
      0.27452875726657905,
      0.30655993541994603
    ],
    [
      0.2342871513999592,
      0.27952045670681663
    ],
    [
      0.21943359836961926,
      0.24969580104670697
    ],
    [
      0.28295335742908667,
      0.32589365252248653
    ],
    [
      0.32417279782456376,
      0.21578958194959863
    ],
    [
      0.2576737305862372,
      0.2652554837896493
    ],
    [
      0.36200417626225206,
      0.33687640955058984
    ],
    [
      0.36851597048642365,
      0.22738708678886613
    ],
    [
      0.3694127537614168,
      0.34970716946034835
    ],
    [
      0.4482053897012567,
      0.3141368920085903
    ],
    [
      0.3608236877664516,
      0.2992166452041351
    ],
    [
      0.430047339735975,
      0.2573693284310702
    ],
    [
      0.5673642960032218,
      0.43764961632543947
    ],
    [
      0.5641329378117055,
      0.37858296641532335
    ],
    [
      0.5518587686081373,
      0.3559060538983494
    ],
    [
      0.6488897011784868,
      0.44643256555749405
    ],
    [
      0.5037768049793452,
      0.5342849613174973
    ],
    [
      0.6967751802184763,
      0.5101501418672788
    ],
    [
      0.7889727113208892,
      0.5333959728320194
    ],
    [
      0.6940765788918811,
      0.596580234420819
    ],
    [
      0.7362582069184693,
      0.5349263045531658
    ],
    [
      0.8129438281600032,
      0.6174862886803294
    ],
    [
      0.8649353482457305,
      0.6446040075354467
    ]
  ],
  "complexity": 0.24474720902853617
}