{
  "id": 1884,
  "wedge_count": 2,
  "parameters": {
    "rotation_speeds": [
      2.747640209724776,
      -0.13994872672361458
    ],
    "phi_x": [
      4.689835611969681,
      14.788233558960584
    ],
    "phi_y": [
      5.090402709998781,
      6.005143612140248
    ],
    "distances": [
      1.0,
      2.2549832809894466,
      5.114705194529645
    ],
    "refractive_indices": [
      1.0,
      1.5,
      1.5,
      1.0
    ],
    "wedgenum": 2
  },
  "pattern": [
    [
      1.3446848302318897,
      1.399440701057988
    ],
    [
      1.44320956290763,
      1.395065448124847
    ],
    [
      1.3712956049760954,
      1.3749009349494061
    ],
    [
      1.4258467736836775,
      1.3430871857654418
    ],
    [
      1.4075392971989824,
      1.493436084504536
    ],
    [
      1.4614024613716887,
      1.4395009573598647
    ],
    [
      1.46251607303792,
      1.4617102932513335
    ],
    [
      1.5070846566762053,
      1.5127116577795903
    ],
    [
      1.5134807725267083,
      1.558246499589339
    ],
    [
      1.525013094896319,
      1.530953256888667
    ],
    [
      1.5144620158025532,
      1.4714134532035144
    ],
    [
      1.4848276221010117,
      1.4807087092196185
    ],
    [
      1.4670286511694517,
      1.5429921174142673
    ],
    [
      1.5710719464748355,
      1.5978299226033612
    ],
    [
      1.4759878961927433,
      1.5265208923729368
    ],
    [
      1.472734736872001,
      1.5748641901373943
    ],
    [
      1.4609429221451455,
      1.4717692584164408
    ],
    [
      1.5621160342748472,
      1.5384788235646336
    ],
    [
      1.466868831993958,
      1.5641957074645134
    ],
    [
      1.4806372290293826,
      1.490354349798189
    ],
    [
      1.385210208801035,
      1.500874343329205
    ],
    [
      1.4093911284368659,
      1.4793081879217302
    ],
    [
      1.385920369255989,
      1.416710084660663
    ],
    [
      1.3012237541140939,
      1.4257382946623194
    ],
    [
      1.4600042263029624,
      1.426956401573625
    ],
    [
      1.3153701480154292,
      1.3417863370027008
    ],
    [
      1.2509680988926746,
      1.277723129291143
    ],
    [
      1.299879125419842,
      1.3765075357907173
    ],
    [
      1.2134650767731738,
      1.2684117704878246
    ],
    [
      1.167007596566461,
      1.2080349102883465
    ],
    [
      1.200808594411099,
      1.3302422650615897
    ],
    [
      1.131984902221594,
      1.193941340332599
    ],
    [
      1.0405351470563318,
      1.2000207738538962
    ],
    [
      1.1007766554606608,
      1.182211477837561
    ],
    [
      1.0641973698510896,
      1.112240826025095
    ],
    [
      0.9786189162127802,
      1.135980486820357
    ],
    [
      0.8570974625449653,
      1.0885079849815773
    ],
    [
      0.9529236535643989,
      1.0706152976985364
    ],
    [
      0.9272006970463499,
      1.0666100475280682
    ],
    [
      0.8020746375051977,
      0.9694345201927391
    ],
    [
      0.7557306110502834,
      0.8820770760900438
    ],
    [
      0.7622768975184211,
      0.8450187933626537
    ],
    [
      0.7267466411912573,
      0.8940924112228321
    ],
    [
      0.6505131792048258,
      0.8182517376851366
    ],
    [
      0.6753182815662887,
      0.8056361367153514
    ],
    [
      0.6208603091979937,
      0.763088030459744
    ],
    [
      0.5673844672058164,
      0.7039773621664797
    ],
    [
      0.594585549468484,
      0.6929355074984221
    ],
    [
      0.5833789659670191,
      0.6688505907393837
    ],
    [
      0.5834560229109487,
      0.6848304414261
    ],
    [
      0.5466820479106873,
      0.5915329267365175
    ],
    [
      0.5157088645008441,
      0.5584669077681802
    ],
    [
      0.41540397591428285,
      0.612684053702912
    ],
    [
      0.4348401950939903,
      0.47691935922458534
    ],
    [
      0.4814766386696815,
      0.48389604605382885
    ],
    [
      0.47335990415600754,
      0.5301725543416033
    ],
    [
      0.4733992816209491,
      0.513583600168646
    ],
    [
      0.4259005933580532,
      0.4299055299905094
    ],
    [
      0.4531019674609909,
      0.5179083463190817
    ],
    [
      0.39626241215789304,
      0.4280790963570031
    ]
  ],
  "complexity": 0.22771274544972367
}