{
  "id": 2621,
  "wedge_count": 3,
  "parameters": {
    "rotation_speeds": [
      -0.29417944809856555,
      -0.13376487618016997,
      1.734430758403109
    ],
    "phi_x": [
      13.931440976300554,
      -12.392616956752663,
      -0.4397646717060333
    ],
    "phi_y": [
      6.868558168839694,
      -6.295092502395143,
      -8.01187677556596
    ],
    "distances": [
      1.0,
      4.1636817342875645,
      6.579617894048907,
      7.945394350343067
    ],
    "refractive_indices": [
      1.0,
      1.5,
      1.5,
      1.5,
      1.0
    ],
    "wedgenum": 3
  },
  "pattern": [
    [
      2.080954292917437,
      2.141908724516836
    ],
    [
      2.1063343391952674,
      2.1189516650296754
    ],
    [
      2.0870773501915414,
      2.0785872807380374
    ],
    [
      1.9761757069818953,
      2.196292403940842
    ],
    [
      2.1979064227370437,
      2.1531709130029233
    ],
    [
      2.209785642263865,
      2.1410963734489115
    ],
    [
      2.2018776806159206,
      2.184835562237475
    ],
    [
      2.210550664792311,
      2.190335236511012
    ],
    [
      2.261723274092683,
      2.1787294881019896
    ],
    [
      2.217848400051541,
      2.17288226735212
    ],
    [
      2.3519058424848915,
      2.2063041684162736
    ],
    [
      2.3437882117793913,
      2.25645088710726
    ],
    [
      2.2253934892099436,
      2.2272104708604075
    ],
    [
      2.2313582010623785,
      2.2017781943094534
    ],
    [
      2.252843239462,
      2.2807787700215227
    ],
    [
      2.2025307642574194,
      2.2857856672982515
    ],
    [
      2.2259526019042175,
      2.267793872508755
    ],
    [
      2.225041210326399,
      2.24300149988705
    ],
    [
      2.247000417201627,
      2.1109737942721796
    ],
    [
      2.1894840905351196,
      2.2445433656438003
    ],
    [
      2.0938746058044186,
      2.241426891841034
    ],
    [
      2.114277758746538,
      2.149441056415003
    ],
    [
      2.1851593255134647,
      2.1219971905088983
    ],
    [
      2.0746425346781114,
      2.191286993147949
    ],
    [
      1.9545223767013322,
      2.152997302629548
    ],
    [
      1.9616569883622288,
      1.9939004557150002
    ],
    [
      1.8608054591219925,
      2.0706607362753937
    ],
    [
      1.860752204784391,
      2.045406888612235
    ],
    [
      1.8409791194027258,
      1.9868409072772453
    ],
    [
      1.8419104177813277,
      1.9351074857507178
    ],
    [
      1.8537656007470238,
      1.8560323936197611
    ],
    [
      1.818410272168981,
      1.7977042018575096
    ],
    [
      1.6612255638270415,
      1.8831602292696017
    ],
    [
      1.5974470517356774,
      1.7936958576787057
    ],
    [
      1.4644215030786696,
      1.6704814513902497
    ],
    [
      1.3623102594794525,
      1.693375906828177
    ],
    [
      1.55390416556886,
      1.6168868930629763
    ],
    [
      1.441729881013654,
      1.5997687855103906
    ],
    [
      1.3479245992115834,
      1.4589024586473929
    ],
    [
      1.3931255463652759,
      1.5017464432946608
    ],
    [
      1.2883566861820719,
      1.4539367417205848
    ],
    [
      1.300550069448589,
      1.4068072154449425
    ],
    [
      1.1308856893340102,
      1.3610000536367513
    ],
    [
      1.1653705829103114,
      1.3016081888848097
    ],
    [
      1.0225921035902572,
      1.2737618155448187
    ],
    [
      0.9950096009711449,
      1.2707232978769916
    ],
    [
      0.9999570370784854,
      1.2147791475788672
    ],
    [
      0.9165394304516333,
      1.0586355492753925
    ],
    [
      0.942858525069681,
      1.0413739357164278
    ],
    [
      0.7841937099300789,
      0.9867200755348289
    ],
    [
      0.8012956529683608,
      1.0153926592957294
    ],
    [
      0.82685487748242,
      1.0120227759733385
    ],
    [
      0.7790846198431565,
      0.8906984020092814
    ],
    [
      0.7318829512748753,
      0.9500742731853764
    ],
    [
      0.7707308539710965,
      0.8914149592812832
    ],
    [
      0.6663822690089665,
      0.8370137901958535
    ],
    [
      0.7011874901937403,
      0.754824483080438
    ],
    [
      0.650946667460589,
      0.7979732289802982
    ],
    [
      0.6563982596654836,
      0.7155055917314253
    ],
    [
      0.7082970781851591,
      0.7681451776212718
    ]
  ],
  "complexity": 0.29206472323335
}