{
  "id": 1582,
  "wedge_count": 1,
  "parameters": {
    "rotation_speeds": [
      -2.751218278585565
    ],
    "phi_x": [
      -7.661068524651395
    ],
    "phi_y": [
      -6.002368921895215
    ],
    "distances": [
      1.0,
      6.3120157432118145
    ],
    "refractive_indices": [
      1.0,
      1.5,
      1.0
    ],
    "wedgenum": 1
  },
  "pattern": [
    [
      0.5075409245497575,
      0.505408783774305
    ],
    [
      0.4705469976043034,
      0.475316867545829
    ],
    [
      0.4532212850859912,
      0.4636464617173924
    ],
    [
      0.40587114351118825,
      0.41468101817747943
    ],
    [
      0.3726385371460261,
      0.38612761076521507
    ],
    [
      0.34024848568218863,
      0.35145311327806866
    ],
    [
      0.29257558752556223,
      0.3237247633806408
    ],
    [
      0.24928805309281427,
      0.27428563580123405
    ],
    [
      0.21724761149041666,
      0.24832268099909843
    ],
    [
      0.1679351473545763,
      0.20294305287855394
    ],
    [
      0.12448260924224756,
      0.1671923305672701
    ],
    [
      0.09055635400198613,
      0.11987014211665126
    ],
    [
      0.038013544611027676,
      0.08955477369243572
    ],
    [
      0.0058845706836697445,
      0.04487768347079984
    ],
    [
      -0.06012933734362215,
      0.011563356163266477
    ],
    [
      -0.09001548615492033,
      -0.022962408696347324
    ],
    [
      -0.1305293907319944,
      -0.07394093314693477
    ],
    [
      -0.17010243715851092,
      -0.09857404254887209
    ],
    [
      -0.2145262202267212,
      -0.1447618281431927
    ],
    [
      -0.24733956648561248,
      -0.18185386623258387
    ],
    [
      -0.29316803023606236,
      -0.209926159240123
    ],
    [
      -0.3146213693475349,
      -0.24530276687544825
    ],
    [
      -0.36364176909584783,
      -0.2852981705999997
    ],
    [
      -0.3886694415445355,
      -0.32831108981786733
    ],
    [
      -0.4151106974604726,
      -0.34545005641832727
    ],
    [
      -0.4473724239875302,
      -0.3730086802136335
    ],
    [
      -0.4783247602622514,
      -0.40673168333725124
    ],
    [
      -0.49297341556545804,
      -0.41917774785938183
    ],
    [
      -0.5073667965744463,
      -0.45826550415869494
    ],
    [
      -0.5293866237556574,
      -0.4688822007377745
    ],
    [
      -0.5385804876337209,
      -0.4868359216031045
    ],
    [
      -0.5503532301416978,
      -0.509940577296198
    ],
    [
      -0.5621401797938901,
      -0.5132597038316887
    ],
    [
      -0.5702751243583808,
      -0.5358922538460353
    ],
    [
      -0.5558278167396552,
      -0.5435158329628025
    ],
    [
      -0.5609242879379095,
      -0.5559645195148522
    ],
    [
      -0.5648000400510232,
      -0.5485542401951505
    ],
    [
      -0.5547434888043278,
      -0.5634691478479525
    ],
    [
      -0.5536342558364873,
      -0.5595076187524938
    ],
    [
      -0.5384794068927701,
      -0.5648885978608136
    ],
    [
      -0.5275328626584267,
      -0.5633445277808776
    ],
    [
      -0.5155816669602464,
      -0.5511965977362541
    ],
    [
      -0.49957855561390274,
      -0.5449369857967705
    ],
    [
      -0.4722988515897412,
      -0.5363484253535488
    ],
    [
      -0.4471488453599524,
      -0.5214883550392957
    ],
    [
      -0.42145345246670535,
      -0.5112630952217934
    ],
    [
      -0.39575633786174635,
      -0.4810298677131745
    ],
    [
      -0.36795984719356584,
      -0.46913292410677665
    ],
    [
      -0.339053340755112,
      -0.4533530789696124
    ],
    [
      -0.3040927756167686,
      -0.4355336111348926
    ],
    [
      -0.2787461825813031,
      -0.4081383641263591
    ],
    [
      -0.23855637333906562,
      -0.38410304999339434
    ],
    [
      -0.19693755233568344,
      -0.34931616128896664
    ],
    [
      -0.16453408819521928,
      -0.32580314648628356
    ],
    [
      -0.13403954513236016,
      -0.3103876145747278
    ],
    [
      -0.10534296267358174,
      -0.27394993007464397
    ],
    [
      -0.06360905079802426,
      -0.24618580499471704
    ],
    [
      -0.03434150004978653,
      -0.21989904804776136
    ],
    [
      0.007854898291396531,
      -0.1756179189303573
    ],
    [
      0.04836357227266923,
      -0.15697102087929887
    ]
  ],
  "complexity": 0.1915645002543819
}