{
  "id": 1528,
  "wedge_count": 6,
  "parameters": {
    "rotation_speeds": [
      -0.3370955534554003,
      -0.8511799647510268,
      1.5095093931406423,
      -1.5989093470427909,
      0.8152574014974228,
      1.292322100025281
    ],
    "phi_x": [
      10.731129791071933,
      6.847011239349676,
      -10.345336977063363,
      -1.8287825710831846,
      -0.6538541971592409,
      12.780807482664851
    ],
    "phi_y": [
      -2.126455361851045,
      13.178896872173105,
      11.7333867362121,
      -13.18934415964122,
      5.483708566087586,
      11.159899039465582
    ],
    "distances": [
      1.0,
      4.513189322967796,
      3.526106698615255,
      3.8746598258316527,
      2.2137910578550297,
      2.3330487455961793,
      5.525392363198458
    ],
    "refractive_indices": [
      1.0,
      1.5,
      1.5,
      1.5,
      1.5,
      1.5,
      1.5,
      1.0
    ],
    "wedgenum": 6
  },
  "pattern": [
    [
      4.463799587631576,
      4.2752373907019905
    ],
    [
      4.355667104759538,
      4.303544750406834
    ],
    [
      4.180078865892811,
      4.197649269461002
    ],
    [
      4.095695784607423,
      4.089647264605385
    ],
    [
      4.051943523492975,
      4.005509190560029
    ],
    [
      3.929245894686733,
      3.956282905871696
    ],
    [
      3.7963554783644775,
      3.9228938733390173
    ],
    [
      3.622281004894829,
      3.7822378360829743
    ],
    [
      3.6035789135595704,
      3.6561887763846594
    ],
    [
      3.363667945471763,
      3.512904372123964
    ],
    [
      3.165776023002869,
      3.3514903269619056
    ],
    [
      3.112149904354682,
      3.2106827134965177
    ],
    [
      2.9190255104710103,
      3.054397269923445
    ],
    [
      2.6524134718398966,
      2.8918574935565986
    ],
    [
      2.459435064378371,
      2.7921831311998537
    ],
    [
      2.2501043195662462,
      2.5290842684944836
    ],
    [
      1.997671731455527,
      2.381121025765217
    ],
    [
      1.871003531426343,
      2.325994350847261
    ],
    [
      1.6386749520100459,
      2.0882144294030507
    ],
    [
      1.3412727456564646,
      1.956500758639864
    ],
    [
      1.2445433725970367,
      1.7154982506692062
    ],
    [
      0.9072092042742266,
      1.4249757882282208
    ],
    [
      0.6971168674648524,
      1.272038883268768
    ],
    [
      0.5174783254172716,
      1.0782349727809928
    ],
    [
      0.19912722703445285,
      0.8910794574051873
    ],
    [
      0.04045865821718829,
      0.6578477068245252
    ],
    [
      -0.07361266008471104,
      0.44918413584622613
    ],
    [
      -0.4055279662398594,
      0.32117947253152684
    ],
    [
      -0.5902853035742861,
      0.14726809543645625
    ],
    [
      -0.7159812221489752,
      -0.09027514802865327
    ],
    [
      -1.1072831923006565,
      -0.3971424359243618
    ],
    [
      -1.237206361792982,
      -0.5246671552353925
    ],
    [
      -1.3674063966494356,
      -0.6720884475846675
    ],
    [
      -1.50463023570766,
      -0.7990644064098643
    ],
    [
      -1.6810240754540584,
      -0.9499585895243009
    ],
    [
      -1.9727221140714506,
      -1.0658061008022
    ],
    [
      -2.0803071277512646,
      -1.2632348993561278
    ],
    [
      -2.165224747917354,
      -1.5470445741392087
    ],
    [
      -2.3200678023218955,
      -1.5518701680434719
    ],
    [
      -2.458074676613065,
      -1.8184636671668946
    ],
    [
      -2.530390776532786,
      -1.9307838441006315
    ],
    [
      -2.586617038406831,
      -1.9602385175870625
    ],
    [
      -2.777722214516078,
      -2.1771533297526844
    ],
    [
      -2.831914949093261,
      -2.2364693209485873
    ],
    [
      -2.932048914542207,
      -2.4324253289317044
    ],
    [
      -2.9191911737881906,
      -2.55661516979831
    ],
    [
      -3.0473686905828785,
      -2.6079329362596217
    ],
    [
      -3.040321813714732,
      -2.7485593370586243
    ],
    [
      -3.0342264937805075,
      -2.783607248837638
    ],
    [
      -3.088837347007402,
      -2.857006324154347
    ],
    [
      -3.017549106428604,
      -2.752893089257496
    ],
    [
      -3.0528768056574767,
      -2.837385673600888
    ],
    [
      -2.9009329062628195,
      -2.923967920053849
    ],
    [
      -2.9453150790076705,
      -2.8761638336075688
    ],
    [
      -2.8233800194922716,
      -2.882908323783616
    ],
    [
      -2.808866590917962,
      -2.9373840219176484
    ],
    [
      -2.7536174107171694,
      -3.0269145669386535
    ],
    [
      -2.7945940991843394,
      -2.9033337218885977
    ],
    [
      -2.633258790314902,
      -2.865135787694659
    ],
    [
      -2.477537099087979,
      -2.8602664439171237
    ]
  ],
  "complexity": 0.46393740695081825
}