{
  "id": 4379,
  "wedge_count": 5,
  "parameters": {
    "rotation_speeds": [
      -1.9237519259806133,
      0.3499929464645084,
      0.1989351161954409,
      0.625365672771756,
      -0.06978119950619543
    ],
    "phi_x": [
      -5.052161943066384,
      6.538032009426022,
      6.185383277134349,
      11.082349222823304,
      7.860259860593935
    ],
    "phi_y": [
      6.852391029029384,
      -5.096562312322963,
      -9.671043553600347,
      14.759235587102069,
      -10.7024983204117
    ],
    "distances": [
      1.0,
      2.9880530310567535,
      4.065301523515714,
      5.32664532696566,
      3.9562573065167417,
      7.813553063996012
    ],
    "refractive_indices": [
      1.0,
      1.5,
      1.5,
      1.5,
      1.5,
      1.5,
      1.0
    ],
    "wedgenum": 5
  },
  "pattern": [
    [
      3.5847157430300034,
      3.5454828017340825
    ],
    [
      3.522214580743537,
      3.543719079906942
    ],
    [
      3.5748377508245044,
      3.599427157820264
    ],
    [
      3.5655073638542234,
      3.549976024972096
    ],
    [
      3.479130819252746,
      3.4668169418715995
    ],
    [
      3.484686387336014,
      3.439007833460455
    ],
    [
      3.49928002204231,
      3.4794318639915915
    ],
    [
      3.4514888113999276,
      3.4513388883880864
    ],
    [
      3.460316512691341,
      3.383759194852668
    ],
    [
      3.3795379027568524,
      3.4069411676330117
    ],
    [
      3.3222003374361355,
      3.279709825783988
    ],
    [
      3.2829199785355216,
      3.3251726617868864
    ],
    [
      3.303146190049273,
      3.2887741403578064
    ],
    [
      3.288969851227895,
      3.2408425625699877
    ],
    [
      3.293782380451834,
      3.3186703608863195
    ],
    [
      3.1635069944591074,
      3.225451055267996
    ],
    [
      3.1853650886178397,
      3.1825412666680584
    ],
    [
      3.0928495308027033,
      3.177967492025007
    ],
    [
      3.0705711290017135,
      3.052334224514936
    ],
    [
      3.1177808889446426,
      3.0393309735155354
    ],
    [
      3.0912784411052385,
      3.0691820381308506
    ],
    [
      3.049633112019555,
      3.1120236314617924
    ],
    [
      3.0593421715706537,
      3.012100981352139
    ],
    [
      2.96071489132893,
      2.968890119094309
    ],
    [
      2.917084445187325,
      3.013004070497488
    ],
    [
      2.939544352500977,
      3.0528704210651814
    ],
    [
      2.876761038946179,
      3.0110952794074803
    ],
    [
      3.010074605721606,
      2.970054995340943
    ],
    [
      2.9302889031380444,
      2.944731207974008
    ],
    [
      2.886718695180916,
      2.9453674158403778
    ],
    [
      2.9268676326200573,
      3.000488791686107
    ],
    [
      2.8489937910080396,
      2.952045404518245
    ],
    [
      2.8660377234997343,
      2.8162848008562387
    ],
    [
      2.8922606089368403,
      2.875372457857211
    ],
    [
      2.9496148330715553,
      2.85996151097056
    ],
    [
      2.9252381170072854,
      2.9093863224910974
    ],
    [
      2.868225223325998,
      2.993059107664413
    ],
    [
      2.850154882631342,
      2.8512680848788117
    ],
    [
      2.968205447398217,
      2.895170469110035
    ],
    [
      2.847762278594103,
      2.8917654802149397
    ],
    [
      2.8484281672070466,
      2.935812882463374
    ],
    [
      2.898577557796686,
      2.8261994181187005
    ],
    [
      2.972274312777881,
      2.8802366077322348
    ],
    [
      3.001646219920544,
      2.922265488729847
    ],
    [
      2.9657106214303037,
      2.8512131607908886
    ],
    [
      2.938901666633882,
      2.9992314223298
    ],
    [
      2.9528211913769216,
      2.902600697576355
    ],
    [
      2.929206995655758,
      2.927375145084039
    ],
    [
      2.971952336254804,
      2.905529300391077
    ],
    [
      3.0202122899872634,
      2.9485792438310066
    ],
    [
      3.0273111973998286,
      2.9612787212319707
    ],
    [
      2.9901975081942305,
      3.004778450653915
    ],
    [
      3.0581774861481072,
      3.0191837117163187
    ],
    [
      3.02374759649344,
      3.009158932478581
    ],
    [
      3.024575800867371,
      3.0120718239733346
    ],
    [
      3.074488915611628,
      3.130357111960374
    ],
    [
      3.106065398264703,
      3.0639988953228285
    ],
    [
      2.9965058465739833,
      3.075288406153605
    ],
    [
      2.995003083595066,
      3.1059796382052918
    ],
    [
      3.059609653870974,
      3.1214048899589524
    ]
  ],
  "complexity": 0.2620519740564508
}