{
  "id": 1433,
  "wedge_count": 6,
  "parameters": {
    "rotation_speeds": [
      -1.5098748709225187,
      -0.6689164150412541,
      -1.9103634744189943,
      1.5834996798029382,
      -0.1392156852223616,
      1.7844409207301863
    ],
    "phi_x": [
      -1.8286237371537215,
      -10.92564940364987,
      10.390426241659465,
      -4.405410240599043,
      13.324641312634064,
      -5.650444219447534
    ],
    "phi_y": [
      -13.314506581497437,
      -0.42952258014573275,
      -12.562272150828745,
      -13.839665048452423,
      5.338292415012479,
      -7.4589559423097915
    ],
    "distances": [
      1.0,
      4.941689368851504,
      6.3257982960298405,
      7.768991698004582,
      2.665960473796625,
      6.372742283586806,
      2.8776416905561097
    ],
    "refractive_indices": [
      1.0,
      1.5,
      1.5,
      1.5,
      1.5,
      1.5,
      1.5,
      1.0
    ],
    "wedgenum": 6
  },
  "pattern": [
    [
      4.19140820902701,
      4.077913249888566
    ],
    [
      4.112798779891102,
      4.011343309902878
    ],
    [
      4.0509600259670915,
      4.064261469579648
    ],
    [
      4.041089909138028,
      3.98965916827185
    ],
    [
      3.8056330716132316,
      3.9129312978968214
    ],
    [
      3.7964706427007937,
      3.8854509302711056
    ],
    [
      3.664566630598192,
      3.815935732216912
    ],
    [
      3.5731813109418114,
      3.6230946830510105
    ],
    [
      3.4525312998610422,
      3.5707126621119563
    ],
    [
      3.26145766289066,
      3.3571425368267667
    ],
    [
      3.1216355937227735,
      3.2503476022291498
    ],
    [
      3.039053107814399,
      3.049384989289043
    ],
    [
      2.8446011044161,
      3.0293348129999385
    ],
    [
      2.6323408224307614,
      2.902462841468013
    ],
    [
      2.42112893612149,
      2.8394049060235207
    ],
    [
      2.3184012325644114,
      2.664439216878423
    ],
    [
      2.1677095580300945,
      2.518716272858368
    ],
    [
      1.8823254268490233,
      2.340811148700197
    ],
    [
      1.790800587149387,
      2.156218431326608
    ],
    [
      1.4883087562528639,
      1.9502577540451422
    ],
    [
      1.4117407521426801,
      1.8500297528953964
    ],
    [
      1.3637757843902103,
      1.7116075481889783
    ],
    [
      1.081329984774188,
      1.529121767133624
    ],
    [
      0.8933503182503071,
      1.3750518674401335
    ],
    [
      0.7451587666786678,
      1.1233713163422638
    ],
    [
      0.5637652946211092,
      0.9985554507485274
    ],
    [
      0.45105585659500347,
      0.9333219166405632
    ],
    [
      0.22891083653271235,
      0.7284503032089384
    ],
    [
      0.050337899483379515,
      0.5426990205538829
    ],
    [
      -0.09193768984263515,
      0.3996325547221811
    ],
    [
      -0.20377102912184542,
      0.35219047735066655
    ],
    [
      -0.2990692531197537,
      0.21724745173855745
    ],
    [
      -0.43997223368790583,
      -0.03749085049330146
    ],
    [
      -0.5201456269748003,
      -0.029199389358925083
    ],
    [
      -0.6149084258175037,
      -0.17553182638712184
    ],
    [
      -0.8698367134428572,
      -0.2729357533335074
    ],
    [
      -0.9342942698997512,
      -0.38111397296910376
    ],
    [
      -0.9422043865594399,
      -0.5825024239393422
    ],
    [
      -1.0549423971448868,
      -0.6033426489121703
    ],
    [
      -1.100179699528967,
      -0.7855284009346568
    ],
    [
      -1.1134927577026776,
      -0.8318964916609196
    ],
    [
      -1.1618586204274137,
      -0.7618014909887114
    ],
    [
      -1.2164605932519603,
      -0.9620637417870096
    ],
    [
      -1.123658218748637,
      -0.9355424662208749
    ],
    [
      -1.1905057413162858,
      -0.992744189066795
    ],
    [
      -1.264624610269948,
      -1.1421285971579413
    ],
    [
      -1.2382041288189944,
      -1.0110998961121118
    ],
    [
      -1.1671673684795534,
      -1.1967055988975384
    ],
    [
      -1.0800655003573252,
      -1.1101480228531422
    ],
    [
      -1.0688554963890995,
      -1.0085287731547403
    ],
    [
      -0.9515381418606288,
      -1.1312779960335915
    ],
    [
      -1.0119527181876695,
      -1.1043526329570048
    ],
    [
      -0.8272451279890533,
      -1.049877599363304
    ],
    [
      -0.7713021117389735,
      -1.149588367511541
    ],
    [
      -0.7459299012789126,
      -1.0293323567660437
    ],
    [
      -0.5782791948425876,
      -0.9503712682354415
    ],
    [
      -0.5458290828277661,
      -0.9012986360391373
    ],
    [
      -0.2841270864031503,
      -0.8270954318440621
    ],
    [
      -0.19706917756075976,
      -0.8195156624801739
    ],
    [
      -0.16698223375465063,
      -0.7115989943491356
    ]
  ],
  "complexity": 0.3731330241976644
}