{
  "id": 1998,
  "wedge_count": 5,
  "parameters": {
    "rotation_speeds": [
      2.7400186884710047,
      -1.484928393434256,
      2.273770563688183,
      2.9221009630515553,
      1.9950512142316459
    ],
    "phi_x": [
      11.990768900819315,
      14.847618856954593,
      3.538250144837903,
      13.947805268604064,
      10.10320258059263
    ],
    "phi_y": [
      4.681966324933505,
      -10.86922604437027,
      -5.130652249133645,
      -6.7763404900676605,
      9.64770514616739
    ],
    "distances": [
      1.0,
      5.773120185416108,
      3.973536161065751,
      7.4623195165154295,
      7.862054659799388,
      4.058135176149376
    ],
    "refractive_indices": [
      1.0,
      1.5,
      1.5,
      1.5,
      1.5,
      1.5,
      1.0
    ],
    "wedgenum": 5
  },
  "pattern": [
    [
      4.256461464923539,
      4.31015941701775
    ],
    [
      4.3970651202024955,
      4.282390463428899
    ],
    [
      4.261327179674102,
      4.30943998796546
    ],
    [
      4.211643603154586,
      4.31375282172578
    ],
    [
      4.311996557113183,
      4.346686787834884
    ],
    [
      4.196676628040236,
      4.298980004655642
    ],
    [
      4.233061614239815,
      4.155629701131192
    ],
    [
      4.0254284520683745,
      4.109534613573412
    ],
    [
      3.9057894132343653,
      4.016006429414414
    ],
    [
      3.836209641909607,
      4.047001978123476
    ],
    [
      3.65403601354203,
      3.8892156494856374
    ],
    [
      3.6039241207140877,
      3.782530746614014
    ],
    [
      3.437662508671582,
      3.6630078995437905
    ],
    [
      3.311224975554736,
      3.4077331084702784
    ],
    [
      3.097565851943042,
      3.4738743654983453
    ],
    [
      2.949450494033781,
      3.3317022175442697
    ],
    [
      2.7165637729848138,
      3.180511200730722
    ],
    [
      2.620853820941449,
      3.0328704986503587
    ],
    [
      2.394025664162314,
      2.754398683563771
    ],
    [
      2.1346106557474855,
      2.613770725955617
    ],
    [
      1.854076323606773,
      2.521025199395368
    ],
    [
      1.6956467277691722,
      2.2955618620776375
    ],
    [
      1.442560173432092,
      2.126013635323064
    ],
    [
      1.2821201916910314,
      1.949871164344808
    ],
    [
      1.07659852686998,
      1.6720451289676592
    ],
    [
      0.8708117285984014,
      1.5641870968354141
    ],
    [
      0.5890040196935157,
      1.3321527053774718
    ],
    [
      0.3212320118512844,
      1.067314442065077
    ],
    [
      0.0321641024424439,
      0.8844807223562342
    ],
    [
      -0.15894892381694664,
      0.7178349246132063
    ],
    [
      -0.36703794297611925,
      0.30664521745368967
    ],
    [
      -0.6541051704243248,
      0.2665088306389046
    ],
    [
      -0.8029619403885866,
      0.1196485777042303
    ],
    [
      -1.1392160306571724,
      -0.2207935097842273
    ],
    [
      -1.2785330405373279,
      -0.3871251016133077
    ],
    [
      -1.5025038741086425,
      -0.5834422106253884
    ],
    [
      -1.8031021862540138,
      -0.7961494270454056
    ],
    [
      -1.8962895755996094,
      -1.1180442965282864
    ],
    [
      -2.1630334501436805,
      -1.3027011815040914
    ],
    [
      -2.273329741523801,
      -1.5123151438573925
    ],
    [
      -2.5287783404886457,
      -1.6209158879478123
    ],
    [
      -2.733076277842362,
      -1.866629164516855
    ],
    [
      -2.811454169045824,
      -2.024842093829382
    ],
    [
      -2.988747220014219,
      -2.314224955907997
    ],
    [
      -3.0580610598972724,
      -2.3386098910228554
    ],
    [
      -3.2092553141531086,
      -2.5409632228379495
    ],
    [
      -3.4088861578322875,
      -2.6277780317596617
    ],
    [
      -3.4591466539207394,
      -2.873448711697647
    ],
    [
      -3.6201686936970456,
      -3.0136796746160743
    ],
    [
      -3.690498208226227,
      -3.1188342754918685
    ],
    [
      -3.742841649665849,
      -3.3421004851240528
    ],
    [
      -3.7685951072032866,
      -3.367081352132665
    ],
    [
      -3.9275511333943163,
      -3.513561039252752
    ],
    [
      -3.948755293297384,
      -3.5655180663303985
    ],
    [
      -3.920580723687175,
      -3.5884323304980037
    ],
    [
      -3.977603299986702,
      -3.69519251736433
    ],
    [
      -3.88624569148767,
      -3.84954245435962
    ],
    [
      -3.910452271503807,
      -3.840887874682431
    ],
    [
      -3.868918672896134,
      -3.992295540304667
    ],
    [
      -3.8225650030016807,
      -3.9259033640585614
    ]
  ],
  "complexity": 0.4999149535423186
}