{
  "id": 4332,
  "wedge_count": 3,
  "parameters": {
    "rotation_speeds": [
      -2.0628080926004593,
      2.635600327293802,
      2.739313779837728
    ],
    "phi_x": [
      11.004617453591372,
      -14.82856143559548,
      12.453488137730332
    ],
    "phi_y": [
      0.9772041467900952,
      -13.195891672347255,
      2.412817725492598
    ],
    "distances": [
      1.0,
      3.500383103165742,
      3.5250785322142866,
      3.500959930197471
    ],
    "refractive_indices": [
      1.0,
      1.5,
      1.5,
      1.5,
      1.0
    ],
    "wedgenum": 3
  },
  "pattern": [
    [
      2.804808157351277,
      2.7075029954863097
    ],
    [
      2.867177832638307,
      2.6699448575606066
    ],
    [
      2.7832493905747726,
      2.740711571668512
    ],
    [
      2.753127316925715,
      2.7666507349381506
    ],
    [
      2.7187067987142037,
      2.776766601769089
    ],
    [
      2.7645451700952446,
      2.8499882402498278
    ],
    [
      2.6643558421448135,
      2.708596549607816
    ],
    [
      2.640509250013692,
      2.786632247463674
    ],
    [
      2.5933905047126604,
      2.801107693805351
    ],
    [
      2.6044220137084215,
      2.672121755088031
    ],
    [
      2.4797932727079397,
      2.606332668808918
    ],
    [
      2.3438734013115248,
      2.592768111446054
    ],
    [
      2.37122760775317,
      2.5513036310145067
    ],
    [
      2.242673329356721,
      2.417379821614147
    ],
    [
      2.0922571281181033,
      2.2214755633248973
    ],
    [
      2.007210232080285,
      2.2134727587052963
    ],
    [
      1.843119816834207,
      2.030825305231998
    ],
    [
      1.7415591053117219,
      1.999692562400655
    ],
    [
      1.6118249118190806,
      1.888337878613117
    ],
    [
      1.3854506335184564,
      1.830485627982605
    ],
    [
      1.2351162035081256,
      1.5737801925375121
    ],
    [
      1.1298236904449428,
      1.4816942507409914
    ],
    [
      0.9174055572385577,
      1.3115110702620396
    ],
    [
      0.7684813574668717,
      1.1506662723904002
    ],
    [
      0.4768741337186304,
      1.0069979886930185
    ],
    [
      0.42081429830298667,
      0.922521458802701
    ],
    [
      0.24132819635898714,
      0.788600139158828
    ],
    [
      0.03403350971047734,
      0.6609651666938466
    ],
    [
      -0.1233621319390927,
      0.45060269216610455
    ],
    [
      -0.3633705414384842,
      0.20363366547610937
    ],
    [
      -0.5935675135368139,
      0.0543382382101871
    ],
    [
      -0.6981683843282899,
      -0.14828649165384658
    ],
    [
      -0.8587712087408994,
      -0.20997029807548506
    ],
    [
      -1.126305101230409,
      -0.4381716293695982
    ],
    [
      -1.2425072741798902,
      -0.645427442027557
    ],
    [
      -1.4043577708111217,
      -0.7281948677658436
    ],
    [
      -1.5682595393320775,
      -1.0505203959219105
    ],
    [
      -1.7271232853482787,
      -1.1082779082786451
    ],
    [
      -1.8881005455113058,
      -1.195613562154527
    ],
    [
      -2.11510098441057,
      -1.3772264968666816
    ],
    [
      -2.1337314664850715,
      -1.5312293368245309
    ],
    [
      -2.335162629127,
      -1.7480243390997348
    ],
    [
      -2.4355012762766712,
      -1.9410852369180478
    ],
    [
      -2.526272011395708,
      -2.070546042903162
    ],
    [
      -2.625981838366312,
      -2.016962857057746
    ],
    [
      -2.691206321905625,
      -2.2225125285994447
    ],
    [
      -2.605001884590221,
      -2.3187820665662944
    ],
    [
      -2.835963827727588,
      -2.358412733960456
    ],
    [
      -2.9117088701952776,
      -2.4999249204741436
    ],
    [
      -2.8992537821266002,
      -2.6127438734909902
    ],
    [
      -2.986679582710724,
      -2.7739794646602136
    ],
    [
      -2.891423380010186,
      -2.726259771938975
    ],
    [
      -2.955105123550924,
      -2.8677440911712
    ],
    [
      -2.900033320053905,
      -2.794497318581742
    ],
    [
      -2.908396710270843,
      -2.96085454970883
    ],
    [
      -2.897611634440599,
      -2.9409240200471736
    ],
    [
      -2.9108378148479477,
      -2.916379879081784
    ],
    [
      -2.7120379504736274,
      -2.919544592213269
    ],
    [
      -2.686944457774356,
      -2.9918007884229536
    ],
    [
      -2.5974651395817325,
      -3.0004770774927274
    ]
  ],
  "complexity": 0.4088122291293217
}