{
  "id": 856,
  "wedge_count": 4,
  "parameters": {
    "rotation_speeds": [
      2.292623534486033,
      2.1612307365393137,
      1.2575514477432268,
      1.7464211346896565
    ],
    "phi_x": [
      9.215198990885764,
      -5.911127087280795,
      -2.2019660257695826,
      13.58634827830739
    ],
    "phi_y": [
      -6.540584967488034,
      4.482155087734551,
      6.962564587250647,
      -11.790313092828171
    ],
    "distances": [
      1.0,
      6.715486435144793,
      2.3295231105011753,
      6.164390939040184,
      3.1929288281032147
    ],
    "refractive_indices": [
      1.0,
      1.5,
      1.5,
      1.5,
      1.5,
      1.0
    ],
    "wedgenum": 4
  },
  "pattern": [
    [
      2.692673386913629,
      2.6284460806132306
    ],
    [
      2.7353854501465347,
      2.573585980024679
    ],
    [
      2.768709103630251,
      2.6898141275882077
    ],
    [
      2.7704153450779576,
      2.8166414580349337
    ],
    [
      2.764720091574067,
      2.822125476937175
    ],
    [
      2.8435993451039745,
      2.890311875365594
    ],
    [
      2.946319125496389,
      2.83505984113437
    ],
    [
      2.889185921947313,
      2.872423519925486
    ],
    [
      2.824814063861605,
      2.9627789047774615
    ],
    [
      2.919084244554469,
      2.985657646043011
    ],
    [
      2.917973839281316,
      2.9463896262008062
    ],
    [
      2.783063292673038,
      2.94336024488709
    ],
    [
      2.8004781343698335,
      2.8959366059166856
    ],
    [
      2.777905400082807,
      2.810901797813578
    ],
    [
      2.669495945284752,
      2.8411915453731016
    ],
    [
      2.6531029421724535,
      2.7797255755714416
    ],
    [
      2.549635960653966,
      2.6945559719396233
    ],
    [
      2.4797731182213214,
      2.6647077028342627
    ],
    [
      2.2727003947915567,
      2.660701730678707
    ],
    [
      2.2366363821162434,
      2.412592960283817
    ],
    [
      2.029785910976087,
      2.3578343504140133
    ],
    [
      2.022641442519749,
      2.3595028335193837
    ],
    [
      1.7719644948194855,
      2.188114082597447
    ],
    [
      1.6699654625652673,
      2.10143542700697
    ],
    [
      1.7104822299822107,
      2.0001399185909765
    ],
    [
      1.3663725765300143,
      1.9461999392812022
    ],
    [
      1.2840936875979194,
      1.7710175911733748
    ],
    [
      1.1841525616616388,
      1.5464493136118838
    ],
    [
      0.8666870469103427,
      1.4303021017139035
    ],
    [
      0.733339859259486,
      1.3128861381303965
    ],
    [
      0.5994229328805087,
      1.163591640931082
    ],
    [
      0.4792025232262318,
      0.9894243083297893
    ],
    [
      0.341863337764042,
      0.915849829631746
    ],
    [
      0.11310355004684933,
      0.7531509791777391
    ],
    [
      0.044677460544150865,
      0.6304326748980742
    ],
    [
      -0.290615302744235,
      0.38139270045166407
    ],
    [
      -0.4170710852025905,
      0.2528244231144896
    ],
    [
      -0.6527967198091547,
      0.07245675680881672
    ],
    [
      -0.7170083518716686,
      -0.05281593756053212
    ],
    [
      -0.9815738392945906,
      -0.2529096036112192
    ],
    [
      -1.0425460928366137,
      -0.4107071837568583
    ],
    [
      -1.2778089674538984,
      -0.4816234946615431
    ],
    [
      -1.3755233485238734,
      -0.6336196130919313
    ],
    [
      -1.6393793831269448,
      -0.8985815801710353
    ],
    [
      -1.7079286062223313,
      -1.0115261261342716
    ],
    [
      -1.8127076830767335,
      -1.088416332298237
    ],
    [
      -1.9531616222064911,
      -1.3305860029645424
    ],
    [
      -2.1060720677881815,
      -1.3909975802949548
    ],
    [
      -2.192680871346078,
      -1.5596417210772764
    ],
    [
      -2.300822607608339,
      -1.7084257257625404
    ],
    [
      -2.418261964714856,
      -1.8089781666788312
    ],
    [
      -2.5475077168504,
      -1.8925474501892978
    ],
    [
      -2.541178359776287,
      -2.0635916453455034
    ],
    [
      -2.5770554580872718,
      -2.034864520350969
    ],
    [
      -2.6157439175152803,
      -2.154536662239537
    ],
    [
      -2.6714977115278566,
      -2.277050737319319
    ],
    [
      -2.742010005289316,
      -2.4095788830064513
    ],
    [
      -2.7701765710195505,
      -2.423633422897654
    ],
    [
      -2.7406680921173776,
      -2.5358934232150667
    ],
    [
      -2.782035551575276,
      -2.614484900326773
    ]
  ],
  "complexity": 0.4205290580490053
}