{
  "id": 716,
  "wedge_count": 6,
  "parameters": {
    "rotation_speeds": [
      -0.49608447936582056,
      0.975131478462476,
      2.312149096367291,
      1.670454629729785,
      0.7130405111135412,
      2.102893147185501
    ],
    "phi_x": [
      -6.704279701562323,
      -1.6913932603343067,
      -12.445108177201309,
      -11.32131297801271,
      3.9074236952300687,
      -9.163294768573927
    ],
    "phi_y": [
      -14.039230731443087,
      -10.430839329671931,
      -14.252541597805626,
      4.9315514304859285,
      -9.3969040136518,
      9.11905455274081
    ],
    "distances": [
      1.0,
      6.6662134677293,
      5.743808985585108,
      2.6471941244048356,
      4.021667905406986,
      3.140851664322533,
      4.288036473362744
    ],
    "refractive_indices": [
      1.0,
      1.5,
      1.5,
      1.5,
      1.5,
      1.5,
      1.5,
      1.0
    ],
    "wedgenum": 6
  },
  "pattern": [
    [
      4.254198813329067,
      4.1409890205525794
    ],
    [
      4.221353885286872,
      4.2703259647915255
    ],
    [
      4.313738402081408,
      4.273018854708918
    ],
    [
      4.349578874934553,
      4.321597051536732
    ],
    [
      4.1330791775467555,
      4.291895604703071
    ],
    [
      4.2384043776829765,
      4.2820531705540725
    ],
    [
      4.21860198887284,
      4.292858641878362
    ],
    [
      4.241500093185862,
      4.227971277948665
    ],
    [
      4.0478981351761805,
      4.190735253328278
    ],
    [
      4.131893435699567,
      4.109116479518533
    ],
    [
      4.043673126339799,
      4.031673826150208
    ],
    [
      3.8163181618068234,
      4.036358918846975
    ],
    [
      3.761275368944319,
      3.960360932413493
    ],
    [
      3.6160413969072436,
      3.9156285878299095
    ],
    [
      3.495683870836391,
      3.73379194582049
    ],
    [
      3.2937075790254893,
      3.6742144765881406
    ],
    [
      3.2622625097038167,
      3.5332974204490504
    ],
    [
      3.0155854419698045,
      3.37589340233228
    ],
    [
      2.908976630811552,
      3.292405543458825
    ],
    [
      2.674266232158821,
      3.197319521454828
    ],
    [
      2.4753618439873937,
      3.0597687398082134
    ],
    [
      2.2944774381775748,
      2.8777875822523358
    ],
    [
      2.0942671890659144,
      2.735652686231681
    ],
    [
      1.9162491691350778,
      2.6014006566979315
    ],
    [
      1.6809608173540727,
      2.37709460098926
    ],
    [
      1.4205193580522684,
      2.127092959743291
    ],
    [
      1.2971180908187416,
      2.0926855947068232
    ],
    [
      1.0606099061636085,
      1.8302880090070361
    ],
    [
      0.819090354228045,
      1.6253032032838892
    ],
    [
      0.6751047770204442,
      1.5232149783885554
    ],
    [
      0.4283030486171537,
      1.2059867838804574
    ],
    [
      0.23737819055499876,
      1.09461529897028
    ],
    [
      0.046246691730394696,
      0.8828056194905236
    ],
    [
      -0.20700495314521383,
      0.720991070196346
    ],
    [
      -0.3674542464922936,
      0.48293579383153445
    ],
    [
      -0.5531527616335195,
      0.248954513023954
    ],
    [
      -0.7946039763923475,
      0.029705414558068022
    ],
    [
      -0.9365092390548385,
      -0.03929271128854162
    ],
    [
      -1.083697782194966,
      -0.28796317192940263
    ],
    [
      -1.3035513455498449,
      -0.4580894670870565
    ],
    [
      -1.474010554799993,
      -0.7168146347480636
    ],
    [
      -1.6318329976453825,
      -0.8068597591134316
    ],
    [
      -1.6439954255839515,
      -1.019736507109325
    ],
    [
      -1.8208855015362482,
      -1.1669982608364176
    ],
    [
      -1.9748299083700982,
      -1.3393217998505786
    ],
    [
      -2.05250935336951,
      -1.4590479249576251
    ],
    [
      -2.19258603839592,
      -1.547359595357388
    ],
    [
      -2.1673193564461144,
      -1.7649567752885778
    ],
    [
      -2.270526192868865,
      -1.828260830956398
    ],
    [
      -2.3254518671319713,
      -2.012693046777017
    ],
    [
      -2.32948253927706,
      -2.0621568910825334
    ],
    [
      -2.3723231815673653,
      -2.0850968979909648
    ],
    [
      -2.5319971382930078,
      -2.2131181222967045
    ],
    [
      -2.614242084834073,
      -2.271886650340333
    ],
    [
      -2.4423137615154293,
      -2.2786914460815915
    ],
    [
      -2.5336198090064457,
      -2.3792806116944365
    ],
    [
      -2.4619824065214364,
      -2.4010087748193905
    ],
    [
      -2.386996413156947,
      -2.610830911244004
    ],
    [
      -2.2913347041446577,
      -2.461971075848321
    ],
    [
      -2.265804113558938,
      -2.496029247344259
    ]
  ],
  "complexity": 0.4422570680135471
}