{
  "id": 4688,
  "wedge_count": 3,
  "parameters": {
    "rotation_speeds": [
      -1.6381210899559084,
      -2.5922703374658393,
      2.6250893084686204
    ],
    "phi_x": [
      -13.096906801195559,
      -14.625256272814685,
      4.685839129648151
    ],
    "phi_y": [
      -4.855022023759744,
      11.641683911583396,
      -6.05609908514287
    ],
    "distances": [
      1.0,
      3.6934565339081873,
      3.3971009214858263,
      2.8308675839312247
    ],
    "refractive_indices": [
      1.0,
      1.5,
      1.5,
      1.5,
      1.0
    ],
    "wedgenum": 3
  },
  "pattern": [
    [
      2.437347924807274,
      2.443471249280068
    ],
    [
      2.465605942685762,
      2.4639928200514385
    ],
    [
      2.388559919263213,
      2.3821214888328845
    ],
    [
      2.3245970745846756,
      2.325129985654489
    ],
    [
      2.226631478332781,
      2.2817205628894346
    ],
    [
      2.193768523646255,
      2.143832576569036
    ],
    [
      2.1531718729835676,
      2.1910884849174717
    ],
    [
      1.9385688053091634,
      1.9857054367458553
    ],
    [
      1.963448089656515,
      1.8917489124335114
    ],
    [
      1.7548295863972911,
      1.803282912431397
    ],
    [
      1.712990317994118,
      1.7547106225060383
    ],
    [
      1.6051164819563872,
      1.635830499746219
    ],
    [
      1.422453741377958,
      1.536858306255344
    ],
    [
      1.3461491424933036,
      1.3434352225078365
    ],
    [
      1.0960864076513934,
      1.1993526849261031
    ],
    [
      1.0852981743477073,
      1.1179450757141844
    ],
    [
      0.9199848331740628,
      1.033233810150415
    ],
    [
      0.8285048298416395,
      0.945744989535694
    ],
    [
      0.5674276541035724,
      0.8152648228467451
    ],
    [
      0.44400483971549193,
      0.7682917960306948
    ],
    [
      0.26869924087359365,
      0.6032151586193888
    ],
    [
      0.21952683396585945,
      0.46518357130664606
    ],
    [
      0.06947747070598359,
      0.33431973748764665
    ],
    [
      -0.11420041753743435,
      0.09939955459392096
    ],
    [
      -0.22828906710399138,
      0.1292422592379407
    ],
    [
      -0.2877982085658026,
      -0.1064365670892646
    ],
    [
      -0.6407132929063195,
      -0.23029779257142446
    ],
    [
      -0.674522416840357,
      -0.3220877275919118
    ],
    [
      -0.9063708787022356,
      -0.4360956704996515
    ],
    [
      -0.9521273477845372,
      -0.5673327723514215
    ],
    [
      -1.0007263179125203,
      -0.7252329176506285
    ],
    [
      -1.1977688526255685,
      -0.7909831946351832
    ],
    [
      -1.290986003384851,
      -0.8387223682879269
    ],
    [
      -1.3483167671305205,
      -1.0794858607954427
    ],
    [
      -1.4897464880391007,
      -1.1012387957666547
    ],
    [
      -1.5765967836126076,
      -1.1999735938828182
    ],
    [
      -1.641653760131206,
      -1.3409766561247272
    ],
    [
      -1.7736913669733718,
      -1.3826830306084272
    ],
    [
      -1.7741145668091893,
      -1.4077458982203233
    ],
    [
      -1.896410846619204,
      -1.5863221801584126
    ],
    [
      -1.985009565437425,
      -1.5595780537668236
    ],
    [
      -1.9693660312468593,
      -1.6862817186695038
    ],
    [
      -1.9822320594142784,
      -1.765203115687092
    ],
    [
      -1.9924280818863802,
      -1.8422833223294952
    ],
    [
      -2.0557569584286197,
      -1.917187685160461
    ],
    [
      -2.007707511210134,
      -1.951799359646835
    ],
    [
      -2.0290197555673126,
      -1.9336703188412903
    ],
    [
      -2.1076396248526197,
      -2.011019247013701
    ],
    [
      -2.0592674196787373,
      -1.9741799277688115
    ],
    [
      -2.0292351655092222,
      -1.9645787076541368
    ],
    [
      -2.056366053758712,
      -2.0969434926651185
    ],
    [
      -1.8831905085934122,
      -1.984538143921284
    ],
    [
      -1.8457935930255966,
      -2.031757223000937
    ],
    [
      -1.9411140931737432,
      -1.9398886131662352
    ],
    [
      -1.8793944108663674,
      -2.003066326948936
    ],
    [
      -1.8105599719304133,
      -2.094400689763287
    ],
    [
      -1.840184207996779,
      -1.926546139676083
    ],
    [
      -1.6348134014428402,
      -1.9612715395447566
    ],
    [
      -1.4794739368649619,
      -1.9424528641378498
    ],
    [
      -1.473737135520523,
      -1.8782957661045074
    ]
  ],
  "complexity": 0.3632407881303423
}