{
  "id": 600,
  "wedge_count": 6,
  "parameters": {
    "rotation_speeds": [
      -1.7816003047832862,
      -1.5239892618783881,
      1.4334844265448776,
      -0.5368405237958518,
      2.3434234651373504,
      -0.030806466871485583
    ],
    "phi_x": [
      7.454725132186084,
      10.279013948171666,
      1.6406211565957136,
      -6.379864855369711,
      -5.438943941131573,
      9.43578189025903
    ],
    "phi_y": [
      -8.58607558256471,
      3.219533733179528,
      -11.32621381612503,
      3.543216981271982,
      -1.7938386183351298,
      0.6807538924420324
    ],
    "distances": [
      1.0,
      5.707056080253473,
      5.561534036770709,
      7.96624963484148,
      6.071753900392242,
      2.773694022083579,
      5.7762063255061555
    ],
    "refractive_indices": [
      1.0,
      1.5,
      1.5,
      1.5,
      1.5,
      1.5,
      1.5,
      1.0
    ],
    "wedgenum": 6
  },
  "pattern": [
    [
      2.842551019621684,
      2.782167597319705
    ],
    [
      2.8689995076639137,
      2.8866688996151453
    ],
    [
      2.797757262281907,
      2.91252497611053
    ],
    [
      2.7303630975127464,
      2.789604090756996
    ],
    [
      2.7751110196457085,
      2.763714064625373
    ],
    [
      2.7646363176298094,
      2.73369522137497
    ],
    [
      2.5983450020528656,
      2.695659207405068
    ],
    [
      2.621490963160542,
      2.6882369206487993
    ],
    [
      2.599033156204212,
      2.521741003258478
    ],
    [
      2.4459697737532826,
      2.568378522441201
    ],
    [
      2.390837717273198,
      2.4640686532898126
    ],
    [
      2.379885118436455,
      2.480862449591389
    ],
    [
      2.3302140944034875,
      2.428993501281388
    ],
    [
      2.306896406995914,
      2.332716581419602
    ],
    [
      2.117459272255289,
      2.443418861764195
    ],
    [
      2.107188733470932,
      2.323508618288687
    ],
    [
      2.031703106804429,
      2.1667229277893503
    ],
    [
      1.923528479814315,
      2.0996191859541793
    ],
    [
      1.9254110309969306,
      1.978422505905285
    ],
    [
      1.7464674116027028,
      2.00077479980519
    ],
    [
      1.6317854617450644,
      1.8230975815783983
    ],
    [
      1.616824954590507,
      1.7253922840221387
    ],
    [
      1.470553625051231,
      1.638817669777818
    ],
    [
      1.4287348130322104,
      1.6726436796453756
    ],
    [
      1.2924391015032528,
      1.473502768453952
    ],
    [
      1.151831862414157,
      1.5280412806224861
    ],
    [
      1.1768805176230062,
      1.3156194831765724
    ],
    [
      0.961954020295723,
      1.2689838515339211
    ],
    [
      0.9942707371608848,
      1.1775799578812147
    ],
    [
      0.9119106920044542,
      1.098145903371314
    ],
    [
      0.722383957375103,
      1.0955434811763045
    ],
    [
      0.6936039840972656,
      1.0243809435278795
    ],
    [
      0.6348661055218291,
      0.9228898695531996
    ],
    [
      0.4841217236403414,
      0.7716327086107756
    ],
    [
      0.4635604273581327,
      0.7403028138779539
    ],
    [
      0.38400131291484074,
      0.7133477970056755
    ],
    [
      0.3539115116167362,
      0.6234550094701022
    ],
    [
      0.24854082816396705,
      0.5807935598302064
    ],
    [
      0.14265928358593338,
      0.44242136536006826
    ],
    [
      0.19811231709929839,
      0.4273113436514203
    ],
    [
      -0.0025509194435590563,
      0.3581551534617713
    ],
    [
      -0.038899649833487905,
      0.29224817678460513
    ],
    [
      -0.10570139700638387,
      0.19681165130345524
    ],
    [
      -0.09322379297972963,
      0.21759945140513254
    ],
    [
      -0.12185598373961559,
      0.12328732334550103
    ],
    [
      -0.1801115940711589,
      0.08720655124028573
    ],
    [
      -0.2379645721247625,
      0.024266598314268112
    ],
    [
      -0.23767768445087128,
      -0.06319257965460456
    ],
    [
      -0.29790009608271195,
      -0.07070783299873587
    ],
    [
      -0.30604946167483965,
      -0.14473706600413078
    ],
    [
      -0.35086162560830536,
      -0.16018495175672462
    ],
    [
      -0.3762526661379697,
      -0.23669165188204022
    ],
    [
      -0.35034042511233715,
      -0.26275704195622834
    ],
    [
      -0.409775285797116,
      -0.22273586841461634
    ],
    [
      -0.468704549412931,
      -0.25937868828397725
    ],
    [
      -0.37090293338289776,
      -0.3375240853390884
    ],
    [
      -0.4012295126220653,
      -0.3616055336443359
    ],
    [
      -0.3873897912629854,
      -0.2908735447413195
    ],
    [
      -0.4822955078526168,
      -0.31507906832673277
    ],
    [
      -0.41398038183711916,
      -0.42202717245481586
    ]
  ],
  "complexity": 0.3193081844152797
}