{
  "id": 4318,
  "wedge_count": 6,
  "parameters": {
    "rotation_speeds": [
      0.9921612889199785,
      2.878686567454986,
      1.2718875166999108,
      0.8158974900331772,
      -2.12454349677815,
      2.040988859827774
    ],
    "phi_x": [
      14.044422467259988,
      -12.653218766279643,
      -12.589179758132762,
      6.592430468143263,
      8.899666046422912,
      8.518612648093146
    ],
    "phi_y": [
      3.963495411954515,
      5.380599450984899,
      -11.847454527481174,
      -9.025143005296933,
      0.554403471708838,
      -12.632507811135234
    ],
    "distances": [
      1.0,
      3.124639950503761,
      4.466212301656804,
      2.6083416251749085,
      4.104897125424265,
      6.702215397914335,
      6.698428610931413
    ],
    "refractive_indices": [
      1.0,
      1.5,
      1.5,
      1.5,
      1.5,
      1.5,
      1.5,
      1.0
    ],
    "wedgenum": 6
  },
  "pattern": [
    [
      5.221381905698912,
      5.067175142213353
    ],
    [
      5.16870418357048,
      5.2099108972173
    ],
    [
      5.252469509873716,
      5.289042156751941
    ],
    [
      5.361315616179174,
      5.287081161320229
    ],
    [
      5.280868406588732,
      5.37547470459881
    ],
    [
      5.345311733944621,
      5.3563561476807235
    ],
    [
      5.351632520634325,
      5.406993732167722
    ],
    [
      5.356746506874481,
      5.474437942813161
    ],
    [
      5.274154818738913,
      5.445776770861023
    ],
    [
      5.282351814562465,
      5.418281387597623
    ],
    [
      5.275339847355163,
      5.321437508968021
    ],
    [
      5.208244740046983,
      5.292800594705889
    ],
    [
      5.129679885845642,
      5.228119311645364
    ],
    [
      5.060731803029546,
      5.268551453309104
    ],
    [
      5.049320728603914,
      5.14676193848203
    ],
    [
      4.9178671238105025,
      5.107893361497313
    ],
    [
      4.771127593091932,
      5.055258295307911
    ],
    [
      4.70500521892614,
      4.975357483093288
    ],
    [
      4.5811203957735325,
      4.890263951909028
    ],
    [
      4.428588752338085,
      4.740766301191282
    ],
    [
      4.394954732483619,
      4.749189293621933
    ],
    [
      4.094550964206749,
      4.522330985654412
    ],
    [
      3.9821954697585857,
      4.384575493030714
    ],
    [
      3.9473323690135778,
      4.3407057392347665
    ],
    [
      3.735970017390167,
      4.254355465666167
    ],
    [
      3.650736722497521,
      3.9859418708767858
    ],
    [
      3.4316311089815894,
      3.9851247143657007
    ],
    [
      3.217704107810433,
      3.8746653678024723
    ],
    [
      3.104869272506398,
      3.661259246930995
    ],
    [
      2.8596702374891074,
      3.5043754658298196
    ],
    [
      2.760158514530259,
      3.4011057705570296
    ],
    [
      2.460410987265297,
      3.22043164802904
    ],
    [
      2.450198751841171,
      3.0843787567649583
    ],
    [
      2.1369726247268823,
      2.873420338601272
    ],
    [
      2.013169334994655,
      2.7642230739454425
    ],
    [
      1.87624965335641,
      2.61861943865081
    ],
    [
      1.6991125885565657,
      2.4405394312467092
    ],
    [
      1.4550773410220044,
      2.2359184753209163
    ],
    [
      1.2130270601183804,
      2.1663081546492506
    ],
    [
      1.0494065992405397,
      1.929875071396748
    ],
    [
      0.9434437641545028,
      1.7145180708751098
    ],
    [
      0.8612788967466127,
      1.6092077130008626
    ],
    [
      0.5707932942127739,
      1.4734742268030332
    ],
    [
      0.47927836685318936,
      1.2271015158772185
    ],
    [
      0.38584073175660916,
      1.1699479594973623
    ],
    [
      0.23385728748461498,
      0.9431589825605087
    ],
    [
      0.008488098916170353,
      0.8802260068892629
    ],
    [
      -0.10770552216056609,
      0.6480841789738889
    ],
    [
      -0.28795851538267103,
      0.570996833155818
    ],
    [
      -0.3638165447716237,
      0.391529207893046
    ],
    [
      -0.5678791402460364,
      0.25405986563917016
    ],
    [
      -0.6552445747611632,
      -0.008928649010145534
    ],
    [
      -0.7543837094032746,
      -0.08130151062342378
    ],
    [
      -0.9817330774510764,
      -0.19660222981016254
    ],
    [
      -0.8486256391600191,
      -0.2661364197944302
    ],
    [
      -1.0500602078804713,
      -0.3852658686477543
    ],
    [
      -1.0879300349127417,
      -0.6242212167399335
    ],
    [
      -1.1384426202713527,
      -0.5293550907488306
    ],
    [
      -1.2461630262661472,
      -0.7529630902997888
    ],
    [
      -1.3792518500151925,
      -0.8248652308710149
    ]
  ],
  "complexity": 0.45745182540863777
}