{
  "id": 2396,
  "wedge_count": 3,
  "parameters": {
    "rotation_speeds": [
      2.3836268992538887,
      0.18934362429545049,
      2.6015181983369446
    ],
    "phi_x": [
      10.207895255320075,
      0.9491318245610589,
      9.00432505214425
    ],
    "phi_y": [
      -0.3089970092647665,
      -10.460046980878335,
      7.578955136399948
    ],
    "distances": [
      1.0,
      2.312322491594273,
      3.715446287249929,
      5.11166815932429
    ],
    "refractive_indices": [
      1.0,
      1.5,
      1.5,
      1.5,
      1.0
    ],
    "wedgenum": 3
  },
  "pattern": [
    [
      1.6381130683012506,
      1.5828430463739143
    ],
    [
      1.7218931308944656,
      1.5765276061143743
    ],
    [
      1.6993089760236677,
      1.6048207651788087
    ],
    [
      1.7418645794560845,
      1.6065944813674613
    ],
    [
      1.7695280162371307,
      1.727657558570829
    ],
    [
      1.747871502438304,
      1.6450580611683725
    ],
    [
      1.5976086723549108,
      1.645435131169238
    ],
    [
      1.5801004891346555,
      1.808697362869654
    ],
    [
      1.559831715237202,
      1.7317336917987507
    ],
    [
      1.6086785005106885,
      1.6138948159629463
    ],
    [
      1.6425199837434477,
      1.5576920588205387
    ],
    [
      1.5047139997311239,
      1.534627470990062
    ],
    [
      1.3828057228827202,
      1.5337015097808995
    ],
    [
      1.4202101053076497,
      1.4054108659881308
    ],
    [
      1.3819664801272804,
      1.3480003109841412
    ],
    [
      1.268824091583523,
      1.4269289858760306
    ],
    [
      1.2384651430770803,
      1.365894318518172
    ],
    [
      1.113025005735877,
      1.276536834568841
    ],
    [
      1.0690419708745542,
      1.2071354775904422
    ],
    [
      0.9102290871115085,
      1.1913911858531603
    ],
    [
      0.8839915520740498,
      1.033734493808895
    ],
    [
      0.8183223920404517,
      0.9785418424219459
    ],
    [
      0.7051427362557166,
      0.9063344258999911
    ],
    [
      0.6342426771314446,
      0.8291073941373852
    ],
    [
      0.479799283867517,
      0.7131701588832319
    ],
    [
      0.4192711730143606,
      0.6433437505960392
    ],
    [
      0.32409856991425456,
      0.5530220625194544
    ],
    [
      0.12662681109540022,
      0.49290345230684424
    ],
    [
      0.08420002174882718,
      0.4758541292386105
    ],
    [
      0.061762259785990446,
      0.2889592816807758
    ],
    [
      -0.133794517273933,
      0.17147827482334155
    ],
    [
      -0.23090200458068197,
      0.20650396941461688
    ],
    [
      -0.17112027718427852,
      0.15258896881364226
    ],
    [
      -0.32714821041329867,
      -0.005836913633256315
    ],
    [
      -0.5352381420694674,
      -0.13006930127441785
    ],
    [
      -0.5926651095008295,
      -0.2911018672370721
    ],
    [
      -0.6404118317937592,
      -0.3327568194418792
    ],
    [
      -0.7914365832083601,
      -0.4414921512427584
    ],
    [
      -0.7638942605805845,
      -0.40438075202181245
    ],
    [
      -0.8978316936402799,
      -0.6243261634484885
    ],
    [
      -0.9412279312800648,
      -0.7208804758667071
    ],
    [
      -1.040920284196941,
      -0.6841010706298941
    ],
    [
      -0.9650055972364211,
      -0.7375505829734275
    ],
    [
      -1.022354857001732,
      -0.8074356668759991
    ],
    [
      -1.094563940099063,
      -0.9677651542160528
    ],
    [
      -1.1546384308626392,
      -0.9147839774885983
    ],
    [
      -1.1545373543640505,
      -1.0280033091218226
    ],
    [
      -1.2595622284075885,
      -1.0858128509388598
    ],
    [
      -1.1825463287862548,
      -1.0354720927588241
    ],
    [
      -1.3335795341046914,
      -1.126448164235987
    ],
    [
      -1.1081814696887307,
      -1.1428623934976423
    ],
    [
      -1.1626439978910672,
      -1.1493623401529414
    ],
    [
      -1.22452158310263,
      -1.2920706420320436
    ],
    [
      -1.0915590194627942,
      -1.2092370552907767
    ],
    [
      -1.1969682741704968,
      -1.213436668652571
    ],
    [
      -1.0584207047130254,
      -1.218873927463342
    ],
    [
      -1.1016878480684855,
      -1.3260467363293547
    ],
    [
      -1.0086731467959433,
      -1.2450507133467883
    ],
    [
      -0.9418273516829427,
      -1.119281168682215
    ],
    [
      -0.9119692457831065,
      -1.1782213430489308
    ]
  ],
  "complexity": 0.2695452700585927
}