{
  "id": 3827,
  "wedge_count": 5,
  "parameters": {
    "rotation_speeds": [
      2.6781183168892246,
      0.6138253025806977,
      -1.5459629908366983,
      -1.7302349837042488,
      1.9320464171077134
    ],
    "phi_x": [
      0.017439227723286876,
      8.171128766574704,
      2.798591066688722,
      0.9225132322429594,
      12.060098122904716
    ],
    "phi_y": [
      -12.891315630244376,
      -12.23889374807458,
      -8.304899534572538,
      -7.595072460114881,
      -9.050193549845453
    ],
    "distances": [
      1.0,
      5.831570110169887,
      7.879664329605235,
      5.860382039650694,
      7.175034331296904,
      7.06317476436172
    ],
    "refractive_indices": [
      1.0,
      1.5,
      1.5,
      1.5,
      1.5,
      1.5,
      1.0
    ],
    "wedgenum": 5
  },
  "pattern": [
    [
      2.491104704751062,
      2.4817061388084336
    ],
    [
      2.510104269538581,
      2.532459316679078
    ],
    [
      2.4872296997116154,
      2.5576953552485966
    ],
    [
      2.6415732343221303,
      2.4680729444499554
    ],
    [
      2.5908848630712997,
      2.4305497527238886
    ],
    [
      2.63424526245387,
      2.598334260924843
    ],
    [
      2.5930227275797035,
      2.523925945427108
    ],
    [
      2.5682624643757013,
      2.617706155358095
    ],
    [
      2.570025274041543,
      2.619382081425487
    ],
    [
      2.6779556102247257,
      2.4831363495453687
    ],
    [
      2.578901703828364,
      2.5545454354603065
    ],
    [
      2.436128636347252,
      2.541638887918255
    ],
    [
      2.387907456639216,
      2.5686978977690678
    ],
    [
      2.5153677807587975,
      2.5271684368417833
    ],
    [
      2.3666982723331054,
      2.566825894597826
    ],
    [
      2.318927687113111,
      2.4078850204306925
    ],
    [
      2.3253769805571234,
      2.4105543865375445
    ],
    [
      2.3036268730613867,
      2.3790724131222816
    ],
    [
      2.17220179434155,
      2.2377030271062415
    ],
    [
      2.1670516769079975,
      2.2461968969742596
    ],
    [
      1.974909052402823,
      2.145665436786883
    ],
    [
      2.026877856676915,
      2.088059326198739
    ],
    [
      1.8181531769521984,
      2.0413356377402203
    ],
    [
      1.7358112511453416,
      1.9536564006794546
    ],
    [
      1.6306292028745961,
      1.9083298564607172
    ],
    [
      1.5375189475403712,
      1.801177468504323
    ],
    [
      1.4229783851839675,
      1.663897591306868
    ],
    [
      1.295440646429019,
      1.6633293118096413
    ],
    [
      1.2091681048528453,
      1.4962735003301506
    ],
    [
      1.045514558309184,
      1.3660861293211146
    ],
    [
      0.8920010747357502,
      1.2436811017954628
    ],
    [
      0.7593024243645816,
      1.238617508318845
    ],
    [
      0.7017258733609253,
      1.0312304015318794
    ],
    [
      0.49918061270979147,
      0.930518858763611
    ],
    [
      0.2864065532826451,
      0.870936425513207
    ],
    [
      0.1862465628871482,
      0.7068742317266257
    ],
    [
      -0.07392289794814796,
      0.6291018735639747
    ],
    [
      -0.06616773694231011,
      0.556896328380645
    ],
    [
      -0.1426888165322282,
      0.405910303996575
    ],
    [
      -0.28344031433934397,
      0.18799411952787937
    ],
    [
      -0.4307301170834439,
      0.04250692722518061
    ],
    [
      -0.5000342557445142,
      -0.037929941865995215
    ],
    [
      -0.7167427578295626,
      -0.26490616256524313
    ],
    [
      -0.7901313692346122,
      -0.27447303654361377
    ],
    [
      -0.892685461011721,
      -0.36845146803826684
    ],
    [
      -1.1324034557256963,
      -0.5771562847689142
    ],
    [
      -1.1335672648097994,
      -0.5972248263835909
    ],
    [
      -1.2955787405045247,
      -0.7807934041367627
    ],
    [
      -1.3096479848845834,
      -0.9018191059017668
    ],
    [
      -1.4016090598915358,
      -1.0015012645829737
    ],
    [
      -1.5437239479357199,
      -1.0784829135957785
    ],
    [
      -1.6043651870580011,
      -1.149490677725086
    ],
    [
      -1.7096113497875258,
      -1.3076979056004019
    ],
    [
      -1.7078006699003365,
      -1.4009131729343511
    ],
    [
      -1.8626976731436193,
      -1.45930575395394
    ],
    [
      -1.8795912808492732,
      -1.5403118873079884
    ],
    [
      -1.934789114322865,
      -1.5636088630618203
    ],
    [
      -2.0134941393860957,
      -1.6087530569103181
    ],
    [
      -1.8909100002479748,
      -1.7252130390952765
    ],
    [
      -1.9983587248284584,
      -1.710848111196161
    ]
  ],
  "complexity": 0.3624551013507911
}