{
  "id": 4529,
  "wedge_count": 1,
  "parameters": {
    "rotation_speeds": [
      0.6047211404871775
    ],
    "phi_x": [
      10.152446342278335
    ],
    "phi_y": [
      -7.975639421201328
    ],
    "distances": [
      1.0,
      5.449648153042962
    ],
    "refractive_indices": [
      1.0,
      1.5,
      1.0
    ],
    "wedgenum": 1
  },
  "pattern": [
    [
      0.676101758492592,
      0.6881937585491792
    ],
    [
      0.7208606091335817,
      0.7145358092453943
    ],
    [
      0.7516189572141432,
      0.7438148599069053
    ],
    [
      0.7825773356168102,
      0.7725604239513371
    ],
    [
      0.8078051638815974,
      0.8023945743784852
    ],
    [
      0.8305246228637897,
      0.819874114995722
    ],
    [
      0.8496966578443848,
      0.8396478926388277
    ],
    [
      0.8684634195322956,
      0.8636813319157892
    ],
    [
      0.8860329063867151,
      0.8804461130587644
    ],
    [
      0.8890197738939191,
      0.888480280014347
    ],
    [
      0.8900550137153349,
      0.8818044643691746
    ],
    [
      0.8794074983530948,
      0.8850456759341568
    ],
    [
      0.875961283043331,
      0.8935613353202264
    ],
    [
      0.870314194270992,
      0.8979665161238128
    ],
    [
      0.85163874343893,
      0.8769366199237488
    ],
    [
      0.8382860259032235,
      0.8630918949770483
    ],
    [
      0.8196339440711733,
      0.8446940180499457
    ],
    [
      0.7854563535065868,
      0.8324943060224008
    ],
    [
      0.7405794061612667,
      0.8033865360665267
    ],
    [
      0.7095280722623794,
      0.7945650295529273
    ],
    [
      0.6779277267378183,
      0.7649123553515172
    ],
    [
      0.628768268340567,
      0.7160436127461225
    ],
    [
      0.5855390200124712,
      0.6877434469352282
    ],
    [
      0.5313855495903843,
      0.6512723868581503
    ],
    [
      0.4855973407946829,
      0.6030487697689203
    ],
    [
      0.420718931481831,
      0.5449270863775437
    ],
    [
      0.3666240294825408,
      0.5104595768485558
    ],
    [
      0.2993280992520291,
      0.45813986714772187
    ],
    [
      0.23951229815181396,
      0.40646085263076304
    ],
    [
      0.17946857201094785,
      0.34758665446830844
    ],
    [
      0.11393851822471814,
      0.3035958643329985
    ],
    [
      0.053015340861574584,
      0.25053241428335843
    ],
    [
      -0.026867115401966776,
      0.18686284068392334
    ],
    [
      -0.08572603997127004,
      0.12927161995968706
    ],
    [
      -0.1506432998222857,
      0.06282113662582357
    ],
    [
      -0.2162846398145555,
      0.005780888520208868
    ],
    [
      -0.2854308877758389,
      -0.054894212185516676
    ],
    [
      -0.34689052190178804,
      -0.1131612230752907
    ],
    [
      -0.40083382154165736,
      -0.17043952188270003
    ],
    [
      -0.4735915390154356,
      -0.23602620989046186
    ],
    [
      -0.5294907918596582,
      -0.30423356246763733
    ],
    [
      -0.5883139095111366,
      -0.36274975637928675
    ],
    [
      -0.6357668098389381,
      -0.4142861899762544
    ],
    [
      -0.6888801112536769,
      -0.47437552697891583
    ],
    [
      -0.7357466489256882,
      -0.5236657424331429
    ],
    [
      -0.7873974884968054,
      -0.5783930305762417
    ],
    [
      -0.8283132435072915,
      -0.6297980442245584
    ],
    [
      -0.8631108552317408,
      -0.6737344196239082
    ],
    [
      -0.8937092441509807,
      -0.7176581702240715
    ],
    [
      -0.9267847631874191,
      -0.7673906742342955
    ],
    [
      -0.950691433131877,
      -0.7996065434549445
    ],
    [
      -0.9671244118747954,
      -0.8466621984155775
    ],
    [
      -0.9844528251957284,
      -0.8744614864785382
    ],
    [
      -0.9945260290019518,
      -0.9070707936237021
    ],
    [
      -1.0031536553196494,
      -0.9317131403104667
    ],
    [
      -1.0049875009316898,
      -0.9523008541891888
    ],
    [
      -0.9979103481991561,
      -0.9740786460757219
    ],
    [
      -0.9812498028061436,
      -0.98756988018645
    ],
    [
      -0.9605574517290818,
      -0.9999945607054638
    ],
    [
      -0.9417023996645838,
      -1.0085950419722827
    ]
  ],
  "complexity": 0.25313138520532374
}