{
  "id": 1818,
  "wedge_count": 4,
  "parameters": {
    "rotation_speeds": [
      -0.8448585540253419,
      0.17637839485694196,
      -1.6687096884906578,
      1.3015363476784927
    ],
    "phi_x": [
      -12.945145448946015,
      -4.647440581414543,
      12.16120990294321,
      8.269518245392849
    ],
    "phi_y": [
      5.921502356810787,
      3.1084055221533617,
      -6.996591559894835,
      -12.95238921430803
    ],
    "distances": [
      1.0,
      2.9089315330964705,
      2.5432918811851843,
      4.795866435440735,
      7.55787579795025
    ],
    "refractive_indices": [
      1.0,
      1.5,
      1.5,
      1.5,
      1.5,
      1.0
    ],
    "wedgenum": 4
  },
  "pattern": [
    [
      3.048855374312426,
      3.1177590550659895
    ],
    [
      3.1113080500820467,
      3.1530619688851917
    ],
    [
      3.2035621397864116,
      3.106517023310955
    ],
    [
      3.069665562377604,
      3.0944504985724888
    ],
    [
      3.0771342076172954,
      3.039081313026657
    ],
    [
      2.9897545000051715,
      3.0283810714574044
    ],
    [
      2.9866651644216957,
      3.0428662687234986
    ],
    [
      2.864665280764937,
      2.98356818615735
    ],
    [
      2.9309987659660424,
      2.9056592198327422
    ],
    [
      2.7739385277315436,
      2.8380383794851736
    ],
    [
      2.6894939218531526,
      2.730557390240131
    ],
    [
      2.606831682499266,
      2.719615747139362
    ],
    [
      2.5297304745228195,
      2.6511153652058854
    ],
    [
      2.5054864034782085,
      2.5883026004369554
    ],
    [
      2.3957578996289373,
      2.4036531824217926
    ],
    [
      2.283456006075421,
      2.3281488604893332
    ],
    [
      2.0623626386534424,
      2.2196253734167626
    ],
    [
      2.034592261175506,
      2.2103506581750563
    ],
    [
      1.8821149244479844,
      2.0677816430891043
    ],
    [
      1.7961425132531381,
      1.9952550864006662
    ],
    [
      1.6019302330693026,
      1.8275305267482116
    ],
    [
      1.4607037957685827,
      1.7058723076484859
    ],
    [
      1.4037655613046296,
      1.6315985420506398
    ],
    [
      1.1976458525582252,
      1.474613213891956
    ],
    [
      1.073900344689884,
      1.505855781183064
    ],
    [
      0.9953266036720015,
      1.2445658460360745
    ],
    [
      0.7779282881537709,
      1.1696147970519841
    ],
    [
      0.6750648220065747,
      1.2211237602594416
    ],
    [
      0.5235012034723325,
      1.0046732251413586
    ],
    [
      0.45823852405179855,
      0.8335301488789159
    ],
    [
      0.20092244722668884,
      0.632322304242549
    ],
    [
      0.09515187254846294,
      0.5011199114365612
    ],
    [
      -0.08790815403296862,
      0.310104109398928
    ],
    [
      -0.21853782820777884,
      0.25987627434692523
    ],
    [
      -0.3443115720504012,
      0.1393573433956167
    ],
    [
      -0.4486616372264951,
      0.10763975364778304
    ],
    [
      -0.5359077319472044,
      -0.15054504036648836
    ],
    [
      -0.7416316521350683,
      -0.17215613625543746
    ],
    [
      -0.8520760353295845,
      -0.3293887219014477
    ],
    [
      -0.992824559736597,
      -0.4348968021998527
    ],
    [
      -0.9657182604122301,
      -0.5127796942230937
    ],
    [
      -1.153898561042111,
      -0.601775490625137
    ],
    [
      -1.3007994963496614,
      -0.7271348862433316
    ],
    [
      -1.316941683923708,
      -0.8220712859702608
    ],
    [
      -1.3701700503348304,
      -0.9166986448790554
    ],
    [
      -1.3778521660425658,
      -1.0325623561873816
    ],
    [
      -1.5649647053774594,
      -1.0945753672217158
    ],
    [
      -1.6709521848968545,
      -1.203836116544123
    ],
    [
      -1.6706809787241466,
      -1.3220894009608266
    ],
    [
      -1.775063240386127,
      -1.3574175095666154
    ],
    [
      -1.7920433102606133,
      -1.3388845360151997
    ],
    [
      -1.6651086989434467,
      -1.4847965583666485
    ],
    [
      -1.78226223433485,
      -1.4788183555820984
    ],
    [
      -1.8692052228545764,
      -1.597192036985478
    ],
    [
      -1.8248374796469253,
      -1.7448919997782708
    ],
    [
      -1.85607299672539,
      -1.6174612730715154
    ],
    [
      -1.8443887540166444,
      -1.722914780418785
    ],
    [
      -1.915761163014811,
      -1.7459478276363567
    ],
    [
      -1.8123662461317729,
      -1.7888800683630204
    ],
    [
      -2.0310832468827846,
      -1.8101996068452508
    ]
  ],
  "complexity": 0.36132933056637323
}