{
  "id": 2923,
  "wedge_count": 5,
  "parameters": {
    "rotation_speeds": [
      -2.6503148781435657,
      0.41041838295929356,
      -2.282806231668883,
      -0.6251101674847286,
      -2.3238926718786326
    ],
    "phi_x": [
      -5.021189786533878,
      -6.593590640826289,
      -13.834384586732938,
      2.000515104397028,
      -6.053039290105305
    ],
    "phi_y": [
      2.5269715099292043,
      -10.861698763565586,
      -8.923549024318302,
      7.145263014178891,
      12.41674969308854
    ],
    "distances": [
      1.0,
      7.643655536112291,
      2.988085652589655,
      4.132916354976359,
      7.656768162625879,
      5.383151015171725
    ],
    "refractive_indices": [
      1.0,
      1.5,
      1.5,
      1.5,
      1.5,
      1.5,
      1.0
    ],
    "wedgenum": 5
  },
  "pattern": [
    [
      3.3724336665242625,
      3.2824795370168465
    ],
    [
      3.285548791259844,
      3.2232151111403935
    ],
    [
      3.2552815275633424,
      3.1645918783514064
    ],
    [
      3.2023397294413587,
      3.113366452018669
    ],
    [
      3.092360650513821,
      3.083784312668326
    ],
    [
      3.0691827171351105,
      2.9960580938508024
    ],
    [
      3.041371763229196,
      2.8179191684978853
    ],
    [
      2.7987208625776816,
      2.7897287181499477
    ],
    [
      2.691625121511943,
      2.673852647264705
    ],
    [
      2.624281564654176,
      2.6385240308170697
    ],
    [
      2.526387998657833,
      2.5612936790016
    ],
    [
      2.402683515342219,
      2.4392391259482267
    ],
    [
      2.3029388223315777,
      2.346389558680301
    ],
    [
      2.1328972937840893,
      2.1853151151102868
    ],
    [
      2.025793310603772,
      2.0628035153801543
    ],
    [
      1.810415856793796,
      1.8857115350864435
    ],
    [
      1.7192589458802148,
      1.8522066546789748
    ],
    [
      1.5311611886001304,
      1.6358145612025359
    ],
    [
      1.5143664563525818,
      1.4681151875192722
    ],
    [
      1.3403956677544557,
      1.3838349960300842
    ],
    [
      1.165747923494126,
      1.2976292362414228
    ],
    [
      0.9671477932448824,
      1.1682757076425374
    ],
    [
      0.9157205326454236,
      0.9496759580752834
    ],
    [
      0.6378309857605242,
      0.8957555296321426
    ],
    [
      0.571209359321838,
      0.7723940043507301
    ],
    [
      0.4836136275623647,
      0.6934177015859171
    ],
    [
      0.3278504809762844,
      0.5937980851380164
    ],
    [
      0.25057847350480944,
      0.3423038609120948
    ],
    [
      0.034686991011228935,
      0.21490922673296486
    ],
    [
      -0.1700430666627856,
      0.04453398112905747
    ],
    [
      -0.2125927380037006,
      0.01775419218656994
    ],
    [
      -0.33493775802337006,
      -0.027798731371353413
    ],
    [
      -0.41093217137763643,
      -0.2627537920943952
    ],
    [
      -0.527313602598735,
      -0.2764242665532731
    ],
    [
      -0.6767412669617394,
      -0.3738604492642137
    ],
    [
      -0.7587419483300862,
      -0.48205927790492786
    ],
    [
      -0.9451474340137733,
      -0.5465572300175613
    ],
    [
      -0.8687469897974361,
      -0.7141596458486273
    ],
    [
      -0.8972777306875773,
      -0.7655237787459339
    ],
    [
      -1.0731208468826172,
      -0.8376847166620353
    ],
    [
      -0.9499388796646339,
      -0.8876301907479397
    ],
    [
      -0.9941247727843646,
      -0.9305508405928062
    ],
    [
      -1.124790037242729,
      -1.0481723680920665
    ],
    [
      -1.1563297951516889,
      -1.1345464910861471
    ],
    [
      -1.1844602734592489,
      -1.0137493932779085
    ],
    [
      -1.208532972160611,
      -1.1965340139088572
    ],
    [
      -1.2129868776493067,
      -1.1143437913557241
    ],
    [
      -1.1213112479416347,
      -1.0673729054652525
    ],
    [
      -1.199379083087854,
      -1.2203232138673288
    ],
    [
      -1.1788292120407864,
      -1.3171710706845075
    ],
    [
      -1.1227240644730794,
      -1.2461137405282543
    ],
    [
      -1.0649509683812122,
      -1.1973987436169797
    ],
    [
      -0.9700153867351151,
      -1.2472540159929015
    ],
    [
      -1.0015752653871115,
      -1.1092077278585724
    ],
    [
      -0.8764265138998575,
      -1.1549990883121248
    ],
    [
      -0.846634000484636,
      -1.1007355717417724
    ],
    [
      -0.7903162697985698,
      -1.002988386934291
    ],
    [
      -0.6887699007778335,
      -1.0247394801048293
    ],
    [
      -0.6654402689775107,
      -0.8660561360351485
    ],
    [
      -0.5182039044638111,
      -0.9596065769964388
    ]
  ],
  "complexity": 0.32788180599334155
}