{
  "id": 3250,
  "wedge_count": 6,
  "parameters": {
    "rotation_speeds": [
      -1.9294466637306675,
      -0.638706073113215,
      0.9376740540512953,
      -1.9120000704311921,
      -0.17573827053057522,
      -0.517220164056365
    ],
    "phi_x": [
      -11.341884120610272,
      5.604065059477488,
      9.79290070863378,
      -1.6920885455476942,
      10.223130436277224,
      -8.862690972659927
    ],
    "phi_y": [
      -2.935548183267315,
      2.875017771009393,
      8.81401053627335,
      -3.5746682641170757,
      -13.411556332889145,
      6.376530806295982
    ],
    "distances": [
      1.0,
      6.9557939643060065,
      4.002943972721311,
      2.687841084006564,
      3.623566376075812,
      3.8536149397456967,
      5.413902636755502
    ],
    "refractive_indices": [
      1.0,
      1.5,
      1.5,
      1.5,
      1.5,
      1.5,
      1.5,
      1.0
    ],
    "wedgenum": 6
  },
  "pattern": [
    [
      4.030241942042783,
      4.144781881823919
    ],
    [
      4.088569461655702,
      4.138952043371924
    ],
    [
      4.104999092291,
      3.9696807643456498
    ],
    [
      4.055567542623255,
      4.077959325468478
    ],
    [
      4.100314871889584,
      4.0255239744476325
    ],
    [
      4.051629559010542,
      3.9212382677735946
    ],
    [
      4.010727455143377,
      3.9408957288319586
    ],
    [
      3.881792258316813,
      3.880659175295839
    ],
    [
      3.7153793299004034,
      3.874347950021894
    ],
    [
      3.824599940404747,
      3.8456003494103013
    ],
    [
      3.597196466239697,
      3.7671737753535273
    ],
    [
      3.663031386827718,
      3.6765894214525443
    ],
    [
      3.5471165654410375,
      3.662263121446043
    ],
    [
      3.54411612117642,
      3.556548565853612
    ],
    [
      3.438359942750302,
      3.551092909297762
    ],
    [
      3.353259669178055,
      3.435222447665288
    ],
    [
      3.35802854947069,
      3.340464366958565
    ],
    [
      3.229317719501533,
      3.2349989528476497
    ],
    [
      3.0585720735177326,
      3.2170151176666293
    ],
    [
      2.9866632592184597,
      3.1987295533321847
    ],
    [
      2.918934133262262,
      3.09363523530266
    ],
    [
      2.8599758836328637,
      3.0103794387335694
    ],
    [
      2.8943683720537803,
      2.951905900261903
    ],
    [
      2.612990139465328,
      2.7972029374120106
    ],
    [
      2.540736675934068,
      2.7605420697476437
    ],
    [
      2.481489000585105,
      2.7335728405693476
    ],
    [
      2.416369597079475,
      2.568208726418305
    ],
    [
      2.362152982109707,
      2.4097538085774284
    ],
    [
      2.2363733903288416,
      2.4766006055869174
    ],
    [
      2.0856049484080823,
      2.3677338409184676
    ],
    [
      2.095139804433161,
      2.2590245631900454
    ],
    [
      1.9855847305226892,
      2.2141463296123973
    ],
    [
      1.9820246625412907,
      2.194066309734471
    ],
    [
      1.9459295049058438,
      2.0318976062190814
    ],
    [
      1.8237097572856287,
      2.043550277040268
    ],
    [
      1.7615372547420665,
      1.8709433017023276
    ],
    [
      1.7488633256171133,
      1.968567973249274
    ],
    [
      1.5605437007344136,
      1.7901219155365269
    ],
    [
      1.5005588215736814,
      1.7394270633302755
    ],
    [
      1.5454747174350767,
      1.7040221397742106
    ],
    [
      1.4592468550373605,
      1.670415710550575
    ],
    [
      1.447672668487219,
      1.5694336417261037
    ],
    [
      1.3546149579411342,
      1.5122125976047307
    ],
    [
      1.2988992224344613,
      1.5329728308320307
    ],
    [
      1.2936689540483526,
      1.3964199324424877
    ],
    [
      1.2493276574980274,
      1.430357243885932
    ],
    [
      1.2320448073332002,
      1.3820824749915832
    ],
    [
      1.1949585065907753,
      1.3931508567848738
    ],
    [
      1.1375489402532875,
      1.2782048775956882
    ],
    [
      1.1716160633346548,
      1.3319320386873361
    ],
    [
      1.1621138889188984,
      1.179509603252837
    ],
    [
      1.1913275106494723,
      1.2880634788447285
    ],
    [
      1.1256663165471303,
      1.2180242054535504
    ],
    [
      1.1089912226658654,
      1.1416502877412715
    ],
    [
      1.1646870385461239,
      1.235467260695788
    ],
    [
      1.2070992252732105,
      1.0912769800492301
    ],
    [
      1.1860798227403873,
      1.151004393822346
    ],
    [
      1.1043099700026542,
      1.0573824726076029
    ],
    [
      1.137565169050316,
      1.1047242777412043
    ],
    [
      1.1306851438875158,
      1.099650450231
    ]
  ],
  "complexity": 0.3288770036928748
}