{
  "id": 2491,
  "wedge_count": 1,
  "parameters": {
    "rotation_speeds": [
      2.39664878207965
    ],
    "phi_x": [
      -2.0438752624139784
    ],
    "phi_y": [
      8.24210797952049
    ],
    "distances": [
      1.0,
      4.842966508476204
    ],
    "refractive_indices": [
      1.0,
      1.5,
      1.0
    ],
    "wedgenum": 1
  },
  "pattern": [
    [
      0.134097086450521,
      0.13414344173533277
    ],
    [
      0.17616736397072338,
      0.17404625419983477
    ],
    [
      0.22437453830227044,
      0.21410343394284553
    ],
    [
      0.2626380599240567,
      0.2449261522079576
    ],
    [
      0.2971643262304511,
      0.2739332355019633
    ],
    [
      0.33301244763217597,
      0.3092515011646225
    ],
    [
      0.35453166198565417,
      0.34802357822201474
    ],
    [
      0.4031774264768674,
      0.3717722028482479
    ],
    [
      0.42744748781444486,
      0.40028468996905464
    ],
    [
      0.45026630212069596,
      0.42395080099935384
    ],
    [
      0.4748144857204201,
      0.4586779888227101
    ],
    [
      0.5053836721603521,
      0.4714441984376557
    ],
    [
      0.5231142482625959,
      0.5115964085174834
    ],
    [
      0.5386093411308581,
      0.5194341718163358
    ],
    [
      0.5571069760400479,
      0.5367849832467854
    ],
    [
      0.5730324436618326,
      0.5542488143246905
    ],
    [
      0.5744719357249407,
      0.5584420927824746
    ],
    [
      0.5796902536576503,
      0.5655581205516182
    ],
    [
      0.5920239216007324,
      0.5821603387793065
    ],
    [
      0.5784783717800317,
      0.5887394638754853
    ],
    [
      0.5796318513686177,
      0.5784749485101807
    ],
    [
      0.5725452255237499,
      0.5893951536397388
    ],
    [
      0.5684728805592955,
      0.5815079502227889
    ],
    [
      0.5442307523432582,
      0.5708336950483092
    ],
    [
      0.5293658964940161,
      0.5643832676077755
    ],
    [
      0.5083072718054605,
      0.5471995072917537
    ],
    [
      0.48651870597603003,
      0.5322937084248807
    ],
    [
      0.45585919772412264,
      0.5206490300955677
    ],
    [
      0.44002173630384506,
      0.5008153000147487
    ],
    [
      0.4048434029259717,
      0.477718596743097
    ],
    [
      0.37265140926211693,
      0.4472971792763977
    ],
    [
      0.33636975760203847,
      0.43038965389406453
    ],
    [
      0.3006897090533625,
      0.4008762535442903
    ],
    [
      0.26524632581045265,
      0.3892122324892961
    ],
    [
      0.2243774229864214,
      0.34119094999436905
    ],
    [
      0.18292249010178532,
      0.2985207618667828
    ],
    [
      0.14127371460018057,
      0.27367610863034225
    ],
    [
      0.08885557050682595,
      0.24001663450234648
    ],
    [
      0.04779251049798841,
      0.19797967559371182
    ],
    [
      0.011192925248970108,
      0.1652263445647864
    ],
    [
      -0.02969900529352351,
      0.12923266627911228
    ],
    [
      -0.08474850256965029,
      0.08868603521993072
    ],
    [
      -0.1303722557810146,
      0.0423360611719216
    ],
    [
      -0.17768727335464568,
      0.010766267618807505
    ],
    [
      -0.20695046734639858,
      -0.03486816258229819
    ],
    [
      -0.2543724568973973,
      -0.06755558917236106
    ],
    [
      -0.2977561698347186,
      -0.11324595880785536
    ],
    [
      -0.3433038222217667,
      -0.1531560403753392
    ],
    [
      -0.3698005290854647,
      -0.19246006569639573
    ],
    [
      -0.40395882307432407,
      -0.23437169378984785
    ],
    [
      -0.43034616953163857,
      -0.26549108287315065
    ],
    [
      -0.4706804570912459,
      -0.30585040098730293
    ],
    [
      -0.5010821381234377,
      -0.3368897601834035
    ],
    [
      -0.524480438498236,
      -0.3751656767731158
    ],
    [
      -0.551046325735178,
      -0.41268437047765183
    ],
    [
      -0.5619604319433835,
      -0.442443545500878
    ],
    [
      -0.5849788058925387,
      -0.45901308039522754
    ],
    [
      -0.5869499829317217,
      -0.49837971247056717
    ],
    [
      -0.5969056654360778,
      -0.514302199673993
    ],
    [
      -0.6099900129830295,
      -0.5414624931559557
    ]
  ],
  "complexity": 0.1865179736731278
}