{
  "id": 3982,
  "wedge_count": 5,
  "parameters": {
    "rotation_speeds": [
      0.3859236065042433,
      1.0813462834845042,
      2.3374937742345008,
      -1.5778387402134932,
      -0.8681284162831764
    ],
    "phi_x": [
      -11.126440015781592,
      -7.487140166256017,
      0.9407018594453724,
      -9.61797108366154,
      6.646406209092092
    ],
    "phi_y": [
      11.352547597248527,
      4.782649832634711,
      -0.12006774776059537,
      -2.834914689853587,
      -0.9615804218238111
    ],
    "distances": [
      1.0,
      5.774153401634392,
      2.402740915172691,
      6.0173055176072925,
      3.2076278012110286,
      6.0949689161875265
    ],
    "refractive_indices": [
      1.0,
      1.5,
      1.5,
      1.5,
      1.5,
      1.5,
      1.0
    ],
    "wedgenum": 5
  },
  "pattern": [
    [
      2.348270662771748,
      2.414802876294299
    ],
    [
      2.431055982437011,
      2.5029454625105623
    ],
    [
      2.509186502423187,
      2.510113046738284
    ],
    [
      2.4712724864149647,
      2.4612747043683734
    ],
    [
      2.5044535131678036,
      2.454438248124464
    ],
    [
      2.525279515590169,
      2.5353075849640865
    ],
    [
      2.470269638932349,
      2.431665553760622
    ],
    [
      2.491987324221131,
      2.528032243111312
    ],
    [
      2.4728248917780538,
      2.5070822261933317
    ],
    [
      2.5165469593372616,
      2.6125896171136507
    ],
    [
      2.5883320849241502,
      2.587046765919496
    ],
    [
      2.553686465999454,
      2.5403651866008254
    ],
    [
      2.592858993082986,
      2.506459967449144
    ],
    [
      2.5095509144201715,
      2.5075012398150114
    ],
    [
      2.630019840307405,
      2.5528304670440622
    ],
    [
      2.568516187430633,
      2.5906320672601306
    ],
    [
      2.543055775552755,
      2.5222334183081943
    ],
    [
      2.511794253160271,
      2.5398806542466574
    ],
    [
      2.406242688435724,
      2.5565655804334253
    ],
    [
      2.4300891122498087,
      2.4907175469229994
    ],
    [
      2.4339702192261075,
      2.4571889412635466
    ],
    [
      2.4853191206838576,
      2.436397581390264
    ],
    [
      2.451140421757789,
      2.5621702409170073
    ],
    [
      2.4816981878292244,
      2.4897323157746616
    ],
    [
      2.371590477698002,
      2.3445428238762456
    ],
    [
      2.3715154610472915,
      2.2791297630021683
    ],
    [
      2.397664040079868,
      2.268070169055814
    ],
    [
      2.3214293253523137,
      2.32315393207542
    ],
    [
      2.2472023317184817,
      2.370915034017337
    ],
    [
      2.1427496016012926,
      2.2707873180843907
    ],
    [
      2.209364917296031,
      2.2984029157457013
    ],
    [
      2.2192595001698643,
      2.275495754931213
    ],
    [
      2.14049818555353,
      2.24418525425903
    ],
    [
      2.0721864799745413,
      2.238349033668629
    ],
    [
      1.9690368735680013,
      2.1814574796366433
    ],
    [
      2.0757318591206473,
      2.053640524088273
    ],
    [
      1.9372483282380326,
      2.107326083081216
    ],
    [
      1.9731872743975722,
      2.1100215829824616
    ],
    [
      1.8798377372232975,
      1.9524321570664336
    ],
    [
      1.864962743595644,
      1.9696539998253428
    ],
    [
      1.7529790535873655,
      1.9303919224132937
    ],
    [
      1.7432521936709513,
      1.872962838586956
    ],
    [
      1.6939032232579807,
      1.8694140654063949
    ],
    [
      1.6581464622956286,
      1.8429344853491985
    ],
    [
      1.6258116530290279,
      1.7409906066730227
    ],
    [
      1.5708748591334358,
      1.7580983559204593
    ],
    [
      1.5285098037991625,
      1.6391516389566814
    ],
    [
      1.450827460537322,
      1.6261896760251184
    ],
    [
      1.413661361872159,
      1.602577393831933
    ],
    [
      1.2978736363841212,
      1.5449585978609393
    ],
    [
      1.3087289364932575,
      1.536610329314032
    ],
    [
      1.2661586360349317,
      1.4952438531864478
    ],
    [
      1.1204244234560319,
      1.3874908312192842
    ],
    [
      1.2140581764762506,
      1.3337701021195056
    ],
    [
      1.080584225443066,
      1.3149238979449742
    ],
    [
      1.0839981318266274,
      1.2609757511165112
    ],
    [
      0.9924488758876748,
      1.2277773940183998
    ],
    [
      0.9357358149754875,
      1.195607858381593
    ],
    [
      0.9384085694639531,
      1.2280645138030197
    ],
    [
      0.9448384853936572,
      1.1189569438081133
    ]
  ],
  "complexity": 0.27239458994089477
}