{
  "id": 2841,
  "wedge_count": 6,
  "parameters": {
    "rotation_speeds": [
      0.23735195586692326,
      -2.0540239717276076,
      -0.5259331837650731,
      2.1863214232606367,
      -2.590153949979479,
      2.773737077643254
    ],
    "phi_x": [
      -7.645769257746876,
      -1.6774215532186805,
      -1.4933848200132704,
      14.49654735606499,
      -9.885720513880356,
      -12.4031368931726
    ],
    "phi_y": [
      10.19793595715107,
      13.577192852593889,
      -2.0947130966033196,
      9.68520354851433,
      -5.887875276649677,
      11.417711148098231
    ],
    "distances": [
      1.0,
      2.0226924054434674,
      5.956199510196601,
      2.0960275244821247,
      5.335506567837816,
      5.743411273703414,
      5.983104352629616
    ],
    "refractive_indices": [
      1.0,
      1.5,
      1.5,
      1.5,
      1.5,
      1.5,
      1.5,
      1.0
    ],
    "wedgenum": 6
  },
  "pattern": [
    [
      4.034727555189016,
      3.9662430235950494
    ],
    [
      4.046537638192385,
      4.104002967389571
    ],
    [
      3.9730642367198232,
      3.90234656769765
    ],
    [
      3.8330236349386975,
      3.871291324040319
    ],
    [
      3.7006153959496144,
      3.877618928036568
    ],
    [
      3.7189214844494645,
      3.7684023384246594
    ],
    [
      3.5043515205365674,
      3.6146539202552908
    ],
    [
      3.3586363220822584,
      3.5095912220689
    ],
    [
      3.2690328482853275,
      3.3994642234308117
    ],
    [
      3.163974597020577,
      3.322279940608893
    ],
    [
      2.9188942494733765,
      3.063786223909586
    ],
    [
      2.64090885794337,
      2.8951040700380335
    ],
    [
      2.544458871276253,
      2.866502906834128
    ],
    [
      2.354808872197847,
      2.6708597618687793
    ],
    [
      2.0778321469585173,
      2.584391827709426
    ],
    [
      1.9562228996799547,
      2.2204499228427714
    ],
    [
      1.8133522769550758,
      2.137836816187202
    ],
    [
      1.5238077908991503,
      1.9576724235228105
    ],
    [
      1.3626758504301308,
      1.7354461801723498
    ],
    [
      0.9980228149695581,
      1.5886287171432627
    ],
    [
      0.8479398408403432,
      1.3431017476726776
    ],
    [
      0.5950577257894988,
      1.2058292116163687
    ],
    [
      0.4072999175086798,
      0.9609094207887225
    ],
    [
      0.17038634803661054,
      0.7752569743375528
    ],
    [
      -0.13058421767017997,
      0.5464129271749613
    ],
    [
      -0.30935791551232944,
      0.34786743437412043
    ],
    [
      -0.5538212034644635,
      0.14908368518721438
    ],
    [
      -0.7805218097310468,
      -0.03765101934759906
    ],
    [
      -0.9221776800195235,
      -0.231319225273884
    ],
    [
      -1.0326860707726755,
      -0.45037279541164255
    ],
    [
      -1.3417961444930535,
      -0.6121681427749758
    ],
    [
      -1.4464668180691636,
      -0.8098508748995928
    ],
    [
      -1.642367118143742,
      -1.0101126716242268
    ],
    [
      -1.796824037379938,
      -1.1742180213145779
    ],
    [
      -1.970225678707556,
      -1.4567222859641014
    ],
    [
      -2.0809212674226716,
      -1.5516977041487927
    ],
    [
      -2.2199007999839697,
      -1.7363721116975503
    ],
    [
      -2.34559031558846,
      -1.890999200027379
    ],
    [
      -2.5789524723076163,
      -1.972819202840884
    ],
    [
      -2.5998150684643186,
      -2.1099744715396773
    ],
    [
      -2.6991933595114688,
      -2.198544290062205
    ],
    [
      -2.790861442250629,
      -2.3257420726231537
    ],
    [
      -2.858779954925763,
      -2.4057103898369356
    ],
    [
      -2.79871750069285,
      -2.623540402029749
    ],
    [
      -2.93337233777414,
      -2.685747887240784
    ],
    [
      -2.9873969816044514,
      -2.7266974152488435
    ],
    [
      -2.865170948843975,
      -2.7665633849226228
    ],
    [
      -2.8906306782823328,
      -2.8286309580477798
    ],
    [
      -2.8792050027122995,
      -2.899553192684359
    ],
    [
      -2.853134687586767,
      -2.913467709234279
    ],
    [
      -2.767478795496043,
      -2.964816792841264
    ],
    [
      -2.7813776418934184,
      -2.9362482458235344
    ],
    [
      -2.5381002196940705,
      -2.8623222787759532
    ],
    [
      -2.482695313812773,
      -2.8615698849599926
    ],
    [
      -2.3577123571369594,
      -2.794742013972243
    ],
    [
      -2.2446955845598904,
      -2.8216581784640096
    ],
    [
      -2.162343984927606,
      -2.7133789016728773
    ],
    [
      -2.0939387128301545,
      -2.6897439803155003
    ],
    [
      -1.883741674791479,
      -2.5623525991075304
    ],
    [
      -1.5685049920142011,
      -2.6255000589496524
    ]
  ],
  "complexity": 0.4465775198142688
}