{
  "id": 2092,
  "wedge_count": 4,
  "parameters": {
    "rotation_speeds": [
      0.12060755736944273,
      2.1943989498724035,
      0.8875784049531235,
      2.236024573645226
    ],
    "phi_x": [
      -11.557709478188855,
      -3.88106692016334,
      -3.8666988278669514,
      -7.684477610893611
    ],
    "phi_y": [
      2.6971073257494567,
      -6.841377097395107,
      -5.775327986058636,
      9.276637095015396
    ],
    "distances": [
      1.0,
      6.497016159563022,
      7.111193174604676,
      3.219590308348903,
      5.967844921174324
    ],
    "refractive_indices": [
      1.0,
      1.5,
      1.5,
      1.5,
      1.5,
      1.0
    ],
    "wedgenum": 4
  },
  "pattern": [
    [
      2.354943088781194,
      2.204369508689063
    ],
    [
      2.34530423092535,
      2.2688499950808625
    ],
    [
      2.4303014477590605,
      2.357902597462674
    ],
    [
      2.481279918616986,
      2.362014100343718
    ],
    [
      2.498049993673009,
      2.4396019063394823
    ],
    [
      2.4566594142517646,
      2.446587558973935
    ],
    [
      2.541798580679776,
      2.5299972684473033
    ],
    [
      2.5886191664529568,
      2.529351660928734
    ],
    [
      2.56267935523498,
      2.538104683178386
    ],
    [
      2.475471898171432,
      2.599776648673903
    ],
    [
      2.5323487814411823,
      2.4742119225818846
    ],
    [
      2.4777977244923126,
      2.6145931568342697
    ],
    [
      2.376251896862889,
      2.5453301092998264
    ],
    [
      2.4530607978246657,
      2.491080220474224
    ],
    [
      2.3971420994174535,
      2.379529827519865
    ],
    [
      2.3714302218178775,
      2.5072303004631777
    ],
    [
      2.2563846214978978,
      2.535900150086215
    ],
    [
      2.324589620098082,
      2.311422761805001
    ],
    [
      2.1897462100823195,
      2.3231108933383005
    ],
    [
      2.1789627452254665,
      2.2100622817865276
    ],
    [
      2.0250929788022676,
      2.2246104593284346
    ],
    [
      1.955989815409482,
      2.1927642621765435
    ],
    [
      1.8413113503061802,
      2.1965516996860286
    ],
    [
      1.8093802683892606,
      2.0239071420035737
    ],
    [
      1.6567670924838611,
      2.0012751823721575
    ],
    [
      1.5671536655859075,
      1.8271561662996456
    ],
    [
      1.456096770198332,
      1.8298138337881948
    ],
    [
      1.3533657835298656,
      1.769004926107049
    ],
    [
      1.3275415735592677,
      1.6673023782654564
    ],
    [
      1.2364961702535207,
      1.5522656982590226
    ],
    [
      1.1123355916255793,
      1.510062647983677
    ],
    [
      0.9680035295123204,
      1.3392459529465996
    ],
    [
      0.8735603386274653,
      1.297296419938654
    ],
    [
      0.8003172444250695,
      1.2502151843644675
    ],
    [
      0.6694731270112492,
      1.1465860192226769
    ],
    [
      0.6637051752166454,
      1.0036871799280143
    ],
    [
      0.42680713253637204,
      0.8970916894469344
    ],
    [
      0.3488903653898642,
      0.8110571223187671
    ],
    [
      0.43411625877009286,
      0.6915092175617011
    ],
    [
      0.20013092846997055,
      0.6078521441056219
    ],
    [
      0.16699227317328252,
      0.6093283755655957
    ],
    [
      0.13997477067973907,
      0.41449299053986705
    ],
    [
      -0.0547197089987799,
      0.3795701592757704
    ],
    [
      -0.13255123827336335,
      0.2944114466201149
    ],
    [
      -0.12207247828687673,
      0.13701106744552757
    ],
    [
      -0.1523772143445553,
      0.11372797886012241
    ],
    [
      -0.15994189942741743,
      0.06510512950496904
    ],
    [
      -0.2055654539722508,
      -0.0524294022160261
    ],
    [
      -0.35496867920019287,
      -0.17217296256293452
    ],
    [
      -0.3784864617005802,
      -0.16107020725939947
    ],
    [
      -0.4214972751394491,
      -0.1963895543182813
    ],
    [
      -0.34512448500409854,
      -0.17956011001987104
    ],
    [
      -0.30271062018010764,
      -0.32885001005828696
    ],
    [
      -0.37034510191120806,
      -0.29647849235991813
    ],
    [
      -0.2645228034514281,
      -0.4016395043768759
    ],
    [
      -0.47275208577933286,
      -0.4135870613820199
    ],
    [
      -0.30162510186015545,
      -0.3946293517070541
    ],
    [
      -0.28941703667720353,
      -0.4434090623655859
    ],
    [
      -0.20141134918218867,
      -0.3674021222845926
    ],
    [
      -0.22564448541383564,
      -0.38348517342675864
    ]
  ],
  "complexity": 0.2951880649399742
}