{
  "id": 1788,
  "wedge_count": 2,
  "parameters": {
    "rotation_speeds": [
      2.9039897452397305,
      2.3104736998038327
    ],
    "phi_x": [
      4.164441972075746,
      4.70184628053816
    ],
    "phi_y": [
      -13.844196962044125,
      -3.748529749999337
    ],
    "distances": [
      1.0,
      6.141763112285379,
      7.174890902791155
    ],
    "refractive_indices": [
      1.0,
      1.5,
      1.5,
      1.0
    ],
    "wedgenum": 2
  },
  "pattern": [
    [
      0.6631202257964371,
      0.6331532816851085
    ],
    [
      0.7231128195742378,
      0.6785999668541
    ],
    [
      0.8322039698171123,
      0.7673457419845596
    ],
    [
      0.8378952239249093,
      0.8407310429609482
    ],
    [
      0.9695137676033341,
      0.9551532773655819
    ],
    [
      1.007199426005454,
      0.9977743608392208
    ],
    [
      1.0950382325756542,
      1.063810620972
    ],
    [
      1.1041143481632048,
      1.1122882493313657
    ],
    [
      1.1618473405519585,
      1.117918294861196
    ],
    [
      1.1762310653968826,
      1.211658371274073
    ],
    [
      1.2561432076907808,
      1.2142927889835315
    ],
    [
      1.2729889686409135,
      1.273826852337477
    ],
    [
      1.319724602852425,
      1.256857313289032
    ],
    [
      1.3604395495886277,
      1.3300907305158924
    ],
    [
      1.3738386275142327,
      1.3402251873063542
    ],
    [
      1.400040423319124,
      1.3552447170379807
    ],
    [
      1.3775736481857592,
      1.3158229479234231
    ],
    [
      1.3761040898535248,
      1.3704046011683155
    ],
    [
      1.3577917079737152,
      1.4280566831431565
    ],
    [
      1.372693450366334,
      1.3846471354415757
    ],
    [
      1.3189253266027225,
      1.3508423701674945
    ],
    [
      1.2826163517968454,
      1.3465171381153607
    ],
    [
      1.26223578185747,
      1.2843864381087537
    ],
    [
      1.18898425391973,
      1.26267081150935
    ],
    [
      1.1771106250774037,
      1.2656980501237207
    ],
    [
      1.1245713658323901,
      1.2603973366178838
    ],
    [
      1.0093773210314472,
      1.1502780218725004
    ],
    [
      0.9672057658078809,
      1.1366666945918533
    ],
    [
      0.9666994753970481,
      1.1503533478529964
    ],
    [
      0.852477566719005,
      1.0171167558785086
    ],
    [
      0.7687343542832763,
      1.004507146506961
    ],
    [
      0.6771853090558287,
      0.9451717358089997
    ],
    [
      0.6083810860655994,
      0.8095083359174263
    ],
    [
      0.5164852235853379,
      0.7638897882702131
    ],
    [
      0.42509629507722063,
      0.7315823407887297
    ],
    [
      0.3311694482606342,
      0.6177427398741997
    ],
    [
      0.1732112520247898,
      0.5299210410403966
    ],
    [
      0.08244007553427682,
      0.4846399742907964
    ],
    [
      0.022060873379408735,
      0.3572634657100848
    ],
    [
      -0.09472292470207044,
      0.283986492711326
    ],
    [
      -0.17396238256173446,
      0.18911182913205762
    ],
    [
      -0.28297121508366035,
      0.12382873317840855
    ],
    [
      -0.390542254638571,
      0.03271045462765666
    ],
    [
      -0.4898032911337137,
      -0.08196706230090363
    ],
    [
      -0.5958501991279417,
      -0.1758626540579465
    ],
    [
      -0.6632163324107847,
      -0.25526946841505943
    ],
    [
      -0.7711127453687537,
      -0.36429016547502313
    ],
    [
      -0.8308447200891141,
      -0.44150737974216103
    ],
    [
      -0.9864112036882214,
      -0.5273009798553553
    ],
    [
      -0.9701715675109345,
      -0.6407099011968368
    ],
    [
      -1.094846359050511,
      -0.7095622640363786
    ],
    [
      -1.1714351993739638,
      -0.8278119875380097
    ],
    [
      -1.2328147867460366,
      -0.8921340049059313
    ],
    [
      -1.2457590269787677,
      -0.9128870376130008
    ],
    [
      -1.3336449129983046,
      -1.0350817723541765
    ],
    [
      -1.3510320804025633,
      -1.1303367900505745
    ],
    [
      -1.4304409087516816,
      -1.162788349340726
    ],
    [
      -1.4329368830462006,
      -1.232571987262346
    ],
    [
      -1.5042078363145146,
      -1.2554070980422203
    ],
    [
      -1.5174012932949112,
      -1.3043430765739819
    ]
  ],
  "complexity": 0.2784653747829244
}