{
  "id": 1342,
  "wedge_count": 3,
  "parameters": {
    "rotation_speeds": [
      -0.38735466014678366,
      -2.2477870697794047,
      0.3112644575921637
    ],
    "phi_x": [
      9.122818777310115,
      -2.7957863627881334,
      -7.2697690830158015
    ],
    "phi_y": [
      -3.986851851903431,
      -2.791465537711117,
      6.403372449850487
    ],
    "distances": [
      1.0,
      2.9981710081345767,
      2.239201472845679,
      7.6648949381241085
    ],
    "refractive_indices": [
      1.0,
      1.5,
      1.5,
      1.5,
      1.0
    ],
    "wedgenum": 3
  },
  "pattern": [
    [
      1.453286751933858,
      1.408820835366591
    ],
    [
      1.5200926576717528,
      1.4756414562431834
    ],
    [
      1.3612576674773083,
      1.39882060453307
    ],
    [
      1.3693962561164155,
      1.5017088060002575
    ],
    [
      1.4619885587387136,
      1.4127832827189493
    ],
    [
      1.4090324702805377,
      1.4034876381599868
    ],
    [
      1.4459189858979977,
      1.3176970355672857
    ],
    [
      1.3958928033575593,
      1.3381052103737119
    ],
    [
      1.2924286859555754,
      1.2965028484872456
    ],
    [
      1.3036796215852915,
      1.3114169845144559
    ],
    [
      1.226267608896674,
      1.2992551204142884
    ],
    [
      1.267314778507447,
      1.3051033646533603
    ],
    [
      1.2096978891278714,
      1.2795565358100607
    ],
    [
      1.2872284403245844,
      1.3043942032039133
    ],
    [
      1.3100247913746754,
      1.2752168224244045
    ],
    [
      1.1528472100100862,
      1.2425952893456171
    ],
    [
      1.1760208523073654,
      1.198790572654147
    ],
    [
      1.0822361086956902,
      1.208958135332495
    ],
    [
      1.0480655270224017,
      1.210931478166632
    ],
    [
      1.1194724726705019,
      1.2141007465762417
    ],
    [
      1.054890207455092,
      1.1280307075041396
    ],
    [
      1.0027757816074132,
      1.1015837264045616
    ],
    [
      1.123023755458761,
      1.079280413879751
    ],
    [
      1.0736674367993664,
      1.0677647862207351
    ],
    [
      1.024056266904265,
      1.0840775854369153
    ],
    [
      1.0367721908437235,
      1.0317370214777772
    ],
    [
      0.918721444675975,
      0.9032680594571381
    ],
    [
      1.0501825951228325,
      0.992191160969233
    ],
    [
      0.9811749386649861,
      0.9532874204407343
    ],
    [
      0.9397530149793054,
      0.9641795315719325
    ],
    [
      0.877645080597698,
      0.982958225229183
    ],
    [
      0.8367460367998695,
      0.9221744725099567
    ],
    [
      0.9118998926250004,
      0.9727498562909891
    ],
    [
      0.9209158625538779,
      0.8935886375388873
    ],
    [
      0.9429362505240727,
      0.9649318132328526
    ],
    [
      0.8891617534151826,
      0.8866858997620841
    ],
    [
      0.7969900898934309,
      0.9404529993634773
    ],
    [
      0.8152174802969212,
      0.8259230310984922
    ],
    [
      0.9161594713165111,
      0.8929592644104895
    ],
    [
      0.8452998762446147,
      0.937339856484977
    ],
    [
      0.9022549723025204,
      0.9370832718171999
    ],
    [
      0.8689752755799564,
      0.9080063872619407
    ],
    [
      0.903267212560128,
      0.8666602184601304
    ],
    [
      0.8862465429669529,
      0.9203935745727853
    ],
    [
      0.8745834817002293,
      0.8418156753696316
    ],
    [
      0.8687877203125899,
      0.8727889827471406
    ],
    [
      0.9514222153246789,
      0.8387440739918417
    ],
    [
      0.894523765301491,
      0.8700188718869645
    ],
    [
      0.8393515931757897,
      0.8459639691501764
    ],
    [
      0.8704569552130555,
      0.8537130972428074
    ],
    [
      0.9388519033175785,
      0.9098881174777068
    ],
    [
      0.8368977769839002,
      0.9284831637421751
    ],
    [
      0.9132740217509863,
      0.8893134119552635
    ],
    [
      0.8651950434797722,
      0.8246923605189476
    ],
    [
      0.9024731362959949,
      0.9046057526730789
    ],
    [
      0.8899233596512586,
      0.9243668179102544
    ],
    [
      0.9095254212412381,
      0.8484340800518608
    ],
    [
      0.9122306943011755,
      0.9237518801507265
    ],
    [
      0.9202460945950398,
      0.8451619296535707
    ],
    [
      0.9750106110473524,
      0.9372320039628049
    ]
  ],
  "complexity": 0.19489900576999777
}