{
  "id": 4460,
  "wedge_count": 1,
  "parameters": {
    "rotation_speeds": [
      1.401634170167796
    ],
    "phi_x": [
      -12.012474672007404
    ],
    "phi_y": [
      -4.00224410649834
    ],
    "distances": [
      1.0,
      7.2190017511712625
    ],
    "refractive_indices": [
      1.0,
      1.5,
      1.0
    ],
    "wedgenum": 1
  },
  "pattern": [
    [
      0.8020129672142422,
      0.8021393990514625
    ],
    [
      0.8282540656852795,
      0.8188012872635042
    ],
    [
      0.831598253268497,
      0.840960805178451
    ],
    [
      0.8445047639096182,
      0.841957702989371
    ],
    [
      0.8527178635611705,
      0.8549013428599729
    ],
    [
      0.8495404919778579,
      0.8508994028814415
    ],
    [
      0.8555492407237636,
      0.849970639381544
    ],
    [
      0.8515037082293568,
      0.8490540651863072
    ],
    [
      0.8308250413144637,
      0.8415050364350197
    ],
    [
      0.8212482302764089,
      0.8284406115176393
    ],
    [
      0.7995204799028595,
      0.827395720076674
    ],
    [
      0.7879956765040277,
      0.8108523100929276
    ],
    [
      0.7591487312819232,
      0.7978133244338713
    ],
    [
      0.7226953559872993,
      0.7701473805067803
    ],
    [
      0.698641021382139,
      0.7432161505750452
    ],
    [
      0.655654835269076,
      0.7152288710656198
    ],
    [
      0.626000801750534,
      0.6833187871051033
    ],
    [
      0.583368889816727,
      0.6466039926593109
    ],
    [
      0.5329367300341578,
      0.6109855254206591
    ],
    [
      0.48993487793295537,
      0.5690410813858852
    ],
    [
      0.429068199139666,
      0.5389098849137121
    ],
    [
      0.3826498036992446,
      0.5017617049146776
    ],
    [
      0.33206907316317547,
      0.4487903710443326
    ],
    [
      0.26523610835502953,
      0.39775005442992095
    ],
    [
      0.21137541705017399,
      0.3459761926841712
    ],
    [
      0.15868657133410874,
      0.29991109985307024
    ],
    [
      0.09785558331986675,
      0.24541822415013329
    ],
    [
      0.030474404150074633,
      0.1927703038838626
    ],
    [
      -0.02126466184880047,
      0.13711474998052903
    ],
    [
      -0.0822643446586745,
      0.08301177235436784
    ],
    [
      -0.1418385558968236,
      0.02963583626329429
    ],
    [
      -0.2135526820776414,
      -0.015447274072578265
    ],
    [
      -0.2638704506973642,
      -0.0753799128970201
    ],
    [
      -0.3188580158110401,
      -0.12393762569355787
    ],
    [
      -0.380303611999636,
      -0.19573450825640767
    ],
    [
      -0.44189828793623637,
      -0.2489219346612701
    ],
    [
      -0.4970147923222657,
      -0.30613523077928323
    ],
    [
      -0.5526684317661048,
      -0.3526066076598537
    ],
    [
      -0.6007426638055421,
      -0.4051719539414061
    ],
    [
      -0.6326969515753789,
      -0.44919593716587186
    ],
    [
      -0.6794760812075967,
      -0.5000509131148593
    ],
    [
      -0.7233225027588451,
      -0.5468079889794784
    ],
    [
      -0.7676217575942641,
      -0.5934066576426861
    ],
    [
      -0.7927501916008477,
      -0.63103141855109
    ],
    [
      -0.8308506248287896,
      -0.6879007945811282
    ],
    [
      -0.850627351242604,
      -0.7102028692092245
    ],
    [
      -0.8741046183638981,
      -0.7581827690500474
    ],
    [
      -0.9025795530543256,
      -0.7841187565551457
    ],
    [
      -0.910011422621544,
      -0.8059274226682159
    ],
    [
      -0.921308135688033,
      -0.8297017307443271
    ],
    [
      -0.9262009736141854,
      -0.8641426582923768
    ],
    [
      -0.9240440413908473,
      -0.8842297594958979
    ],
    [
      -0.921230285709919,
      -0.8995479276685616
    ],
    [
      -0.9172645169831138,
      -0.9105554414940938
    ],
    [
      -0.9044500933578169,
      -0.9250369167314555
    ],
    [
      -0.8891625541777397,
      -0.9336660130084707
    ],
    [
      -0.8655015473451487,
      -0.9356379076282266
    ],
    [
      -0.83192750776024,
      -0.9383242915502309
    ],
    [
      -0.8140590600945716,
      -0.9387271983007327
    ],
    [
      -0.7860884462804477,
      -0.9291551334296573
    ]
  ],
  "complexity": 0.25879721288289764
}