{
  "id": 4240,
  "wedge_count": 2,
  "parameters": {
    "rotation_speeds": [
      -1.0468674506819318,
      -0.2031168302293005
    ],
    "phi_x": [
      10.723794870764593,
      14.272722964516607
    ],
    "phi_y": [
      7.946992369929447,
      -8.182488886832605
    ],
    "distances": [
      1.0,
      7.451728581451346,
      4.602138438286158
    ],
    "refractive_indices": [
      1.0,
      1.5,
      1.5,
      1.0
    ],
    "wedgenum": 2
  },
  "pattern": [
    [
      1.7250218025413624,
      1.8282247785884014
    ],
    [
      1.7087677491843303,
      1.7242851298847166
    ],
    [
      1.6243892975057757,
      1.6495736957911427
    ],
    [
      1.656781815218771,
      1.6384595636660906
    ],
    [
      1.5580892990255557,
      1.6132589383976583
    ],
    [
      1.5458052172858168,
      1.5375713162206357
    ],
    [
      1.5255694620769602,
      1.4575625911884025
    ],
    [
      1.355751725799417,
      1.4592092515445898
    ],
    [
      1.357349311031594,
      1.3767881544502356
    ],
    [
      1.2054675958432184,
      1.2725662400478528
    ],
    [
      1.1738665358804918,
      1.288808140579609
    ],
    [
      1.1182839262221784,
      1.2601167724667963
    ],
    [
      0.9981904725833753,
      1.114784620127968
    ],
    [
      0.9806817656734211,
      1.0253418209465335
    ],
    [
      0.9184321730955362,
      0.9627996417657467
    ],
    [
      0.8537959252180354,
      0.9446165856559494
    ],
    [
      0.8171650018163477,
      0.8896158788694368
    ],
    [
      0.6726884750908073,
      0.8343230567956696
    ],
    [
      0.697857785918584,
      0.7144308262078264
    ],
    [
      0.5249473984495857,
      0.7152543832186097
    ],
    [
      0.549187483971348,
      0.7160546692950249
    ],
    [
      0.5301919544099883,
      0.5724253965204253
    ],
    [
      0.44876505372416825,
      0.5339226526555095
    ],
    [
      0.3797448424664835,
      0.5363922992616367
    ],
    [
      0.3694619271615632,
      0.40328080749704065
    ],
    [
      0.23398509761664657,
      0.37265479855706307
    ],
    [
      0.2678618894955424,
      0.36329188882427954
    ],
    [
      0.23921725477893607,
      0.3308577097211823
    ],
    [
      0.11094704894411508,
      0.2805610977508311
    ],
    [
      0.07720671906761356,
      0.20543300055902075
    ],
    [
      0.07388371671149606,
      0.19510022443253178
    ],
    [
      0.046169349701748505,
      0.09128409414829776
    ],
    [
      -0.00558438580590874,
      0.06900048285329466
    ],
    [
      0.03289221085726859,
      0.06697114389822686
    ],
    [
      -0.0028600422746845084,
      0.06041508107083199
    ],
    [
      0.007498318419618819,
      0.057414984854392656
    ],
    [
      0.01159091756440029,
      -0.02827812869084812
    ],
    [
      -0.043692878680754235,
      0.0455432134651938
    ],
    [
      0.00013419045445074024,
      -0.04113145258558957
    ],
    [
      -0.05644313134028215,
      0.042338768712016236
    ],
    [
      -0.10443808399413848,
      -0.011584316327083864
    ],
    [
      0.006266750871865262,
      -0.09053498664889548
    ],
    [
      -0.050189991582168574,
      -0.05149695575307552
    ],
    [
      -0.029797095401813675,
      0.016169045402719663
    ],
    [
      0.03695255444124743,
      -0.035145245624577506
    ],
    [
      0.04779446127514234,
      -0.0318630448094635
    ],
    [
      0.041965649871801174,
      0.04670211682726155
    ],
    [
      0.05021475143935104,
      0.02220990167531148
    ],
    [
      0.08198928077557761,
      -0.019863670746680807
    ],
    [
      0.19869622812050794,
      0.012124070638489751
    ],
    [
      0.14350977834939382,
      0.0823921334565581
    ],
    [
      0.23103405658762205,
      0.03639522586086616
    ],
    [
      0.22890794626322597,
      0.0970003072664943
    ],
    [
      0.271266124959098,
      0.07354956493082822
    ],
    [
      0.3091661014214954,
      0.11161308454097985
    ],
    [
      0.3530748230772058,
      0.17655151026558819
    ],
    [
      0.3848135716450367,
      0.19893921817653276
    ],
    [
      0.37609330910187283,
      0.23822298160906574
    ],
    [
      0.5545539907316438,
      0.24587721219019193
    ],
    [
      0.5139841205479566,
      0.25895102861768143
    ]
  ],
  "complexity": 0.25735730238271054
}