{
  "id": 1913,
  "wedge_count": 5,
  "parameters": {
    "rotation_speeds": [
      -2.770954966413235,
      0.5765982062723536,
      -2.6049832356587403,
      -2.374752638353579,
      1.5248705516257566
    ],
    "phi_x": [
      7.198654161261171,
      6.664490646861829,
      13.31220019719277,
      14.453236101394456,
      -6.779716277550875
    ],
    "phi_y": [
      9.275659296088197,
      -5.384235129831827,
      5.964491092274507,
      -12.1359304333762,
      -9.121746846369287
    ],
    "distances": [
      1.0,
      5.4481231125179,
      2.991710156616784,
      6.280591557169339,
      6.411572294486185,
      4.950469355513583
    ],
    "refractive_indices": [
      1.0,
      1.5,
      1.5,
      1.5,
      1.5,
      1.5,
      1.0
    ],
    "wedgenum": 5
  },
  "pattern": [
    [
      4.0298238827678325,
      4.034556040090351
    ],
    [
      3.9142048845795534,
      3.9332108853738172
    ],
    [
      3.905334598690797,
      3.9084236507440546
    ],
    [
      3.8521510374259833,
      3.7940837229951767
    ],
    [
      3.7491996367994247,
      3.6673372723824165
    ],
    [
      3.6447814806518184,
      3.637926452644184
    ],
    [
      3.5465256161729903,
      3.5131516794279114
    ],
    [
      3.3603903623637805,
      3.5099180620577197
    ],
    [
      3.268072450868455,
      3.2957481042387533
    ],
    [
      3.20842239672112,
      3.233373726336842
    ],
    [
      3.028207692683649,
      3.046116275260805
    ],
    [
      2.8430894100510313,
      2.933560009008215
    ],
    [
      2.6581158027465817,
      2.886122964321767
    ],
    [
      2.524169213374911,
      2.6504991185970024
    ],
    [
      2.4007277605620807,
      2.536623812210117
    ],
    [
      2.1619676666756025,
      2.368734690884514
    ],
    [
      1.9199959244188574,
      2.2466873256469517
    ],
    [
      1.8376096695703477,
      2.0057493585599526
    ],
    [
      1.6710823544921523,
      1.9444791986110959
    ],
    [
      1.4615916840633005,
      1.7258087040193988
    ],
    [
      1.2453894450536198,
      1.5003045482822277
    ],
    [
      0.997906860405861,
      1.3330306189447085
    ],
    [
      0.9158842298051761,
      1.2016486144612182
    ],
    [
      0.713161508277243,
      1.010030481198306
    ],
    [
      0.53768258824536,
      0.885436897643444
    ],
    [
      0.3760767660612824,
      0.7906914272918627
    ],
    [
      0.19870249008233934,
      0.583215392379565
    ],
    [
      -0.01807062103770299,
      0.4125414734136651
    ],
    [
      -0.13069594261878098,
      0.2819381700072236
    ],
    [
      -0.3341706902658907,
      0.06650305979563309
    ],
    [
      -0.45716476259871286,
      0.056242210340836346
    ],
    [
      -0.6353270883225502,
      -0.15146228803100903
    ],
    [
      -0.7521274465335275,
      -0.36044724877565404
    ],
    [
      -0.8785190463122904,
      -0.38238410124713734
    ],
    [
      -1.0703911101736332,
      -0.5163003116386926
    ],
    [
      -1.1893443796613499,
      -0.7277597304990512
    ],
    [
      -1.2186272694696993,
      -0.8446510768689144
    ],
    [
      -1.3790074604366414,
      -0.8443248769928456
    ],
    [
      -1.3768638504300241,
      -1.0618064395393545
    ],
    [
      -1.4676662970446552,
      -1.0277968682741525
    ],
    [
      -1.562703048988007,
      -1.1631798789857004
    ],
    [
      -1.6257644925427113,
      -1.3084972648981994
    ],
    [
      -1.6700346560889423,
      -1.3139456929364697
    ],
    [
      -1.7221998177549522,
      -1.4231671021019991
    ],
    [
      -1.738367691842283,
      -1.464311235708994
    ],
    [
      -1.7930377272943279,
      -1.52110267606312
    ],
    [
      -1.7379476688154114,
      -1.6281979702306446
    ],
    [
      -1.8746442518379527,
      -1.6436453189904372
    ],
    [
      -1.908056073216261,
      -1.6359870867700768
    ],
    [
      -1.8653733493699387,
      -1.7452050485317465
    ],
    [
      -1.742534388289525,
      -1.7089553302737415
    ],
    [
      -1.8684111753386452,
      -1.698690187294032
    ],
    [
      -1.6467126416924616,
      -1.7182477177425894
    ],
    [
      -1.6451954889384164,
      -1.5725456197561791
    ],
    [
      -1.5724189266849578,
      -1.7335068261634357
    ],
    [
      -1.5532150007636238,
      -1.6503181342333797
    ],
    [
      -1.508694317935097,
      -1.6655121751715534
    ],
    [
      -1.4863537099436723,
      -1.6783344001827005
    ],
    [
      -1.2901328588523295,
      -1.5168131767743536
    ],
    [
      -1.3563227679988428,
      -1.5710260395551945
    ]
  ],
  "complexity": 0.39170736620828867
}