{
  "id": 4745,
  "wedge_count": 5,
  "parameters": {
    "rotation_speeds": [
      -0.2405215187038392,
      0.2781540823008548,
      -1.197445645348116,
      -1.1006609472101487,
      1.5034438909289278
    ],
    "phi_x": [
      1.9059570903940433,
      -6.65755869919942,
      -12.04043363873965,
      -1.7454143451400554,
      3.616663320961031
    ],
    "phi_y": [
      -1.8907401283000667,
      0.042546845626809215,
      3.933814415771053,
      2.0812543213397845,
      8.521877141848805
    ],
    "distances": [
      1.0,
      2.102167121948205,
      7.571951371110483,
      6.8619742809888935,
      2.1023307833257867,
      6.6049297051323315
    ],
    "refractive_indices": [
      1.0,
      1.5,
      1.5,
      1.5,
      1.5,
      1.5,
      1.0
    ],
    "wedgenum": 5
  },
  "pattern": [
    [
      2.219419998739556,
      2.2187543884526084
    ],
    [
      2.20751091249247,
      2.0945889262331563
    ],
    [
      2.3068539763009217,
      2.1813444495722707
    ],
    [
      2.206190637693309,
      2.252170436873279
    ],
    [
      2.2629038175109493,
      2.190754323297479
    ],
    [
      2.224654804144287,
      2.1970077445494387
    ],
    [
      2.170287587099918,
      2.14882826794779
    ],
    [
      2.0832611757257844,
      2.2240884721010494
    ],
    [
      2.06144065510287,
      2.0412883989985358
    ],
    [
      2.018024625401678,
      1.9681366180515059
    ],
    [
      1.9309634829025422,
      2.0410929763921684
    ],
    [
      1.9038245402164757,
      2.022217291543938
    ],
    [
      1.9015425237946633,
      1.8258512441801469
    ],
    [
      1.7489148999340398,
      1.8981394825445013
    ],
    [
      1.813934574934246,
      1.86544250113521
    ],
    [
      1.744829010212401,
      1.855340899904466
    ],
    [
      1.612208101915187,
      1.7658477883207775
    ],
    [
      1.5201387099120929,
      1.6928767948042898
    ],
    [
      1.4522159793613474,
      1.5609429024338868
    ],
    [
      1.3576039723247189,
      1.4772121207772764
    ],
    [
      1.2763677801334141,
      1.4441766526291169
    ],
    [
      1.129113837597593,
      1.392253514711869
    ],
    [
      1.0518212704156635,
      1.2202939486074698
    ],
    [
      0.999494699921176,
      1.2019973307256522
    ],
    [
      0.8371846469988823,
      1.1229936488247965
    ],
    [
      0.7675909469199521,
      1.039290295883649
    ],
    [
      0.5108699155978367,
      0.9361687442568146
    ],
    [
      0.5847792433936554,
      0.8381212012102307
    ],
    [
      0.3996859081080353,
      0.709523258823023
    ],
    [
      0.3560383278337378,
      0.6337537698941239
    ],
    [
      0.25005531641873974,
      0.5211631045044836
    ],
    [
      1.595902903253621e-05,
      0.5103869963917396
    ],
    [
      -0.0175605229835403,
      0.28031788506725963
    ],
    [
      -0.048259222037491716,
      0.24175425546658896
    ],
    [
      -0.12058351654798118,
      0.12027818875876745
    ],
    [
      -0.331105425457294,
      0.0774172760742706
    ],
    [
      -0.4615448011821196,
      -0.09584550538578082
    ],
    [
      -0.45395765256892806,
      -0.18176778677144656
    ],
    [
      -0.47917749416929367,
      -0.24746514476225578
    ],
    [
      -0.6046807262983296,
      -0.29443321678220236
    ],
    [
      -0.6678065841396573,
      -0.34953462411572994
    ],
    [
      -0.8191974045133008,
      -0.5037168874599689
    ],
    [
      -0.92488274317263,
      -0.5849009790664568
    ],
    [
      -0.9666585642926314,
      -0.6356425739610225
    ],
    [
      -0.9774686971847626,
      -0.712010065141645
    ],
    [
      -1.1242579621130047,
      -0.787120811400173
    ],
    [
      -1.148347125975913,
      -0.7649282152063464
    ],
    [
      -1.0737594317057741,
      -0.962109481980597
    ],
    [
      -1.1616006464371096,
      -0.9225261028177378
    ],
    [
      -1.2232422371738678,
      -0.9959844578118092
    ],
    [
      -1.2640347712994253,
      -1.008322825853421
    ],
    [
      -1.2144635845261638,
      -1.1644867814562265
    ],
    [
      -1.2121660171231143,
      -1.1102261042193007
    ],
    [
      -1.2713025603867951,
      -1.1780603962864744
    ],
    [
      -1.2569410510064434,
      -1.1597567081136702
    ],
    [
      -1.223204449169455,
      -1.1599711502350445
    ],
    [
      -1.1127876613140284,
      -1.2830484466654508
    ],
    [
      -1.1134498355790643,
      -1.3032881425732532
    ],
    [
      -1.1710385939082124,
      -1.268692370569021
    ],
    [
      -1.1477586830328146,
      -1.274760653766558
    ]
  ],
  "complexity": 0.32504078877012355
}