{
  "id": 1249,
  "wedge_count": 2,
  "parameters": {
    "rotation_speeds": [
      0.9780305691538134,
      1.8807217926405375
    ],
    "phi_x": [
      -9.253576773306733,
      0.25074042420920684
    ],
    "phi_y": [
      9.28920003355006,
      -3.2329380946046644
    ],
    "distances": [
      1.0,
      6.41571831028638,
      5.0857372497441915
    ],
    "refractive_indices": [
      1.0,
      1.5,
      1.5,
      1.0
    ],
    "wedgenum": 2
  },
  "pattern": [
    [
      0.6771518863733018,
      0.6248201276130626
    ],
    [
      0.7118084132675312,
      0.6719990672498509
    ],
    [
      0.7188821207443634,
      0.7553368910267749
    ],
    [
      0.8224860849036296,
      0.7779251868804997
    ],
    [
      0.8786179858099923,
      0.7822981537887761
    ],
    [
      0.9257414850457047,
      0.9005408900526648
    ],
    [
      0.8368888270248575,
      0.8720679985096286
    ],
    [
      0.8562690167527888,
      0.9313582453821131
    ],
    [
      1.0376758018209942,
      0.8547964852074138
    ],
    [
      0.9786437573752769,
      0.8868459730322745
    ],
    [
      0.9824386050304701,
      0.9607292642471632
    ],
    [
      1.001362716578409,
      0.972440933725573
    ],
    [
      0.9856245880196661,
      0.9961874271852343
    ],
    [
      0.9744224450759887,
      1.128428536527423
    ],
    [
      1.0836636185093067,
      0.9740891782256411
    ],
    [
      1.1554413933154302,
      1.048914149245399
    ],
    [
      1.1316797911929553,
      1.100281091477461
    ],
    [
      1.1143051375251993,
      1.0645151968294766
    ],
    [
      1.1441799807422313,
      1.1563797547546832
    ],
    [
      1.1451616095204917,
      1.139751981369881
    ],
    [
      1.0637815739242693,
      1.1362398396988183
    ],
    [
      1.1742148138993775,
      1.079860276892802
    ],
    [
      1.0772424692559504,
      1.0916835527554996
    ],
    [
      1.1284319808361123,
      1.1430771081114401
    ],
    [
      1.104669973970632,
      1.1143549768287897
    ],
    [
      1.0668658827363628,
      1.1818382734998216
    ],
    [
      1.1005971295585253,
      1.0719052478571276
    ],
    [
      1.0267463996805584,
      1.1074232974235474
    ],
    [
      1.0063466128106402,
      1.1022710459474512
    ],
    [
      1.0027248801581583,
      1.0793746829706727
    ],
    [
      1.0276493096783963,
      1.0639469949361458
    ],
    [
      0.9058770239846161,
      1.0975014783418524
    ],
    [
      0.9315783484322449,
      1.0329237307168488
    ],
    [
      0.8416551286129463,
      0.9866163775246858
    ],
    [
      0.9123605719677921,
      0.9960837537031328
    ],
    [
      0.9422222268259322,
      0.9103057039173362
    ],
    [
      0.7933020521065991,
      0.9671504145898445
    ],
    [
      0.7116991283421622,
      0.9128692231985297
    ],
    [
      0.6795549700798966,
      0.8968678459374849
    ],
    [
      0.7163899581326774,
      0.8410018295861411
    ],
    [
      0.6298556990804091,
      0.8565273566772069
    ],
    [
      0.572163421437539,
      0.806585669616231
    ],
    [
      0.62467791698871,
      0.6922134830666984
    ],
    [
      0.6131299252531415,
      0.78200833393584
    ],
    [
      0.5034313292457204,
      0.6983484465751378
    ],
    [
      0.48891681343512233,
      0.6746478630898263
    ],
    [
      0.5000742834072879,
      0.6371155835578168
    ],
    [
      0.42393310423424285,
      0.6252128853242473
    ],
    [
      0.32220789690197393,
      0.5307535657774496
    ],
    [
      0.36905524980624554,
      0.47855801966613093
    ],
    [
      0.2771100970780787,
      0.5027747115486522
    ],
    [
      0.29109972693015895,
      0.40024278731270446
    ],
    [
      0.1987791881838742,
      0.4129485119476482
    ],
    [
      0.14908992837319632,
      0.3240454273945509
    ],
    [
      0.08809726994131795,
      0.3248792747099361
    ],
    [
      0.1286419489676924,
      0.2362449371758737
    ],
    [
      -0.02190298933816058,
      0.3040377534146349
    ],
    [
      0.025723505212240674,
      0.222854861686979
    ],
    [
      0.0566547690788398,
      0.23151857525351704
    ],
    [
      -0.08344807162294243,
      0.08098654335177603
    ]
  ],
  "complexity": 0.22686498703574962
}