{
  "id": 4541,
  "wedge_count": 2,
  "parameters": {
    "rotation_speeds": [
      -1.999981316159678,
      0.7491124570972687
    ],
    "phi_x": [
      -14.061399246092103,
      14.104102369105949
    ],
    "phi_y": [
      1.0466734165385567,
      -14.785183054456557
    ],
    "distances": [
      1.0,
      7.4175276125835286,
      6.557947942070158
    ],
    "refractive_indices": [
      1.0,
      1.5,
      1.5,
      1.0
    ],
    "wedgenum": 2
  },
  "pattern": [
    [
      2.1132213548546237,
      2.1098079979851025
    ],
    [
      2.1579258558115555,
      2.097580535877686
    ],
    [
      2.1660071123518123,
      1.9957669606649742
    ],
    [
      2.037055718083711,
      2.1363825171787725
    ],
    [
      2.0979105400594986,
      2.11275067063969
    ],
    [
      2.0271761920042284,
      2.0832768085579816
    ],
    [
      2.0231078283579973,
      2.0469003685626
    ],
    [
      2.0479158193920894,
      2.0118739752295927
    ],
    [
      2.0150529910407675,
      2.0779671188143727
    ],
    [
      2.0709642687268635,
      1.9573286927108287
    ],
    [
      2.0418546921679273,
      2.0620432760721283
    ],
    [
      1.9641431578692428,
      2.03676149023953
    ],
    [
      1.9036703568703293,
      1.9927760568701862
    ],
    [
      1.9233114699528193,
      1.9478586301102063
    ],
    [
      1.838764346864613,
      1.978551831850826
    ],
    [
      1.8138616226112605,
      1.8713367516940547
    ],
    [
      1.7711790025742942,
      1.7657639725834702
    ],
    [
      1.667979973482504,
      1.8087285502401982
    ],
    [
      1.745041438996893,
      1.7474643231645894
    ],
    [
      1.5179860023790046,
      1.681189031327464
    ],
    [
      1.5007451417462159,
      1.613333786489095
    ],
    [
      1.4875923128660502,
      1.6230358756086918
    ],
    [
      1.4020018132215484,
      1.577545433084035
    ],
    [
      1.3229327095803969,
      1.4867351373523237
    ],
    [
      1.2305199201256296,
      1.4711403330069277
    ],
    [
      1.222444790756647,
      1.4519291791562825
    ],
    [
      1.156162009263188,
      1.2815891684349345
    ],
    [
      1.067621030647833,
      1.2137383032430566
    ],
    [
      1.0083588198605906,
      1.2579731892097592
    ],
    [
      1.0809269728188657,
      1.155695351878651
    ],
    [
      0.8597672617015057,
      1.2000945226118223
    ],
    [
      0.7992093467252531,
      1.0434991044870574
    ],
    [
      0.7991131448759176,
      0.9532096039860424
    ],
    [
      0.7139688748486891,
      0.9933812454157718
    ],
    [
      0.6256340184581953,
      0.9548719671183159
    ],
    [
      0.6817192749877474,
      0.8864789439013021
    ],
    [
      0.6409806304165497,
      0.8929436162786262
    ],
    [
      0.5715450656590951,
      0.7512075521137358
    ],
    [
      0.5058925493704942,
      0.6909365597362919
    ],
    [
      0.4292990339439389,
      0.7277981849558963
    ],
    [
      0.44053388737223886,
      0.671909065759989
    ],
    [
      0.320598611503014,
      0.5738028569832729
    ],
    [
      0.30385162628901197,
      0.5687821861001041
    ],
    [
      0.3976652886322065,
      0.4698013391222136
    ],
    [
      0.4097248525098937,
      0.4863719994900103
    ],
    [
      0.213351379182882,
      0.5171949117534853
    ],
    [
      0.3058450058769201,
      0.39778589503272177
    ],
    [
      0.25483308474485666,
      0.3092129607442469
    ],
    [
      0.22830457228607096,
      0.33332738880586066
    ],
    [
      0.24720121469429313,
      0.36085434399581223
    ],
    [
      0.2940165343525577,
      0.32244406264134073
    ],
    [
      0.18545657904529322,
      0.18342492344458722
    ],
    [
      0.21159228884569337,
      0.19077105336879097
    ],
    [
      0.17524657708190602,
      0.26319293424840884
    ],
    [
      0.22712413546383647,
      0.1957000880942444
    ],
    [
      0.26235404581790733,
      0.16086739021079727
    ],
    [
      0.29938897771441575,
      0.1748120678720251
    ],
    [
      0.2921966386929232,
      0.2634665567610751
    ],
    [
      0.3155622935324688,
      0.13594939456417782
    ],
    [
      0.21438595267383445,
      0.11210067712586533
    ]
  ],
  "complexity": 0.2770079844512274
}