{
  "id": 4407,
  "wedge_count": 6,
  "parameters": {
    "rotation_speeds": [
      2.761951974433976,
      1.7549428889833818,
      -0.12188174695686271,
      2.201102215942602,
      -2.3652654418321752,
      -1.903945198305761
    ],
    "phi_x": [
      6.847170066511815,
      7.670398918911744,
      -11.113981097506255,
      -1.2138419464169274,
      -6.369567990776726,
      -7.264060257931191
    ],
    "phi_y": [
      13.818348982745878,
      -4.667830105963027,
      -8.98254946028742,
      -14.343358414895281,
      2.9727405373670344,
      -2.4930134181957566
    ],
    "distances": [
      1.0,
      7.937451948436486,
      5.549022874576603,
      7.118636392482612,
      5.879340936262573,
      2.021354116186135,
      6.393694245454271
    ],
    "refractive_indices": [
      1.0,
      1.5,
      1.5,
      1.5,
      1.5,
      1.5,
      1.5,
      1.0
    ],
    "wedgenum": 6
  },
  "pattern": [
    [
      3.553343050402218,
      3.4143918997295866
    ],
    [
      3.5727391678923834,
      3.620993629298471
    ],
    [
      3.7167933160160134,
      3.6635033426372803
    ],
    [
      3.886307816195054,
      3.768869829614771
    ],
    [
      4.007476220437876,
      3.923133519319044
    ],
    [
      4.090011066176923,
      4.075594729241986
    ],
    [
      4.163100254277322,
      4.013778079515868
    ],
    [
      4.198203209097293,
      4.276284957657049
    ],
    [
      4.367536553208437,
      4.304323018111701
    ],
    [
      4.36098319425422,
      4.3170127897914075
    ],
    [
      4.382889400196119,
      4.344886396680292
    ],
    [
      4.442947160103975,
      4.461202750334695
    ],
    [
      4.508330129906705,
      4.450115661767925
    ],
    [
      4.539134247327969,
      4.5321449440879435
    ],
    [
      4.475138349414729,
      4.494986890335998
    ],
    [
      4.3975881099212355,
      4.508635370195696
    ],
    [
      4.410093728992063,
      4.438268822487021
    ],
    [
      4.484856262729972,
      4.359914017481693
    ],
    [
      4.260234871257012,
      4.4186952238967425
    ],
    [
      4.295896341376937,
      4.2439408136406565
    ],
    [
      4.216380102323763,
      4.366095002497952
    ],
    [
      4.171611106262035,
      4.283459572102983
    ],
    [
      3.99480827945689,
      4.231588270136676
    ],
    [
      3.881839379587857,
      4.095236004877272
    ],
    [
      3.7889632422308788,
      3.9730917160507233
    ],
    [
      3.6253291686984612,
      3.9240358074799127
    ],
    [
      3.4933279940117576,
      3.8168296076337334
    ],
    [
      3.2624077592332092,
      3.678139445152292
    ],
    [
      3.20037667025875,
      3.6274014166174666
    ],
    [
      2.9488293012840696,
      3.4064545139579905
    ],
    [
      2.7877514697389474,
      3.221377056609702
    ],
    [
      2.667140559662824,
      3.1229925995418273
    ],
    [
      2.3910449544835144,
      2.976890611180589
    ],
    [
      2.0961638989867097,
      2.801252702818575
    ],
    [
      2.0530081258543595,
      2.6300245071679336
    ],
    [
      1.772246294323891,
      2.514715306606834
    ],
    [
      1.5653772395920533,
      2.3069618862670143
    ],
    [
      1.365786662046488,
      2.0590315968918893
    ],
    [
      1.113295304580058,
      1.9237891974346932
    ],
    [
      1.0220362088730826,
      1.7448356742762905
    ],
    [
      0.7318883610422416,
      1.4999634211429784
    ],
    [
      0.4557196770014088,
      1.3818648805347702
    ],
    [
      0.22484820552385082,
      1.073255566752691
    ],
    [
      0.09020749778861156,
      0.9439819956927471
    ],
    [
      -0.054634570245689566,
      0.7907351522077026
    ],
    [
      -0.2631035886663272,
      0.6956734287450856
    ],
    [
      -0.5082805739143629,
      0.3531562273552783
    ],
    [
      -0.7530325678000765,
      0.19953341987419365
    ],
    [
      -0.925570284146142,
      0.050190470962069064
    ],
    [
      -1.002437373775674,
      -0.1985477740251561
    ],
    [
      -1.2164021703495558,
      -0.34964157698714815
    ],
    [
      -1.3644816825529091,
      -0.5175076007225824
    ],
    [
      -1.5049339066874414,
      -0.7798277906185653
    ],
    [
      -1.725318862024181,
      -0.9275170079145638
    ],
    [
      -1.798254699411855,
      -0.9787437125924086
    ],
    [
      -1.9708005050146018,
      -1.150812016295655
    ],
    [
      -2.0769527851195257,
      -1.2578118543887051
    ],
    [
      -2.13114894645386,
      -1.4804511674494656
    ],
    [
      -2.3219505075942646,
      -1.591942306723809
    ],
    [
      -2.3733755732703896,
      -1.752425645858391
    ]
  ],
  "complexity": 0.4401799193281481
}