{
  "id": 1062,
  "wedge_count": 3,
  "parameters": {
    "rotation_speeds": [
      -1.2003297001161641,
      0.6939076361538508,
      2.2750483256309435
    ],
    "phi_x": [
      -4.580461269859917,
      3.71761102095887,
      12.18902894996824
    ],
    "phi_y": [
      -11.204207265315699,
      6.177330482518677,
      -13.566890211343688
    ],
    "distances": [
      1.0,
      2.4950496058803804,
      2.0743826240463523,
      4.485168881581823
    ],
    "refractive_indices": [
      1.0,
      1.5,
      1.5,
      1.5,
      1.0
    ],
    "wedgenum": 3
  },
  "pattern": [
    [
      1.815531945051708,
      1.680706533866378
    ],
    [
      1.7791336623717768,
      1.718924189681563
    ],
    [
      1.7759779106569706,
      1.7364863073623082
    ],
    [
      1.7446396579728536,
      1.8868093671784714
    ],
    [
      1.776150915947756,
      1.7442901198004628
    ],
    [
      1.7583672830726345,
      1.7616350501355236
    ],
    [
      1.7684720276835386,
      1.7361815059638324
    ],
    [
      1.762763054289001,
      1.738638533331671
    ],
    [
      1.7293000644887166,
      1.6988270344105598
    ],
    [
      1.6654509117926721,
      1.6417482956254785
    ],
    [
      1.5867538929193459,
      1.616374242107899
    ],
    [
      1.5178857023162788,
      1.587963859566822
    ],
    [
      1.5632231899260134,
      1.5877496298062874
    ],
    [
      1.3912902069891158,
      1.6168017942649513
    ],
    [
      1.3862640830907995,
      1.4237419482856817
    ],
    [
      1.2905784668138442,
      1.3697860516918177
    ],
    [
      1.1947766288994925,
      1.4752004085932695
    ],
    [
      1.1149519638453365,
      1.340693500621808
    ],
    [
      1.108689253488813,
      1.228587221482055
    ],
    [
      1.0486318320849408,
      1.2077358050934264
    ],
    [
      0.8588611501462586,
      1.0267133134118993
    ],
    [
      0.6531288762870656,
      1.0467707514101598
    ],
    [
      0.6883886372095952,
      0.8887912307337735
    ],
    [
      0.5990531209486514,
      0.8304959404754313
    ],
    [
      0.3959842217417469,
      0.747467345637419
    ],
    [
      0.36563502458346103,
      0.6224348586930887
    ],
    [
      0.18905626328799055,
      0.5422456507604994
    ],
    [
      0.05160258839234681,
      0.4533336595113585
    ],
    [
      -0.06994612747047396,
      0.3044439172346077
    ],
    [
      -0.16318728105560068,
      0.2610298636174547
    ],
    [
      -0.19657363621681825,
      0.17875566826171538
    ],
    [
      -0.4280257738721611,
      0.04747960215909138
    ],
    [
      -0.46657215929840407,
      -0.13793870006547965
    ],
    [
      -0.7328127414699102,
      -0.24728502233960348
    ],
    [
      -0.6873840113230244,
      -0.3901399727171492
    ],
    [
      -0.790751665501678,
      -0.42988545844574894
    ],
    [
      -0.8563291001653462,
      -0.48100355623764574
    ],
    [
      -1.0039170953686993,
      -0.610003588132873
    ],
    [
      -1.0817662252064977,
      -0.6534684343970278
    ],
    [
      -1.2038273556617243,
      -0.9382266339894307
    ],
    [
      -1.3011471747734933,
      -0.8723356109099378
    ],
    [
      -1.2649573709975774,
      -1.0297625607757506
    ],
    [
      -1.4286599571019505,
      -0.9860534890608856
    ],
    [
      -1.4431552916181938,
      -1.1381099466641407
    ],
    [
      -1.5315088786706916,
      -1.1701422874297753
    ],
    [
      -1.6158845620811422,
      -1.3305003701982434
    ],
    [
      -1.5729523056185104,
      -1.2955992204365563
    ],
    [
      -1.7156604619360325,
      -1.462315927737974
    ],
    [
      -1.6436004127490298,
      -1.4515843230816252
    ],
    [
      -1.7000411092644423,
      -1.5025899212422218
    ],
    [
      -1.6522203411531147,
      -1.4996933588861776
    ],
    [
      -1.739755846132084,
      -1.5863377815433335
    ],
    [
      -1.6644181547768147,
      -1.569677117597109
    ],
    [
      -1.715629891765578,
      -1.621701911393456
    ],
    [
      -1.6384961721264268,
      -1.695764032159156
    ],
    [
      -1.6192466703014592,
      -1.7279810856858946
    ],
    [
      -1.6206396092669968,
      -1.6789982863313941
    ],
    [
      -1.5376609080043957,
      -1.7304233734931764
    ],
    [
      -1.50648610409617,
      -1.6708120378402518
    ],
    [
      -1.4377262259699932,
      -1.6809590942963115
    ]
  ],
  "complexity": 0.3359438988970165
}