{
  "id": 2779,
  "wedge_count": 6,
  "parameters": {
    "rotation_speeds": [
      -1.8567279525922988,
      0.3095773244085329,
      -1.8542924346848866,
      1.7060843357499396,
      0.06438264901275748,
      0.2161900370671188
    ],
    "phi_x": [
      -7.476415131768333,
      8.587657281211005,
      12.592288667081966,
      7.325802008909321,
      2.7942580071712904,
      -13.599784256431308
    ],
    "phi_y": [
      -4.361000307642071,
      11.746722896920314,
      5.612371524371611,
      -7.299801427033016,
      12.296854020733107,
      -6.5217257702368965
    ],
    "distances": [
      1.0,
      6.692111509969997,
      2.3941315407270594,
      3.8115535716582407,
      4.149341676384943,
      5.049363419964414,
      2.47141706607617
    ],
    "refractive_indices": [
      1.0,
      1.5,
      1.5,
      1.5,
      1.5,
      1.5,
      1.5,
      1.0
    ],
    "wedgenum": 6
  },
  "pattern": [
    [
      4.531673801385748,
      4.552279354901183
    ],
    [
      4.467795258622041,
      4.44349166387933
    ],
    [
      4.500095040976467,
      4.501436483484947
    ],
    [
      4.371326216555019,
      4.445324790447837
    ],
    [
      4.27392980475433,
      4.4364722498323195
    ],
    [
      4.386313023231909,
      4.342855523229126
    ],
    [
      4.281486082028165,
      4.322866417328183
    ],
    [
      4.100692121947678,
      4.2658493308077485
    ],
    [
      4.13831976854037,
      4.101984361042282
    ],
    [
      3.9511905603181465,
      4.133231093912791
    ],
    [
      3.997700027396974,
      4.033189810563541
    ],
    [
      3.8694318375541004,
      3.987449487715376
    ],
    [
      3.7827960444739657,
      3.9219774332113873
    ],
    [
      3.634342876962869,
      3.8000827829914345
    ],
    [
      3.532002655674172,
      3.7356290176457265
    ],
    [
      3.382803424061635,
      3.4737818410649703
    ],
    [
      3.265939698288067,
      3.5561687593792772
    ],
    [
      3.1503392583836334,
      3.282254398908739
    ],
    [
      3.0321037908306687,
      3.205686008027341
    ],
    [
      2.834924299803536,
      3.2186135416254107
    ],
    [
      2.729524555056741,
      3.0030871420559286
    ],
    [
      2.6113806890527282,
      2.801503680743674
    ],
    [
      2.4249667375255997,
      2.7593453449373677
    ],
    [
      2.2426553558983566,
      2.624816754447622
    ],
    [
      2.212553835972397,
      2.4779546923466933
    ],
    [
      1.9629046088403084,
      2.443215109429735
    ],
    [
      1.896810843775779,
      2.3651535170687596
    ],
    [
      1.695314187926015,
      2.1318410462667434
    ],
    [
      1.6217688670775636,
      2.0808595459752124
    ],
    [
      1.5057856186956806,
      1.8695791086142395
    ],
    [
      1.4243018892544024,
      1.7979851723843896
    ],
    [
      1.4104783609467053,
      1.573371029879539
    ],
    [
      1.2074119696494334,
      1.618288939007174
    ],
    [
      1.1498889290838232,
      1.517035101322771
    ],
    [
      1.0086839244880528,
      1.4086109675569973
    ],
    [
      0.9027289897919448,
      1.3174373367345973
    ],
    [
      0.796267856308717,
      1.1621742384206069
    ],
    [
      0.7613136092664685,
      1.0435748742902184
    ],
    [
      0.6128920181869709,
      1.0196742442629385
    ],
    [
      0.6383182254054841,
      1.03901068752532
    ],
    [
      0.5667477680940046,
      0.9246714982073475
    ],
    [
      0.4448151053350987,
      0.8883994923865921
    ],
    [
      0.5216922655592682,
      0.6687042925736358
    ],
    [
      0.4481377247165798,
      0.6475486510935349
    ],
    [
      0.43827897171976454,
      0.6977869493447454
    ],
    [
      0.33080324304181397,
      0.5079902590373189
    ],
    [
      0.4464814923015318,
      0.4954592451242671
    ],
    [
      0.35170063961106535,
      0.5177802705085273
    ],
    [
      0.4031197842423122,
      0.49013136844374416
    ],
    [
      0.5225042818722595,
      0.373364273457772
    ],
    [
      0.4820048280202152,
      0.46020090006320713
    ],
    [
      0.5560830558513257,
      0.49134749827222274
    ],
    [
      0.518585766451546,
      0.4973040799319627
    ],
    [
      0.5854802377596635,
      0.5035178696116039
    ],
    [
      0.633536029828261,
      0.5732986309503648
    ],
    [
      0.7527961821119843,
      0.5614535525176343
    ],
    [
      0.9416751662819485,
      0.5033901370060544
    ],
    [
      0.8879551770305995,
      0.6490165196495367
    ],
    [
      1.0557827049948023,
      0.7088497666398281
    ],
    [
      1.1662991032941792,
      0.7055376899441874
    ]
  ],
  "complexity": 0.3433828807588928
}