{
  "id": 2938,
  "wedge_count": 6,
  "parameters": {
    "rotation_speeds": [
      2.325866042144183,
      3.714157415667362,
      1.7957403536842786,
      -0.6140663959155539,
      -4.9057989519882685,
      3.9553003261948643
    ],
    "phi_x": [
      -14.476182649203178,
      22.440261082056047,
      5.667003750726142,
      -13.12832164535352,
      1.1282784281385005,
      19.88225098967802
    ],
    "phi_y": [
      -13.225492339080002,
      2.2520659845197457,
      8.100037742060138,
      3.6183204788377488,
      -9.146911673858337,
      -0.17311961674741383
    ],
    "distances": [
      1.0,
      6.4920699373591635,
      2.224259550225887,
      2.3309380724072697,
      7.203719459341821,
      2.483367647841395,
      6.017264275520906
    ],
    "refractive_indices": [
      1.0,
      1.5,
      1.5,
      1.5,
      1.5,
      1.5,
      1.5,
      1.0
    ],
    "wedgenum": 6
  },
  "pattern": [
    [
      5.1703810492967435,
      5.220170843038228
    ],
    [
      5.20962727292946,
      5.1309206277322525
    ],
    [
      5.088930557167634,
      5.1409775571151926
    ],
    [
      4.993613550609889,
      5.048172303524599
    ],
    [
      4.882638713965337,
      4.967904569042577
    ],
    [
      4.836730007417274,
      4.908740754830439
    ],
    [
      4.673334083603785,
      4.887419951613112
    ],
    [
      4.6412496305580975,
      4.8333356577984
    ],
    [
      4.43099127388684,
      4.68700655950513
    ],
    [
      4.3279579714616485,
      4.568892644993951
    ],
    [
      4.179821426298188,
      4.356408877875066
    ],
    [
      4.130842430100225,
      4.353108119135864
    ],
    [
      3.867997603966744,
      4.219165168581058
    ],
    [
      3.8453196314768214,
      4.148653777711554
    ],
    [
      3.5579561428467392,
      3.910308162871439
    ],
    [
      3.5197525142951434,
      3.741393822244093
    ],
    [
      3.380551121349138,
      3.64217984946393
    ],
    [
      3.0844355425296612,
      3.5255801972036362
    ],
    [
      2.993794887375892,
      3.443416812243398
    ],
    [
      2.8791556469169945,
      3.3110028803902622
    ],
    [
      2.7038303934608177,
      3.090469838471938
    ],
    [
      2.4472393522013425,
      2.9403941209491262
    ],
    [
      2.301350425229795,
      2.7688641071271527
    ],
    [
      2.1262224616706287,
      2.6478013802208
    ],
    [
      2.0359328405034103,
      2.468918442901479
    ],
    [
      1.8137179736724809,
      2.300828438782792
    ],
    [
      1.658436325549038,
      2.1559003001931702
    ],
    [
      1.4445920794358598,
      2.0271883681893135
    ],
    [
      1.4331048783182654,
      1.8272635895993152
    ],
    [
      1.2823873747666605,
      1.8013370741209989
    ],
    [
      1.1027179509356617,
      1.5981584770203385
    ],
    [
      0.9988176504366647,
      1.5530976404718446
    ],
    [
      0.7958681243791201,
      1.3252446816757224
    ],
    [
      0.6591904508131433,
      1.198513671381033
    ],
    [
      0.599387453582785,
      1.0616991800015412
    ],
    [
      0.3950059697581328,
      0.9247172394648032
    ],
    [
      0.3667595147723919,
      0.7839722301968783
    ],
    [
      0.23449101788550542,
      0.6787740852512943
    ],
    [
      0.056267932037801484,
      0.6809870995428088
    ],
    [
      0.013457441773535419,
      0.529717168671657
    ],
    [
      -0.07890199040301174,
      0.36295472715876537
    ],
    [
      -0.12564847764631795,
      0.27106131538360545
    ],
    [
      -0.16025912122502387,
      0.2059901153314961
    ],
    [
      -0.2634274111816018,
      0.16884716899738844
    ],
    [
      -0.2675498870278528,
      0.09452457175792961
    ],
    [
      -0.48029637033886335,
      0.005262874580031829
    ],
    [
      -0.42692265976499516,
      -0.09641247141077705
    ],
    [
      -0.48073509597077235,
      -0.20348298171020443
    ],
    [
      -0.478862703070593,
      -0.13666615315184005
    ],
    [
      -0.49081419867577575,
      -0.33546863984785863
    ],
    [
      -0.5195527177146242,
      -0.3413219509252606
    ],
    [
      -0.5275360160865927,
      -0.34288785807567596
    ],
    [
      -0.4143945600683336,
      -0.36961493065338635
    ],
    [
      -0.5246642310053184,
      -0.4300534372740179
    ],
    [
      -0.47372541282183445,
      -0.4660447422534604
    ],
    [
      -0.5184962686318192,
      -0.4577366604804269
    ],
    [
      -0.4581270473684885,
      -0.48978272506274373
    ],
    [
      -0.29067563459105117,
      -0.47651444675782784
    ],
    [
      -0.36134496368997915,
      -0.5068649205598962
    ],
    [
      -0.3021096067926844,
      -0.5465342196592824
    ]
  ],
  "complexity": 0.4223703593848789
}