{
  "id": 2364,
  "wedge_count": 5,
  "parameters": {
    "rotation_speeds": [
      -0.0033033995863318566,
      4.26266819454993,
      1.9554226073627863,
      -1.4801975221930999,
      -4.837451908175221
    ],
    "phi_x": [
      22.07215822398949,
      21.94257490897376,
      -16.597096954916008,
      22.330144730662035,
      19.82230155329855
    ],
    "phi_y": [
      -7.407946963921692,
      -20.160789251579725,
      21.11657371708219,
      -14.719528673645549,
      8.485881635769417
    ],
    "distances": [
      1.0,
      7.0706222016451985,
      3.8941000443970593,
      3.528331362983717,
      5.982950775873311,
      4.072993459264408
    ],
    "refractive_indices": [
      1.0,
      1.5,
      1.5,
      1.5,
      1.5,
      1.5,
      1.0
    ],
    "wedgenum": 5
  },
  "pattern": [
    [
      7.964624618118589,
      7.986628504224571
    ],
    [
      8.170836777757346,
      8.130465309667283
    ],
    [
      8.210300976483332,
      8.16524136357641
    ],
    [
      8.33450526530353,
      8.301703278322064
    ],
    [
      8.446926623803394,
      8.423590537654565
    ],
    [
      8.473637284260773,
      8.410380042399513
    ],
    [
      8.599443084602324,
      8.413042020949575
    ],
    [
      8.448575089964708,
      8.523044022086497
    ],
    [
      8.56782745009901,
      8.574881410562053
    ],
    [
      8.580361102187785,
      8.453155915718815
    ],
    [
      8.546142239146553,
      8.41969054233676
    ],
    [
      8.392846305801578,
      8.361523368054572
    ],
    [
      8.399005220204264,
      8.33843989656276
    ],
    [
      8.386961341276907,
      8.346892167912296
    ],
    [
      8.25038538217899,
      8.288688450849659
    ],
    [
      8.17953001355113,
      8.19002032780325
    ],
    [
      8.084799021414435,
      8.05206341496364
    ],
    [
      7.999094689246855,
      8.038535037566884
    ],
    [
      7.754199045109175,
      7.980157717264282
    ],
    [
      7.585103969335834,
      7.744776424339429
    ],
    [
      7.359527624910057,
      7.654401221124825
    ],
    [
      7.218191693721062,
      7.494886898425701
    ],
    [
      6.972242173274096,
      7.341555217356379
    ],
    [
      6.911633186064991,
      7.162762887459376
    ],
    [
      6.535193870995332,
      6.993514462464592
    ],
    [
      6.2899470934803245,
      6.714207052811674
    ],
    [
      6.136049815934389,
      6.667320687584617
    ],
    [
      5.818028514723133,
      6.34554266051907
    ],
    [
      5.686702279460089,
      6.188832899026452
    ],
    [
      5.391618270682981,
      5.966801615858144
    ],
    [
      4.9709488366736645,
      5.6409065213404235
    ],
    [
      4.774237786400077,
      5.507761814436843
    ],
    [
      4.550941293465795,
      5.288351354181203
    ],
    [
      4.180129216675971,
      4.909341626871481
    ],
    [
      3.9498241200087962,
      4.793538498050673
    ],
    [
      3.7382117239063715,
      4.443397619599784
    ],
    [
      3.465839076987258,
      4.193299724661637
    ],
    [
      3.2034891352023362,
      4.1411051007932915
    ],
    [
      2.949936357954753,
      3.8701365469313105
    ],
    [
      2.6101185080770883,
      3.6356512218882573
    ],
    [
      2.385951740086391,
      3.287331693231811
    ],
    [
      1.9784203006455625,
      3.064937552685321
    ],
    [
      1.9095824676129756,
      2.7297780947270325
    ],
    [
      1.6965222796448192,
      2.560774510067133
    ],
    [
      1.4548001948291016,
      2.4017885857056465
    ],
    [
      1.1940936423910526,
      2.1337950804599357
    ],
    [
      1.0190169782452845,
      1.9407382250992304
    ],
    [
      0.7603706197459827,
      1.7641648566818398
    ],
    [
      0.6902537525349489,
      1.4845491218528395
    ],
    [
      0.3316241320600299,
      1.3253366550434837
    ],
    [
      0.21086546454445848,
      1.0813501675131445
    ],
    [
      0.15339933128116318,
      0.8858488429467203
    ],
    [
      -0.06411750262331059,
      0.7821401062578922
    ],
    [
      -0.3173411647521521,
      0.5949016917137088
    ],
    [
      -0.38083193818886746,
      0.415843802314339
    ],
    [
      -0.38253628468906586,
      0.22669033238565778
    ],
    [
      -0.4077720121442839,
      -0.01344120545494118
    ],
    [
      -0.6039005502557913,
      0.06299145255241576
    ],
    [
      -0.6653231945570891,
      -0.14309101799171572
    ],
    [
      -0.7556077441445039,
      -0.33953345377153693
    ]
  ],
  "complexity": 0.6029751947536909
}