{
  "id": 1005,
  "wedge_count": 2,
  "parameters": {
    "rotation_speeds": [
      3.4443072371645598,
      -4.257561233777434
    ],
    "phi_x": [
      -18.30381706302065,
      -9.643957533541588
    ],
    "phi_y": [
      1.3952904928940124,
      -20.0
    ],
    "distances": [
      1.0,
      3.1796491535146165,
      4.961011759628478
    ],
    "refractive_indices": [
      1.0,
      1.5,
      1.5,
      1.0
    ],
    "wedgenum": 2
  },
  "pattern": [
    [
      2.133873190410197,
      2.0724532987647004
    ],
    [
      2.1909273878401723,
      1.9665909385313012
    ],
    [
      1.9560140494399503,
      2.0647211603074846
    ],
    [
      1.9769472761351494,
      1.9619740669167316
    ],
    [
      1.7451039132272905,
      1.758266670563678
    ],
    [
      1.6741371575983213,
      1.6637197734036164
    ],
    [
      1.4590285697027572,
      1.5034478645002844
    ],
    [
      1.374788626994239,
      1.4701837299377973
    ],
    [
      1.216405445059127,
      1.3859688291622851
    ],
    [
      1.1625987895890746,
      1.142740281014553
    ],
    [
      0.9777144569649907,
      1.1223114989862215
    ],
    [
      0.7791839126867378,
      0.9545744825287815
    ],
    [
      0.7603161985486186,
      0.8769544625472201
    ],
    [
      0.5622014987138347,
      0.7433829029431688
    ],
    [
      0.46967031305095097,
      0.5691010331419033
    ],
    [
      0.31404683636099306,
      0.37657219465643976
    ],
    [
      0.1449074014779764,
      0.30164025281899465
    ],
    [
      0.13653564027491122,
      0.17114540788699062
    ],
    [
      -0.09405792653510056,
      0.08723224235070547
    ],
    [
      -0.25151384154835044,
      0.015224359354299305
    ],
    [
      -0.3458756754700958,
      -0.15569350629492484
    ],
    [
      -0.5326715526185735,
      -0.2664853019766495
    ],
    [
      -0.6515803200212947,
      -0.3999290717495584
    ],
    [
      -0.6735937713637561,
      -0.4931403420420051
    ],
    [
      -0.841136081914317,
      -0.602439367833562
    ],
    [
      -1.0087456174635934,
      -0.6800553940713259
    ],
    [
      -1.0895811228891188,
      -0.7811710201255169
    ],
    [
      -1.1578298595780654,
      -0.8237081436881859
    ],
    [
      -1.19070562863728,
      -1.083593385119077
    ],
    [
      -1.332716892634332,
      -0.9882839370700662
    ],
    [
      -1.3114057442268603,
      -1.0698858243105869
    ],
    [
      -1.340506990851192,
      -1.17843807132307
    ],
    [
      -1.4785159134997525,
      -1.2528973393754896
    ],
    [
      -1.56423654358,
      -1.2733017728995972
    ],
    [
      -1.5639775682350838,
      -1.3571151176575824
    ],
    [
      -1.6136063915870342,
      -1.3831039218229333
    ],
    [
      -1.563893446429582,
      -1.4258160229715648
    ],
    [
      -1.5088820938907617,
      -1.4914712687408216
    ],
    [
      -1.6296428860244843,
      -1.5411688352509774
    ],
    [
      -1.6267902579583216,
      -1.6042893348703744
    ],
    [
      -1.5944601115738963,
      -1.724394515128774
    ],
    [
      -1.6006450555240583,
      -1.6476580377225316
    ],
    [
      -1.6977637193473682,
      -1.6678787042785264
    ],
    [
      -1.5590730965033763,
      -1.603701411569334
    ],
    [
      -1.5208144752754247,
      -1.5894592007233916
    ],
    [
      -1.5220644114423525,
      -1.6533021716110263
    ],
    [
      -1.4342471057648092,
      -1.5271437769816407
    ],
    [
      -1.4436302502230836,
      -1.5437832376535146
    ],
    [
      -1.3644969744115434,
      -1.4725031225963903
    ],
    [
      -1.2808448841581455,
      -1.4537855904260621
    ],
    [
      -1.2871087889203117,
      -1.5294035712496787
    ],
    [
      -1.2394416569173687,
      -1.3589425465454967
    ],
    [
      -1.09777091910754,
      -1.3542544148035063
    ],
    [
      -1.0616324898868725,
      -1.3081971225196847
    ],
    [
      -0.9646239092883523,
      -1.1956171162528346
    ],
    [
      -1.0423843050727644,
      -1.1581730815950348
    ],
    [
      -0.943288864965684,
      -1.1907019515495902
    ],
    [
      -0.7332276193897171,
      -1.164613557024536
    ],
    [
      -0.7374345858668756,
      -1.0610245908627494
    ],
    [
      -0.6375303427019605,
      -1.0524246536613635
    ]
  ],
  "complexity": 0.31417914834029476
}