{
  "id": 4814,
  "wedge_count": 6,
  "parameters": {
    "rotation_speeds": [
      -1.515748743336959,
      -0.0324229199077503,
      1.7114709571327795,
      1.0355451945975327,
      -1.4978395339618826,
      -0.253720593265271
    ],
    "phi_x": [
      -10.336340204094656,
      9.451452785407952,
      -2.953554650876662,
      -9.781751987735756,
      -2.0114794888866965,
      -1.878866587391247
    ],
    "phi_y": [
      -14.72193081795924,
      0.4489474272693028,
      -1.868570573268555,
      -0.42921770649103713,
      -2.129177519509345,
      2.7998276044840917
    ],
    "distances": [
      1.0,
      6.25446449828275,
      8.29655493036735,
      3.2354158614431396,
      4.140498141979924,
      7.3224834475020355,
      6.304004954717005
    ],
    "refractive_indices": [
      1.0,
      1.5,
      1.5,
      1.5,
      1.5,
      1.5,
      1.5,
      1.0
    ],
    "wedgenum": 6
  },
  "pattern": [
    [
      2.488633321930325,
      2.5449650000226915
    ],
    [
      2.422508975142257,
      2.4084359338873953
    ],
    [
      2.317126496497309,
      2.436415029599251
    ],
    [
      2.3537968627431836,
      2.321276752272768
    ],
    [
      2.3561346941838033,
      2.273401511086641
    ],
    [
      2.172356428690199,
      2.2043745259588676
    ],
    [
      2.031807890486042,
      2.144707920377603
    ],
    [
      1.922319386205647,
      2.0117154995776465
    ],
    [
      1.8043524268154585,
      1.923521838766774
    ],
    [
      1.729168902977817,
      1.7536865038058584
    ],
    [
      1.571124220029658,
      1.686476146530408
    ],
    [
      1.5065805897547377,
      1.6176123174369856
    ],
    [
      1.3356992841487467,
      1.4157142736685697
    ],
    [
      1.196842723452742,
      1.4198257812606376
    ],
    [
      1.0526361275378755,
      1.277520866838367
    ],
    [
      0.9595958471842178,
      1.2212583921305191
    ],
    [
      0.782940596303429,
      1.060407084597728
    ],
    [
      0.7631555242016153,
      0.9458836968641983
    ],
    [
      0.5904555299588443,
      0.8270301193855734
    ],
    [
      0.5735671758634616,
      0.8255752983942083
    ],
    [
      0.4679549689379272,
      0.6343891409380217
    ],
    [
      0.2781574222058699,
      0.5288667220133466
    ],
    [
      0.23783522915008884,
      0.5175490723661378
    ],
    [
      0.1111161443011679,
      0.4197991512847433
    ],
    [
      -0.01526533644430983,
      0.24953401300980854
    ],
    [
      -0.04882940378936471,
      0.16582650873542817
    ],
    [
      -0.18796376806322618,
      0.16850213366940214
    ],
    [
      -0.2631119096163357,
      0.0023218742312033757
    ],
    [
      -0.3609233613256782,
      -0.051650029428362255
    ],
    [
      -0.4792735727995468,
      -0.13529028890455536
    ],
    [
      -0.5374965667561172,
      -0.28820392332802025
    ],
    [
      -0.6403875112636799,
      -0.30740239815490195
    ],
    [
      -0.6684257080881746,
      -0.3500901322778996
    ],
    [
      -0.6988704303743086,
      -0.483234578013796
    ],
    [
      -0.7239321930065725,
      -0.4475014646713827
    ],
    [
      -0.747166603986093,
      -0.49479595066745957
    ],
    [
      -0.7836391729898172,
      -0.6635800185547579
    ],
    [
      -0.8719079287498086,
      -0.6024486724881245
    ],
    [
      -0.8851431097251659,
      -0.6735579545030738
    ],
    [
      -0.8281908615200819,
      -0.8194795977827218
    ],
    [
      -0.9002543562409985,
      -0.8920833734526523
    ],
    [
      -0.83452138105479,
      -0.8130040922209952
    ],
    [
      -0.8387875897928532,
      -0.8238901972613405
    ],
    [
      -0.8749545532713959,
      -0.9341221557641619
    ],
    [
      -0.9065619209492681,
      -0.8627842187536237
    ],
    [
      -0.7943188082457837,
      -0.8840835195219399
    ],
    [
      -0.8467486152892559,
      -0.802034111256354
    ],
    [
      -0.8170145844020948,
      -0.8228128709535293
    ],
    [
      -0.7403508086999444,
      -0.8729427396370432
    ],
    [
      -0.7347815231048691,
      -0.9032602594937966
    ],
    [
      -0.7767631568686397,
      -0.8934856008122005
    ],
    [
      -0.5961386061404631,
      -0.7662456916629903
    ],
    [
      -0.5545037686772886,
      -0.7612129319583758
    ],
    [
      -0.4959439856927701,
      -0.8377965196217767
    ],
    [
      -0.479334345669835,
      -0.6834300846137141
    ],
    [
      -0.3683023474015694,
      -0.7682110776563392
    ],
    [
      -0.3494286025750977,
      -0.6047094193228992
    ],
    [
      -0.22455700368183484,
      -0.6768054379896759
    ],
    [
      -0.18423341299182971,
      -0.5776234550450038
    ],
    [
      -0.1914149881132322,
      -0.4853023183581236
    ]
  ],
  "complexity": 0.29684034977423207
}