{
  "id": 3875,
  "wedge_count": 5,
  "parameters": {
    "rotation_speeds": [
      2.646391996996762,
      2.2066993032979436,
      2.3804864157909815,
      4.242257606641402,
      -3.327294822441589
    ],
    "phi_x": [
      0.2644985021853401,
      -19.763465909733355,
      13.581560200551891,
      -17.892935432742853,
      -21.48399134850026
    ],
    "phi_y": [
      -22.177320526111046,
      17.253623828943418,
      -13.834151191065768,
      6.417804632632958,
      -2.1358124484887036
    ],
    "distances": [
      1.0,
      6.621251057993024,
      2.278607542650545,
      2.818344322015567,
      4.974869001323426,
      3.3074050508619743
    ],
    "refractive_indices": [
      1.0,
      1.5,
      1.5,
      1.5,
      1.5,
      1.5,
      1.0
    ],
    "wedgenum": 5
  },
  "pattern": [
    [
      5.249722670972951,
      5.131901400288137
    ],
    [
      5.294141538096452,
      5.319717927245684
    ],
    [
      5.402216809744328,
      5.5197946298900415
    ],
    [
      5.438428570303893,
      5.56439546528522
    ],
    [
      5.66754384502823,
      5.708707171539513
    ],
    [
      5.77441211194051,
      5.821846350415326
    ],
    [
      5.894477483116964,
      5.869929038114481
    ],
    [
      5.861147837325569,
      5.859284377551789
    ],
    [
      5.967305282296483,
      5.998976194265957
    ],
    [
      5.9407043064086436,
      5.99572709146005
    ],
    [
      5.976583833579979,
      6.114633460522518
    ],
    [
      6.100752682667702,
      6.040682894444815
    ],
    [
      5.944245318869223,
      6.05050066010907
    ],
    [
      5.959012024666409,
      6.123824826773165
    ],
    [
      5.938821210313547,
      6.057749971558204
    ],
    [
      5.885648573121623,
      6.072219300237789
    ],
    [
      5.818204446284725,
      5.9794516917985785
    ],
    [
      5.78573969341963,
      5.918240671426519
    ],
    [
      5.571355123644365,
      5.860196177917318
    ],
    [
      5.595775510769106,
      5.79526138860116
    ],
    [
      5.540681144837444,
      5.697143607605233
    ],
    [
      5.366085380524975,
      5.540383695411505
    ],
    [
      5.115053706982432,
      5.556043677164207
    ],
    [
      5.158393326657591,
      5.436817631491051
    ],
    [
      4.942387871554128,
      5.301787985070488
    ],
    [
      4.720860353227628,
      5.206421392129685
    ],
    [
      4.631649686800863,
      5.099411716901845
    ],
    [
      4.516539009675265,
      4.96304547386173
    ],
    [
      4.273747841677898,
      4.7548583021404704
    ],
    [
      4.048545729032971,
      4.645703358918894
    ],
    [
      3.762825184616588,
      4.512294712748041
    ],
    [
      3.646406902972962,
      4.32183098433322
    ],
    [
      3.578325195162522,
      4.126105282741544
    ],
    [
      3.243652030301022,
      3.981318097876468
    ],
    [
      3.1296699861831927,
      3.817190742746802
    ],
    [
      2.7340180261133833,
      3.628557459658987
    ],
    [
      2.6586388645746473,
      3.347552049160065
    ],
    [
      2.497237999100562,
      3.2338575305323856
    ],
    [
      2.2317475175464714,
      3.0393266899876217
    ],
    [
      2.0532437624652795,
      2.881122920092397
    ],
    [
      1.763109980190791,
      2.64807405785468
    ],
    [
      1.6044573969197975,
      2.4200827140950927
    ],
    [
      1.2801816264539085,
      2.1826919129515208
    ],
    [
      1.2167151154106777,
      2.0340035234662177
    ],
    [
      0.8837278507552467,
      1.8097777649014637
    ],
    [
      0.8213682214492438,
      1.5963077810781554
    ],
    [
      0.45544179761809794,
      1.3829498291178388
    ],
    [
      0.3564263581404006,
      1.2807533314775443
    ],
    [
      0.05664668288739822,
      1.0538106241229033
    ],
    [
      -0.03522485711248985,
      0.7625618920569326
    ],
    [
      -0.3318501464593344,
      0.6753085768555704
    ],
    [
      -0.5137191904894598,
      0.4671485036777793
    ],
    [
      -0.6055598940982527,
      0.2160603485698776
    ],
    [
      -0.8226005343388595,
      0.050307013145674345
    ],
    [
      -1.064451406698193,
      -0.09527135919762046
    ],
    [
      -1.2008980347939522,
      -0.3689506888073083
    ],
    [
      -1.422395168267708,
      -0.48279125674682866
    ],
    [
      -1.5035524498139528,
      -0.7042684109252372
    ],
    [
      -1.6465959433193273,
      -0.8022703809921605
    ],
    [
      -1.7948986661523232,
      -0.9092246555971684
    ]
  ],
  "complexity": 0.5024878724663089
}