{
  "id": 1801,
  "wedge_count": 3,
  "parameters": {
    "rotation_speeds": [
      -1.257984861918571,
      -2.057711003717654,
      0.23085965149849827
    ],
    "phi_x": [
      -8.7518207988453,
      -4.177720745829298,
      -6.76929313832294
    ],
    "phi_y": [
      8.195485537673905,
      -4.3666759661062855,
      -3.7031145290062613
    ],
    "distances": [
      1.0,
      5.639487258890702,
      3.6855074384226896,
      3.326528759515651
    ],
    "refractive_indices": [
      1.0,
      1.5,
      1.5,
      1.5,
      1.0
    ],
    "wedgenum": 3
  },
  "pattern": [
    [
      1.428143529691967,
      1.48361860531929
    ],
    [
      1.4382228253704277,
      1.4182343868931582
    ],
    [
      1.422467179051828,
      1.3669385945417594
    ],
    [
      1.31629188402432,
      1.324378089344088
    ],
    [
      1.2409358269035664,
      1.294645056279932
    ],
    [
      1.198847620900655,
      1.1850107645853163
    ],
    [
      1.1527264399628896,
      1.2042461782387406
    ],
    [
      1.0337320613749819,
      1.1101993144607853
    ],
    [
      0.9748386943279561,
      1.076076431223614
    ],
    [
      0.977850900311367,
      0.9728853768715737
    ],
    [
      0.951790177470989,
      0.9213264990617664
    ],
    [
      0.8928969930057074,
      0.8617007771261403
    ],
    [
      0.8081268279346913,
      0.9002887810998819
    ],
    [
      0.7313732859834122,
      0.8271226369082069
    ],
    [
      0.639164700153086,
      0.7564891593903453
    ],
    [
      0.6293143513837913,
      0.6888353746126589
    ],
    [
      0.5536970006759507,
      0.6197445806012588
    ],
    [
      0.4463275409446663,
      0.6296761481971479
    ],
    [
      0.501958462050227,
      0.5570787204650625
    ],
    [
      0.43702809125067765,
      0.37741502086955314
    ],
    [
      0.25854401977543934,
      0.4404654249163309
    ],
    [
      0.20924192302757016,
      0.3600686528040629
    ],
    [
      0.28557205972571414,
      0.27982836252043436
    ],
    [
      0.100254962688947,
      0.20062035650431106
    ],
    [
      0.10803842636869025,
      0.25183507254036436
    ],
    [
      0.14220509919880542,
      0.2472833035364873
    ],
    [
      0.11774375997695823,
      0.1359236894961915
    ],
    [
      -0.046536167039483704,
      0.14530632559725254
    ],
    [
      -0.08347267566835355,
      0.018770942285437495
    ],
    [
      -0.08585041910689048,
      0.026451948767557104
    ],
    [
      -0.11364271803653371,
      -0.08208489524489268
    ],
    [
      -0.19647822557876438,
      -0.1646179433459478
    ],
    [
      -0.3087308567336852,
      -0.22240271375651993
    ],
    [
      -0.2526111002327923,
      -0.15379709565881838
    ],
    [
      -0.2503944867277875,
      -0.08775140118175662
    ],
    [
      -0.2756976254628214,
      -0.23919900781078032
    ],
    [
      -0.343730665357572,
      -0.25812642325759577
    ],
    [
      -0.3952307743163442,
      -0.2313544073879422
    ],
    [
      -0.3579706683536965,
      -0.25524954901013314
    ],
    [
      -0.4564165129837491,
      -0.27364106361538454
    ],
    [
      -0.3874099963577655,
      -0.2723050300813952
    ],
    [
      -0.40312605991978984,
      -0.34155776331530074
    ],
    [
      -0.42592238934387494,
      -0.34593016754542005
    ],
    [
      -0.42782076024420007,
      -0.37784247852842023
    ],
    [
      -0.3982336529713106,
      -0.34723683602067823
    ],
    [
      -0.38849742059100584,
      -0.37072614209607185
    ],
    [
      -0.43641118549201097,
      -0.406988817061441
    ],
    [
      -0.36428742591546187,
      -0.35940151192809366
    ],
    [
      -0.3317209487389762,
      -0.34089218597968823
    ],
    [
      -0.36382906896204015,
      -0.36193228885003753
    ],
    [
      -0.37690952022387464,
      -0.38436374544784674
    ],
    [
      -0.3385817244384368,
      -0.35599553725852384
    ],
    [
      -0.40878833140921556,
      -0.35952890453286
    ],
    [
      -0.268328659228104,
      -0.3606162293126133
    ],
    [
      -0.3343608230760583,
      -0.3087478434907249
    ],
    [
      -0.3364638457733828,
      -0.3068926340994716
    ],
    [
      -0.26242537705386226,
      -0.34027746198303477
    ],
    [
      -0.1845844617080394,
      -0.27231447535879527
    ],
    [
      -0.21361656923740668,
      -0.3000455160110442
    ],
    [
      -0.18985659751493839,
      -0.2638295686549684
    ]
  ],
  "complexity": 0.2517252544679513
}