{
  "id": 4781,
  "wedge_count": 6,
  "parameters": {
    "rotation_speeds": [
      -1.2117857862132984,
      -0.6843534169977635,
      -2.0345377296258476,
      1.5337966262683433,
      3.0727297512260017,
      -2.9904017361075583
    ],
    "phi_x": [
      -0.36592796242100056,
      5.003736502126575,
      10.528002167613202,
      -10.554175812548474,
      -4.975923146748028,
      -1.273555623365212
    ],
    "phi_y": [
      -8.426028707360839,
      -5.878120033282332,
      -12.441544971957992,
      3.7464081384647026,
      -5.701276230468396,
      4.653691685050498
    ],
    "distances": [
      1.0,
      8.797149247152905,
      4.163246264990779,
      2.2428033291028893,
      3.664104291877883,
      5.455349030881466,
      7.924832727271952
    ],
    "refractive_indices": [
      1.0,
      1.5,
      1.5,
      1.5,
      1.5,
      1.5,
      1.5,
      1.0
    ],
    "wedgenum": 6
  },
  "pattern": [
    [
      3.023177605965915,
      2.9050220616311333
    ],
    [
      2.9465229053179187,
      2.9387611637144806
    ],
    [
      2.8993083329398286,
      2.8709016025827054
    ],
    [
      2.8648854412323965,
      2.809585090531305
    ],
    [
      2.691372267653567,
      2.709680574144829
    ],
    [
      2.676744656630673,
      2.618137294264778
    ],
    [
      2.5437163779202088,
      2.5367287048916634
    ],
    [
      2.4301397162843843,
      2.4346187857210317
    ],
    [
      2.229306222821286,
      2.443142294237579
    ],
    [
      2.2876470609170196,
      2.3506145250099384
    ],
    [
      2.0738648259273633,
      2.1857093188956
    ],
    [
      1.94763394462228,
      2.1904586334607012
    ],
    [
      1.856338135576382,
      2.0656293129830763
    ],
    [
      1.6791957385824865,
      1.9385005969102593
    ],
    [
      1.6687687183972555,
      1.7366334314414078
    ],
    [
      1.4455921282724489,
      1.6758980991080812
    ],
    [
      1.3343619545354857,
      1.5141360400574189
    ],
    [
      1.1165096851182235,
      1.280226299552714
    ],
    [
      0.9811313445370343,
      1.2810020707673453
    ],
    [
      0.8529273410046421,
      1.1051576603341828
    ],
    [
      0.7535866496662749,
      0.9405305240256575
    ],
    [
      0.5286737779980997,
      0.857557810896178
    ],
    [
      0.3839840236723685,
      0.7124768631036734
    ],
    [
      0.1993730314784454,
      0.5408205297284132
    ],
    [
      0.1738156235040894,
      0.4434508663339545
    ],
    [
      -0.09933390174371545,
      0.3678408497930206
    ],
    [
      -0.1677922491466956,
      0.12837040810855677
    ],
    [
      -0.3700300040576845,
      0.09967629076683168
    ],
    [
      -0.569984232093036,
      -0.11533797022243382
    ],
    [
      -0.6387464600483107,
      -0.18332286430757333
    ],
    [
      -0.8857525024927375,
      -0.42927378572289765
    ],
    [
      -0.9045583369965389,
      -0.5065505077024046
    ],
    [
      -1.1100834636715473,
      -0.7323421833368421
    ],
    [
      -1.1589516757365717,
      -0.756285259790517
    ],
    [
      -1.4888100403686455,
      -0.9004196112692742
    ],
    [
      -1.4780236433605753,
      -1.0263136559424564
    ],
    [
      -1.5866027959114133,
      -1.2437265888409923
    ],
    [
      -1.6622664668208478,
      -1.2960256079693238
    ],
    [
      -1.8199283614142763,
      -1.34293348525138
    ],
    [
      -1.839725523807778,
      -1.4754145256534883
    ],
    [
      -1.9676129558348459,
      -1.6438093080693659
    ],
    [
      -2.068664730944718,
      -1.6935186405771236
    ],
    [
      -2.2431563476050833,
      -1.762139549294011
    ],
    [
      -2.1716921825094895,
      -1.8793232021033808
    ],
    [
      -2.2317024577446336,
      -1.9483108782539709
    ],
    [
      -2.45574179596638,
      -2.123581786702525
    ],
    [
      -2.3981129145400066,
      -2.185731333276646
    ],
    [
      -2.4639559599101646,
      -2.205851996235749
    ],
    [
      -2.4284303600355726,
      -2.1141601914800905
    ],
    [
      -2.4528940963254997,
      -2.3038879971448734
    ],
    [
      -2.5899309243766573,
      -2.37056200562505
    ],
    [
      -2.586737639389896,
      -2.244404214292186
    ],
    [
      -2.592900869348402,
      -2.438757138301915
    ],
    [
      -2.592602975603464,
      -2.4358887404063974
    ],
    [
      -2.642827267699151,
      -2.4648625247121276
    ],
    [
      -2.5112837555720526,
      -2.5237496932363745
    ],
    [
      -2.473932305975795,
      -2.474041611265237
    ],
    [
      -2.3780528307279676,
      -2.5222650992251583
    ],
    [
      -2.452509015259826,
      -2.4680872113067114
    ],
    [
      -2.3591848313316564,
      -2.5255382909816926
    ]
  ],
  "complexity": 0.38922815250716436
}