{
  "id": 3065,
  "wedge_count": 4,
  "parameters": {
    "rotation_speeds": [
      4.593488260981392,
      2.2632083923720323,
      7.117511317233497,
      3.322622131708357
    ],
    "phi_x": [
      17.272660115579875,
      0.6795030740260017,
      10.850138971080305,
      2.0616743179345605
    ],
    "phi_y": [
      -9.591492101795403,
      6.4604793721393605,
      28.251344331131506,
      -5.474914097969254
    ],
    "distances": [
      1.0,
      2.9495576121398215,
      6.193050173454697,
      1.8321665330955295,
      5.447408285675735
    ],
    "refractive_indices": [
      1.0,
      1.5,
      1.5,
      1.5,
      1.5,
      1.0
    ],
    "wedgenum": 4
  },
  "pattern": [
    [
      3.17251213370687,
      3.0132907506762936
    ],
    [
      3.2418814208265325,
      3.1626868794521066
    ],
    [
      3.336742754289327,
      3.2405865360732085
    ],
    [
      3.5511400906386776,
      3.4111467171581604
    ],
    [
      3.630165431468382,
      3.5283192418491307
    ],
    [
      3.689313544511957,
      3.665642727694726
    ],
    [
      3.820003494875733,
      3.74369257197738
    ],
    [
      3.8623335859341843,
      3.870813643630887
    ],
    [
      3.9163659191016644,
      3.8259231117443693
    ],
    [
      4.066922471118542,
      4.00202805386532
    ],
    [
      4.118612024435803,
      4.037944824533396
    ],
    [
      4.1485934248449405,
      4.02632002744168
    ],
    [
      4.091937485253737,
      4.0166230193426
    ],
    [
      4.098264689081557,
      4.131060149603924
    ],
    [
      4.063180832791718,
      4.056957155607059
    ],
    [
      4.041691514423934,
      4.028223585418545
    ],
    [
      3.94084924802026,
      4.012720382508892
    ],
    [
      3.8430801514766473,
      4.064520207178846
    ],
    [
      3.834444330544004,
      3.8820244271371345
    ],
    [
      3.758088844309151,
      4.000196820950304
    ],
    [
      3.6461952740942456,
      3.7818033862743965
    ],
    [
      3.4920770779394528,
      3.7376757889010106
    ],
    [
      3.378094509343337,
      3.6465015196502337
    ],
    [
      3.1567938427242885,
      3.524482794775688
    ],
    [
      3.1020983962356246,
      3.4884505967851855
    ],
    [
      2.8830526108555716,
      3.417681456120456
    ],
    [
      2.6918600138805417,
      3.214430026612317
    ],
    [
      2.4966719233723373,
      2.9722829868890135
    ],
    [
      2.3410965798906345,
      2.9996033100903947
    ],
    [
      2.2433105823366297,
      2.7332055168935248
    ],
    [
      1.990453281606712,
      2.7145771388331728
    ],
    [
      1.6963180118616734,
      2.504156103463605
    ],
    [
      1.555610587350624,
      2.262533920694223
    ],
    [
      1.2756984555205966,
      2.0562769772929177
    ],
    [
      1.2073688550497845,
      1.8417212725292769
    ],
    [
      0.8842860741316325,
      1.7746915336196207
    ],
    [
      0.6588611605650622,
      1.5615160864645286
    ],
    [
      0.4914824788535129,
      1.2386555221995723
    ],
    [
      0.29871583288240505,
      1.0597095269626418
    ],
    [
      0.03267886324593852,
      0.9145620340828524
    ],
    [
      -0.1630601364974018,
      0.7756013185042698
    ],
    [
      -0.31004143291360886,
      0.5160873417636443
    ],
    [
      -0.5900039988871475,
      0.3414122127107136
    ],
    [
      -0.6958546928623311,
      0.2010632985792826
    ],
    [
      -0.9767902684246266,
      -0.06749086403217582
    ],
    [
      -1.0838592120237975,
      -0.3153023387501783
    ],
    [
      -1.214602984597166,
      -0.39145750457530176
    ],
    [
      -1.3480329490367235,
      -0.6198198281126287
    ],
    [
      -1.5655640595507172,
      -0.7102860458241492
    ],
    [
      -1.7653836832355094,
      -0.8976822001087637
    ],
    [
      -1.8761011591936254,
      -1.0897108768807375
    ],
    [
      -1.9366089330265586,
      -1.2449477207296524
    ],
    [
      -2.080516193706247,
      -1.3573706205569385
    ],
    [
      -2.14146899692982,
      -1.4531831906509904
    ],
    [
      -2.2010505655586385,
      -1.6443707896258528
    ],
    [
      -2.2418439236844407,
      -1.7308869147702588
    ],
    [
      -2.323010946695393,
      -1.8948683594364053
    ],
    [
      -2.3272865921384613,
      -1.9024192709292702
    ],
    [
      -2.379289593433102,
      -2.0711061553251464
    ],
    [
      -2.374634771572089,
      -2.1542409781400678
    ]
  ],
  "complexity": 0.43573606389350433
}