{
  "id": 1254,
  "wedge_count": 2,
  "parameters": {
    "rotation_speeds": [
      -3.7199367708488262,
      6.780821111354612
    ],
    "phi_x": [
      22.248773518756884,
      18.577484085613243
    ],
    "phi_y": [
      -4.893757816370531,
      7.4207972259963455
    ],
    "distances": [
      1.0,
      5.166588223433853,
      4.236531017384996
    ],
    "refractive_indices": [
      1.0,
      1.5,
      1.5,
      1.0
    ],
    "wedgenum": 2
  },
  "pattern": [
    [
      2.762776470602899,
      2.913745135231729
    ],
    [
      2.8161787962104734,
      2.8647018322801374
    ],
    [
      2.7158904645823227,
      2.8376973899532545
    ],
    [
      2.7808611425732854,
      2.7914380986319167
    ],
    [
      2.721225934450525,
      2.782062569486143
    ],
    [
      2.6984621104299777,
      2.7896934506431443
    ],
    [
      2.6295699696275894,
      2.7338803373878973
    ],
    [
      2.731507463760206,
      2.6579028435951573
    ],
    [
      2.61443005105531,
      2.6671399419893236
    ],
    [
      2.5708031158100386,
      2.5345329396880887
    ],
    [
      2.4228743144362253,
      2.49874260520085
    ],
    [
      2.3297054419917957,
      2.5070239990893333
    ],
    [
      2.2995081831674744,
      2.400715834414894
    ],
    [
      2.2279372989688415,
      2.326846237479498
    ],
    [
      1.979810180485915,
      2.293643506918951
    ],
    [
      1.9596552740301303,
      2.183784749050151
    ],
    [
      1.907919847828516,
      2.040516053009109
    ],
    [
      1.7531877005844985,
      2.0608976781542454
    ],
    [
      1.5757369279533693,
      1.8574361770613512
    ],
    [
      1.5025577956754024,
      1.7504995473088159
    ],
    [
      1.3300093105271324,
      1.5526228295418585
    ],
    [
      1.2033334906054638,
      1.5047810587839812
    ],
    [
      1.180901006569139,
      1.3831890772080813
    ],
    [
      0.8992196367489614,
      1.1971068483012872
    ],
    [
      0.7835609269960884,
      1.1793823422735135
    ],
    [
      0.7352459926050767,
      1.0921672758608651
    ],
    [
      0.585413208004879,
      0.8730536127388027
    ],
    [
      0.36583589665479893,
      0.8707634021011614
    ],
    [
      0.17515108118720263,
      0.6422244757891444
    ],
    [
      0.05714142785305557,
      0.5737586314563197
    ],
    [
      -0.17704636791404493,
      0.4026273847174535
    ],
    [
      -0.24718065601474526,
      0.24001079854514412
    ],
    [
      -0.3977425865958553,
      0.16221527579979342
    ],
    [
      -0.569892023521805,
      -0.04355955847476684
    ],
    [
      -0.6764751996166775,
      -0.12903682603554975
    ],
    [
      -0.8560230948121447,
      -0.3579196494862101
    ],
    [
      -1.0282925290974505,
      -0.4410568864364155
    ],
    [
      -1.0669360536625248,
      -0.6793196454607988
    ],
    [
      -1.2056159749646773,
      -0.6655929022564041
    ],
    [
      -1.2827737871812994,
      -0.8136485505264219
    ],
    [
      -1.4751625756878237,
      -0.9490924775731615
    ],
    [
      -1.5061141136797074,
      -1.0313360845363677
    ],
    [
      -1.6044252701741035,
      -1.2666998327714125
    ],
    [
      -1.6409940033541293,
      -1.2309175585636134
    ],
    [
      -1.7930561520230435,
      -1.403238438474274
    ],
    [
      -1.8862790468038981,
      -1.5733959803563786
    ],
    [
      -2.0213323416783204,
      -1.5658353750304639
    ],
    [
      -2.0787971904784124,
      -1.7542562916208033
    ],
    [
      -2.100052740707881,
      -1.6886802534515573
    ],
    [
      -2.086309075765515,
      -1.8707036772636225
    ],
    [
      -2.2029934272674647,
      -1.7615025216520461
    ],
    [
      -2.2307107688770813,
      -1.9322127524063484
    ],
    [
      -2.176781712299946,
      -1.9630707756094623
    ],
    [
      -2.2876760053013183,
      -2.0394436979017034
    ],
    [
      -2.2537999842619407,
      -2.1600325445252575
    ],
    [
      -2.2332312488619395,
      -2.2199325171521567
    ],
    [
      -2.1758370810409104,
      -2.1743341400447584
    ],
    [
      -2.2217412621288286,
      -2.287031064617066
    ],
    [
      -2.2217690420023533,
      -2.2458049278892185
    ],
    [
      -2.1226169113049567,
      -2.3142489840856277
    ]
  ],
  "complexity": 0.37125998865453647
}