{
  "id": 2576,
  "wedge_count": 4,
  "parameters": {
    "rotation_speeds": [
      -1.6294551155081494,
      -1.481464216008828,
      0.8055979388185645,
      -1.0355160491383544
    ],
    "phi_x": [
      9.75518577692482,
      -20.0,
      -0.4545412971650598,
      12.489454127820153
    ],
    "phi_y": [
      -12.524790550727737,
      -20.0,
      2.8040488586819734,
      -1.6697558558103247
    ],
    "distances": [
      1.0,
      5.619646607446571,
      4.4715950637945845,
      1.7386083940350447,
      2.143791759519528
    ],
    "refractive_indices": [
      1.0,
      1.5,
      1.5,
      1.5,
      1.5,
      1.0
    ],
    "wedgenum": 4
  },
  "pattern": [
    [
      3.1266505050158258,
      3.1171909043933987
    ],
    [
      3.093772523217926,
      2.9844561444476554
    ],
    [
      2.799400533909111,
      2.8985758746666725
    ],
    [
      2.696075920891864,
      2.8319159698339016
    ],
    [
      2.5605044514939266,
      2.588063434780985
    ],
    [
      2.416612446233647,
      2.5322082982814855
    ],
    [
      2.2561261809496016,
      2.274930176241265
    ],
    [
      2.1155437070498757,
      2.1509967232750653
    ],
    [
      1.9002009127393964,
      2.1025344798357137
    ],
    [
      1.71836196691954,
      1.8969869866288487
    ],
    [
      1.5794055350777465,
      1.7095889812310994
    ],
    [
      1.3299689656133875,
      1.5055585710062667
    ],
    [
      1.1637142694674152,
      1.437360149296054
    ],
    [
      1.0801899359810363,
      1.1500198283740275
    ],
    [
      0.8123237788340354,
      0.9795912577795575
    ],
    [
      0.6339288461289322,
      0.7448007236915776
    ],
    [
      0.5094860096721348,
      0.7089209009333581
    ],
    [
      0.2972065350693491,
      0.5501419175924018
    ],
    [
      0.06325268413369883,
      0.36023292792698147
    ],
    [
      -0.02643914050399166,
      0.1755764833467766
    ],
    [
      -0.3282421790055054,
      0.02859499730287902
    ],
    [
      -0.36667642978420123,
      -0.18242491764060675
    ],
    [
      -0.6212761488265284,
      -0.25898729444909235
    ],
    [
      -0.766031612726993,
      -0.37840758154267806
    ],
    [
      -0.834982306514265,
      -0.600743977668049
    ],
    [
      -1.032519176108728,
      -0.735370269128914
    ],
    [
      -1.186731708783488,
      -0.8404275930366549
    ],
    [
      -1.2496427576955609,
      -0.9840961911458909
    ],
    [
      -1.4389024299502016,
      -1.0363377026638418
    ],
    [
      -1.4623175970268707,
      -1.2060085852897584
    ],
    [
      -1.5235951820709228,
      -1.3197513394387594
    ],
    [
      -1.6504308106405794,
      -1.445713526959911
    ],
    [
      -1.7572067571452599,
      -1.5415639091849893
    ],
    [
      -1.8332011245247464,
      -1.5995092482049205
    ],
    [
      -1.8651338246569458,
      -1.7605540336810839
    ],
    [
      -1.9139330700169745,
      -1.7020107017420676
    ],
    [
      -1.9454593485063518,
      -1.8227357438547847
    ],
    [
      -1.922133910145291,
      -1.87548056910346
    ],
    [
      -1.9492000854461011,
      -1.8369907759378379
    ],
    [
      -1.8404929061781616,
      -1.9254472113507828
    ],
    [
      -1.9946548967515894,
      -1.9411771194270195
    ],
    [
      -1.9765631909518866,
      -1.9758475391968016
    ],
    [
      -1.9480637834405843,
      -1.9103634519898378
    ],
    [
      -1.8847708850015752,
      -1.9204992246154637
    ],
    [
      -1.9600380644679514,
      -1.9385182434491441
    ],
    [
      -1.7986793260326601,
      -1.984437755608169
    ],
    [
      -1.718873668710076,
      -1.937682887004183
    ],
    [
      -1.6272698671395351,
      -1.8810252635657962
    ],
    [
      -1.5512934902639117,
      -1.7766047216132381
    ],
    [
      -1.4903367953041469,
      -1.7054689342232885
    ],
    [
      -1.3437184017884274,
      -1.6834597658307309
    ],
    [
      -1.3091285502502334,
      -1.6422334279882116
    ],
    [
      -1.191709508704056,
      -1.5116867933119782
    ],
    [
      -1.1256623042281886,
      -1.5794592812648092
    ],
    [
      -0.9698740978808874,
      -1.4496161331606494
    ],
    [
      -0.8991582464783319,
      -1.3286234493626845
    ],
    [
      -0.8506406246346677,
      -1.315868052262925
    ],
    [
      -0.7053114387979538,
      -1.154362885253687
    ],
    [
      -0.50919940273296,
      -1.1772438283827946
    ],
    [
      -0.4260806301209742,
      -1.0517308840010626
    ]
  ],
  "complexity": 0.35901612611667527
}