{
  "id": 4708,
  "wedge_count": 6,
  "parameters": {
    "rotation_speeds": [
      1.2600391620042637,
      -1.8170101436272326,
      0.9421513479459361,
      1.6018541388010306,
      -0.5614591041629093,
      -1.6556548987674597
    ],
    "phi_x": [
      16.130589817881113,
      16.370577683959496,
      -8.934293863297928,
      -9.951621834278114,
      -0.3799350443354294,
      7.571682330731463
    ],
    "phi_y": [
      2.973588161837268,
      10.099362289485317,
      -8.42145189087844,
      -11.400967134493854,
      -20.0,
      -5.83300267804546
    ],
    "distances": [
      1.0,
      3.254118026678486,
      5.778186016356929,
      7.096956832102007,
      4.9537360439870515,
      3.1231141994009284,
      4.4746294547478005
    ],
    "refractive_indices": [
      1.0,
      1.5,
      1.5,
      1.5,
      1.5,
      1.5,
      1.5,
      1.0
    ],
    "wedgenum": 6
  },
  "pattern": [
    [
      5.7322113184647865,
      5.607255555309697
    ],
    [
      5.773769502104609,
      5.709465956010682
    ],
    [
      5.778820379968784,
      5.660017661183646
    ],
    [
      5.71138493718213,
      5.620048052625338
    ],
    [
      5.626630893606793,
      5.569269412705415
    ],
    [
      5.528567935909834,
      5.418574426315681
    ],
    [
      5.411478839758871,
      5.41697453953521
    ],
    [
      5.326465351266285,
      5.2949503817145755
    ],
    [
      5.19052175892106,
      5.229079954722408
    ],
    [
      5.182404259425892,
      5.073448256711178
    ],
    [
      4.936645740832075,
      5.030183628495057
    ],
    [
      4.906909442413026,
      4.873738060202325
    ],
    [
      4.6933641583554255,
      4.704098480352045
    ],
    [
      4.447400586579265,
      4.557219362597245
    ],
    [
      4.2307411753377595,
      4.475196640637063
    ],
    [
      4.07569945576655,
      4.209568491322557
    ],
    [
      3.8979362044802426,
      4.115512709756315
    ],
    [
      3.6607888546395584,
      3.92503033929494
    ],
    [
      3.4124126870471643,
      3.6306478936358526
    ],
    [
      3.1457598115907044,
      3.2660237021700147
    ],
    [
      2.8572174558565635,
      3.309718438117795
    ],
    [
      2.6501588241772924,
      3.1177785335312875
    ],
    [
      2.3733864186260862,
      2.855296898117934
    ],
    [
      2.180809301693401,
      2.6352391126498786
    ],
    [
      1.8155236399274142,
      2.3928597740335236
    ],
    [
      1.5924388323251697,
      2.16523818890636
    ],
    [
      1.3980158051104545,
      1.877316108363727
    ],
    [
      1.1116912011359699,
      1.6913399191496383
    ],
    [
      0.7876156829245444,
      1.4666174400604903
    ],
    [
      0.4958855581904628,
      1.2361462533926062
    ],
    [
      0.3877249637751724,
      0.9026433305061691
    ],
    [
      0.019244532745484738,
      0.6964197760989089
    ],
    [
      -0.2391196097120635,
      0.47973153900255405
    ],
    [
      -0.4445842911655821,
      0.2790779602591922
    ],
    [
      -0.6415818345109257,
      0.04588366664850796
    ],
    [
      -0.9523735527408512,
      -0.26572063698014714
    ],
    [
      -1.2663773666094358,
      -0.4656708276264716
    ],
    [
      -1.4547550265288727,
      -0.684114163520746
    ],
    [
      -1.6828550633671762,
      -0.8644795283916955
    ],
    [
      -1.7936580409474072,
      -1.1052071565101156
    ],
    [
      -2.06678794594194,
      -1.3366265245538789
    ],
    [
      -2.2395985495645654,
      -1.4627479975343771
    ],
    [
      -2.472344840532822,
      -1.6089278275606145
    ],
    [
      -2.6414768861800657,
      -1.8895559111104794
    ],
    [
      -2.768153211849795,
      -2.018426829860746
    ],
    [
      -2.911206775059142,
      -2.3255114250859763
    ],
    [
      -3.0472729358452,
      -2.40907700142019
    ],
    [
      -3.099715316699011,
      -2.5427041670363266
    ],
    [
      -3.1832665584381843,
      -2.732066041987592
    ],
    [
      -3.3795512640551806,
      -2.848062690764011
    ],
    [
      -3.500501755000989,
      -2.868333344939164
    ],
    [
      -3.513313442481117,
      -3.077106878405838
    ],
    [
      -3.5836651190602296,
      -3.141441254391368
    ],
    [
      -3.749411396783774,
      -3.2298568053607317
    ],
    [
      -3.7036009924070807,
      -3.379282895599242
    ],
    [
      -3.807916234848534,
      -3.4664973211144665
    ],
    [
      -3.8078017417628742,
      -3.578784561634263
    ],
    [
      -3.7893296356169985,
      -3.5836781925149723
    ],
    [
      -3.7620652610136647,
      -3.6745866665305216
    ],
    [
      -3.8011780997535514,
      -3.805606116211972
    ]
  ],
  "complexity": 0.5407662977751367
}