{
  "id": 2631,
  "wedge_count": 4,
  "parameters": {
    "rotation_speeds": [
      -2.027528002517675,
      3.281401909229574,
      4.05918935030018,
      1.2948698755845518
    ],
    "phi_x": [
      9.199929227253476,
      3.8997247690306396,
      2.533852739092328,
      -10.921200891487642
    ],
    "phi_y": [
      10.14965313205722,
      -7.118820639514702,
      1.1215943379353106,
      2.9346559656628495
    ],
    "distances": [
      1.0,
      2.3660842618504074,
      7.261102927561462,
      7.1844873687750335,
      8.658003471055359
    ],
    "refractive_indices": [
      1.0,
      1.5,
      1.5,
      1.5,
      1.5,
      1.0
    ],
    "wedgenum": 4
  },
  "pattern": [
    [
      1.8460983070197352,
      1.8141019074455513
    ],
    [
      1.9033691361054677,
      1.8515676297911607
    ],
    [
      1.8986220638815572,
      1.87435198848202
    ],
    [
      1.9474437753505325,
      1.8056917349042785
    ],
    [
      1.8044235498306227,
      1.8714066412351957
    ],
    [
      1.8824941928693744,
      1.913711185368841
    ],
    [
      1.7283284067083926,
      1.8635733322080381
    ],
    [
      1.7860435215601815,
      1.80310272991438
    ],
    [
      1.7451814846812055,
      1.7893085773532984
    ],
    [
      1.6636193106183599,
      1.766111426428376
    ],
    [
      1.7365774835378143,
      1.7265756550321907
    ],
    [
      1.5757863280518432,
      1.7605639845298084
    ],
    [
      1.6054023704112776,
      1.6633820028558006
    ],
    [
      1.5282428324958819,
      1.6398462659010935
    ],
    [
      1.42932845650422,
      1.7356095108903977
    ],
    [
      1.5398108838824398,
      1.5113748689868303
    ],
    [
      1.4771902113250563,
      1.5319836748365858
    ],
    [
      1.4341926536317184,
      1.494127694491916
    ],
    [
      1.259183388673968,
      1.3894521959137682
    ],
    [
      1.2558124384175076,
      1.3624978068063722
    ],
    [
      1.2114353335759285,
      1.3878480123543282
    ],
    [
      1.044643980023605,
      1.220508772563676
    ],
    [
      0.9753765084637492,
      1.2135749543233283
    ],
    [
      0.9163486882801121,
      1.1473390556259033
    ],
    [
      0.8500164808560347,
      1.1676399692423975
    ],
    [
      0.791327267184939,
      1.046011226503795
    ],
    [
      0.6187475040277977,
      0.9229374437004909
    ],
    [
      0.6508524579125884,
      0.9030148948899503
    ],
    [
      0.5723542893002486,
      0.7102846285665145
    ],
    [
      0.4716865117574356,
      0.7569859516495375
    ],
    [
      0.3863307733691752,
      0.7223958439563605
    ],
    [
      0.3294422639530355,
      0.5925165646552549
    ],
    [
      0.2179320665055685,
      0.5854532189071704
    ],
    [
      0.13580775011287805,
      0.4461105514004728
    ],
    [
      0.050550802530628755,
      0.2866838686066381
    ],
    [
      0.015915390697615134,
      0.31971259749862113
    ],
    [
      -0.059727325475369665,
      0.25636116770745054
    ],
    [
      -0.2264488005938606,
      0.13809507705630403
    ],
    [
      -0.3373245649145873,
      0.08664473411915674
    ],
    [
      -0.30667502020059145,
      0.09066900158108285
    ],
    [
      -0.4893253385065185,
      -0.06665873697802371
    ],
    [
      -0.4503017376796934,
      -0.08690597490858762
    ],
    [
      -0.5845126171802063,
      -0.14237944584824586
    ],
    [
      -0.6357308106131327,
      -0.3040264127439457
    ],
    [
      -0.7864377143304939,
      -0.32059510345533965
    ],
    [
      -0.8294434756872605,
      -0.4950574239938346
    ],
    [
      -0.7285505637085582,
      -0.3910967939025975
    ],
    [
      -0.9242971815878027,
      -0.5705335922355662
    ],
    [
      -0.9949985456979302,
      -0.6293592671918269
    ],
    [
      -0.9355009086520626,
      -0.6766917637616293
    ],
    [
      -1.0637740761834384,
      -0.7031336171790445
    ],
    [
      -1.1418732633253477,
      -0.8943082611030978
    ],
    [
      -1.2195165729745612,
      -0.8209713593622778
    ],
    [
      -1.2726153701117084,
      -0.9314155780241757
    ],
    [
      -1.278946861762471,
      -0.9926346610118042
    ],
    [
      -1.3910596671435762,
      -0.981171540158646
    ],
    [
      -1.3676122753159952,
      -1.0716388667739922
    ],
    [
      -1.4372512974697371,
      -1.1137196122473447
    ],
    [
      -1.5061198903320099,
      -1.153926435223604
    ],
    [
      -1.4048043291358305,
      -1.2982239617385214
    ]
  ],
  "complexity": 0.3054919082530106
}