{
  "id": 2205,
  "wedge_count": 3,
  "parameters": {
    "rotation_speeds": [
      5.0,
      -0.7443093998541362,
      2.816803894506893
    ],
    "phi_x": [
      -10.97300244704977,
      2.6901620210722292,
      -7.496343670232796
    ],
    "phi_y": [
      -12.116177113617798,
      -10.596356968742066,
      -0.5265486421082866
    ],
    "distances": [
      1.0,
      2.7766527949297135,
      8.504496282307851,
      5.575591544933235
    ],
    "refractive_indices": [
      1.0,
      1.5,
      1.5,
      1.5,
      1.0
    ],
    "wedgenum": 3
  },
  "pattern": [
    [
      1.4586471921559727,
      1.4951868124050016
    ],
    [
      1.5575798594130372,
      1.5298619012680734
    ],
    [
      1.5646369701569363,
      1.6706084135074448
    ],
    [
      1.6371164105174105,
      1.709563072605338
    ],
    [
      1.630032223533612,
      1.7055418267831939
    ],
    [
      1.6279098654720134,
      1.6464065450132437
    ],
    [
      1.7913993051313177,
      1.734504479636932
    ],
    [
      1.8438959431828705,
      1.673068913562325
    ],
    [
      1.7846825249176799,
      1.7772005232967958
    ],
    [
      1.6425027364055556,
      1.7423481994816712
    ],
    [
      1.752426059426007,
      1.8005564111688
    ],
    [
      1.69402211137942,
      1.7117262328282925
    ],
    [
      1.7159489756257478,
      1.7145387776754009
    ],
    [
      1.6298658399825998,
      1.6492105663308285
    ],
    [
      1.691483730194798,
      1.7395992310752701
    ],
    [
      1.6925681594185538,
      1.742228507781329
    ],
    [
      1.6419706972633392,
      1.656486817524265
    ],
    [
      1.6140473183737631,
      1.7088086387398378
    ],
    [
      1.5224450286321802,
      1.6264024581590677
    ],
    [
      1.2789198743596826,
      1.519229852066775
    ],
    [
      1.3033516286493718,
      1.5543430242014233
    ],
    [
      1.3426410202344536,
      1.4801483806000704
    ],
    [
      1.1895628347001905,
      1.3831927105399169
    ],
    [
      1.1508902531987772,
      1.280341069295302
    ],
    [
      1.080742278087965,
      1.202074965771226
    ],
    [
      0.9814059969739268,
      1.0939890021696124
    ],
    [
      0.8906922823782967,
      1.1278572769456003
    ],
    [
      0.7153588404722564,
      1.0109192835976963
    ],
    [
      0.6192102005371817,
      0.9290272922841293
    ],
    [
      0.5320336662072084,
      0.8348309049837824
    ],
    [
      0.4244623768693589,
      0.7436584237415491
    ],
    [
      0.33947188167261466,
      0.6556594438309366
    ],
    [
      0.17035277436596255,
      0.587652306704637
    ],
    [
      0.07907755368482064,
      0.5193681607600743
    ],
    [
      0.06188212250055139,
      0.3664027480295764
    ],
    [
      -0.14977889964889013,
      0.2098007063285016
    ],
    [
      -0.1798661373512102,
      0.12211402055606843
    ],
    [
      -0.41426552817643475,
      0.09675167153341216
    ],
    [
      -0.4787543418375356,
      0.08647149114670409
    ],
    [
      -0.4960726337099368,
      -0.11426966470286959
    ],
    [
      -0.5989850942411046,
      -0.33138752874720506
    ],
    [
      -0.7330538538096102,
      -0.27601690730992
    ],
    [
      -0.8650648955299988,
      -0.4569484885163
    ],
    [
      -0.947211825843213,
      -0.44168766858820435
    ],
    [
      -1.0670965061829811,
      -0.7273019918634965
    ],
    [
      -1.0493074841368801,
      -0.6941168212548898
    ],
    [
      -1.2640651565748637,
      -0.9162441416191853
    ],
    [
      -1.3940311215015946,
      -1.049434223918828
    ],
    [
      -1.3093887763779297,
      -1.0759338539431504
    ],
    [
      -1.5006593298658624,
      -1.0612571414903262
    ],
    [
      -1.5496468436030062,
      -1.1486506890253376
    ],
    [
      -1.6009555076191442,
      -1.2690890563297639
    ],
    [
      -1.6021629122686953,
      -1.3693479006489329
    ],
    [
      -1.673792937023129,
      -1.4201794006161557
    ],
    [
      -1.782340994251078,
      -1.5174208918930747
    ],
    [
      -1.6813672435342844,
      -1.5705488609600309
    ],
    [
      -1.872979796413532,
      -1.619139130001381
    ],
    [
      -1.80828611505141,
      -1.5810760033345548
    ],
    [
      -1.8147955504968245,
      -1.6871338214803129
    ],
    [
      -1.9108572382791609,
      -1.705060391035808
    ]
  ],
  "complexity": 0.3207054871560328
}