{
  "id": 475,
  "wedge_count": 1,
  "parameters": {
    "rotation_speeds": [
      -1.9315819167104757
    ],
    "phi_x": [
      5.107538840227001
    ],
    "phi_y": [
      19.119429558163322
    ],
    "distances": [
      1.0,
      3.9623658667703117
    ],
    "refractive_indices": [
      1.0,
      1.5,
      1.0
    ],
    "wedgenum": 1
  },
  "pattern": [
    [
      0.3434129088213846,
      0.3487581096799074
    ],
    [
      0.2496977063960008,
      0.25060283443254616
    ],
    [
      0.14224585620655217,
      0.15423459451632476
    ],
    [
      0.05031074680718535,
      0.08028494114722398
    ],
    [
      -0.05551531096363681,
      -0.009310049085317892
    ],
    [
      -0.1446844284036701,
      -0.09795414675136947
    ],
    [
      -0.23680609858217527,
      -0.1848926303471689
    ],
    [
      -0.32900257407673283,
      -0.2666274480996056
    ],
    [
      -0.42370222408465397,
      -0.3568024742727022
    ],
    [
      -0.5175333360219343,
      -0.4402344672357185
    ],
    [
      -0.5987295707326128,
      -0.524355851227341
    ],
    [
      -0.683455968548457,
      -0.5965069356604227
    ],
    [
      -0.7618101683781715,
      -0.6752002129341982
    ],
    [
      -0.8394054556773045,
      -0.7441026151372925
    ],
    [
      -0.8980814800267978,
      -0.8104730780656693
    ],
    [
      -0.97100290228381,
      -0.8771318888913954
    ],
    [
      -1.0254858783409595,
      -0.9397829646047361
    ],
    [
      -1.081521321875069,
      -0.9889715248783048
    ],
    [
      -1.1281815203436847,
      -1.0372829585296601
    ],
    [
      -1.161767022787219,
      -1.0894559333660814
    ],
    [
      -1.197397371390734,
      -1.1208633711151688
    ],
    [
      -1.2269246643751255,
      -1.1671113508491928
    ],
    [
      -1.2377359576547897,
      -1.192889961074995
    ],
    [
      -1.2557165242725372,
      -1.2182168741383101
    ],
    [
      -1.2629738856019772,
      -1.233587830826028
    ],
    [
      -1.2522899583280824,
      -1.2497974133310081
    ],
    [
      -1.2547731958607011,
      -1.246477469626428
    ],
    [
      -1.240618867665322,
      -1.2526436313557066
    ],
    [
      -1.2101462194574144,
      -1.2557105019207675
    ],
    [
      -1.1894274276721244,
      -1.240488449259636
    ],
    [
      -1.1521046574160407,
      -1.2224219835121333
    ],
    [
      -1.1218017703549858,
      -1.2046614393254846
    ],
    [
      -1.0612399436489328,
      -1.1755526433336954
    ],
    [
      -1.0140498554317354,
      -1.1621962469799054
    ],
    [
      -0.9491484788707953,
      -1.1138952411467296
    ],
    [
      -0.8905572037342558,
      -1.0766314665424526
    ],
    [
      -0.8177063456495415,
      -1.0229388106013777
    ],
    [
      -0.7434633529503368,
      -0.9735351304757645
    ],
    [
      -0.670477162490343,
      -0.9125847868621393
    ],
    [
      -0.5937891389658266,
      -0.8586370033906316
    ],
    [
      -0.5098010387550693,
      -0.7915275289916822
    ],
    [
      -0.43100727787530213,
      -0.7185754006986862
    ],
    [
      -0.3372725792373391,
      -0.6541870004877545
    ],
    [
      -0.25478903928546287,
      -0.5728094744014617
    ],
    [
      -0.16288169858535015,
      -0.505042042206832
    ],
    [
      -0.07185710550768215,
      -0.4241724019013289
    ],
    [
      0.023079911552368017,
      -0.3588974489210262
    ],
    [
      0.1061942003834353,
      -0.26547728097393203
    ],
    [
      0.19944597468392436,
      -0.18937594555690482
    ],
    [
      0.2847679352340421,
      -0.1098509000153685
    ],
    [
      0.37395688339630695,
      -0.030599146333522086
    ],
    [
      0.4573279305964107,
      0.05046850713232406
    ],
    [
      0.5453776821043562,
      0.14640933865433473
    ],
    [
      0.6200979823647169,
      0.21572390816107603
    ],
    [
      0.6977587553877962,
      0.2974270126378551
    ],
    [
      0.7636081718068405,
      0.37204255907272715
    ],
    [
      0.8286722168420712,
      0.4479585845699538
    ],
    [
      0.8858504729555787,
      0.5196800109294817
    ],
    [
      0.9369680867407247,
      0.5811588630208134
    ],
    [
      0.9954929347318687,
      0.658938835396674
    ]
  ],
  "complexity": 0.22520313194370092
}