{
  "id": 4640,
  "wedge_count": 6,
  "parameters": {
    "rotation_speeds": [
      0.5337398445013589,
      0.19612987420867378,
      1.2020768716297652,
      2.343123984911358,
      2.153968637848688,
      1.4827895638564164
    ],
    "phi_x": [
      1.9844576489358003,
      -3.3461873428970264,
      9.073524909635111,
      0.1586919146039532,
      20.0,
      -3.8503355633257605
    ],
    "phi_y": [
      0.3305761314150163,
      -14.218921800403395,
      -3.907373649946794,
      1.8144981320544196,
      -19.010235861751607,
      -2.104468236782329
    ],
    "distances": [
      1.0,
      7.540639961898723,
      4.070629756997948,
      3.117193113697846,
      3.006043603014591,
      2.8350320795550807,
      4.204993608460248
    ],
    "refractive_indices": [
      1.0,
      1.5,
      1.5,
      1.5,
      1.5,
      1.5,
      1.5,
      1.0
    ],
    "wedgenum": 6
  },
  "pattern": [
    [
      3.5119342233342934,
      3.460965182405239
    ],
    [
      3.4746537655275054,
      3.4407628415203386
    ],
    [
      3.411387296138662,
      3.4681569179010943
    ],
    [
      3.4117482711574394,
      3.4984695173334095
    ],
    [
      3.4213204558611876,
      3.465059941411826
    ],
    [
      3.3494900097668676,
      3.360850198352857
    ],
    [
      3.35523811187874,
      3.4254549787739137
    ],
    [
      3.319448747297576,
      3.4331305918523087
    ],
    [
      3.071611184524165,
      3.2932500009957617
    ],
    [
      3.136163460309004,
      3.2948694177026026
    ],
    [
      2.9544847997471675,
      3.130530730959968
    ],
    [
      2.9237661068656227,
      3.174373876803236
    ],
    [
      2.775738711356469,
      3.0054622442973886
    ],
    [
      2.736141319749901,
      3.0447337298053974
    ],
    [
      2.662761876738606,
      2.8715025151432227
    ],
    [
      2.4515296987502424,
      2.8441907010337735
    ],
    [
      2.3072726212025434,
      2.612292279892978
    ],
    [
      2.16633902030814,
      2.622042656984259
    ],
    [
      2.023108389952343,
      2.3952899320909387
    ],
    [
      1.8601344659172052,
      2.357110873468563
    ],
    [
      1.7096832995612787,
      2.2138571872292045
    ],
    [
      1.5778225274922222,
      2.0801998518328007
    ],
    [
      1.3772608300379892,
      1.9295137669333366
    ],
    [
      1.2789572926450532,
      1.7176259751921583
    ],
    [
      1.015352078716867,
      1.644633672774358
    ],
    [
      0.8398242515719677,
      1.4988787405555637
    ],
    [
      0.6424128732097384,
      1.2917915078938722
    ],
    [
      0.609696699560426,
      1.248059624042486
    ],
    [
      0.44715146496464087,
      1.0994750978134422
    ],
    [
      0.19096791407113967,
      0.8790611138046722
    ],
    [
      0.13735286967113858,
      0.7845917940124681
    ],
    [
      -0.16457055913980176,
      0.4774935558934061
    ],
    [
      -0.19808385145489407,
      0.4070576333248608
    ],
    [
      -0.4273681586696775,
      0.2807454887457039
    ],
    [
      -0.5078251416374088,
      0.10451160325221517
    ],
    [
      -0.6957675954785066,
      -0.0038801467917155483
    ],
    [
      -0.7637491213957378,
      -0.20222065046844703
    ],
    [
      -0.9732449546887502,
      -0.33285297141019404
    ],
    [
      -1.1093093466508197,
      -0.48197848808312665
    ],
    [
      -1.2590187690533243,
      -0.6072560880003606
    ],
    [
      -1.2933461876521157,
      -0.7698088688163135
    ],
    [
      -1.3318345826939344,
      -0.8154148309468204
    ],
    [
      -1.5650984258927856,
      -1.0146613198795622
    ],
    [
      -1.5518090533421312,
      -1.02309774826458
    ],
    [
      -1.677713862369923,
      -1.2004171397121453
    ],
    [
      -1.7017887566184102,
      -1.3609527738388107
    ],
    [
      -1.70360136121698,
      -1.3790358346785212
    ],
    [
      -1.8571993863330467,
      -1.455021357297851
    ],
    [
      -1.8238014828675613,
      -1.5715765679431846
    ],
    [
      -1.8135665088606483,
      -1.6044928441006732
    ],
    [
      -1.8678536613101715,
      -1.73323005499748
    ],
    [
      -1.8995285228379226,
      -1.762833306441833
    ],
    [
      -1.8602494742901912,
      -1.843994326562287
    ],
    [
      -1.8542702559638988,
      -1.702567968001329
    ],
    [
      -1.8128533165483587,
      -1.8676784389225087
    ],
    [
      -1.7180330535760109,
      -1.8753524118651188
    ],
    [
      -1.6726840013201358,
      -1.9655883837187356
    ],
    [
      -1.706879173781772,
      -1.9439197561768442
    ],
    [
      -1.673180495977405,
      -1.9569453183288683
    ],
    [
      -1.5369463687190106,
      -1.856532220123533
    ]
  ],
  "complexity": 0.4262250766266902
}