{
  "timestamp": "2025-08-17T20:37:33.859518",
  "session_analyzed": "predictions_20250817_203723",
  "overall_accuracy": 0.6,
  "neural_network_info": {
    "trained": true,
    "model_path": "weights/super_pattern_predictor.pth",
    "architecture": "SuperNet with Attention + Residual + Ensemble",
    "best_val_accuracy": 0.5883333333333334,
    "best_val_loss": 1.2685349106788635,
    "epochs_trained": 31,
    "final_train_acc": 0.5645833333333333,
    "final_val_acc": 0.5883333333333334,
    "training_history": {
      "train_losses": [
        2.136550213161268,
        1.7300804006425958,
        1.5425004300318266,
        1.4429076815906323,
        1.3864668199890537,
        1.3624189401927747,
        1.334581362573724,
        1.3393472809540599,
        1.3277189041438855,
        1.3234298919376575,
        1.3097556547114724,
        1.2793891869093243,
        1.2597974821140892,
        1.2584107235858315,
        1.244756795858082,
        1.238703235199577,
        1.2394433272512335,
        1.2213903163608753,
        1.2271592177842792,
        1.2220079271416915,
        1.2228101178219444,
        1.2293753686704134,
        1.216298100195433,
        1.218011294540606,
        1.2145005088103444,
        1.2192654139117192,
        1.2258153181327016,
        1.209745661208504,
        1.2111471703178005,
        1.2064044412813688,
        1.2172240897228843
      ],
      "val_losses": [
        1.5336073160171508,
        1.4516671299934387,
        1.5490147829055787,
        1.3407060980796814,
        1.438708209991455,
        1.510290789604187,
        1.3353545546531678,
        1.2478498697280884,
        1.3109801173210145,
        13.25656145811081,
        2.050982892513275,
        1.2301939845085144,
        1.2110059142112732,
        2.1527549505233763,
        1.2049846649169922,
        1.1964454531669617,
        1.1982728838920593,
        1.4211365580558777,
        1.2028666496276856,
        1.1939138412475585,
        1.194826114177704,
        1.1951588273048401,
        4.369508945941925,
        4.0669094800949095,
        1.2233752250671386,
        1.1940219044685363,
        1.1942680120468139,
        1.201234769821167,
        1.2060307145118714,
        1.3027732968330383,
        1.2685349106788635
      ],
      "train_accuracies": [
        0.31958333333333333,
        0.3879166666666667,
        0.4479166666666667,
        0.4716666666666667,
        0.48875,
        0.495,
        0.5108333333333334,
        0.5041666666666667,
        0.5095833333333334,
        0.5058333333333334,
        0.51375,
        0.5204166666666666,
        0.5354166666666667,
        0.55,
        0.5570833333333334,
        0.5629166666666666,
        0.5433333333333333,
        0.5629166666666666,
        0.5604166666666667,
        0.5725,
        0.56375,
        0.5620833333333334,
        0.5691666666666667,
        0.5604166666666667,
        0.55125,
        0.5720833333333334,
        0.5620833333333334,
        0.5820833333333333,
        0.56875,
        0.5820833333333333,
        0.5645833333333333
      ],
      "val_accuracies": [
        0.40166666666666667,
        0.4583333333333333,
        0.48833333333333334,
        0.46166666666666667,
        0.47,
        0.5016666666666667,
        0.5083333333333333,
        0.5766666666666667,
        0.51,
        0.49166666666666664,
        0.47,
        0.5283333333333333,
        0.5616666666666666,
        0.5566666666666666,
        0.555,
        0.575,
        0.5583333333333333,
        0.5733333333333334,
        0.565,
        0.5783333333333334,
        0.5683333333333334,
        0.5833333333333334,
        0.57,
        0.5733333333333334,
        0.5766666666666667,
        0.5733333333333334,
        0.5733333333333334,
        0.5816666666666667,
        0.57,
        0.5816666666666667,
        0.5883333333333334
      ],
      "learning_rates": [
        0.001,
        0.0019,
        0.0028000000000000004,
        0.0037000000000000006,
        0.004600000000000001,
        0.0055000000000000005,
        0.0064,
        0.0073,
        0.0082,
        0.009100000000000002,
        0.010000000000000004,
        0.0009990232305719944,
        0.0009960967771506667,
        0.000991232189110701,
        0.0009844486647586723,
        0.0009757729755661011,
        0.0009652393605146844,
        0.0009528893909706797,
        0.0009387718066217125,
        0.0009229423231234975,
        0.000905463412215599,
        0.0008864040551740157,
        0.0008658394705735987,
        0.0008438508174347009,
        0.0008205248749256015,
        0.0007959536998847743,
        0.0007702342635146033,
        0.000743468068680349,
        0.000715760749324711,
        0.0006872216535789157,
        0.000657963412215599
      ]
    }
  },
  "training_info": {
    "session_id": "20250817_203714",
    "total_samples": 3000,
    "training_time": 89.55119800567627,
    "model_type": "SuperNeuralNetwork",
    "epochs_trained": 46,
    "best_val_accuracy": 0.5883333333333334,
    "best_val_loss": 1.2685349106788635,
    "configuration": {
      "epochs": 50,
      "batch_size": 64,
      "validation_split": 0.2
    },
    "wedge_distribution": {
      "1": 500,
      "2": 500,
      "3": 500,
      "4": 500,
      "5": 500,
      "6": 500
    }
  },
  "timing_info": {
    "total_time": 0.8455989360809326,
    "throughput": 118.25937301135507,
    "nn_avg_ms": 4.6180033683776855,
    "ga_avg_ms": 3.8359498977661133
  },
  "detailed_metrics": {
    "wedge_count_accuracy": 0,
    "parameter_correlation": {},
    "nn_vs_ga_comparison": []
  },
  "performance_by_wedge": {
    "1": {
      "accuracy": 0.7647058823529411,
      "correct": 13,
      "total": 17
    },
    "2": {
      "accuracy": 0.8823529411764706,
      "correct": 15,
      "total": 17
    },
    "3": {
      "accuracy": 0.5,
      "correct": 9,
      "total": 18
    },
    "4": {
      "accuracy": 0.375,
      "correct": 6,
      "total": 16
    },
    "5": {
      "accuracy": 0.4375,
      "correct": 7,
      "total": 16
    },
    "6": {
      "accuracy": 0.625,
      "correct": 10,
      "total": 16
    }
  },
  "cost_analysis": {
    "by_wedge_count": {},
    "by_complexity": {},
    "convergence_patterns": []
  }
}