{
  "id": 16,
  "wedge_count": 1,
  "parameters": {
    "rotation_speeds": [
      -3.074623468612971
    ],
    "phi_x": [
      -14.196855834165692
    ],
    "phi_y": [
      9.132397032005027
    ],
    "distances": [
      1.0,
      1.5615144887419652
    ],
    "refractive_indices": [
      1.0,
      1.5,
      1.0
    ],
    "wedgenum": 1
  },
  "pattern": [
    [
      0.9441696566823269,
      0.9475731684656227
    ],
    [
      0.9021052198599323,
      0.8970558566607585
    ],
    [
      0.8454050120214887,
      0.8610104494195515
    ],
    [
      0.7943707394772322,
      0.7986687712490523
    ],
    [
      0.7374627660772165,
      0.7504302657332347
    ],
    [
      0.6738672107253842,
      0.6926368064078394
    ],
    [
      0.6006273557786523,
      0.6452830615378622
    ],
    [
      0.5384855380569944,
      0.5798128154231339
    ],
    [
      0.4715862274695354,
      0.5253660193521534
    ],
    [
      0.3987353465292895,
      0.46026523281309795
    ],
    [
      0.3300291886581362,
      0.39245396287936635
    ],
    [
      0.25607438152030987,
      0.3249463364024993
    ],
    [
      0.17567675367382227,
      0.25911169518683186
    ],
    [
      0.10886211206565341,
      0.20138944638025577
    ],
    [
      0.02367744385794957,
      0.11614131006549244
    ],
    [
      -0.05128523747543497,
      0.06488996931452337
    ],
    [
      -0.12081729668733747,
      -0.00982208541175663
    ],
    [
      -0.19907553612567416,
      -0.07172353827670219
    ],
    [
      -0.26594606231837603,
      -0.14074514775768787
    ],
    [
      -0.3383112669129524,
      -0.2059770630784003
    ],
    [
      -0.4040709327631575,
      -0.26753569341722333
    ],
    [
      -0.47227077429046427,
      -0.33262406231373215
    ],
    [
      -0.5378934761085082,
      -0.39740369204635995
    ],
    [
      -0.589950596355834,
      -0.4549137301749529
    ],
    [
      -0.6475442616563655,
      -0.5054406381762273
    ],
    [
      -0.6944105015783059,
      -0.561780718721189
    ],
    [
      -0.7489480797158802,
      -0.6089600589129636
    ],
    [
      -0.7889380690277014,
      -0.6561800100638981
    ],
    [
      -0.8304658450472292,
      -0.7109467812673227
    ],
    [
      -0.870614110144421,
      -0.7526404680569787
    ],
    [
      -0.8991278026467018,
      -0.7921905005934543
    ],
    [
      -0.9286935739139924,
      -0.8228942795841551
    ],
    [
      -0.9583840076014739,
      -0.8580704680869857
    ],
    [
      -0.9687094984679344,
      -0.8834058734639387
    ],
    [
      -0.9825136975009232,
      -0.9128125612429661
    ],
    [
      -0.9897545815041018,
      -0.9338823905413154
    ],
    [
      -0.989761063099598,
      -0.9395364071386464
    ],
    [
      -0.9948639737195052,
      -0.9680244312474238
    ],
    [
      -0.98915872502333,
      -0.9684635978378966
    ],
    [
      -0.969155358943386,
      -0.9793734557587365
    ],
    [
      -0.9613936700083636,
      -0.9791735808157895
    ],
    [
      -0.92967791654432,
      -0.9746114384314367
    ],
    [
      -0.9120443033870769,
      -0.9746424430742154
    ],
    [
      -0.8824506071113124,
      -0.9608782061710569
    ],
    [
      -0.8512161681342013,
      -0.9425328574741373
    ],
    [
      -0.8182902265740793,
      -0.9246642981334179
    ],
    [
      -0.7687403203661023,
      -0.909295391573398
    ],
    [
      -0.7313971262779224,
      -0.8865779174384856
    ],
    [
      -0.6873974047032809,
      -0.8518570913090964
    ],
    [
      -0.6444857047726941,
      -0.826867282950961
    ],
    [
      -0.5781681411339079,
      -0.7902080455520976
    ],
    [
      -0.5256029133106004,
      -0.7552880246969301
    ],
    [
      -0.4680960503276508,
      -0.7211459402267452
    ],
    [
      -0.41528881908730547,
      -0.6850990753995958
    ],
    [
      -0.3412295507636109,
      -0.6365164594854484
    ],
    [
      -0.2877904928567717,
      -0.5810611346484964
    ],
    [
      -0.2328530248535543,
      -0.5398590529563714
    ],
    [
      -0.16647120530022952,
      -0.4988771734241889
    ],
    [
      -0.09900329148269701,
      -0.4465398537802696
    ],
    [
      -0.03365359276838263,
      -0.3824310852111772
    ]
  ],
  "complexity": 0.2219491920460004
}