{
  "id": 3005,
  "wedge_count": 4,
  "parameters": {
    "rotation_speeds": [
      1.0257200093956393,
      -1.601952343349488,
      0.07154121754369465,
      -1.4063971483400992
    ],
    "phi_x": [
      15.996680258645583,
      -8.397663103677399,
      6.516244860205096,
      12.678063137630485
    ],
    "phi_y": [
      -11.676726476699084,
      -3.00855117410964,
      15.317312696137916,
      -16.83097570683682
    ],
    "distances": [
      1.0,
      5.845804058703256,
      3.6014646888525217,
      5.002453161158979,
      4.799248269436941
    ],
    "refractive_indices": [
      1.0,
      1.5,
      1.5,
      1.5,
      1.5,
      1.0
    ],
    "wedgenum": 4
  },
  "pattern": [
    [
      3.8297776504360757,
      3.8294004357919835
    ],
    [
      3.8737808340880915,
      3.8057530067178518
    ],
    [
      3.733005165798434,
      3.7777531624345215
    ],
    [
      3.9141133264762735,
      3.683771845585553
    ],
    [
      3.845622334944795,
      3.740133871705763
    ],
    [
      3.7899207429993322,
      3.815511395469855
    ],
    [
      3.684427551091659,
      3.7141725392998777
    ],
    [
      3.5924071005626854,
      3.4946692861355877
    ],
    [
      3.676846225932398,
      3.7019870284108034
    ],
    [
      3.4746356125446765,
      3.510679162897066
    ],
    [
      3.502248849080224,
      3.4948917689116956
    ],
    [
      3.2065592333561783,
      3.338978994351093
    ],
    [
      3.218761481749114,
      3.2274437848505517
    ],
    [
      3.173930057117953,
      3.2163587711157655
    ],
    [
      2.959763497852597,
      3.143980855283078
    ],
    [
      2.9162789220035217,
      2.961974940140223
    ],
    [
      2.9677192725699832,
      2.8509171185159015
    ],
    [
      2.6407501313777293,
      2.739885495869559
    ],
    [
      2.493797972053816,
      2.6297432596211974
    ],
    [
      2.4371710982234807,
      2.5369430664676367
    ],
    [
      2.225308778072023,
      2.4321316868903553
    ],
    [
      2.133398168014131,
      2.33715424380946
    ],
    [
      1.9537581120824539,
      2.243204171788653
    ],
    [
      1.8911522181063476,
      2.0461167656482275
    ],
    [
      1.670070431525702,
      2.0125765998911627
    ],
    [
      1.568867738324723,
      1.8472819289598026
    ],
    [
      1.4270302521706826,
      1.7194674178526022
    ],
    [
      1.3912460781728009,
      1.5021767447543974
    ],
    [
      1.1992706460026294,
      1.3828860211670222
    ],
    [
      1.0119487440565182,
      1.2754075832309082
    ],
    [
      0.8685999203621855,
      1.2109999297897434
    ],
    [
      0.772043600216215,
      1.0835784161472468
    ],
    [
      0.6430790917816335,
      1.0147942532470058
    ],
    [
      0.5627298930763552,
      0.7996858385525103
    ],
    [
      0.3381312057222939,
      0.5761616467205635
    ],
    [
      0.3187008348986635,
      0.6024440572727543
    ],
    [
      0.20918830784217995,
      0.5058993961627584
    ],
    [
      -0.057268301979350206,
      0.35651653294434493
    ],
    [
      -0.07076679317992295,
      0.365840326924139
    ],
    [
      -0.1467010147040182,
      0.2449824292790747
    ],
    [
      -0.23628930028274936,
      0.14438503212152012
    ],
    [
      -0.20366348714300953,
      -0.01331293570857388
    ],
    [
      -0.3968259597347532,
      -0.08984742139885817
    ],
    [
      -0.4377370125641653,
      -0.2049543654091043
    ],
    [
      -0.561955438248572,
      -0.2162905940628744
    ],
    [
      -0.5522850417117816,
      -0.27772515367913314
    ],
    [
      -0.6748711849977213,
      -0.3963925924692194
    ],
    [
      -0.756792802577129,
      -0.4280790682909524
    ],
    [
      -0.760605598160296,
      -0.5902222796683398
    ],
    [
      -0.6667100928819385,
      -0.46860721341699557
    ],
    [
      -0.8075186227346874,
      -0.5551739983764005
    ],
    [
      -0.8408043919967596,
      -0.673075148894988
    ],
    [
      -0.7979036483901395,
      -0.5936339535073488
    ],
    [
      -0.7486412867169691,
      -0.7398720712108374
    ],
    [
      -0.8222498477437958,
      -0.641664962788214
    ],
    [
      -0.8747267142301086,
      -0.7304487858768215
    ],
    [
      -0.7298303411266464,
      -0.6839716351070163
    ],
    [
      -0.7493628841132136,
      -0.8048144786040786
    ],
    [
      -0.7060334380055737,
      -0.7984109718608592
    ],
    [
      -0.6804607972125717,
      -0.6982000538031773
    ]
  ],
  "complexity": 0.35858014792471476
}