{
  "id": 3631,
  "wedge_count": 5,
  "parameters": {
    "rotation_speeds": [
      -0.6459693319581442,
      -4.027361060027047,
      2.974739213341442,
      0.4582626301009091,
      -0.3394072185045484
    ],
    "phi_x": [
      0.05330209045141146,
      5.0707106543185985,
      -14.326610345960963,
      -6.99453565375329,
      15.751121342782366
    ],
    "phi_y": [
      -9.25111083750759,
      -9.881109184848478,
      11.738554697737166,
      -20.0,
      5.346191886056789
    ],
    "distances": [
      1.0,
      3.4659917837856096,
      6.714111962810176,
      4.198324892564872,
      3.136485152112594,
      5.724591858003429
    ],
    "refractive_indices": [
      1.0,
      1.5,
      1.5,
      1.5,
      1.5,
      1.5,
      1.0
    ],
    "wedgenum": 5
  },
  "pattern": [
    [
      3.9139711419691454,
      3.964117317275015
    ],
    [
      3.8946779911936407,
      3.902671778906977
    ],
    [
      3.8381767503836137,
      3.8463142364286647
    ],
    [
      3.856449358472653,
      3.8006726942579245
    ],
    [
      3.749947987278411,
      3.8188447275511086
    ],
    [
      3.715294608052402,
      3.796890876002139
    ],
    [
      3.7131467086926273,
      3.6122252518810685
    ],
    [
      3.594445398918611,
      3.7490361565356194
    ],
    [
      3.5911338616708584,
      3.6008194285201127
    ],
    [
      3.567532575285281,
      3.58113289410774
    ],
    [
      3.4859178307497967,
      3.3861960790581276
    ],
    [
      3.2905262149980983,
      3.4521491526845187
    ],
    [
      3.2217310757623427,
      3.3619727130460637
    ],
    [
      3.3241991107328803,
      3.318395262561588
    ],
    [
      3.0486563481118116,
      3.2680031318270237
    ],
    [
      3.0618043855821386,
      3.2819287219138706
    ],
    [
      3.0453905191207684,
      3.082400964465337
    ],
    [
      2.948501537022934,
      3.0586313188116923
    ],
    [
      2.7940413557837003,
      3.002657034096007
    ],
    [
      2.6655303306958653,
      2.9423051900548693
    ],
    [
      2.6448442804241976,
      2.919786948121875
    ],
    [
      2.5995835467869037,
      2.7825739513140255
    ],
    [
      2.4796247480062306,
      2.6944452142130606
    ],
    [
      2.448606977043454,
      2.7518778642255515
    ],
    [
      2.4072855571871905,
      2.5706084710471977
    ],
    [
      2.258771460123694,
      2.4955004445636573
    ],
    [
      2.208261990445325,
      2.4446173564650695
    ],
    [
      2.1001020993268145,
      2.2949280360343964
    ],
    [
      2.05339040563578,
      2.42012580540437
    ],
    [
      1.947129744521867,
      2.19560590017305
    ],
    [
      1.9783915843562994,
      2.1560276553412296
    ],
    [
      1.8088254677713873,
      2.088077694599792
    ],
    [
      1.7269852763854905,
      2.102965079381064
    ],
    [
      1.7457170361358372,
      2.0162119017508315
    ],
    [
      1.6905457527794994,
      1.7766301319739684
    ],
    [
      1.607215830387391,
      1.8829323095232577
    ],
    [
      1.5195642786150325,
      1.8058393037687022
    ],
    [
      1.518130308184078,
      1.8104414665894526
    ],
    [
      1.4528764275185446,
      1.6712516155714139
    ],
    [
      1.4215596094912324,
      1.7087783618719716
    ],
    [
      1.4933234536487152,
      1.557024095558116
    ],
    [
      1.3351669110324278,
      1.5028284247813894
    ],
    [
      1.3321434323302552,
      1.5180106414447117
    ],
    [
      1.3440873968170144,
      1.515971665654479
    ],
    [
      1.213524560698912,
      1.4637484657066424
    ],
    [
      1.155014495086034,
      1.4039489095445017
    ],
    [
      1.176174339051326,
      1.40317290127813
    ],
    [
      1.1360932653449898,
      1.3624688776813465
    ],
    [
      1.184727808745854,
      1.3465179805526895
    ],
    [
      1.16980580000103,
      1.279310535184948
    ],
    [
      1.090526244889172,
      1.2768588584972074
    ],
    [
      1.1993103131018095,
      1.2640522984222131
    ],
    [
      1.1140009937641568,
      1.2298025936401034
    ],
    [
      1.1272463143800868,
      1.2032319442167168
    ],
    [
      1.0839168920232938,
      1.1206900121028691
    ],
    [
      1.1557577314735565,
      1.2194153965190637
    ],
    [
      1.093141817072608,
      1.107809971071032
    ],
    [
      1.0153611870722594,
      1.2320907724101324
    ],
    [
      1.117938483736215,
      1.1279875830333363
    ],
    [
      1.1426154523061005,
      1.1453628768672608
    ]
  ],
  "complexity": 0.3476526104555276
}