{
  "id": 1074,
  "wedge_count": 2,
  "parameters": {
    "rotation_speeds": [
      0.4860440372916304,
      -2.4476380180757666
    ],
    "phi_x": [
      0.5782229305233726,
      -13.276247655360748
    ],
    "phi_y": [
      4.415026864911242,
      -3.9491132278257246
    ],
    "distances": [
      1.0,
      8.653336896443292,
      3.258144086172198
    ],
    "refractive_indices": [
      1.0,
      1.5,
      1.5,
      1.0
    ],
    "wedgenum": 2
  },
  "pattern": [
    [
      0.9277284013317294,
      0.9390584954190921
    ],
    [
      0.9708035640965321,
      0.9280360893592623
    ],
    [
      0.9289596445224046,
      0.9758688087498768
    ],
    [
      0.8443135240359823,
      1.0148484358071104
    ],
    [
      0.9381146200939782,
      0.9112617382932868
    ],
    [
      0.8956366994624007,
      0.9604084891631798
    ],
    [
      0.9468069009324567,
      0.8475976040948506
    ],
    [
      0.8443233890480628,
      0.8475968222937945
    ],
    [
      0.8355703903330508,
      0.8170385995275057
    ],
    [
      0.7292597913862807,
      0.8281778605115387
    ],
    [
      0.7565538638346859,
      0.7640004191873871
    ],
    [
      0.6866690072665644,
      0.7298615420999166
    ],
    [
      0.6504533942842845,
      0.6804027061019052
    ],
    [
      0.5833983107678657,
      0.6190187230802124
    ],
    [
      0.5684338962679338,
      0.5793074971923283
    ],
    [
      0.449145799925487,
      0.620424502137799
    ],
    [
      0.3586436349634103,
      0.4811953183512088
    ],
    [
      0.433347755121045,
      0.4753650251184966
    ],
    [
      0.3353976137951147,
      0.4129470351647267
    ],
    [
      0.2464136132874608,
      0.4738514491058153
    ],
    [
      0.11626110962824784,
      0.36751252143045937
    ],
    [
      0.2531162616121349,
      0.3846342566141391
    ],
    [
      0.15304648388772205,
      0.1885740033168932
    ],
    [
      0.012945638813870536,
      0.12453941038047237
    ],
    [
      0.011870173576984246,
      -0.020538845829475266
    ],
    [
      -0.01838329546347501,
      0.04326111174848925
    ],
    [
      -0.06811903602981366,
      -0.007601743162327104
    ],
    [
      -0.19370550750756266,
      0.015500711633666266
    ],
    [
      -0.18516753416186427,
      0.01762858440531026
    ],
    [
      -0.2043287369629964,
      -0.11218912889449613
    ],
    [
      -0.2712027280569356,
      -0.19489088415314293
    ],
    [
      -0.40489009596609926,
      -0.2712383318648658
    ],
    [
      -0.4035305226337063,
      -0.19319288267442783
    ],
    [
      -0.409740570338142,
      -0.29101955032147697
    ],
    [
      -0.46197114103989045,
      -0.2648388507071503
    ],
    [
      -0.3895016908646566,
      -0.32510435060236065
    ],
    [
      -0.580630478148728,
      -0.42259930333438706
    ],
    [
      -0.5414353962791469,
      -0.39591330469146957
    ],
    [
      -0.5722246652111644,
      -0.4226239415896975
    ],
    [
      -0.6217068598359695,
      -0.5967199793922865
    ],
    [
      -0.6092416945562904,
      -0.551615528411555
    ],
    [
      -0.6678790738891447,
      -0.5001952739304875
    ],
    [
      -0.6826097851126129,
      -0.5819880783668857
    ],
    [
      -0.6464235688769189,
      -0.544020113835571
    ],
    [
      -0.5758587396007467,
      -0.5885568247097659
    ],
    [
      -0.6414886611758984,
      -0.5425089820887243
    ],
    [
      -0.6657731351672507,
      -0.6906823547584585
    ],
    [
      -0.5786337523495372,
      -0.6214706755486082
    ],
    [
      -0.5569802918761257,
      -0.65777251213574
    ],
    [
      -0.5654146664950017,
      -0.5328124701695868
    ],
    [
      -0.5348117908337914,
      -0.6397871344766287
    ],
    [
      -0.5762226150138063,
      -0.63338128019773
    ],
    [
      -0.6090649727743188,
      -0.6549057386384818
    ],
    [
      -0.4697121004607662,
      -0.5188033828369907
    ],
    [
      -0.4200115103634704,
      -0.5197182586129211
    ],
    [
      -0.3843863452563918,
      -0.5764797626513216
    ],
    [
      -0.3111020818085727,
      -0.5268335796198219
    ],
    [
      -0.3095522643196214,
      -0.6352603166403814
    ],
    [
      -0.2544897470804236,
      -0.4144977121245009
    ],
    [
      -0.26777719144121936,
      -0.42731847006560375
    ]
  ],
  "complexity": 0.23900830752244207
}