{
  "id": 4700,
  "wedge_count": 6,
  "parameters": {
    "rotation_speeds": [
      -1.5119131269138026,
      -0.23348039381936825,
      4.12074922758773,
      1.397036628847354,
      0.47592207221344196,
      -2.0808034132281015
    ],
    "phi_x": [
      4.519981968044913,
      12.166237555777577,
      -1.7352721092699896,
      8.092922221523052,
      -1.2312859892872858,
      11.170293382057734
    ],
    "phi_y": [
      19.915646346130387,
      10.419604645465219,
      5.233659479206684,
      20.0,
      -1.8959692400466892,
      -2.821945135826634
    ],
    "distances": [
      1.0,
      5.827229636719985,
      6.404062586025191,
      2.3911814335057837,
      2.9160256338181596,
      5.292894128142078,
      6.579090713792233
    ],
    "refractive_indices": [
      1.0,
      1.5,
      1.5,
      1.5,
      1.5,
      1.5,
      1.5,
      1.0
    ],
    "wedgenum": 6
  },
  "pattern": [
    [
      3.4722480478436144,
      3.4680776254506536
    ],
    [
      3.498777939749744,
      3.542459577023904
    ],
    [
      3.5343068282352554,
      3.4661343832666893
    ],
    [
      3.5497431105842945,
      3.4401544619879902
    ],
    [
      3.524906190560837,
      3.538649482855229
    ],
    [
      3.574462668363722,
      3.5849245531358336
    ],
    [
      3.604169395686598,
      3.4449772253119377
    ],
    [
      3.526136113521578,
      3.4831029137493656
    ],
    [
      3.600204219163115,
      3.603107335684162
    ],
    [
      3.613564741838205,
      3.5462526549254534
    ],
    [
      3.603961998870773,
      3.4824935071253655
    ],
    [
      3.518685784425021,
      3.4920369111054685
    ],
    [
      3.4574075279527783,
      3.5157624698593133
    ],
    [
      3.463528150264916,
      3.4593144024712292
    ],
    [
      3.482248074782024,
      3.5325361520806147
    ],
    [
      3.378664063953098,
      3.277810436469147
    ],
    [
      3.425140236893726,
      3.4145673345269083
    ],
    [
      3.30700318575964,
      3.3697031179853894
    ],
    [
      3.3458087852615557,
      3.324172441314338
    ],
    [
      3.299558756608493,
      3.2638784914602335
    ],
    [
      3.2332211953818963,
      3.3091612875412766
    ],
    [
      3.14199578747413,
      3.253112026851864
    ],
    [
      3.1596594071525184,
      3.260121862228177
    ],
    [
      3.0359537115510786,
      3.144708285821098
    ],
    [
      2.958088678523956,
      3.0852727609837256
    ],
    [
      2.932259437621259,
      2.964292594017461
    ],
    [
      2.8413529326885505,
      2.9642762702536314
    ],
    [
      2.779420893379737,
      2.9871389066139247
    ],
    [
      2.720634372796017,
      2.917297565585382
    ],
    [
      2.6188388225555586,
      2.789750346743388
    ],
    [
      2.558826582137563,
      2.796733451923506
    ],
    [
      2.4459926368247964,
      2.759396202390914
    ],
    [
      2.35614188432033,
      2.636174126276438
    ],
    [
      2.3353410599085462,
      2.5727209150786905
    ],
    [
      2.1786078916190914,
      2.4495148935320734
    ],
    [
      2.1817826503501068,
      2.380948835158626
    ],
    [
      2.0393022399136584,
      2.3624564389967215
    ],
    [
      1.9881912860735398,
      2.1751938166038176
    ],
    [
      1.9409210187241253,
      2.196776210900809
    ],
    [
      1.8601260290019073,
      2.2070886065544126
    ],
    [
      1.7140257442091518,
      2.0534486738781035
    ],
    [
      1.6619859663778547,
      2.0286940558789066
    ],
    [
      1.6018728698765177,
      1.893392963833267
    ],
    [
      1.4895901343556945,
      1.769904303876395
    ],
    [
      1.436293863785604,
      1.724786196755504
    ],
    [
      1.3093029799433533,
      1.6215789811379548
    ],
    [
      1.194084458960144,
      1.6615171262312065
    ],
    [
      1.2302256438951953,
      1.6006324286683546
    ],
    [
      1.1541154659198383,
      1.4974671077834751
    ],
    [
      1.1486896070680106,
      1.3914300640329074
    ],
    [
      0.84894929756571,
      1.3109150710845827
    ],
    [
      0.8617762198766162,
      1.1914534498214544
    ],
    [
      0.8017282442646357,
      1.1453385214543457
    ],
    [
      0.7029077175803191,
      1.0878289727651513
    ],
    [
      0.6204377114227619,
      0.981357346257029
    ],
    [
      0.5826336291203282,
      1.0371227386515218
    ],
    [
      0.507518195298939,
      0.9389058953870016
    ],
    [
      0.5301563753384078,
      0.8797298060038281
    ],
    [
      0.4788028167188585,
      0.8639731772396674
    ],
    [
      0.3969480394304235,
      0.746043861403079
    ]
  ],
  "complexity": 0.33365713082141224
}