{
  "id": 4061,
  "wedge_count": 5,
  "parameters": {
    "rotation_speeds": [
      -0.4313741441377691,
      2.7574474994727427,
      1.1756885942467723,
      -1.2476642957508903,
      -2.043249640485737
    ],
    "phi_x": [
      4.04528995852425,
      -4.400015028511076,
      1.7136167936400608,
      11.509102615496776,
      1.0605700312447492
    ],
    "phi_y": [
      4.465075213435329,
      -7.431660346368857,
      -7.466287535553874,
      5.2772810137445925,
      -4.3291216025462775
    ],
    "distances": [
      1.0,
      3.5021384521318755,
      8.552299151828507,
      1.6615862880783856,
      8.077953171317285,
      1.6070348346265158
    ],
    "refractive_indices": [
      1.0,
      1.5,
      1.5,
      1.5,
      1.5,
      1.5,
      1.0
    ],
    "wedgenum": 5
  },
  "pattern": [
    [
      2.128818674126741,
      2.053049676461623
    ],
    [
      2.139432950022711,
      2.084427934207835
    ],
    [
      2.2108717273663303,
      2.1844859618526637
    ],
    [
      2.190307849054506,
      2.1937030155686714
    ],
    [
      2.2146280709872186,
      2.2491345233968207
    ],
    [
      2.221831756461355,
      2.21969594746473
    ],
    [
      2.2713257049158053,
      2.203473414011141
    ],
    [
      2.270707260700362,
      2.2744650575687526
    ],
    [
      2.2624746404625893,
      2.1830371007054676
    ],
    [
      2.3196833717228147,
      2.310281762888756
    ],
    [
      2.24642547404603,
      2.2030140905385336
    ],
    [
      2.2779180178930467,
      2.326702200335853
    ],
    [
      2.18460878648541,
      2.1367555680489425
    ],
    [
      2.2020573176063754,
      2.1919648707606894
    ],
    [
      2.150488666587724,
      2.1217465435320455
    ],
    [
      2.1459760984370093,
      2.1231533863109413
    ],
    [
      2.1465432021297413,
      2.163821678712085
    ],
    [
      2.11536757831891,
      2.143385253196062
    ],
    [
      2.085052722846323,
      2.1144900306083434
    ],
    [
      1.960694695640307,
      2.027428420651687
    ],
    [
      1.9579181178269482,
      2.032597207918269
    ],
    [
      1.9958967542739214,
      1.8287381921931933
    ],
    [
      1.8445649201423207,
      1.7915707249938297
    ],
    [
      1.7785717334427176,
      1.8667566607043808
    ],
    [
      1.6717496048417049,
      1.8486764406923404
    ],
    [
      1.6352978793973407,
      1.7122646052353938
    ],
    [
      1.5246836709599665,
      1.7024521065047864
    ],
    [
      1.4893015879824965,
      1.6174980348470331
    ],
    [
      1.4349602419884666,
      1.635451272900646
    ],
    [
      1.32583674439939,
      1.4029851869052452
    ],
    [
      1.2045647377472577,
      1.467791933107399
    ],
    [
      1.176260203125064,
      1.3900655386617278
    ],
    [
      1.1071998751912768,
      1.320856877928998
    ],
    [
      1.0784710267291326,
      1.2792273423811784
    ],
    [
      0.9176811633657892,
      1.108213195657552
    ],
    [
      0.827864425077218,
      1.1369365324131542
    ],
    [
      0.7283212376120287,
      1.0615641475778983
    ],
    [
      0.6558033704362175,
      0.9156369200546606
    ],
    [
      0.5607998932902049,
      0.8930542743886799
    ],
    [
      0.5748576411660684,
      0.7339397381994196
    ],
    [
      0.3835817516766225,
      0.6817318850125319
    ],
    [
      0.3101816274333683,
      0.6648613422121329
    ],
    [
      0.19997752871895902,
      0.49535853902477844
    ],
    [
      0.2535523040460783,
      0.45999960939990986
    ],
    [
      0.20815964089148506,
      0.3886737816489783
    ],
    [
      0.059477744293320714,
      0.32238903767425153
    ],
    [
      -0.033859311692993416,
      0.2185610132037818
    ],
    [
      -0.15080243490231962,
      0.2194311201913165
    ],
    [
      -0.17106695196042454,
      0.07434338194892134
    ],
    [
      -0.09518243896303819,
      0.039438583361384644
    ],
    [
      -0.35855223013206927,
      -0.0020808385665301776
    ],
    [
      -0.30694591896156226,
      -0.016526301982580566
    ],
    [
      -0.33971067477841604,
      -0.18092847903825632
    ],
    [
      -0.3465102000584349,
      -0.2046510319559798
    ],
    [
      -0.4744120151052665,
      -0.27506575414229034
    ],
    [
      -0.5008815448407246,
      -0.1976945197145128
    ],
    [
      -0.5619958447125518,
      -0.37195288632058915
    ],
    [
      -0.5166395398693036,
      -0.3373970415763835
    ],
    [
      -0.6063076510023887,
      -0.4369825682412842
    ],
    [
      -0.6811958429708544,
      -0.4081919819078282
    ]
  ],
  "complexity": 0.31770345020344104
}