{
  "id": 1707,
  "wedge_count": 3,
  "parameters": {
    "rotation_speeds": [
      -1.2920680972251122,
      -2.619859745760902,
      0.012976060875619054
    ],
    "phi_x": [
      -2.797161318913877,
      -12.22557577890701,
      8.320651445561523
    ],
    "phi_y": [
      -7.682514692572072,
      -3.571920704657428,
      -20.0
    ],
    "distances": [
      1.0,
      6.383352691819566,
      8.436269683727758,
      2.8451301371433924
    ],
    "refractive_indices": [
      1.0,
      1.5,
      1.5,
      1.5,
      1.0
    ],
    "wedgenum": 3
  },
  "pattern": [
    [
      2.0827157483357834,
      2.051165247409552
    ],
    [
      2.072087664242388,
      2.055036625904013
    ],
    [
      2.0262012242171874,
      1.9659058018952227
    ],
    [
      2.003804998926401,
      1.9764187273988123
    ],
    [
      1.996448223734669,
      2.0253239640435243
    ],
    [
      1.9696097879576935,
      1.815438293120495
    ],
    [
      1.8518046458434025,
      1.895021195605151
    ],
    [
      1.8713501664342838,
      1.8723243484841543
    ],
    [
      1.779471422788901,
      1.6988132057483112
    ],
    [
      1.8038491356243098,
      1.7858033300094165
    ],
    [
      1.6809830833579555,
      1.673654877860546
    ],
    [
      1.545550519860439,
      1.6145951689721425
    ],
    [
      1.5361842014598333,
      1.6209246578089895
    ],
    [
      1.512921986536752,
      1.5553566969851231
    ],
    [
      1.4896237566015156,
      1.4488763918784684
    ],
    [
      1.354050508080361,
      1.4479243174716212
    ],
    [
      1.1983507652078809,
      1.3879017270071567
    ],
    [
      1.260185856596381,
      1.2146300449060832
    ],
    [
      1.1384750796477527,
      1.220630228006058
    ],
    [
      1.1198831264303042,
      1.1878208342564458
    ],
    [
      0.9491984148724346,
      1.1300511621212952
    ],
    [
      0.8668068628967202,
      1.0901670533535976
    ],
    [
      0.9186488391496684,
      1.0091414102188556
    ],
    [
      0.7491700779186585,
      0.9599291848579913
    ],
    [
      0.7305257904702204,
      0.8220256607034196
    ],
    [
      0.6124720810372398,
      0.7430514138273546
    ],
    [
      0.4505015879829355,
      0.6405566093260358
    ],
    [
      0.44863196082608936,
      0.6043553854125384
    ],
    [
      0.39671688579104564,
      0.5687232051269002
    ],
    [
      0.39130500699943704,
      0.5237726353532818
    ],
    [
      0.3272897864955999,
      0.49164220661849856
    ],
    [
      0.22585382812889893,
      0.36440465472586775
    ],
    [
      0.13887033142643518,
      0.37803521510425603
    ],
    [
      0.10563844303993686,
      0.35100927683281324
    ],
    [
      0.1095877485413951,
      0.26890471452283604
    ],
    [
      0.025775795194846796,
      0.10415023082829462
    ],
    [
      -0.020952207072919324,
      0.1087647048790853
    ],
    [
      -0.00157030111743163,
      0.047421412376016034
    ],
    [
      -0.1163996620538797,
      0.0406641253252116
    ],
    [
      -0.009076574636433202,
      0.01883344689331781
    ],
    [
      -0.1221932430933784,
      -0.017167014701693083
    ],
    [
      -0.12812239649084095,
      0.01769609700942866
    ],
    [
      -0.1443715746260648,
      -0.0582702606390949
    ],
    [
      -0.11304558212935617,
      -0.175806137933532
    ],
    [
      -0.17806166923819713,
      -0.22912309939294057
    ],
    [
      -0.2487204098376209,
      -0.10793036675459042
    ],
    [
      -0.21341672473548318,
      -0.15214865919893278
    ],
    [
      -0.15580493623203295,
      -0.26281099411946457
    ],
    [
      -0.15929443600785573,
      -0.2666924611873578
    ],
    [
      -0.1105893455743837,
      -0.2535428828812669
    ],
    [
      -0.16382776005118882,
      -0.2629636622839816
    ],
    [
      -0.09250403459128917,
      -0.15587351793455148
    ],
    [
      -0.18712285667797018,
      -0.23381003207975834
    ],
    [
      -0.024086719851034027,
      -0.13197148733338418
    ],
    [
      -0.03575913881737961,
      -0.2959735632803692
    ],
    [
      0.02646500717730403,
      -0.06629724873106921
    ],
    [
      0.04981821924918859,
      -0.15735917840921745
    ],
    [
      0.06507220008143262,
      -0.1408226282826245
    ],
    [
      0.07743525219567718,
      -0.16285066664107786
    ],
    [
      0.20725865219935863,
      -0.061819722848532765
    ]
  ],
  "complexity": 0.2880805718226014
}