{
  "id": 826,
  "wedge_count": 1,
  "parameters": {
    "rotation_speeds": [
      6.534254127169238
    ],
    "phi_x": [
      23.527214606641834
    ],
    "phi_y": [
      -24.95185262099664
    ],
    "distances": [
      1.0,
      8.815491438617485
    ],
    "refractive_indices": [
      1.0,
      1.5,
      1.0
    ],
    "wedgenum": 1
  },
  "pattern": [
    [
      1.5671240880933657,
      1.5769291556844984
    ],
    [
      1.6807998868454688,
      1.6768265945664482
    ],
    [
      1.805513871246947,
      1.7751668265348084
    ],
    [
      1.9061970521249743,
      1.8718809142912627
    ],
    [
      1.9974396091006381,
      1.9717995314615693
    ],
    [
      2.0838804787970084,
      2.050903666130102
    ],
    [
      2.159124942248165,
      2.117891535770686
    ],
    [
      2.2196760915136426,
      2.178184569347228
    ],
    [
      2.2729663997300196,
      2.24006873068942
    ],
    [
      2.319943717257319,
      2.29211049305152
    ],
    [
      2.3488073007927253,
      2.321585507234099
    ],
    [
      2.3666895742964282,
      2.3603268404009214
    ],
    [
      2.37258587655199,
      2.3832460473294517
    ],
    [
      2.3667999074131845,
      2.382923421929836
    ],
    [
      2.340649879561583,
      2.383573689032353
    ],
    [
      2.337262475340121,
      2.3715381873862453
    ],
    [
      2.279536158980779,
      2.3453959348065934
    ],
    [
      2.228506812033849,
      2.322675746580806
    ],
    [
      2.1497632345174855,
      2.2837567285201987
    ],
    [
      2.0820571634177654,
      2.2242554681006013
    ],
    [
      1.9908989648729396,
      2.1673422785989405
    ],
    [
      1.8969186029995002,
      2.095641454649427
    ],
    [
      1.7884507996305379,
      2.0162070513777235
    ],
    [
      1.665318898560276,
      1.9245820714941202
    ],
    [
      1.5389343196306933,
      1.8216536676132986
    ],
    [
      1.39581186318906,
      1.7153859418235142
    ],
    [
      1.250579574965614,
      1.6030498335188363
    ],
    [
      1.1042586230380491,
      1.4889488647925588
    ],
    [
      0.941004389534554,
      1.3623467556986646
    ],
    [
      0.7738488587388952,
      1.2160894862244782
    ],
    [
      0.605592207565044,
      1.083815004973266
    ],
    [
      0.4283149339943701,
      0.9393742597434631
    ],
    [
      0.25357726169497113,
      0.796017084786193
    ],
    [
      0.07710123189455573,
      0.6420300540622136
    ],
    [
      -0.09839655979739154,
      0.47527419448184854
    ],
    [
      -0.289353260163021,
      0.32541648973698745
    ],
    [
      -0.4631251335007547,
      0.1579941294026314
    ],
    [
      -0.6467733685249162,
      -0.017097920300015102
    ],
    [
      -0.8222810229064252,
      -0.1808970265492341
    ],
    [
      -0.9895588566221273,
      -0.3387663624999098
    ],
    [
      -1.1657340969630414,
      -0.5029246955287491
    ],
    [
      -1.3260262521627832,
      -0.6643450589035095
    ],
    [
      -1.4885234487455294,
      -0.8354041121144606
    ],
    [
      -1.6458319962161867,
      -0.9955496100621729
    ],
    [
      -1.7856581672631118,
      -1.1549146137588184
    ],
    [
      -1.924956148713135,
      -1.2873534162979712
    ],
    [
      -2.0450494865580415,
      -1.4477121373240351
    ],
    [
      -2.1655535659323792,
      -1.5854913959223873
    ],
    [
      -2.2660857949656554,
      -1.7190021361309438
    ],
    [
      -2.364926312949967,
      -1.8505123256524207
    ],
    [
      -2.443986795227171,
      -1.975721273285791
    ],
    [
      -2.5021318231926895,
      -2.085027623485547
    ],
    [
      -2.570167591475482,
      -2.190818524291296
    ],
    [
      -2.6118120860219487,
      -2.2821242677217826
    ],
    [
      -2.6493131411561897,
      -2.372206842364421
    ],
    [
      -2.662741924698507,
      -2.465952514051935
    ],
    [
      -2.6693221661772766,
      -2.527100663955583
    ],
    [
      -2.6585583803254007,
      -2.5700508323850713
    ],
    [
      -2.643925744585569,
      -2.6272426122819414
    ],
    [
      -2.6121127205629855,
      -2.6673201150246535
    ]
  ],
  "complexity": 0.37842618615793683
}