{
  "id": 1720,
  "wedge_count": 3,
  "parameters": {
    "rotation_speeds": [
      -0.2447895874499295,
      -0.418518739850921,
      2.0943569030709748
    ],
    "phi_x": [
      3.469358645476059,
      -14.381606103159193,
      5.9217270907511175
    ],
    "phi_y": [
      -16.872428567281364,
      -2.6497465928627766,
      -7.763851101340781
    ],
    "distances": [
      1.0,
      8.498067231568477,
      8.604021269968015,
      4.582815872934839
    ],
    "refractive_indices": [
      1.0,
      1.5,
      1.5,
      1.5,
      1.0
    ],
    "wedgenum": 3
  },
  "pattern": [
    [
      1.6988860013032052,
      1.8595565196796782
    ],
    [
      1.8316747747660487,
      1.7414065405741135
    ],
    [
      1.8668652335269216,
      1.8072002472965312
    ],
    [
      1.7967872740459108,
      1.7920534216291306
    ],
    [
      1.867987869920506,
      1.6441071021001017
    ],
    [
      1.7222925618580196,
      1.7976918164850972
    ],
    [
      1.9588889518649373,
      1.9001451111094396
    ],
    [
      1.866558798272497,
      1.855607028779701
    ],
    [
      1.8689373756357768,
      1.6688063325123716
    ],
    [
      1.8078612441185369,
      1.7535988597346164
    ],
    [
      1.7172766974321403,
      1.8057129348031788
    ],
    [
      1.8175400452369654,
      1.8337832148256197
    ],
    [
      1.7728276879717473,
      1.6735482532003834
    ],
    [
      1.7020695501747276,
      1.6195921915016507
    ],
    [
      1.7566626063683002,
      1.7681866394447345
    ],
    [
      1.6261714495789144,
      1.675398432954573
    ],
    [
      1.6181727716484071,
      1.6271228021218487
    ],
    [
      1.5640303100008133,
      1.6647323471290545
    ],
    [
      1.4928994649941905,
      1.666866540976612
    ],
    [
      1.476061531518786,
      1.5983198566888546
    ],
    [
      1.4077519042150073,
      1.4677302919039457
    ],
    [
      1.326188217486875,
      1.3938239542092716
    ],
    [
      1.3212766733394454,
      1.3992262393885124
    ],
    [
      1.195507295564594,
      1.3921996106461545
    ],
    [
      1.1609079258220314,
      1.2604405546168123
    ],
    [
      1.1682741201345224,
      1.2611072640239256
    ],
    [
      1.0364324357359054,
      1.2184495257369474
    ],
    [
      1.0222322239710473,
      1.1699798584383152
    ],
    [
      0.8798457989375774,
      1.182492375530346
    ],
    [
      0.8620895627385681,
      0.9189508446622093
    ],
    [
      0.6845986499413836,
      0.924368931446034
    ],
    [
      0.6809941261314832,
      0.9277828646663415
    ],
    [
      0.6234046064780234,
      0.8066267299455294
    ],
    [
      0.5117929475076805,
      0.7911683793448729
    ],
    [
      0.47792111492575756,
      0.7512665726599652
    ],
    [
      0.4084707760455411,
      0.6169826703863526
    ],
    [
      0.2949781137235088,
      0.6159765293685089
    ],
    [
      0.28198126441773075,
      0.5392537345039523
    ],
    [
      0.2679066315841767,
      0.5119388364947428
    ],
    [
      0.11903728722431563,
      0.4206387232150271
    ],
    [
      0.12294121874126938,
      0.36586856562799364
    ],
    [
      0.1657762321670238,
      0.26729004702686066
    ],
    [
      0.15973372782683745,
      0.32060853622525903
    ],
    [
      -0.06142030819503442,
      0.2687623913877544
    ],
    [
      0.01822092700947031,
      0.21085531247966183
    ],
    [
      -0.15995837595117665,
      0.10858963155065958
    ],
    [
      -0.17302447324702444,
      0.0893796504050492
    ],
    [
      -0.17254955088210472,
      0.009077768110168763
    ],
    [
      -0.22938436427932507,
      -0.09450350613464314
    ],
    [
      -0.17054639327049262,
      0.0001884289787099369
    ],
    [
      -0.17091379776447962,
      -0.1936039002926216
    ],
    [
      -0.19725498556234505,
      -0.13145889381858988
    ],
    [
      -0.1744414272006079,
      -0.2445200657704361
    ],
    [
      -0.3102475884278938,
      -0.18861939579751183
    ],
    [
      -0.2544533506270108,
      -0.23648228318729828
    ],
    [
      -0.3120129277265944,
      -0.3484181960255691
    ],
    [
      -0.3371181052868408,
      -0.26929157155467776
    ],
    [
      -0.24970245574719463,
      -0.3253363485038125
    ],
    [
      -0.324629827897314,
      -0.37106588334789853
    ],
    [
      -0.4146040260863449,
      -0.3094544041300185
    ]
  ],
  "complexity": 0.2742823199893629
}