{
  "id": 627,
  "wedge_count": 1,
  "parameters": {
    "rotation_speeds": [
      -0.7116181771288821
    ],
    "phi_x": [
      17.47065638990121
    ],
    "phi_y": [
      7.36652974270084
    ],
    "distances": [
      1.0,
      4.837209595503573
    ],
    "refractive_indices": [
      1.0,
      1.5,
      1.0
    ],
    "wedgenum": 1
  },
  "pattern": [
    [
      1.1652837203002648,
      1.1628172930869567
    ],
    [
      1.1174213622840996,
      1.1214974761443008
    ],
    [
      1.082580308270197,
      1.099057136952759
    ],
    [
      1.0295959815543325,
      1.039710783971914
    ],
    [
      0.9797193235685964,
      0.9957918783897922
    ],
    [
      0.9181213493072151,
      0.9539792578977496
    ],
    [
      0.8503460791871136,
      0.8927550350489544
    ],
    [
      0.7955159541690842,
      0.8373532729330081
    ],
    [
      0.721979532213507,
      0.7684778651181561
    ],
    [
      0.642974053422805,
      0.7131658983492029
    ],
    [
      0.5619298934310428,
      0.6410706979824183
    ],
    [
      0.49258203575936355,
      0.5706166868068465
    ],
    [
      0.41810825967090565,
      0.5021593316122234
    ],
    [
      0.33122932959097595,
      0.43752331560204555
    ],
    [
      0.2572993585800233,
      0.3579857354799151
    ],
    [
      0.17640265328504368,
      0.28980818967365896
    ],
    [
      0.0839336285121455,
      0.22546779679232962
    ],
    [
      0.006407779876812277,
      0.1436379558175871
    ],
    [
      -0.0757314784979504,
      0.07279235640211723
    ],
    [
      -0.15676918328878758,
      -0.004245779088739202
    ],
    [
      -0.24038794513545464,
      -0.08617532940836702
    ],
    [
      -0.3189565858115444,
      -0.15640016102487322
    ],
    [
      -0.3943826977468638,
      -0.21154113333799793
    ],
    [
      -0.4681207473060398,
      -0.30415790119004044
    ],
    [
      -0.5442028961318458,
      -0.3623241939587948
    ],
    [
      -0.6193420109713746,
      -0.43636615206958507
    ],
    [
      -0.6719087852656609,
      -0.5050249053629278
    ],
    [
      -0.7410420374706758,
      -0.56426659407993
    ],
    [
      -0.8034067316988849,
      -0.6294475848831665
    ],
    [
      -0.8494236174119648,
      -0.6737946035584801
    ],
    [
      -0.9052825104855422,
      -0.7470922652951062
    ],
    [
      -0.9545652713569402,
      -0.7904905630487306
    ],
    [
      -0.9901946672234103,
      -0.838453268909473
    ],
    [
      -1.035471500466777,
      -0.8878828258602318
    ],
    [
      -1.054838719909956,
      -0.9282493393017509
    ],
    [
      -1.0955766635063704,
      -0.9616909913958044
    ],
    [
      -1.1066059477012842,
      -1.005775557753577
    ],
    [
      -1.120602703518479,
      -1.0301459163747808
    ],
    [
      -1.127531504275752,
      -1.0523144142850898
    ],
    [
      -1.136341600964672,
      -1.0675226514817908
    ],
    [
      -1.1401109671594982,
      -1.0881486770651054
    ],
    [
      -1.1351952291326435,
      -1.1056382503413078
    ],
    [
      -1.112289568858814,
      -1.1172078723165009
    ],
    [
      -1.1032584671177588,
      -1.1215032676643868
    ],
    [
      -1.0851443146278152,
      -1.128038114440692
    ],
    [
      -1.0571371007275732,
      -1.1117713898486103
    ],
    [
      -1.0298953494153944,
      -1.11132905142904
    ],
    [
      -0.9838798892085282,
      -1.1043575819944198
    ],
    [
      -0.9535679032238811,
      -1.0798987853961814
    ],
    [
      -0.905409169712413,
      -1.0646275067247606
    ],
    [
      -0.8620960262896437,
      -1.0351983138328893
    ],
    [
      -0.8015697876291484,
      -1.01669905997577
    ],
    [
      -0.7523426853535701,
      -0.9831188882772065
    ],
    [
      -0.6949569389190353,
      -0.9460339898229974
    ],
    [
      -0.6317330521366369,
      -0.9123735524368493
    ],
    [
      -0.5800919994088669,
      -0.8666953343750846
    ],
    [
      -0.4993043355465583,
      -0.8190899183513707
    ],
    [
      -0.43856126978701926,
      -0.7740530202382867
    ],
    [
      -0.36429860296381505,
      -0.7211962922382604
    ],
    [
      -0.29451632115103243,
      -0.6701550461876203
    ]
  ],
  "complexity": 0.237387313812088
}