{
  "id": 4010,
  "wedge_count": 5,
  "parameters": {
    "rotation_speeds": [
      2.4107397197980687,
      -2.007172354948933,
      -0.1845177712273525,
      -0.8763423791245327,
      -1.9972249309862733
    ],
    "phi_x": [
      -2.4920634700962676,
      -20.0,
      4.4029528677957055,
      0.022316808931747107,
      -2.8906626740377073
    ],
    "phi_y": [
      -6.345911112257817,
      -16.458731190847004,
      -17.04310620058781,
      -12.88700139536422,
      2.5980356883375593
    ],
    "distances": [
      1.0,
      5.700097940620469,
      6.958782703145761,
      8.861551485537074,
      1.942948023894022,
      8.647733933266894
    ],
    "refractive_indices": [
      1.0,
      1.5,
      1.5,
      1.5,
      1.5,
      1.5,
      1.0
    ],
    "wedgenum": 5
  },
  "pattern": [
    [
      3.2737672203940877,
      3.163654760644313
    ],
    [
      3.2378323791670742,
      3.1443441676636565
    ],
    [
      3.1786868330788787,
      3.061536507267029
    ],
    [
      3.108318836171635,
      2.920607095740487
    ],
    [
      3.069840714753461,
      2.929338562116164
    ],
    [
      2.9095757997814635,
      2.8596217633645327
    ],
    [
      2.789936606444982,
      2.76936377818956
    ],
    [
      2.798481671968435,
      2.6477284231073264
    ],
    [
      2.7416941380588336,
      2.610239713583813
    ],
    [
      2.621309253619197,
      2.5223201550892296
    ],
    [
      2.4757251714888513,
      2.5378953452016404
    ],
    [
      2.381690120698423,
      2.3245886178572484
    ],
    [
      2.257983096657098,
      2.160007156389328
    ],
    [
      2.242875668444445,
      2.1357231642165337
    ],
    [
      2.0173576513715843,
      2.0203608257334524
    ],
    [
      1.8916216917388988,
      1.9071717104545511
    ],
    [
      1.7642803270250937,
      1.8317082939700224
    ],
    [
      1.7258384912659694,
      1.7306940533868655
    ],
    [
      1.500073160644015,
      1.5296731166089639
    ],
    [
      1.3733923202583105,
      1.5329189674193398
    ],
    [
      1.1458720570265089,
      1.3033579543521863
    ],
    [
      1.0123652901604128,
      1.1205783937193887
    ],
    [
      0.9025359781857053,
      1.0014474925787338
    ],
    [
      0.7307848815274822,
      0.9995858759087541
    ],
    [
      0.5687648283908757,
      0.7997217832885032
    ],
    [
      0.5157931339466654,
      0.6884311287755063
    ],
    [
      0.3062289172176838,
      0.5377308506596349
    ],
    [
      0.13257062621135635,
      0.32963386004058326
    ],
    [
      -0.046397497996272644,
      0.22382389653315832
    ],
    [
      -0.11161746996868424,
      0.036987659017352306
    ],
    [
      -0.37477165992862915,
      -0.025698335102214098
    ],
    [
      -0.3908854628299828,
      -0.12882253444572248
    ],
    [
      -0.48096867124332604,
      -0.21378316826428323
    ],
    [
      -0.7195252509680985,
      -0.34048519239132274
    ],
    [
      -0.8094692957461955,
      -0.5375123540826469
    ],
    [
      -0.987823552728298,
      -0.6774517508595085
    ],
    [
      -1.1736527656479998,
      -0.7682576557428235
    ],
    [
      -1.2585254062674953,
      -0.833803645540787
    ],
    [
      -1.3072574406943778,
      -1.0278083642598035
    ],
    [
      -1.4524755099591786,
      -1.0844323393791666
    ],
    [
      -1.5071951353239872,
      -1.268844178122026
    ],
    [
      -1.5961851275683843,
      -1.3243809191533742
    ],
    [
      -1.7058425633487346,
      -1.4018712984943205
    ],
    [
      -1.7869840174802432,
      -1.5552620028761073
    ],
    [
      -1.9237861351139929,
      -1.577555431079908
    ],
    [
      -2.0095872411060913,
      -1.7076913203458517
    ],
    [
      -1.976929457636495,
      -1.800375170192658
    ],
    [
      -2.039740449000742,
      -1.858430203574762
    ],
    [
      -2.0622248487585484,
      -1.9109086470358643
    ],
    [
      -2.1321421438805395,
      -2.037416684263665
    ],
    [
      -2.1242197079327236,
      -2.04528845422908
    ],
    [
      -2.1931880129371177,
      -2.022016604184201
    ],
    [
      -2.1808959656246185,
      -2.0377227791394112
    ],
    [
      -2.127628315579834,
      -2.161660499875477
    ],
    [
      -2.0750705704589043,
      -2.21009537755934
    ],
    [
      -2.1768846677321294,
      -2.1923844582654604
    ],
    [
      -2.000781359918483,
      -2.200798835465516
    ],
    [
      -2.1121451774098396,
      -2.2509615870685273
    ],
    [
      -2.142388336638902,
      -2.242182391822308
    ],
    [
      -2.064220496783242,
      -2.2879151028771316
    ]
  ],
  "complexity": 0.3842649249305165
}